word,category,n_tokens,pos,token_id,token,next_token_id,final_top1_token,probe,raw_top1,raw_top1_prob,raw_self_rank,raw_next_rank,raw_final1_rank,normed_top1,normed_top1_prob,normed_self_rank,normed_next_rank,normed_final1_rank,raw_top5,normed_top5
dog,common_noun,1,0,9703,dog,,",",emb,dog,0.000675,1,,50252,dog,1.0,1,,50246,dog:0.0007;dogs:0.0002;Dog:0.0002;ĠDog:0.0001;Ġdog:0.0001,dog:1.0000;dogs:0.0000;Dog:0.0000;ĠDog:0.0000;Ġdog:0.0000
dog,common_noun,1,0,9703,dog,,",",layer_1,dog,0.030338,1,,6623,dog,0.256675,1,,1350,dog:0.0303;corn:0.0122;gy:0.0115;patch:0.0106;meat:0.0095,dog:0.2567;ging:0.0351;gy:0.0246;ged:0.0085;corn:0.0080
dog,common_noun,1,0,9703,dog,,",",layer_2,patch,0.18941,8,,778,ging,0.037272,2,,70,patch:0.1894;Ġstall:0.0736;corn:0.0538;ging:0.0393;gy:0.0349,ging:0.0373;dog:0.0234;gy:0.0113;ged:0.0109;patch:0.0084
dog,common_noun,1,0,9703,dog,,",",layer_5,gy,0.358635,9,,549,ging,0.057394,4,,53,gy:0.3586;ging:0.3156;patch:0.0703;fish:0.0312;fly:0.0162,ging:0.0574;gy:0.0204;ged:0.0115;dog:0.0113;ger:0.0068
dog,common_noun,1,0,9703,dog,,",",layer_11,://,1.0,6031,,44932,Ġand,0.00015,4546,,3,://:1.0000;clips:0.0000;:{:0.0000;wcsstore:0.0000;Ġ'/:0.0000,"Ġand:0.0002;.:0.0001;,:0.0001;Ġthat:0.0001;;:0.0001"
dog,common_noun,1,0,9703,dog,,",",layer_16,://,1.0,6824,,46185,Ġand,0.000141,7230,,3,://:1.0000;clips:0.0000;:{:0.0000;wcsstore:0.0000;Ġ'/:0.0000,"Ġand:0.0001;.:0.0001;,:0.0001;;:0.0001;Ġthat:0.0001"
dog,common_noun,1,0,9703,dog,,",",layer_21,://,1.0,6854,,46628,Ġand,0.000136,7302,,4,://:1.0000;clips:0.0000;:{:0.0000;wcsstore:0.0000;$:0.0000,"Ġand:0.0001;;:0.0001;.:0.0001;,:0.0001;Ġthat:0.0001"
dog,common_noun,1,0,9703,dog,,",",layer_27,://,1.0,6852,,46178,Ġand,0.000153,7875,,2,://:1.0000;clips:0.0000;:{:0.0000;):0.0000;(:0.0000,"Ġand:0.0002;,:0.0001;.:0.0001;;:0.0001;Ġthat:0.0001"
dog,common_noun,1,0,9703,dog,,",",layer_32,://,1.0,6836,,45576,Ġand,0.000172,8369,,2,://:1.0000;clips:0.0000;):0.0000;%:0.0000;*:0.0000,"Ġand:0.0002;,:0.0002;.:0.0002;Ġthat:0.0002;;:0.0002"
dog,common_noun,1,0,9703,dog,,",",layer_37,://,1.0,6636,,44713,Ġand,0.000195,8209,,2,://:1.0000;clips:0.0000;):0.0000;%:0.0000;*:0.0000,"Ġand:0.0002;,:0.0002;.:0.0002;Ġthat:0.0002;;:0.0002"
dog,common_noun,1,0,9703,dog,,",",layer_39,://,1.0,6513,,44192,Ġand,0.000207,8143,,2,://:1.0000;clips:0.0000;):0.0000;%:0.0000;*:0.0000,"Ġand:0.0002;,:0.0002;.:0.0002;Ġthat:0.0002;;:0.0002"
dog,common_noun,1,0,9703,dog,,",",layer_41,://,1.0,6283,,43420,",",0.000231,7929,,1,://:1.0000;clips:0.0000;:{:0.0000;):0.0000;(:0.0000,",:0.0002;Ġand:0.0002;.:0.0002;Ġthat:0.0002;;:0.0002"
dog,common_noun,1,0,9703,dog,,",",layer_43,://,1.0,5789,,41989,",",0.00028,7071,,1,://:1.0000;clips:0.0000;Ġanyway:0.0000;:{:0.0000;Ġ'/:0.0000,",:0.0003;Ġand:0.0003;.:0.0003;Ġthat:0.0002;;:0.0002"
dog,common_noun,1,0,9703,dog,,",",layer_45,://,1.0,4598,,35370,",",0.000491,5036,,1,://:1.0000;clips:0.0000;Ġanyway:0.0000;:{:0.0000;.(:0.0000,",:0.0005;.:0.0005;Ġand:0.0005;Ġthat:0.0004;Ċ:0.0003"
dog,common_noun,1,0,9703,dog,,",",layer_47,",",0.543994,687,,1,",",0.149799,252,,1,",:0.5440;.:0.4435;Ġand:0.0058;-:0.0034;Ċ:0.0020",",:0.1498;.:0.1182;Ġand:0.0436;-:0.0321;Ċ:0.0263"
dog,common_noun,1,0,9703,dog,,",",layer_48,",",0.804621,311,,1,",",0.057172,33,,1,",:0.8046;.:0.1387;Ċ:0.0180;Ġand:0.0111;"":0.0102",",:0.0572;.:0.0504;"":0.0323;'s:0.0291;Ġand:0.0192"
dog,common_noun,1,0,9703,dog,,",",final_logits,",",0.057172,33,,1,,,,,,",:0.0572;.:0.0504;"":0.0323;'s:0.0291;Ġand:0.0192",
table,common_noun,1,0,11487,table,,.,emb,table,0.000836,1,,50187,table,1.0,1,,50107,table:0.0008;TABLE:0.0001;Table:0.0001;Ġtable:0.0001;ĠTable:0.0001,table:1.0000;TABLE:0.0000;Table:0.0000;Ġtable:0.0000;ĠTable:0.0000
table,common_noun,1,0,11487,table,,.,layer_1,table,0.004957,1,,3750,table,0.090852,1,,1550,table:0.0050;ĠFlore:0.0028;ĠLumia:0.0016;tics:0.0013;Ġphone:0.0011,table:0.0909;Ġtable:0.0059;Ġtables:0.0052;ĠLumia:0.0028;Ġphones:0.0022
table,common_noun,1,0,11487,table,,.,layer_2,aux,0.01909,7,,415,table,0.009351,1,,87,aux:0.0191;ĠCap:0.0117;ĠPowerPoint:0.0103;ĠFlore:0.0103;ĠPag:0.0092,table:0.0094;Ġtable:0.0075;Ġdiscussion:0.0054;Ġtables:0.0041;Ġmor:0.0036
table,common_noun,1,0,11487,table,,.,layer_5,aux,0.071443,46,,127,Ġdiscussion,0.006349,21,,39,aux:0.0714;Ġcoll:0.0493;Ġdiscussion:0.0426;Ġtalk:0.0289;Ġflatt:0.0288,Ġdiscussion:0.0063;Ġtable:0.0047;Ġtables:0.0031;Ġleaf:0.0028;Ġcoll:0.0028
table,common_noun,1,0,11487,table,,.,layer_11,://,1.0,15473,,25842,Ġand,0.000149,17945,,2,://:1.0000;clips:0.0000;:{:0.0000;wcsstore:0.0000;Ġ'/:0.0000,"Ġand:0.0001;.:0.0001;,:0.0001;Ġthat:0.0001;;:0.0001"
table,common_noun,1,0,11487,table,,.,layer_16,://,1.0,15659,,28302,Ġand,0.000141,18982,,2,://:1.0000;clips:0.0000;:{:0.0000;wcsstore:0.0000;Ġ'/:0.0000,"Ġand:0.0001;.:0.0001;;:0.0001;Ġthat:0.0001;,:0.0001"
table,common_noun,1,0,11487,table,,.,layer_21,://,1.0,15566,,29508,Ġand,0.000137,18581,,3,://:1.0000;clips:0.0000;:{:0.0000;wcsstore:0.0000;$:0.0000,"Ġand:0.0001;;:0.0001;.:0.0001;Ġthat:0.0001;,:0.0001"
table,common_noun,1,0,11487,table,,.,layer_27,://,1.0,15483,,28298,Ġand,0.000153,18713,,2,://:1.0000;clips:0.0000;:{:0.0000;):0.0000;(:0.0000,"Ġand:0.0002;.:0.0001;,:0.0001;Ġthat:0.0001;;:0.0001"
table,common_noun,1,0,11487,table,,.,layer_32,://,1.0,15334,,26814,Ġand,0.000173,18527,,3,://:1.0000;clips:0.0000;:{:0.0000;):0.0000;(:0.0000,"Ġand:0.0002;,:0.0002;.:0.0002;Ġthat:0.0002;;:0.0002"
table,common_noun,1,0,11487,table,,.,layer_37,://,1.0,14946,,24727,Ġand,0.000195,17683,,3,://:1.0000;clips:0.0000;:{:0.0000;):0.0000;(:0.0000,"Ġand:0.0002;,:0.0002;.:0.0002;Ġthat:0.0002;;:0.0002"
table,common_noun,1,0,11487,table,,.,layer_39,://,1.0,14678,,23614,Ġand,0.000207,17002,,3,://:1.0000;clips:0.0000;:{:0.0000;):0.0000;(:0.0000,"Ġand:0.0002;,:0.0002;.:0.0002;Ġthat:0.0002;;:0.0002"
table,common_noun,1,0,11487,table,,.,layer_41,://,1.0,14287,,21886,Ġand,0.000231,16248,,3,://:1.0000;clips:0.0000;:{:0.0000;Ġ'/:0.0000;$:0.0000,"Ġand:0.0002;,:0.0002;.:0.0002;Ġthat:0.0002;;:0.0002"
table,common_noun,1,0,11487,table,,.,layer_43,://,1.0,13700,,19062,",",0.000278,15209,,3,://:1.0000;clips:0.0000;:{:0.0000;Ġanyway:0.0000;Ġ'/:0.0000,",:0.0003;Ġand:0.0003;.:0.0003;Ġthat:0.0002;;:0.0002"
table,common_noun,1,0,11487,table,,.,layer_45,://,1.0,12476,,11670,",",0.000486,12319,,2,://:1.0000;clips:0.0000;Ġanyway:0.0000;:{:0.0000;.(:0.0000,",:0.0005;.:0.0005;Ġand:0.0005;Ġthat:0.0004;;:0.0003"
table,common_noun,1,0,11487,table,,.,layer_47,.,0.754359,2087,,1,.,0.157332,869,,1,".:0.7544;,:0.2263;-:0.0161;Ġand:0.0024;Ċ:0.0005",".:0.1573;,:0.1307;-:0.0516;Ġand:0.0399;::0.0242"
table,common_noun,1,0,11487,table,,.,layer_48,.,0.556406,497,,1,.,0.082668,67,,1,".:0.5564;,:0.2665;-:0.1520;_:0.0115;Ġand:0.0068",".:0.0827;_:0.0607;,:0.0468;-:0.0307;Ġand:0.0192"
table,common_noun,1,0,11487,table,,.,final_logits,.,0.082668,67,,1,,,,,,".:0.0827;_:0.0607;,:0.0468;-:0.0307;Ġand:0.0192",
water,common_noun,1,0,7050,water,,",",emb,water,0.000454,1,,50244,water,1.0,1,,50225,water:0.0005;waters:0.0001;Water:0.0001;ĠWater:0.0001;Ġwater:0.0001,water:1.0000;waters:0.0000;Water:0.0000;ĠWater:0.0000;Ġwater:0.0000
water,common_noun,1,0,7050,water,,",",layer_1,water,0.016692,1,,6038,water,0.064056,1,,797,water:0.0167;aqu:0.0044;tight:0.0038;Ġwater:0.0036;patch:0.0029,water:0.0641;Ġwater:0.0110;Water:0.0047;melon:0.0041;Ġdrowning:0.0036
water,common_noun,1,0,7050,water,,",",layer_2,water,0.051976,1,,2075,water,0.014872,1,,191,water:0.0520;tight:0.0232;aqu:0.0225;Ġwater:0.0196;way:0.0126,water:0.0149;Ġwater:0.0071;melon:0.0036;Ġdrowning:0.0024;way:0.0023
water,common_noun,1,0,7050,water,,",",layer_5,loo,0.183367,3,,1234,Ġwater,0.010558,2,,161,loo:0.1834;Ġwater:0.1045;water:0.0893;Ġcampaign:0.0684;Ġwatering:0.0409,Ġwater:0.0106;water:0.0086;front:0.0069;Ġcampaign:0.0053;Ġlake:0.0047
water,common_noun,1,0,7050,water,,",",layer_11,://,1.0,4653,,44957,Ġand,0.000155,509,,3,://:1.0000;clips:0.0000;:{:0.0000;wcsstore:0.0000;Ġ'/:0.0000,"Ġand:0.0002;.:0.0001;,:0.0001;Ġthat:0.0001;;:0.0001"
water,common_noun,1,0,7050,water,,",",layer_16,://,1.0,5446,,46165,Ġand,0.000144,763,,4,://:1.0000;clips:0.0000;:{:0.0000;wcsstore:0.0000;Ġ'/:0.0000,"Ġand:0.0001;.:0.0001;Ġthat:0.0001;,:0.0001;;:0.0001"
water,common_noun,1,0,7050,water,,",",layer_21,://,1.0,5688,,46620,Ġand,0.000139,813,,5,://:1.0000;clips:0.0000;:{:0.0000;wcsstore:0.0000;$:0.0000,"Ġand:0.0001;;:0.0001;.:0.0001;Ġthat:0.0001;,:0.0001"
water,common_noun,1,0,7050,water,,",",layer_27,://,1.0,5719,,46165,Ġand,0.000155,1011,,2,://:1.0000;clips:0.0000;:{:0.0000;):0.0000;(:0.0000,"Ġand:0.0002;,:0.0002;Ġthat:0.0001;.:0.0001;;:0.0001"
water,common_noun,1,0,7050,water,,",",layer_32,://,1.0,5634,,45566,Ġand,0.000175,1177,,2,://:1.0000;clips:0.0000;:{:0.0000;):0.0000;(:0.0000,"Ġand:0.0002;,:0.0002;.:0.0002;Ġthat:0.0002;;:0.0002"
water,common_noun,1,0,7050,water,,",",layer_37,://,1.0,5509,,44694,Ġand,0.000197,1304,,2,://:1.0000;clips:0.0000;:{:0.0000;):0.0000;(:0.0000,"Ġand:0.0002;,:0.0002;.:0.0002;Ġthat:0.0002;;:0.0002"
water,common_noun,1,0,7050,water,,",",layer_39,://,1.0,5444,,44163,Ġand,0.00021,1346,,2,://:1.0000;clips:0.0000;:{:0.0000;):0.0000;(:0.0000,"Ġand:0.0002;,:0.0002;.:0.0002;Ġthat:0.0002;;:0.0002"
water,common_noun,1,0,7050,water,,",",layer_41,://,1.0,5318,,43427,Ġand,0.000232,1402,,2,://:1.0000;clips:0.0000;:{:0.0000;Ġ'/:0.0000;$:0.0000,"Ġand:0.0002;,:0.0002;.:0.0002;Ġthat:0.0002;;:0.0002"
water,common_noun,1,0,7050,water,,",",layer_43,://,1.0,5098,,42039,",",0.000278,1449,,1,://:1.0000;clips:0.0000;:{:0.0000;Ġanyway:0.0000;Ġ'/:0.0000,",:0.0003;Ġand:0.0003;.:0.0003;Ġthat:0.0002;;:0.0002"
water,common_noun,1,0,7050,water,,",",layer_45,://,1.0,4171,,35766,",",0.000478,1522,,1,://:1.0000;clips:0.0000;Ġanyway:0.0000;:{:0.0000;Ġ'/:0.0000,",:0.0005;Ġand:0.0005;.:0.0004;Ġthat:0.0004;Ġto:0.0003"
water,common_noun,1,0,7050,water,,",",layer_47,",",0.574129,1531,,1,",",0.14227,1271,,1,",:0.5741;.:0.3665;-:0.0288;Ġand:0.0266;Ċ:0.0031",",:0.1423;.:0.1061;Ġand:0.0596;-:0.0519;Ċ:0.0268"
water,common_noun,1,0,7050,water,,",",layer_48,",",0.889555,330,,1,",",0.081188,63,,1,",:0.8896;.:0.0438;Ġand:0.0406;-:0.0216;Ċ:0.0034",",:0.0812;.:0.0554;Ġand:0.0388;-:0.0220;Ċ:0.0152"
water,common_noun,1,0,7050,water,,",",final_logits,",",0.081188,63,,1,,,,,,",:0.0812;.:0.0554;Ġand:0.0388;-:0.0220;Ċ:0.0152",
music,common_noun,1,0,28965,music,,/,emb,music,0.000488,1,,49991,music,1.0,1,,49797,music:0.0005;Music:0.0002;ĠMusic:0.0001;embedreportprint:0.0001;ċ:0.0001,music:1.0000;Music:0.0000;ĠMusic:0.0000;Ġmusic:0.0000;song:0.0000
music,common_noun,1,0,28965,music,,/,layer_1,Ġsinger,0.006916,26,,7413,Ġsinger,0.008481,20,,1093,Ġsinger:0.0069;ĠCircus:0.0057;Ġdrummer:0.0054;patch:0.0041;Ġcomposer:0.0035,Ġsinger:0.0085;Ġplayback:0.0043;Ġcomposer:0.0034;Ġmusic:0.0033;Ġproducer:0.0033
music,common_noun,1,0,28965,music,,/,layer_2,Ġcomposer,0.058645,72,,1308,Ġsinger,0.005294,100,,97,Ġcomposer:0.0586;Ġsinger:0.0421;hop:0.0266;Ġdrummer:0.0181;Ġproducer:0.0176,Ġsinger:0.0053;Ġmusic:0.0050;Ġcomposer:0.0047;Ġplayback:0.0034;Ġproducer:0.0034
music,common_noun,1,0,28965,music,,/,layer_5,Ġsound,0.114484,691,,156,Ġsound,0.011553,1425,,20,Ġsound:0.1145;hop:0.0920;Ġproducer:0.0784;Ġartist:0.0739;Ġproduction:0.0651,Ġsound:0.0116;Ġsounds:0.0070;Ġproducer:0.0054;Ġplayback:0.0053;Ġsinger:0.0049
music,common_noun,1,0,28965,music,,/,layer_11,://,1.0,4402,,41703,Ġand,0.000152,12400,,25,://:1.0000;clips:0.0000;wcsstore:0.0000;:{:0.0000;Ġ'/:0.0000,"Ġand:0.0002;,:0.0001;.:0.0001;Ġthat:0.0001;;:0.0001"
music,common_noun,1,0,28965,music,,/,layer_16,://,1.0,4853,,43347,Ġand,0.000142,15170,,29,://:1.0000;clips:0.0000;wcsstore:0.0000;:{:0.0000;Ġ'/:0.0000,"Ġand:0.0001;;:0.0001;Ġthat:0.0001;,:0.0001;.:0.0001"
music,common_noun,1,0,28965,music,,/,layer_21,://,1.0,4923,,43880,Ġand,0.000138,15476,,30,://:1.0000;clips:0.0000;wcsstore:0.0000;:{:0.0000;$:0.0000,"Ġand:0.0001;;:0.0001;Ġthat:0.0001;.:0.0001;,:0.0001"
music,common_noun,1,0,28965,music,,/,layer_27,://,1.0,4980,,43442,Ġand,0.000155,16529,,25,://:1.0000;clips:0.0000;wcsstore:0.0000;:{:0.0000;$:0.0000,"Ġand:0.0002;,:0.0002;Ġthat:0.0001;;:0.0001;.:0.0001"
music,common_noun,1,0,28965,music,,/,layer_32,://,1.0,4964,,42881,Ġand,0.000175,17071,,26,://:1.0000;clips:0.0000;:{:0.0000;):0.0000;(:0.0000,"Ġand:0.0002;,:0.0002;Ġthat:0.0002;.:0.0002;;:0.0002"
music,common_noun,1,0,28965,music,,/,layer_37,://,1.0,4897,,41871,Ġand,0.000198,17067,,26,://:1.0000;clips:0.0000;):0.0000;%:0.0000;*:0.0000,"Ġand:0.0002;,:0.0002;.:0.0002;Ġthat:0.0002;;:0.0002"
music,common_noun,1,0,28965,music,,/,layer_39,://,1.0,4856,,41361,Ġand,0.00021,17022,,26,://:1.0000;clips:0.0000;):0.0000;%:0.0000;*:0.0000,"Ġand:0.0002;,:0.0002;.:0.0002;Ġthat:0.0002;;:0.0002"
music,common_noun,1,0,28965,music,,/,layer_41,://,1.0,4782,,40401,Ġand,0.000234,16974,,23,://:1.0000;clips:0.0000;:{:0.0000;Ġ'/:0.0000;$:0.0000,"Ġand:0.0002;,:0.0002;.:0.0002;Ġthat:0.0002;;:0.0002"
music,common_noun,1,0,28965,music,,/,layer_43,://,1.0,4530,,38874,",",0.000284,16251,,21,://:1.0000;clips:0.0000;:{:0.0000;Ġ'/:0.0000;Ġanyway:0.0000,",:0.0003;Ġand:0.0003;.:0.0003;Ġthat:0.0003;;:0.0002"
music,common_noun,1,0,28965,music,,/,layer_45,://,1.0,3848,,32244,",",0.000507,14458,,17,://:1.0000;clips:0.0000;Ġanyway:0.0000;:{:0.0000;Ġ'/:0.0000,",:0.0005;Ġand:0.0005;.:0.0005;Ġthat:0.0004;;:0.0003"
music,common_noun,1,0,28965,music,,/,layer_47,.,0.753595,2158,,5,.,0.168215,2716,,3,".:0.7536;,:0.2312;-:0.0081;Ġand:0.0030;/:0.0018",".:0.1682;,:0.1568;/:0.0614;-:0.0488;Ġand:0.0476"
music,common_noun,1,0,28965,music,,/,layer_48,/,0.54381,978,,1,/,0.155887,399,,1,"/:0.5438;-:0.2369;.:0.1191;,:0.0736;Ċ:0.0103","/:0.1559;.:0.0638;-:0.0400;,:0.0388;_:0.0322"
music,common_noun,1,0,28965,music,,/,final_logits,/,0.155887,399,,1,,,,,,"/:0.1559;.:0.0638;-:0.0400;,:0.0388;_:0.0322",
idea,common_noun,2,0,485,ide,64,",",emb,ide,0.000782,1,11302,50146,ide,1.0,1,8446,49698,ide:0.0008;ides:0.0002;IDE:0.0001;IDES:0.0001;ided:0.0001,ide:1.0000;ides:0.0000;IDE:0.0000;IDES:0.0000;ided:0.0000
idea,common_noun,2,0,485,ide,64,",",layer_1,cro,0.01005,2,356,5872,ide,0.02825,1,115,702,cro:0.0100;ide:0.0048;tall:0.0043;gra:0.0037;rail:0.0036,ide:0.0283;cro:0.0084;gra:0.0029;scape:0.0024;fill:0.0023
idea,common_noun,2,0,485,ide,64,",",layer_2,cro,0.167121,4,186,2032,cro,0.006105,2,52,183,cro:0.1671;rail:0.0272;plane:0.0152;ide:0.0132;Ġtall:0.0109,cro:0.0061;ide:0.0058;shore:0.0018;Ġcurrent:0.0017;re:0.0016
idea,common_noun,2,0,485,ide,64,",",layer_5,cro,0.811972,11,38,984,cro,0.007252,2,7,48,cro:0.8120;llular:0.0087;cling:0.0080;ometric:0.0064;ĠSL:0.0056,cro:0.0073;ide:0.0027;wood:0.0027;ĠSquare:0.0020;Ġcurrent:0.0019
idea,common_noun,2,0,485,ide,64,",",layer_11,://,1.0,28975,34142,45083,Ġand,0.000149,11954,138,2,://:1.0000;clips:0.0000;:{:0.0000;wcsstore:0.0000;Ġ'/:0.0000,"Ġand:0.0001;,:0.0001;Ġthat:0.0001;.:0.0001;;:0.0001"
idea,common_noun,2,0,485,ide,64,",",layer_16,://,1.0,30715,36667,46222,Ġand,0.000141,14880,214,4,://:1.0000;clips:0.0000;:{:0.0000;wcsstore:0.0000;Ġ'/:0.0000,"Ġand:0.0001;Ġthat:0.0001;.:0.0001;,:0.0001;;:0.0001"
idea,common_noun,2,0,485,ide,64,",",layer_21,://,1.0,31196,37567,46665,Ġand,0.000136,15635,249,5,://:1.0000;clips:0.0000;:{:0.0000;wcsstore:0.0000;$:0.0000,"Ġand:0.0001;;:0.0001;Ġthat:0.0001;.:0.0001;,:0.0001"
idea,common_noun,2,0,485,ide,64,",",layer_27,://,1.0,31133,37446,46199,Ġand,0.000153,15378,250,3,://:1.0000;clips:0.0000;:{:0.0000;):0.0000;(:0.0000,"Ġand:0.0002;Ġthat:0.0001;,:0.0001;.:0.0001;;:0.0001"
idea,common_noun,2,0,485,ide,64,",",layer_32,://,1.0,31057,37002,45627,Ġand,0.000172,15108,238,2,://:1.0000;clips:0.0000;:{:0.0000;):0.0000;(:0.0000,"Ġand:0.0002;,:0.0002;Ġthat:0.0002;.:0.0002;;:0.0002"
idea,common_noun,2,0,485,ide,64,",",layer_37,://,1.0,30675,36154,44757,Ġand,0.000195,14246,213,2,://:1.0000;clips:0.0000;:{:0.0000;):0.0000;(:0.0000,"Ġand:0.0002;,:0.0002;Ġthat:0.0002;.:0.0002;;:0.0002"
idea,common_noun,2,0,485,ide,64,",",layer_39,://,1.0,30397,35657,44231,Ġand,0.000207,13695,202,2,://:1.0000;clips:0.0000;:{:0.0000;):0.0000;(:0.0000,"Ġand:0.0002;,:0.0002;.:0.0002;Ġthat:0.0002;;:0.0002"
idea,common_noun,2,0,485,ide,64,",",layer_41,://,1.0,29800,34849,43485,Ġand,0.000229,12414,174,2,://:1.0000;clips:0.0000;:{:0.0000;Ġ'/:0.0000;$:0.0000,"Ġand:0.0002;,:0.0002;.:0.0002;Ġthat:0.0002;;:0.0002"
idea,common_noun,2,0,485,ide,64,",",layer_43,://,1.0,29007,33556,42110,",",0.000276,10644,156,1,://:1.0000;clips:0.0000;Ġanyway:0.0000;:{:0.0000;Ġ'/:0.0000,",:0.0003;Ġand:0.0003;.:0.0003;Ġthat:0.0003;;:0.0002"
idea,common_noun,2,0,485,ide,64,",",layer_45,://,1.0,26668,28628,35785,",",0.000476,7008,129,1,://:1.0000;clips:0.0000;Ġanyway:0.0000;:{:0.0000;.(:0.0000,",:0.0005;Ġand:0.0005;.:0.0004;Ġthat:0.0004;Ġto:0.0003"
idea,common_noun,2,0,485,ide,64,",",layer_47,",",0.789606,1301,31,1,",",0.133147,475,31,1,",:0.7896;.:0.1643;-:0.0211;Ġand:0.0138;Ġthe:0.0088",",:0.1331;.:0.0797;Ġand:0.0467;-:0.0438;Ġthe:0.0241"
idea,common_noun,2,0,485,ide,64,",",layer_48,",",0.877313,1055,14,1,",",0.06734,265,13,1,",:0.8773;.:0.0347;Ġthe:0.0326;-:0.0325;Ġand:0.0151",",:0.0673;.:0.0420;Ġand:0.0261;-:0.0224;Ġin:0.0180"
idea,common_noun,2,0,485,ide,64,",",final_logits,",",0.06734,265,13,1,,,,,,",:0.0673;.:0.0420;Ġand:0.0261;-:0.0224;Ġin:0.0180",
idea,common_noun,2,1,64,a,,",",emb,a,0.000111,1,,17506,a,1.0,1,,15286,a:0.0001;an:0.0000;o:0.0000;i:0.0000;e:0.0000,a:1.0000;an:0.0000;i:0.0000;o:0.0000;e:0.0000
idea,common_noun,2,1,64,a,,",",layer_1,usterity,0.001375,5676,,2162,usterity,0.015109,5352,,253,usterity:0.0014;ab:0.0008;ust:0.0008;esthetic:0.0007;lex:0.0007,usterity:0.0151;ust:0.0091;ab:0.0052;lex:0.0052;hem:0.0039
idea,common_noun,2,1,64,a,,",",layer_2,esthetic,0.00917,11784,,2856,ust,0.003863,13362,,379,esthetic:0.0092;ĠFlore:0.0084;Ġpeaceful:0.0071;ab:0.0063;usterity:0.0061,ust:0.0039;usterity:0.0038;Ġfixed:0.0034;esthetic:0.0033;ab:0.0028
idea,common_noun,2,1,64,a,,",",layer_5,Ġwhite,0.025477,9840,,1024,Ġspecific,0.002597,11983,,140,Ġwhite:0.0255;Ġpeaceful:0.0227;ab:0.0227;Ġstationary:0.0226;Ġsmall:0.0177,Ġspecific:0.0026;Ġsmall:0.0023;Ġfixed:0.0018;Ġlarge:0.0016;Ġcertain:0.0016
idea,common_noun,2,1,64,a,,",",layer_11,ĠLyons,0.052452,11095,,1798,Ġal,0.006478,9478,,180,ĠLyons:0.0525;Ġstationary:0.0322;ab:0.0219;Å:0.0218;ĠFlore:0.0187,Ġal:0.0065;Å:0.0065;ided:0.0061;Ġde:0.0060;Ġhydro:0.0059
idea,common_noun,2,1,64,a,,",",layer_16,ĠLyons,0.136855,10295,,284,Ġcent,0.012479,11483,,54,ĠLyons:0.1369;Ġstationary:0.1169;hey:0.0925;que:0.0421;Ġcent:0.0411,Ġcent:0.0125;Ġve:0.0074;ike:0.0074;Ġde:0.0072;Ġhydro:0.0071
idea,common_noun,2,1,64,a,,",",layer_21,que,0.963684,8038,,48,que,0.047428,12863,,41,que:0.9637;Ġde:0.0086;ion:0.0042;ĠLyons:0.0028;hem:0.0022,que:0.0474;Ġde:0.0157;ion:0.0148;ally:0.0071;hem:0.0069
idea,common_noun,2,1,64,a,,",",layer_27,que,0.49428,4562,,5,que,0.015933,9262,,12,"que:0.4943;-:0.3923;qu:0.0308;Ġof:0.0142;,:0.0142",que:0.0159;_:0.0130;ally:0.0115;ion:0.0099;-:0.0088
idea,common_noun,2,1,64,a,,",",layer_32,-,0.607461,1869,,2,_,0.014823,4485,,6,"-:0.6075;,:0.1694;Ġof:0.1237;Ġin:0.0437;qu:0.0337",_:0.0148;Ġof:0.0124;qu:0.0099;.:0.0085;-:0.0084
idea,common_noun,2,1,64,a,,",",layer_37,",",0.948171,1021,,1,",",0.02439,2551,,1,",:0.9482;-:0.0439;.:0.0044;'s:0.0013;Ġof:0.0010",",:0.0244;.:0.0225;'s:0.0134;Ġof:0.0131;_:0.0131"
idea,common_noun,2,1,64,a,,",",layer_39,",",0.995314,1303,,1,",",0.033478,3333,,1,",:0.9953;.:0.0017;-:0.0013;Ġof:0.0007;"":0.0006",",:0.0335;.:0.0293;"":0.0207;Ġof:0.0190;::0.0173"
idea,common_noun,2,1,64,a,,",",layer_41,",",0.999305,1017,,1,",",0.044728,2517,,1,",:0.9993;.:0.0006;Ġof:0.0000;-:0.0000;Ġis:0.0000",",:0.0447;.:0.0384;::0.0220;Ġof:0.0190;):0.0160"
idea,common_noun,2,1,64,a,,",",layer_43,",",0.99973,820,,1,",",0.061535,1935,,1,",:0.9997;.:0.0003;Ġis:0.0000;Ċ:0.0000;Ġand:0.0000",",:0.0615;.:0.0524;::0.0294;Ġof:0.0191;Ġ(:0.0166"
idea,common_noun,2,1,64,a,,",",layer_45,",",0.999996,469,,1,",",0.082151,890,,1,",:1.0000;.:0.0000;Ġis:0.0000;Ġand:0.0000;Ċ:0.0000",",:0.0822;.:0.0523;::0.0275;Ġof:0.0239;Ġand:0.0222"
idea,common_noun,2,1,64,a,,",",layer_47,",",0.999999,394,,1,",",0.088452,662,,1,",:1.0000;.:0.0000;Ġand:0.0000;Ġis:0.0000;-:0.0000",",:0.0885;.:0.0592;Ġof:0.0263;::0.0247;Ġand:0.0247"
idea,common_noun,2,1,64,a,,",",layer_48,",",0.999999,362,,1,",",0.112257,562,,1,",:1.0000;.:0.0000;Ġand:0.0000;Ġis:0.0000;-:0.0000",",:0.1123;.:0.0723;Ġof:0.0324;Ġand:0.0280;::0.0257"
idea,common_noun,2,1,64,a,,",",final_logits,",",0.112257,562,,1,,,,,,",:0.1123;.:0.0723;Ġof:0.0324;Ġand:0.0280;::0.0257",
house,common_noun,1,0,4803,house,,",",emb,house,0.000469,1,,50138,house,1.0,1,,49801,house:0.0005;houses:0.0002;House:0.0001;HOU:0.0001;ĠHOUSE:0.0001,house:1.0000;houses:0.0000;House:0.0000;HOU:0.0000;ĠHOUSE:0.0000
house,common_noun,1,0,4803,house,,",",layer_1,wives,0.0095,4,,8158,house,0.021583,1,,959,wives:0.0095;masters:0.0081;wife:0.0075;house:0.0060;master:0.0039,house:0.0216;wives:0.0079;wife:0.0055;keeping:0.0025;hold:0.0024
house,common_noun,1,0,4803,house,,",",layer_2,wife,0.041703,21,,1039,wife,0.002986,2,,32,wife:0.0417;masters:0.0284;wives:0.0276;Ġchef:0.0273;Ġbrewing:0.0159,wife:0.0030;house:0.0023;wives:0.0021;hold:0.0018;boat:0.0015
house,common_noun,1,0,4803,house,,",",layer_5,wife,0.130612,85,,945,hold,0.004758,39,,55,wife:0.1306;wives:0.1141;Ġbrewing:0.0766;Ġwa:0.0326;Ġlac:0.0297,hold:0.0048;Ġapartment:0.0037;wife:0.0033;work:0.0032;Ġconstruction:0.0029
house,common_noun,1,0,4803,house,,",",layer_11,://,1.0,23414,,45166,Ġand,0.000148,8151,,2,://:1.0000;clips:0.0000;:{:0.0000;wcsstore:0.0000;Ġ'/:0.0000,"Ġand:0.0001;,:0.0001;.:0.0001;Ġthat:0.0001;;:0.0001"
house,common_noun,1,0,4803,house,,",",layer_16,://,1.0,24745,,46304,Ġand,0.00014,9614,,4,://:1.0000;clips:0.0000;:{:0.0000;wcsstore:0.0000;Ġ'/:0.0000,"Ġand:0.0001;Ġthat:0.0001;.:0.0001;,:0.0001;;:0.0001"
house,common_noun,1,0,4803,house,,",",layer_21,://,1.0,25118,,46730,Ġand,0.000135,9921,,5,://:1.0000;clips:0.0000;:{:0.0000;wcsstore:0.0000;$:0.0000,"Ġand:0.0001;;:0.0001;Ġthat:0.0001;.:0.0001;,:0.0001"
house,common_noun,1,0,4803,house,,",",layer_27,://,1.0,25101,,46271,Ġand,0.000152,10038,,3,://:1.0000;clips:0.0000;:{:0.0000;):0.0000;(:0.0000,"Ġand:0.0002;Ġthat:0.0001;,:0.0001;.:0.0001;;:0.0001"
house,common_noun,1,0,4803,house,,",",layer_32,://,1.0,24962,,45693,Ġand,0.000171,9846,,2,://:1.0000;clips:0.0000;:{:0.0000;):0.0000;(:0.0000,"Ġand:0.0002;,:0.0002;Ġthat:0.0002;.:0.0002;;:0.0002"
house,common_noun,1,0,4803,house,,",",layer_37,://,1.0,24645,,44820,Ġand,0.000193,9488,,2,://:1.0000;clips:0.0000;:{:0.0000;):0.0000;(:0.0000,"Ġand:0.0002;,:0.0002;.:0.0002;Ġthat:0.0002;;:0.0002"
house,common_noun,1,0,4803,house,,",",layer_39,://,1.0,24472,,44312,Ġand,0.000206,9273,,2,://:1.0000;clips:0.0000;:{:0.0000;):0.0000;(:0.0000,"Ġand:0.0002;,:0.0002;.:0.0002;Ġthat:0.0002;;:0.0002"
house,common_noun,1,0,4803,house,,",",layer_41,://,1.0,24065,,43549,Ġand,0.000229,8735,,2,://:1.0000;clips:0.0000;:{:0.0000;Ġ'/:0.0000;Ġanyway:0.0000,"Ġand:0.0002;,:0.0002;.:0.0002;Ġthat:0.0002;;:0.0002"
house,common_noun,1,0,4803,house,,",",layer_43,://,1.0,23430,,42158,",",0.000277,7853,,1,://:1.0000;clips:0.0000;Ġanyway:0.0000;:{:0.0000;Ġ'/:0.0000,",:0.0003;Ġand:0.0003;.:0.0003;Ġthat:0.0003;;:0.0002"
house,common_noun,1,0,4803,house,,",",layer_45,://,1.0,21576,,35597,",",0.000489,6107,,1,://:1.0000;Ġanyway:0.0000;clips:0.0000;:{:0.0000;.(:0.0000,",:0.0005;Ġand:0.0005;.:0.0005;Ġthat:0.0004;Ġto:0.0003"
house,common_noun,1,0,4803,house,,",",layer_47,",",0.745092,2853,,1,",",0.145142,1434,,1,",:0.7451;.:0.2312;Ġand:0.0194;Ċ:0.0014;-:0.0009",",:0.1451;.:0.0956;Ġand:0.0559;Ġin:0.0249;Ġof:0.0248"
house,common_noun,1,0,4803,house,,",",layer_48,",",0.937403,1181,,1,",",0.111674,253,,1,",:0.9374;.:0.0486;Ġand:0.0107;-:0.0010;Ġof:0.0009",",:0.1117;.:0.0793;Ġand:0.0397;Ġof:0.0260;Ġin:0.0202"
house,common_noun,1,0,4803,house,,",",final_logits,",",0.111674,253,,1,,,,,,",:0.1117;.:0.0793;Ġand:0.0397;Ġof:0.0260;Ġin:0.0202",
science,common_noun,1,0,16801,science,,.,emb,science,0.000478,1,,50205,science,1.0,1,,50197,science:0.0005;Science:0.0002;scientific:0.0001;scient:0.0001;sci:0.0001,science:1.0000;Science:0.0000;scientific:0.0000;scient:0.0000;sci:0.0000
science,common_noun,1,0,16801,science,,.,layer_1,Ġfiction,0.005239,60,,7022,Ġfiction,0.007898,7,,4103,Ġfiction:0.0052;fab:0.0030;gran:0.0023;ĠCONC:0.0022;ĠBernstein:0.0020,Ġfiction:0.0079;ĠFiction:0.0024;fare:0.0017;Ġterr:0.0015;Ġpopcorn:0.0011
science,common_noun,1,0,16801,science,,.,layer_2,Ġfiction,0.132071,535,,1559,Ġfiction,0.015035,258,,456,Ġfiction:0.1321;Ġpublications:0.0092;Ġresearch:0.0089;Ġdrill:0.0076;ĠCONC:0.0073,Ġfiction:0.0150;Ġresearch:0.0039;ĠFiction:0.0033;Ġterr:0.0024;Ġlabs:0.0021
science,common_noun,1,0,16801,science,,.,layer_5,Ġfiction,0.983936,2253,,632,Ġfiction,0.10074,2879,,324,Ġfiction:0.9839;Ġresearch:0.0045;Ġcoll:0.0013;ĠFiction:0.0012;Ġterr:0.0009,Ġfiction:0.1007;Ġresearch:0.0131;ĠFiction:0.0126;Ġterr:0.0048;Ġcoll:0.0040
science,common_noun,1,0,16801,science,,.,layer_11,://,1.0,8129,,26117,Ġand,0.000155,19309,,2,://:1.0000;clips:0.0000;:{:0.0000;wcsstore:0.0000;Ġ'/:0.0000,"Ġand:0.0002;.:0.0001;Ġthat:0.0001;,:0.0001;;:0.0001"
science,common_noun,1,0,16801,science,,.,layer_16,://,1.0,8565,,28560,Ġand,0.000144,21146,,4,://:1.0000;clips:0.0000;:{:0.0000;wcsstore:0.0000;Ġ'/:0.0000,"Ġand:0.0001;Ġthat:0.0001;;:0.0001;.:0.0001;,:0.0001"
science,common_noun,1,0,16801,science,,.,layer_21,://,1.0,8539,,29770,Ġand,0.000138,21015,,4,://:1.0000;clips:0.0000;:{:0.0000;wcsstore:0.0000;$:0.0000,"Ġand:0.0001;;:0.0001;Ġthat:0.0001;.:0.0001;,:0.0001"
science,common_noun,1,0,16801,science,,.,layer_27,://,1.0,8533,,28552,Ġand,0.000155,21419,,4,://:1.0000;clips:0.0000;:{:0.0000;):0.0000;(:0.0000,"Ġand:0.0002;Ġthat:0.0001;,:0.0001;.:0.0001;;:0.0001"
science,common_noun,1,0,16801,science,,.,layer_32,://,1.0,8560,,27017,Ġand,0.000175,21852,,4,://:1.0000;clips:0.0000;:{:0.0000;):0.0000;(:0.0000,"Ġand:0.0002;,:0.0002;Ġthat:0.0002;.:0.0002;;:0.0002"
science,common_noun,1,0,16801,science,,.,layer_37,://,1.0,8534,,24864,Ġand,0.000199,21875,,3,://:1.0000;clips:0.0000;):0.0000;%:0.0000;*:0.0000,"Ġand:0.0002;,:0.0002;.:0.0002;Ġthat:0.0002;;:0.0002"
science,common_noun,1,0,16801,science,,.,layer_39,://,1.0,8510,,23715,Ġand,0.000212,21905,,3,://:1.0000;clips:0.0000;:{:0.0000;):0.0000;(:0.0000,"Ġand:0.0002;,:0.0002;.:0.0002;Ġthat:0.0002;;:0.0002"
science,common_noun,1,0,16801,science,,.,layer_41,://,1.0,8481,,21913,Ġand,0.000236,21861,,3,://:1.0000;clips:0.0000;:{:0.0000;Ġ'/:0.0000;$:0.0000,"Ġand:0.0002;,:0.0002;.:0.0002;Ġthat:0.0002;;:0.0002"
science,common_noun,1,0,16801,science,,.,layer_43,://,1.0,8311,,19062,Ġand,0.000284,21299,,3,://:1.0000;clips:0.0000;Ġanyway:0.0000;:{:0.0000;Ġ'/:0.0000,"Ġand:0.0003;,:0.0003;.:0.0003;Ġthat:0.0003;;:0.0002"
science,common_noun,1,0,16801,science,,.,layer_45,://,1.0,7619,,11425,",",0.000504,18937,,3,://:1.0000;Ġanyway:0.0000;clips:0.0000;.(:0.0000;:{:0.0000,",:0.0005;Ġand:0.0005;.:0.0005;Ġthat:0.0004;-:0.0003"
science,common_noun,1,0,16801,science,,.,layer_47,.,0.720534,5169,,1,.,0.171955,3429,,1,".:0.7205;,:0.1620;-:0.1049;Ġand:0.0110;/:0.0006",".:0.1720;,:0.1471;-:0.1051;Ġand:0.0685;/:0.0462"
science,common_noun,1,0,16801,science,,.,layer_48,-,0.506372,927,,3,.,0.098066,219,,1,"-:0.5064;,:0.2289;.:0.1507;Ġand:0.0721;/:0.0358",".:0.0981;/:0.0956;,:0.0768;-:0.0762;Ġand:0.0594"
science,common_noun,1,0,16801,science,,.,final_logits,.,0.098066,219,,1,,,,,,".:0.0981;/:0.0956;,:0.0768;-:0.0762;Ġand:0.0594",
coffee,common_noun,2,0,1073,co,5853,/,emb,co,0.000416,1,3598,46219,co,1.0,1,3962,41178,co:0.0004;Co:0.0001;coat:0.0001;CO:0.0001;cos:0.0001,co:1.0000;Co:0.0000;CO:0.0000;coat:0.0000;cos:0.0000
coffee,common_noun,2,0,1073,co,5853,/,layer_1,ombs,0.008365,85,2,9092,verage,0.019803,18,2,1329,ombs:0.0084;ffee:0.0055;inc:0.0032;asting:0.0026;arse:0.0025,verage:0.0198;ffee:0.0088;arse:0.0073;ombs:0.0072;inc:0.0061
coffee,common_noun,2,0,1073,co,5853,/,layer_2,ffee,0.25702,363,1,1829,verage,0.03453,155,2,183,ffee:0.2570;ombs:0.2069;inc:0.0659;oper:0.0372;verage:0.0322,verage:0.0345;ffee:0.0299;ombs:0.0152;inc:0.0137;oper:0.0118
coffee,common_noun,2,0,1073,co,5853,/,layer_5,ffee,0.710298,593,1,950,verage,0.079785,314,2,108,ffee:0.7103;verage:0.2246;inc:0.0377;ombs:0.0065;oper:0.0042,verage:0.0798;ffee:0.0441;inc:0.0305;oley:0.0087;pper:0.0087
coffee,common_noun,2,0,1073,co,5853,/,layer_11,://,1.0,23997,45,41742,Ġand,0.00015,7020,86,21,://:1.0000;clips:0.0000;wcsstore:0.0000;:{:0.0000;Ġ'/:0.0000,"Ġand:0.0002;.:0.0001;,:0.0001;Ġthat:0.0001;;:0.0001"
coffee,common_noun,2,0,1073,co,5853,/,layer_16,://,1.0,25859,63,43346,Ġand,0.000142,9513,280,25,://:1.0000;clips:0.0000;:{:0.0000;wcsstore:0.0000;Ġ'/:0.0000,"Ġand:0.0001;.:0.0001;,:0.0001;;:0.0001;Ġthat:0.0001"
coffee,common_noun,2,0,1073,co,5853,/,layer_21,://,1.0,26372,75,43875,Ġand,0.000137,10008,344,27,://:1.0000;clips:0.0000;:{:0.0000;wcsstore:0.0000;$:0.0000,"Ġand:0.0001;;:0.0001;.:0.0001;,:0.0001;Ġthat:0.0001"
coffee,common_noun,2,0,1073,co,5853,/,layer_27,://,1.0,26378,82,43450,Ġand,0.000155,10145,531,26,://:1.0000;clips:0.0000;:{:0.0000;):0.0000;(:0.0000,"Ġand:0.0002;,:0.0001;.:0.0001;Ġthat:0.0001;;:0.0001"
coffee,common_noun,2,0,1073,co,5853,/,layer_32,://,1.0,26120,85,42872,Ġand,0.000174,9900,741,25,://:1.0000;clips:0.0000;):0.0000;%:0.0000;*:0.0000,"Ġand:0.0002;,:0.0002;.:0.0002;Ġthat:0.0002;;:0.0002"
coffee,common_noun,2,0,1073,co,5853,/,layer_37,://,1.0,25490,81,41893,Ġand,0.000197,9106,964,26,://:1.0000;clips:0.0000;):0.0000;%:0.0000;*:0.0000,"Ġand:0.0002;,:0.0002;.:0.0002;Ġthat:0.0002;;:0.0002"
coffee,common_noun,2,0,1073,co,5853,/,layer_39,://,1.0,25035,82,41366,Ġand,0.000209,8495,1083,22,://:1.0000;clips:0.0000;):0.0000;%:0.0000;*:0.0000,"Ġand:0.0002;,:0.0002;.:0.0002;Ġthat:0.0002;;:0.0002"
coffee,common_noun,2,0,1073,co,5853,/,layer_41,://,1.0,24327,84,40498,Ġand,0.000232,7665,1266,22,://:1.0000;clips:0.0000;Ġ'/:0.0000;):0.0000;(:0.0000,"Ġand:0.0002;,:0.0002;.:0.0002;Ġthat:0.0002;;:0.0002"
coffee,common_noun,2,0,1073,co,5853,/,layer_43,://,1.0,22964,78,38983,Ġand,0.000276,6249,1464,21,://:1.0000;clips:0.0000;Ġanyway:0.0000;Ġ'/:0.0000;:{:0.0000,"Ġand:0.0003;,:0.0003;.:0.0003;Ġthat:0.0002;;:0.0002"
coffee,common_noun,2,0,1073,co,5853,/,layer_45,://,1.0,19654,64,32753,",",0.000475,3896,1831,15,://:1.0000;clips:0.0000;Ġanyway:0.0000;.(:0.0000;Ġ'/:0.0000,",:0.0005;Ġand:0.0005;.:0.0005;Ġthat:0.0004;Ġto:0.0003"
coffee,common_noun,2,0,1073,co,5853,/,layer_47,.,0.843535,180,1061,5,.,0.186128,167,1010,4,".:0.8435;,:0.1058;-:0.0458;Ġand:0.0025;/:0.0018",".:0.1861;,:0.1265;-:0.0793;/:0.0537;Ġand:0.0423"
coffee,common_noun,2,0,1073,co,5853,/,layer_48,-,0.450696,131,67,3,/,0.13364,95,21,1,"-:0.4507;.:0.4145;/:0.1084;,:0.0246;Ġand:0.0010","/:0.1336;.:0.1207;-:0.0775;,:0.0409;'s:0.0177"
coffee,common_noun,2,0,1073,co,5853,/,final_logits,/,0.13364,95,21,1,,,,,,"/:0.1336;.:0.1207;-:0.0775;,:0.0409;'s:0.0177",
coffee,common_noun,2,1,5853,ffee,,",",emb,ffee,0.001172,1,,50254,ffee,1.0,1,,50254,ffee:0.0012;Ĝ:0.0001;ď:0.0001;rawdownload:0.0001;reportprint:0.0001,ffee:1.0000;Ĝ:0.0000;ď:0.0000;À:0.0000;rawdownload:0.0000
coffee,common_noun,2,1,5853,ffee,,",",layer_1,ffee,0.079019,1,,9644,ffee,0.259667,1,,2015,ffee:0.0790;Ġbeans:0.0259;Ġgrilled:0.0163;beans:0.0156;rito:0.0146,ffee:0.2597;Ġbeans:0.0933;beans:0.0215;rito:0.0209;Ġwrapper:0.0204
coffee,common_noun,2,1,5853,ffee,,",",layer_2,Ġbeans,0.151466,3,,1963,Ġbeans,0.129856,2,,262,Ġbeans:0.1515;ĠBeans:0.0705;ffee:0.0614;beans:0.0531;Ġgrilled:0.0270,Ġbeans:0.1299;ffee:0.0595;ĠBeans:0.0375;beans:0.0274;Ġbean:0.0190
coffee,common_noun,2,1,5853,ffee,,",",layer_5,Ġbeans,0.633608,22,,1241,Ġbeans,0.121154,6,,226,Ġbeans:0.6336;ube:0.0586;Ġgrilled:0.0420;Ġtaco:0.0356;hop:0.0268,Ġbeans:0.1212;rito:0.0188;ube:0.0183;Ġcand:0.0155;ĠBeans:0.0094
coffee,common_noun,2,1,5853,ffee,,",",layer_11,Ġbeans,0.790361,769,,434,Ġbeans,0.121104,424,,99,Ġbeans:0.7904;rito:0.0392;ĠBeans:0.0307;Ġshops:0.0207;Ġshop:0.0158,Ġbeans:0.1211;rito:0.0242;ĠBeans:0.0161;Ġcand:0.0104;Ġshop:0.0099
coffee,common_noun,2,1,5853,ffee,,",",layer_16,Ġbeans,0.617841,599,,297,Ġbeans,0.104119,247,,125,Ġbeans:0.6178;Ġshop:0.1763;Ġshops:0.0463;Ġbaker:0.0443;Ġmug:0.0141,Ġbeans:0.1041;Ġshop:0.0265;Ġdrinkers:0.0229;rito:0.0180;Ġbaker:0.0135
coffee,common_noun,2,1,5853,ffee,,",",layer_21,Ġshop,0.868154,2481,,68,Ġbeans,0.15787,1014,,55,Ġshop:0.8682;Ġbeans:0.1209;Ġshops:0.0059;Ġbean:0.0040;Ġbreak:0.0003,Ġbeans:0.1579;Ġshop:0.0928;Ġbean:0.0270;Ġshops:0.0165;Ġdrinkers:0.0164
coffee,common_noun,2,1,5853,ffee,,",",layer_27,Ġbeans,0.650805,3658,,41,Ġbeans,0.284002,1570,,56,Ġbeans:0.6508;Ġshop:0.2883;Ġbean:0.0603;-:0.0003;Ġpowder:0.0001,Ġbeans:0.2840;Ġbean:0.0707;Ġshop:0.0585;Ġdrinkers:0.0269;bean:0.0165
coffee,common_noun,2,1,5853,ffee,,",",layer_32,Ġbeans,0.763872,3471,,21,Ġbeans,0.348244,1253,,46,Ġbeans:0.7639;Ġshop:0.1384;Ġbean:0.0966;-:0.0011;Ġpowder:0.0000,Ġbeans:0.3482;Ġbean:0.0813;Ġshop:0.0485;Ġdrinkers:0.0245;Ġcups:0.0141
coffee,common_noun,2,1,5853,ffee,,",",layer_37,Ġbeans,0.912934,5079,,14,Ġbeans,0.46152,2160,,27,Ġbeans:0.9129;Ġbean:0.0847;-:0.0014;Ġshop:0.0009;Ġcoffee:0.0000,Ġbeans:0.4615;Ġbean:0.0890;Ġdrinkers:0.0296;Ġshop:0.0251;Ġcups:0.0228
coffee,common_noun,2,1,5853,ffee,,",",layer_39,Ġbeans,0.859007,2815,,13,Ġbeans,0.427308,936,,25,Ġbeans:0.8590;Ġbean:0.1352;-:0.0040;Ġshop:0.0010;Ġcoffee:0.0009,Ġbeans:0.4273;Ġbean:0.0862;Ġcups:0.0420;Ġdrinkers:0.0336;Ġshop:0.0251
coffee,common_noun,2,1,5853,ffee,,",",layer_41,Ġbeans,0.750838,2401,,9,Ġbeans,0.389436,784,,21,Ġbeans:0.7508;Ġbean:0.1707;-:0.0665;Ġcoffee:0.0079;Ġshop:0.0041,Ġbeans:0.3894;Ġbean:0.0821;Ġcups:0.0400;Ġshop:0.0307;Ġcoffee:0.0291
coffee,common_noun,2,1,5853,ffee,,",",layer_43,-,0.996733,6167,,6,Ġbeans,0.230251,2729,,10,-:0.9967;Ġshop:0.0032;Ġbeans:0.0001;Ġbean:0.0000;Ġcoffee:0.0000,Ġbeans:0.2303;Ġshop:0.0599;-:0.0560;Ġbean:0.0560;Ġcups:0.0398
coffee,common_noun,2,1,5853,ffee,,",",layer_45,-,0.999803,9469,,2,Ġbeans,0.111403,4904,,4,"-:0.9998;,:0.0002;Ġand:0.0000;Ġshop:0.0000;.:0.0000","Ġbeans:0.1114;-:0.0845;Ġshop:0.0493;,:0.0461;.:0.0384"
coffee,common_noun,2,1,5853,ffee,,",",layer_47,-,0.984144,17620,,2,-,0.085748,11191,,2,"-:0.9841;,:0.0159;Ġand:0.0000;.:0.0000;Ċ:0.0000","-:0.0857;,:0.0838;.:0.0624;Ġand:0.0449;/:0.0236"
coffee,common_noun,2,1,5853,ffee,,",",layer_48,-,0.961586,15135,,2,",",0.090796,9718,,1,"-:0.9616;,:0.0384;.:0.0000;Ġand:0.0000;Ċ:0.0000",",:0.0908;-:0.0858;.:0.0640;Ġand:0.0393;/:0.0279"
coffee,common_noun,2,1,5853,ffee,,",",final_logits,",",0.090796,9718,,1,,,,,,",:0.0908;-:0.0858;.:0.0640;Ġand:0.0393;/:0.0279",
London,proper_noun,1,0,23421,London,,",",emb,London,0.000345,1,,50255,London,1.0,1,,50255,London:0.0003;ĠLondon:0.0001;England:0.0001;Scotland:0.0001;Britain:0.0001,London:1.0000;ĠLondon:0.0000;England:0.0000;Britain:0.0000;Scotland:0.0000
London,proper_noun,1,0,23421,London,,",",layer_1,minster,0.020321,69,,10768,minster,0.009267,4,,3526,minster:0.0203;ĠGazette:0.0104;PLA:0.0069;ĠHague:0.0064;ĠHemp:0.0045,minster:0.0093;shire:0.0063;ĠGazette:0.0049;London:0.0036;sburgh:0.0029
London,proper_noun,1,0,23421,London,,",",layer_2,minster,0.221864,548,,1568,minster,0.009437,43,,156,minster:0.2219;PLA:0.0331;ĠGat:0.0217;ĠGazette:0.0187;ĠHemp:0.0153,minster:0.0094;shire:0.0051;ĠBridge:0.0045;ĠLondon:0.0030;Ġsuburb:0.0028
London,proper_noun,1,0,23421,London,,",",layer_5,ĠUnderground,0.150567,978,,197,shire,0.020771,423,,36,ĠUnderground:0.1506;PLA:0.0966;ĠBridge:0.0724;Ġsquares:0.0700;ĠGat:0.0628,shire:0.0208;ĠBridge:0.0149;ĠUnderground:0.0110;ĠHarbour:0.0062;Ġsuburb:0.0057
London,proper_noun,1,0,23421,London,,",",layer_11,://,1.0,24590,,44681,Ġand,0.000152,30056,,2,://:1.0000;clips:0.0000;:{:0.0000;wcsstore:0.0000;Ġ'/:0.0000,"Ġand:0.0002;,:0.0002;.:0.0001;Ġthat:0.0001;;:0.0001"
London,proper_noun,1,0,23421,London,,",",layer_16,://,1.0,25173,,46046,Ġand,0.000143,33415,,2,://:1.0000;clips:0.0000;:{:0.0000;wcsstore:0.0000;Ġ'/:0.0000,"Ġand:0.0001;,:0.0001;.:0.0001;;:0.0001;Ġthat:0.0001"
London,proper_noun,1,0,23421,London,,",",layer_21,://,1.0,25113,,46528,Ġand,0.000138,33885,,3,://:1.0000;clips:0.0000;:{:0.0000;wcsstore:0.0000;$:0.0000,"Ġand:0.0001;;:0.0001;,:0.0001;.:0.0001;Ġthat:0.0001"
London,proper_noun,1,0,23421,London,,",",layer_27,://,1.0,25345,,46053,Ġand,0.000155,34370,,2,://:1.0000;clips:0.0000;:{:0.0000;):0.0000;(:0.0000,"Ġand:0.0002;,:0.0002;Ġthat:0.0001;.:0.0001;;:0.0001"
London,proper_noun,1,0,23421,London,,",",layer_32,://,1.0,25563,,45451,Ġand,0.000175,34761,,2,://:1.0000;clips:0.0000;:{:0.0000;):0.0000;(:0.0000,"Ġand:0.0002;,:0.0002;Ġthat:0.0002;.:0.0002;;:0.0002"
London,proper_noun,1,0,23421,London,,",",layer_37,://,1.0,25755,,44524,",",0.000198,34999,,1,://:1.0000;clips:0.0000;:{:0.0000;):0.0000;(:0.0000,",:0.0002;Ġand:0.0002;.:0.0002;Ġthat:0.0002;;:0.0002"
London,proper_noun,1,0,23421,London,,",",layer_39,://,1.0,25756,,44009,",",0.000211,34968,,1,://:1.0000;clips:0.0000;:{:0.0000;):0.0000;(:0.0000,",:0.0002;Ġand:0.0002;.:0.0002;Ġthat:0.0002;;:0.0002"
London,proper_noun,1,0,23421,London,,",",layer_41,://,1.0,25648,,43263,",",0.000236,34838,,1,://:1.0000;clips:0.0000;:{:0.0000;):0.0000;(:0.0000,",:0.0002;Ġand:0.0002;.:0.0002;Ġthat:0.0002;;:0.0002"
London,proper_noun,1,0,23421,London,,",",layer_43,://,1.0,25012,,41754,",",0.000288,33799,,1,://:1.0000;clips:0.0000;:{:0.0000;Ġanyway:0.0000;Ġ'/:0.0000,",:0.0003;Ġand:0.0003;.:0.0003;Ġthat:0.0003;;:0.0002"
London,proper_noun,1,0,23421,London,,",",layer_45,://,1.0,23688,,34884,",",0.000511,30423,,1,://:1.0000;clips:0.0000;:{:0.0000;Ġanyway:0.0000;Ġ'/:0.0000,",:0.0005;Ġand:0.0005;.:0.0005;Ġthat:0.0004;;:0.0003"
London,proper_noun,1,0,23421,London,,",",layer_47,",",0.898532,2854,,1,",",0.234852,2767,,1,",:0.8985;.:0.0974;Ġand:0.0015;-:0.0014;Ċ:0.0004",",:0.2349;.:0.1139;Ġand:0.0418;-:0.0334;::0.0290"
London,proper_noun,1,0,23421,London,,",",layer_48,",",0.886832,2803,,1,",",0.099797,1358,,1,",:0.8868;-:0.0416;.:0.0297;Ċ:0.0213;'s:0.0073",",:0.0998;):0.0578;.:0.0526;'s:0.0407;/:0.0387"
London,proper_noun,1,0,23421,London,,",",final_logits,",",0.099797,1358,,1,,,,,,",:0.0998;):0.0578;.:0.0526;'s:0.0407;/:0.0387",
Einstein,proper_noun,2,0,36,E,11962,.,emb,E,0.00014,1,15892,34039,E,1.0,1,14995,28118,E:0.0001;Es:0.0001;EB:0.0001;EH:0.0001;EF:0.0001,E:1.0000;Es:0.0000;EB:0.0000;EH:0.0000;EF:0.0000
Einstein,proper_noun,2,0,36,E,11962,.,layer_1,Ġfilibuster,0.001721,6722,194,5269,agles,0.004885,1034,17,2691,Ġfilibuster:0.0017;ĠFlore:0.0016;PLA:0.0015;ĠCONC:0.0015;thereum:0.0015,agles:0.0049;eve:0.0039;AD:0.0032;PR:0.0023;mpire:0.0021
Einstein,proper_noun,2,0,36,E,11962,.,layer_2,MC,0.015307,8010,89,1649,eve,0.00557,2211,21,757,MC:0.0153;lo:0.0151;PLA:0.0131;ch:0.0112;yon:0.0107,eve:0.0056;MC:0.0051;agles:0.0043;IE:0.0041;NC:0.0037
Einstein,proper_noun,2,0,36,E,11962,.,layer_5,VER,0.355872,7222,57,1124,agles,0.015527,2915,20,539,VER:0.3559;PLA:0.1317;thereum:0.0515;clips:0.0415;LECT:0.0302,agles:0.0155;mpire:0.0145;VER:0.0121;LECT:0.0118;FA:0.0069
Einstein,proper_noun,2,0,36,E,11962,.,layer_11,://,0.999999,30883,27621,26165,Ġand,0.000144,1907,32306,2,://:1.0000;clips:0.0000;:{:0.0000;wcsstore:0.0000;Ġ'/:0.0000,"Ġand:0.0001;.:0.0001;,:0.0001;Ġthat:0.0001;;:0.0001"
Einstein,proper_noun,2,0,36,E,11962,.,layer_16,://,1.0,32007,29172,28494,Ġand,0.000138,1972,37749,2,://:1.0000;clips:0.0000;:{:0.0000;wcsstore:0.0000;Ġ'/:0.0000,"Ġand:0.0001;.:0.0001;Ġthat:0.0001;;:0.0001;,:0.0001"
Einstein,proper_noun,2,0,36,E,11962,.,layer_21,://,1.0,32526,29010,29644,;,0.000135,2045,38413,3,://:1.0000;clips:0.0000;:{:0.0000;wcsstore:0.0000;$:0.0000,";:0.0001;Ġand:0.0001;.:0.0001;Ġthat:0.0001;,:0.0001"
Einstein,proper_noun,2,0,36,E,11962,.,layer_27,://,1.0,32470,29592,28476,Ġand,0.000151,2103,39390,3,://:1.0000;clips:0.0000;:{:0.0000;):0.0000;(:0.0000,"Ġand:0.0002;Ġthat:0.0001;.:0.0001;,:0.0001;;:0.0001"
Einstein,proper_noun,2,0,36,E,11962,.,layer_32,://,1.0,32101,30122,26998,Ġand,0.00017,1964,40076,4,://:1.0000;clips:0.0000;:{:0.0000;):0.0000;(:0.0000,"Ġand:0.0002;,:0.0002;Ġthat:0.0002;.:0.0002;;:0.0002"
Einstein,proper_noun,2,0,36,E,11962,.,layer_37,://,1.0,31304,30797,24857,Ġand,0.000192,1688,40475,3,://:1.0000;clips:0.0000;:{:0.0000;):0.0000;(:0.0000,"Ġand:0.0002;,:0.0002;.:0.0002;Ġthat:0.0002;;:0.0002"
Einstein,proper_noun,2,0,36,E,11962,.,layer_39,://,1.0,30910,31065,23761,Ġand,0.000204,1590,40577,3,://:1.0000;clips:0.0000;:{:0.0000;):0.0000;(:0.0000,"Ġand:0.0002;,:0.0002;.:0.0002;Ġthat:0.0002;;:0.0002"
Einstein,proper_noun,2,0,36,E,11962,.,layer_41,://,1.0,30262,31301,22014,",",0.000227,1438,40623,3,://:1.0000;clips:0.0000;:{:0.0000;Ġ'/:0.0000;$:0.0000,",:0.0002;Ġand:0.0002;.:0.0002;Ġthat:0.0002;;:0.0002"
Einstein,proper_noun,2,0,36,E,11962,.,layer_43,://,1.0,29248,31220,19243,",",0.000273,1221,40143,3,://:1.0000;clips:0.0000;Ġanyway:0.0000;:{:0.0000;Ġ'/:0.0000,",:0.0003;Ġand:0.0003;.:0.0003;Ġthat:0.0002;;:0.0002"
Einstein,proper_noun,2,0,36,E,11962,.,layer_45,://,1.0,25872,30047,12068,",",0.000469,882,37278,2,://:1.0000;clips:0.0000;Ġanyway:0.0000;:{:0.0000;.(:0.0000,",:0.0005;.:0.0005;Ġand:0.0004;Ġthat:0.0004;;:0.0003"
Einstein,proper_noun,2,0,36,E,11962,.,layer_47,.,0.799724,345,3598,1,.,0.153429,306,1832,1,".:0.7997;,:0.1195;-:0.0787;Ċ:0.0011;Ġand:0.0004",".:0.1534;,:0.0933;-:0.0727;::0.0231;Ġand:0.0207"
Einstein,proper_noun,2,0,36,E,11962,.,layer_48,.,0.885666,303,1059,1,.,0.09067,540,253,1,".:0.8857;-:0.1025;,:0.0106;):0.0004;::0.0004",".:0.0907;-:0.0361;):0.0217;,:0.0210;::0.0156"
Einstein,proper_noun,2,0,36,E,11962,.,final_logits,.,0.09067,540,253,1,,,,,,".:0.0907;-:0.0361;):0.0217;,:0.0210;::0.0156",
Einstein,proper_noun,2,1,11962,instein,,'s,emb,instein,0.001276,1,,50102,instein,1.0,1,,50021,instein:0.0013;û:0.0001;đ:0.0001;Ė:0.0001;ü:0.0001,instein:1.0000;û:0.0000;đ:0.0000;Ė:0.0000;ę:0.0000
Einstein,proper_noun,2,1,11962,instein,,'s,layer_1,instein,0.166488,1,,3418,instein,0.78178,1,,1308,instein:0.1665;berger:0.0063;Ġtorpedo:0.0044;heimer:0.0039;pless:0.0037,instein:0.7818;heimer:0.0063;berger:0.0062;stein:0.0033;Ġatomic:0.0028
Einstein,proper_noun,2,1,11962,instein,,'s,layer_2,instein,0.116918,1,,959,instein,0.078347,1,,216,instein:0.1169;ĠDrill:0.0535;enthal:0.0235;ĠGravity:0.0112;Ġatomic:0.0108,instein:0.0783;heimer:0.0173;ĠGravity:0.0141;Ġatomic:0.0101;berger:0.0063
Einstein,proper_noun,2,1,11962,instein,,'s,layer_5,enthal,0.230997,11,,386,rolet,0.011918,10,,70,enthal:0.2310;bourg:0.0550;rolet:0.0262;ito:0.0216;Ġatomic:0.0134,rolet:0.0119;heimer:0.0108;ian:0.0105;ium:0.0084;enthal:0.0081
Einstein,proper_noun,2,1,11962,instein,,'s,layer_11,ian,0.34585,222,,11,ian,0.079311,160,,5,ian:0.3459;enthal:0.2371;ium:0.0751;ĠMotors:0.0498;Ġcru:0.0152,ian:0.0793;ium:0.0349;ĠMotors:0.0219;Ġet:0.0127;'s:0.0112
Einstein,proper_noun,2,1,11962,instein,,'s,layer_16,ian,0.595759,2701,,6,ian,0.087289,1765,,7,ian:0.5958;ium:0.1237;ĠField:0.1010;enthal:0.0494;Ġrays:0.0262,ian:0.0873;ium:0.0513;ĠField:0.0128;ĠInstitution:0.0105;iana:0.0091
Einstein,proper_noun,2,1,11962,instein,,'s,layer_21,ian,0.949405,2103,,8,ian,0.17085,794,,7,ian:0.9494;ĠField:0.0245;ium:0.0160;ĠDoctrine:0.0019;enthal:0.0018,ian:0.1709;ium:0.0644;ĠField:0.0164;ism:0.0110;iana:0.0107
Einstein,proper_noun,2,1,11962,instein,,'s,layer_27,ian,0.995183,2210,,4,ian,0.24621,549,,5,ian:0.9952;ĠGalile:0.0025;ium:0.0014;'s:0.0004;ĠField:0.0004,ian:0.2462;ium:0.0880;ĠGalile:0.0268;Ġhimself:0.0209;'s:0.0123
Einstein,proper_noun,2,1,11962,instein,,'s,layer_32,ian,0.998523,3971,,4,ian,0.240483,678,,6,ian:0.9985;ĠField:0.0011;ĠGalile:0.0002;'s:0.0002;ium:0.0000,ian:0.2405;ium:0.0575;ĠGalile:0.0288;Ġhimself:0.0215;ĠField:0.0201
Einstein,proper_noun,2,1,11962,instein,,'s,layer_37,ian,0.897853,5101,,2,ian,0.245652,858,,3,"ian:0.8979;'s:0.1020;Ġwas:0.0001;,:0.0000;-:0.0000",ian:0.2457;ium:0.0515;'s:0.0447;ĠGalile:0.0288;Ġhimself:0.0250
Einstein,proper_noun,2,1,11962,instein,,'s,layer_39,'s,0.859405,6389,,1,ian,0.167563,1058,,2,"'s:0.8594;ian:0.1398;,:0.0004;Ġwas:0.0002;-:0.0001",ian:0.1676;'s:0.0604;ium:0.0478;Ġhimself:0.0251;ĠGalile:0.0204
Einstein,proper_noun,2,1,11962,instein,,'s,layer_41,'s,0.952356,6780,,1,ian,0.159601,1063,,2,"'s:0.9524;ian:0.0470;,:0.0004;Ġwas:0.0002;-:0.0000",ian:0.1596;'s:0.0632;ium:0.0355;Ġhimself:0.0287;ĠGalile:0.0150
Einstein,proper_noun,2,1,11962,instein,,'s,layer_43,'s,0.999783,8996,,1,ian,0.157237,1575,,2,"'s:0.9998;ian:0.0001;,:0.0001;Ġwas:0.0000;Ġis:0.0000",ian:0.1572;'s:0.1338;ium:0.0352;Ġhimself:0.0237;Ġwas:0.0177
Einstein,proper_noun,2,1,11962,instein,,'s,layer_45,'s,0.969053,16946,,1,'s,0.184265,4289,,1,"'s:0.9691;,:0.0309;Ġwas:0.0000;-:0.0000;Ġis:0.0000","'s:0.1843;ian:0.0611;,:0.0537;Ġwas:0.0347;::0.0309"
Einstein,proper_noun,2,1,11962,instein,,'s,layer_47,",",0.769285,25799,,2,'s,0.177822,9227,,1,",:0.7693;'s:0.2307;Ġwas:0.0000;Ġis:0.0000;-:0.0000","'s:0.1778;,:0.0834;Ġwas:0.0433;::0.0319;Ġis:0.0209"
Einstein,proper_noun,2,1,11962,instein,,'s,layer_48,",",0.96951,24617,,2,'s,0.163459,8742,,1,",:0.9695;'s:0.0305;Ġwas:0.0000;Ġis:0.0000;-:0.0000","'s:0.1635;,:0.1017;::0.0400;Ġwas:0.0386;@:0.0338"
Einstein,proper_noun,2,1,11962,instein,,'s,final_logits,'s,0.163459,8742,,1,,,,,,"'s:0.1635;,:0.1017;::0.0400;Ġwas:0.0386;@:0.0338",
Google,proper_noun,1,0,11708,Google,,ĠScholar,emb,Google,0.000289,1,,25374,Google,1.0,1,,25939,Google:0.0003;google:0.0001;ĠGoogle:0.0001;Ġgoogle:0.0001;Amazon:0.0001,Google:1.0000;google:0.0000;ĠGoogle:0.0000;Ġgoogle:0.0000;Microsoft:0.0000
Google,proper_noun,1,0,11708,Google,,ĠScholar,layer_1,ĠNom,0.00627,1197,,26,ĠNom,0.006536,106,,2,ĠNom:0.0063;ileaks:0.0022;ĠDrill:0.0020;Posts:0.0019;Ġdrill:0.0017,ĠNom:0.0065;ĠScholar:0.0035;ĠMaps:0.0031;ĠDoc:0.0018;Maps:0.0017
Google,proper_noun,1,0,11708,Google,,ĠScholar,layer_2,ĠNom,0.057674,7527,,2,ĠScholar,0.016096,4585,,1,ĠNom:0.0577;ĠScholar:0.0432;ĠDrill:0.0213;ĠClay:0.0206;ileaks:0.0205,ĠScholar:0.0161;ĠNom:0.0051;ĠMaps:0.0046;ĠReader:0.0041;Ġnews:0.0020
Google,proper_noun,1,0,11708,Google,,ĠScholar,layer_5,ĠScholar,0.480714,2824,,1,ĠScholar,0.049658,1797,,1,ĠScholar:0.4807;ĠMaps:0.1790;ĠReader:0.0977;ĠNom:0.0609;este:0.0379,ĠScholar:0.0497;ĠMaps:0.0258;ĠReader:0.0216;ĠNom:0.0086;ĠCommons:0.0070
Google,proper_noun,1,0,11708,Google,,ĠScholar,layer_11,://,1.0,30536,,8955,Ġand,0.000153,24806,,5899,://:1.0000;clips:0.0000;:{:0.0000;wcsstore:0.0000;Ġ'/:0.0000,"Ġand:0.0002;,:0.0001;.:0.0001;Ġthat:0.0001;://:0.0001"
Google,proper_noun,1,0,11708,Google,,ĠScholar,layer_16,://,1.0,31358,,11029,Ġand,0.000142,27574,,11569,://:1.0000;clips:0.0000;:{:0.0000;wcsstore:0.0000;Ġ'/:0.0000,"Ġand:0.0001;,:0.0001;.:0.0001;Ġthat:0.0001;;:0.0001"
Google,proper_noun,1,0,11708,Google,,ĠScholar,layer_21,://,1.0,31373,,11371,Ġand,0.000138,27737,,12432,://:1.0000;clips:0.0000;:{:0.0000;wcsstore:0.0000;$:0.0000,"Ġand:0.0001;,:0.0001;.:0.0001;;:0.0001;Ġthat:0.0001"
Google,proper_noun,1,0,11708,Google,,ĠScholar,layer_27,://,1.0,31531,,11418,Ġand,0.000155,28070,,12897,://:1.0000;clips:0.0000;:{:0.0000;wcsstore:0.0000;$:0.0000,"Ġand:0.0002;,:0.0002;.:0.0001;Ġthat:0.0001;;:0.0001"
Google,proper_noun,1,0,11708,Google,,ĠScholar,layer_32,://,1.0,31652,,11357,Ġand,0.000175,28139,,13064,://:1.0000;clips:0.0000;:{:0.0000;):0.0000;(:0.0000,"Ġand:0.0002;,:0.0002;.:0.0002;Ġthat:0.0002;;:0.0002"
Google,proper_noun,1,0,11708,Google,,ĠScholar,layer_37,://,1.0,31446,,11286,Ġand,0.000198,27411,,13053,://:1.0000;clips:0.0000;:{:0.0000;):0.0000;(:0.0000,"Ġand:0.0002;,:0.0002;.:0.0002;Ġthat:0.0002;;:0.0002"
Google,proper_noun,1,0,11708,Google,,ĠScholar,layer_39,://,1.0,31360,,11216,Ġand,0.000211,27062,,12861,://:1.0000;clips:0.0000;:{:0.0000;):0.0000;(:0.0000,"Ġand:0.0002;,:0.0002;.:0.0002;Ġthat:0.0002;;:0.0002"
Google,proper_noun,1,0,11708,Google,,ĠScholar,layer_41,://,1.0,31265,,11037,",",0.000236,26696,,12314,://:1.0000;clips:0.0000;:{:0.0000;Ġ'/:0.0000;$:0.0000,",:0.0002;Ġand:0.0002;.:0.0002;Ġthat:0.0002;;:0.0002"
Google,proper_noun,1,0,11708,Google,,ĠScholar,layer_43,://,1.0,30874,,10534,",",0.000287,25688,,10890,://:1.0000;clips:0.0000;Ġanyway:0.0000;:{:0.0000;Ġ'/:0.0000,",:0.0003;Ġand:0.0003;.:0.0003;Ġthat:0.0002;;:0.0002"
Google,proper_noun,1,0,11708,Google,,ĠScholar,layer_45,://,1.0,29692,,8408,",",0.000514,22256,,6556,://:1.0000;Ġanyway:0.0000;clips:0.0000;:{:0.0000;Ġ'/:0.0000,",:0.0005;Ġand:0.0005;.:0.0005;Ġthat:0.0004;Ġto:0.0003"
Google,proper_noun,1,0,11708,Google,,ĠScholar,layer_47,.,0.454453,3575,,146,",",0.125439,3819,,50,".:0.4545;,:0.4387;Ċ:0.0369;'s:0.0296;Ġis:0.0279",",:0.1254;.:0.0860;'s:0.0505;Ċ:0.0471;Ġis:0.0437"
Google,proper_noun,1,0,11708,Google,,ĠScholar,layer_48,'s,0.559351,547,,11,ĠScholar,0.120651,363,,1,"'s:0.5594;,:0.2176;Ċ:0.0948;Ġis:0.0502;.:0.0267","ĠScholar:0.1207;'s:0.0821;+:0.0613;,:0.0335;ĠPlay:0.0272"
Google,proper_noun,1,0,11708,Google,,ĠScholar,final_logits,ĠScholar,0.120651,363,,1,,,,,,"ĠScholar:0.1207;'s:0.0821;+:0.0613;,:0.0335;ĠPlay:0.0272",
Tokyo,proper_noun,2,0,19042,Tok,8226,yo,emb,Tok,0.001071,1,5771,5771,Tok,1.0,1,5481,5481,Tok:0.0011;ĠTok:0.0001;Ĕ:0.0001;ā:0.0001;ă:0.0001,Tok:1.0000;ĠTok:0.0000;ĠTokyo:0.0000;Ĕ:0.0000;ā:0.0000
Tokyo,proper_noun,2,0,19042,Tok,8226,yo,layer_1,yo,0.098735,2,1,1,Tok,0.135725,1,2,2,yo:0.0987;Tok:0.0463;AMI:0.0219;usha:0.0199;Ġdelegate:0.0126,Tok:0.1357;yo:0.0686;las:0.0055;AMI:0.0035;usha:0.0034
Tokyo,proper_noun,2,0,19042,Tok,8226,yo,layer_2,yo,0.381547,6,1,1,yo,0.019415,2,1,1,yo:0.3815;usha:0.0713;Ġdelegate:0.0484;oshi:0.0227;uri:0.0222,yo:0.0194;Tok:0.0110;uri:0.0068;hab:0.0056;las:0.0053
Tokyo,proper_noun,2,0,19042,Tok,8226,yo,layer_5,yo,0.99438,27,1,1,yo,0.100534,8,1,1,yo:0.9944;usha:0.0008;har:0.0006;Ġconvention:0.0004;Ġfut:0.0003,yo:0.1005;las:0.0111;hab:0.0043;ky:0.0040;rise:0.0031
Tokyo,proper_noun,2,0,19042,Tok,8226,yo,layer_11,://,1.0,21676,12503,12503,",",0.000147,21898,13566,13566,://:1.0000;clips:0.0000;:{:0.0000;wcsstore:0.0000;Ġ'/:0.0000,",:0.0001;Ġand:0.0001;.:0.0001;;:0.0001;Ġthat:0.0001"
Tokyo,proper_noun,2,0,19042,Tok,8226,yo,layer_16,://,1.0,23849,15116,15116,Ġand,0.00014,28966,23425,23425,://:1.0000;clips:0.0000;:{:0.0000;wcsstore:0.0000;Ġ'/:0.0000,"Ġand:0.0001;;:0.0001;,:0.0001;.:0.0001;Ġthat:0.0001"
Tokyo,proper_noun,2,0,19042,Tok,8226,yo,layer_21,://,1.0,23949,15621,15621,;,0.000138,29787,25072,25072,://:1.0000;clips:0.0000;:{:0.0000;wcsstore:0.0000;$:0.0000,";:0.0001;Ġand:0.0001;,:0.0001;.:0.0001;Ġthat:0.0001"
Tokyo,proper_noun,2,0,19042,Tok,8226,yo,layer_27,://,1.0,24389,15881,15881,Ġand,0.000153,30965,26173,26173,://:1.0000;clips:0.0000;:{:0.0000;):0.0000;(:0.0000,"Ġand:0.0002;,:0.0002;Ġthat:0.0001;;:0.0001;.:0.0001"
Tokyo,proper_noun,2,0,19042,Tok,8226,yo,layer_32,://,1.0,24677,15914,15914,",",0.000172,31559,26438,26438,://:1.0000;clips:0.0000;:{:0.0000;):0.0000;(:0.0000,",:0.0002;Ġand:0.0002;Ġthat:0.0002;.:0.0002;;:0.0002"
Tokyo,proper_noun,2,0,19042,Tok,8226,yo,layer_37,://,1.0,24734,15684,15684,",",0.000196,31611,26021,26021,://:1.0000;clips:0.0000;:{:0.0000;):0.0000;(:0.0000,",:0.0002;Ġand:0.0002;.:0.0002;Ġthat:0.0002;;:0.0002"
Tokyo,proper_noun,2,0,19042,Tok,8226,yo,layer_39,://,1.0,24743,15443,15443,",",0.000209,31670,25493,25493,://:1.0000;clips:0.0000;:{:0.0000;):0.0000;(:0.0000,",:0.0002;Ġand:0.0002;.:0.0002;Ġthat:0.0002;;:0.0002"
Tokyo,proper_noun,2,0,19042,Tok,8226,yo,layer_41,://,1.0,24682,14963,14963,",",0.000232,31698,24588,24588,://:1.0000;clips:0.0000;:{:0.0000;Ġanyway:0.0000;Ġ'/:0.0000,",:0.0002;Ġand:0.0002;.:0.0002;Ġthat:0.0002;;:0.0002"
Tokyo,proper_noun,2,0,19042,Tok,8226,yo,layer_43,://,1.0,23720,13572,13572,",",0.000279,30216,21419,21419,://:1.0000;clips:0.0000;Ġanyway:0.0000;:{:0.0000;Ġ'/:0.0000,",:0.0003;Ġand:0.0003;.:0.0003;Ġthat:0.0002;;:0.0002"
Tokyo,proper_noun,2,0,19042,Tok,8226,yo,layer_45,://,1.0,20709,10348,10348,",",0.000473,23455,12194,12194,://:1.0000;Ġanyway:0.0000;clips:0.0000;:{:0.0000;.(:0.0000,",:0.0005;.:0.0004;Ġand:0.0004;Ġthat:0.0004;Ġto:0.0003"
Tokyo,proper_noun,2,0,19042,Tok,8226,yo,layer_47,",",0.354648,60,3,3,",",0.07411,107,5,5,",:0.3546;.:0.2820;yo:0.1769;-:0.1083;::0.0496",",:0.0741;.:0.0504;-:0.0404;::0.0328;yo:0.0274"
Tokyo,proper_noun,2,0,19042,Tok,8226,yo,layer_48,yo,0.994924,38,1,1,yo,0.583083,44,1,1,yo:0.9949;an:0.0015;o:0.0013;-:0.0008;y:0.0006,yo:0.5831;ky:0.0343;ai:0.0223;o:0.0150;an:0.0137
Tokyo,proper_noun,2,0,19042,Tok,8226,yo,final_logits,yo,0.583083,44,1,1,,,,,,yo:0.5831;ky:0.0343;ai:0.0223;o:0.0150;an:0.0137,
Tokyo,proper_noun,2,1,8226,yo,,",",emb,yo,0.001444,1,,50252,yo,1.0,1,,50246,yo:0.0014;Yo:0.0001;yu:0.0001;yon:0.0001;Ġyo:0.0001,yo:1.0000;Yo:0.0000;yu:0.0000;yon:0.0000;Ġyo:0.0000
Tokyo,proper_noun,2,1,8226,yo,,",",layer_1,yo,0.227068,1,,2892,yo,0.962464,1,,537,yo:0.2271;ĠGrande:0.0046;jin:0.0038;hei:0.0037;iku:0.0035,yo:0.9625;hei:0.0040;jin:0.0036;iku:0.0025;ji:0.0017
Tokyo,proper_noun,2,1,8226,yo,,",",layer_2,yo,0.095547,1,,984,hei,0.098716,4,,115,yo:0.0955;hei:0.0402;ĠGrande:0.0327;oke:0.0276;ji:0.0264,hei:0.0987;jin:0.0345;ji:0.0229;yo:0.0214;ĠTokyo:0.0132
Tokyo,proper_noun,2,1,8226,yo,,",",layer_5,jin,0.488301,4,,225,jin,0.142829,10,,39,jin:0.4883;ĠCube:0.1356;ĠGat:0.0792;yo:0.0566;ji:0.0531,jin:0.1428;ji:0.0203;ĠTokyo:0.0105;gh:0.0099;ichi:0.0085
Tokyo,proper_noun,2,1,8226,yo,,",",layer_11,jin,0.942029,109,,116,jin,0.352014,297,,18,jin:0.9420;ji:0.0165;ĠXan:0.0052;ĠGat:0.0037;ĠDoors:0.0028,jin:0.3520;ji:0.0233;hei:0.0108;ichi:0.0090;ĠXan:0.0078
Tokyo,proper_noun,2,1,8226,yo,,",",layer_16,ĠCity,0.282405,1077,,28,jin,0.088491,2111,,6,ĠCity:0.2824;ĠMarines:0.2583;jin:0.2224;ĠBay:0.0299;ĠPalace:0.0272,jin:0.0885;ĠCity:0.0294;Ġregion:0.0142;ĠMarines:0.0129;ĠTai:0.0127
Tokyo,proper_noun,2,1,8226,yo,,",",layer_21,ĠCity,0.815836,256,,17,jin,0.099306,419,,6,ĠCity:0.8158;ĠPalace:0.0856;jin:0.0422;ĠBay:0.0329;ĠMarines:0.0089,jin:0.0993;ĠCity:0.0655;ĠBay:0.0234;ĠPalace:0.0189;ĠTai:0.0151
Tokyo,proper_noun,2,1,8226,yo,,",",layer_27,ĠCity,0.55591,169,,45,jin,0.058955,182,,46,ĠCity:0.5559;ĠDisneyland:0.1996;ĠHilton:0.1912;ĠBay:0.0394;ĠDome:0.0042,jin:0.0590;ĠDisneyland:0.0428;ĠCity:0.0405;ĠHilton:0.0265;ĠBay:0.0263
Tokyo,proper_noun,2,1,8226,yo,,",",layer_32,ĠDisneyland,0.731007,146,,34,ĠTokyo,0.052215,135,,58,ĠDisneyland:0.7310;ĠJapan:0.1536;ĠCity:0.0639;ĠHilton:0.0239;ĠDome:0.0080,ĠTokyo:0.0522;ĠJapan:0.0507;ĠTsuk:0.0444;ĠDisneyland:0.0440;jin:0.0420
Tokyo,proper_noun,2,1,8226,yo,,",",layer_37,ĠTokyo,0.538794,302,,11,ĠTokyo,0.208643,242,,33,ĠTokyo:0.5388;ĠJapan:0.4593;ĠJapanese:0.0008;ĠDisneyland:0.0007;ĠMirage:0.0002,ĠTokyo:0.2086;ĠJapan:0.1017;ĠMirage:0.0279;ĠTsuk:0.0213;ĠDisneyland:0.0198
Tokyo,proper_noun,2,1,8226,yo,,",",layer_39,ĠJapan,0.843817,319,,11,ĠTokyo,0.162126,214,,32,ĠJapan:0.8438;ĠTokyo:0.1433;ĠDisneyland:0.0104;ĠJapanese:0.0011;ĠDome:0.0006,ĠTokyo:0.1621;ĠJapan:0.1069;ĠDisneyland:0.0355;ĠDome:0.0311;ĠMirage:0.0249
Tokyo,proper_noun,2,1,8226,yo,,",",layer_41,",",0.769749,640,,1,ĠTokyo,0.073738,405,,10,",:0.7697;-:0.1357;ĠJapan:0.0252;ĠDisneyland:0.0216;ĠTokyo:0.0158",ĠTokyo:0.0737;ĠJapan:0.0382;ĠDome:0.0315;ĠMirage:0.0313;ĠDisneyland:0.0268
Tokyo,proper_noun,2,1,8226,yo,,",",layer_43,",",0.986486,884,,1,ĠMirage,0.051817,503,,4,",:0.9865;-:0.0134;ĠMirage:0.0001;::0.0000;'s:0.0000","ĠMirage:0.0518;ĠTokyo:0.0432;ĠDome:0.0327;,:0.0288;ĠJapan:0.0216"
Tokyo,proper_noun,2,1,8226,yo,,",",layer_45,",",0.998523,1488,,1,",",0.057604,799,,1,",:0.9985;-:0.0015;::0.0000;Ċ:0.0000;Ġ(:0.0000",",:0.0576;ĠMirage:0.0392;::0.0378;ĠElectric:0.0226;ĠMetropolitan:0.0203"
Tokyo,proper_noun,2,1,8226,yo,,",",layer_47,",",0.997047,2639,,1,",",0.075093,1571,,1,",:0.9970;-:0.0029;::0.0000;'s:0.0000;Ġ(:0.0000",",:0.0751;::0.0489;'s:0.0272;ĠGh:0.0265;-:0.0254"
Tokyo,proper_noun,2,1,8226,yo,,",",layer_48,",",0.991026,1878,,1,",",0.108539,1126,,1,",:0.9910;-:0.0089;::0.0000;Ċ:0.0000;'s:0.0000",",:0.1085;::0.0661;):0.0422;-:0.0409;ĠGh:0.0370"
Tokyo,proper_noun,2,1,8226,yo,,",",final_logits,",",0.108539,1126,,1,,,,,,",:0.1085;::0.0661;):0.0422;-:0.0409;ĠGh:0.0370",
Shakespeare,proper_noun,2,0,2484,Sh,20946,ooting,emb,Sh,0.000165,1,19237,12074,Sh,1.0,1,18953,12364,Sh:0.0002;SH:0.0001;sh:0.0001;ĠSh:0.0001;Sham:0.0001,Sh:1.0000;SH:0.0000;sh:0.0000;ĠSh:0.0000;Sham:0.0000
Shakespeare,proper_noun,2,0,2484,Sh,20946,ooting,layer_1,abby,0.010902,188,23,811,abby,0.015735,44,10,57,abby:0.0109;opp:0.0065;ab:0.0057;oulder:0.0054;rule:0.0048,abby:0.0157;oulder:0.0081;aft:0.0061;uffle:0.0056;onda:0.0050
Shakespeare,proper_noun,2,0,2484,Sh,20946,ooting,layer_2,abby,0.127275,678,45,357,abby,0.017473,270,31,53,abby:0.1273;ab:0.0969;outing:0.0623;opp:0.0368;aft:0.0353,abby:0.0175;aven:0.0113;aft:0.0097;ab:0.0090;aw:0.0086
Shakespeare,proper_noun,2,0,2484,Sh,20946,ooting,layer_5,abby,0.781465,1114,13,132,abby,0.054703,623,20,45,abby:0.7815;aka:0.0580;opp:0.0574;rapnel:0.0414;oulder:0.0119,abby:0.0547;midt:0.0166;aka:0.0139;rapnel:0.0130;oulder:0.0122
Shakespeare,proper_noun,2,0,2484,Sh,20946,ooting,layer_11,://,1.0,23168,524,32978,Ġand,0.000146,3377,1169,35077,://:1.0000;clips:0.0000;wcsstore:0.0000;ideshow:0.0000;Ġ'/:0.0000,"Ġand:0.0001;.:0.0001;,:0.0001;Ġthat:0.0001;;:0.0001"
Shakespeare,proper_noun,2,0,2484,Sh,20946,ooting,layer_16,://,1.0,24760,736,34923,Ġand,0.00014,4395,3251,41157,://:1.0000;clips:0.0000;wcsstore:0.0000;:{:0.0000;Ġ'/:0.0000,"Ġand:0.0001;.:0.0001;;:0.0001;Ġthat:0.0001;,:0.0001"
Shakespeare,proper_noun,2,0,2484,Sh,20946,ooting,layer_21,://,1.0,25244,749,34974,Ġand,0.000136,4571,3545,41862,://:1.0000;clips:0.0000;wcsstore:0.0000;:{:0.0000;$:0.0000,"Ġand:0.0001;;:0.0001;.:0.0001;Ġthat:0.0001;,:0.0001"
Shakespeare,proper_noun,2,0,2484,Sh,20946,ooting,layer_27,://,1.0,25314,799,35401,Ġand,0.000152,4910,4704,42413,://:1.0000;clips:0.0000;):0.0000;%:0.0000;*:0.0000,"Ġand:0.0002;,:0.0001;Ġthat:0.0001;.:0.0001;;:0.0001"
Shakespeare,proper_noun,2,0,2484,Sh,20946,ooting,layer_32,://,1.0,25184,839,35753,Ġand,0.000171,4967,5920,42750,://:1.0000;clips:0.0000;):0.0000;%:0.0000;*:0.0000,"Ġand:0.0002;,:0.0002;.:0.0002;Ġthat:0.0002;;:0.0002"
Shakespeare,proper_noun,2,0,2484,Sh,20946,ooting,layer_37,://,1.0,24754,889,36049,Ġand,0.000193,4865,7143,42855,://:1.0000;clips:0.0000;):0.0000;%:0.0000;*:0.0000,"Ġand:0.0002;,:0.0002;.:0.0002;Ġthat:0.0002;;:0.0002"
Shakespeare,proper_noun,2,0,2484,Sh,20946,ooting,layer_39,://,1.0,24487,920,36102,Ġand,0.000205,4782,7748,42741,://:1.0000;clips:0.0000;):0.0000;%:0.0000;*:0.0000,"Ġand:0.0002;,:0.0002;.:0.0002;Ġthat:0.0002;;:0.0002"
Shakespeare,proper_noun,2,0,2484,Sh,20946,ooting,layer_41,://,1.0,24097,949,36042,Ġand,0.000227,4566,8515,42421,://:1.0000;clips:0.0000;Ġ'/:0.0000;):0.0000;(:0.0000,"Ġand:0.0002;,:0.0002;.:0.0002;Ġthat:0.0002;;:0.0002"
Shakespeare,proper_noun,2,0,2484,Sh,20946,ooting,layer_43,://,1.0,23269,962,35660,",",0.00027,4089,9096,41396,://:1.0000;clips:0.0000;Ġanyway:0.0000;Ġ'/:0.0000;:{:0.0000,",:0.0003;Ġand:0.0003;.:0.0003;Ġthat:0.0002;;:0.0002"
Shakespeare,proper_noun,2,0,2484,Sh,20946,ooting,layer_45,://,1.0,20499,801,34121,",",0.000453,2983,8485,36246,://:1.0000;clips:0.0000;Ġanyway:0.0000;.(:0.0000;Ġ'/:0.0000,",:0.0005;Ġand:0.0004;.:0.0004;Ġthat:0.0004;Ġto:0.0003"
Shakespeare,proper_noun,2,0,2484,Sh,20946,ooting,layer_47,.,0.406501,730,2364,565,.,0.048869,907,1475,212,".:0.4065;,:0.2943;-:0.2541;a:0.0205;Ġand:0.0071",".:0.0489;,:0.0475;-:0.0367;a:0.0223;Ġand:0.0162"
Shakespeare,proper_noun,2,0,2484,Sh,20946,ooting,layer_48,a,0.251673,1034,365,44,ooting,0.020773,1864,250,1,a:0.2517;ab:0.2460;an:0.1624;im:0.1458;aw:0.0332,ooting:0.0208;ooter:0.0196;ark:0.0146;immer:0.0139;ak:0.0129
Shakespeare,proper_noun,2,0,2484,Sh,20946,ooting,final_logits,ooting,0.020773,1864,250,1,,,,,,ooting:0.0208;ooter:0.0196;ark:0.0146;immer:0.0139;ak:0.0129,
Shakespeare,proper_noun,2,1,20946,akespeare,,'s,emb,akespeare,0.000736,1,,50188,akespeare,1.0,1,,50169,akespeare:0.0007;Ğ:0.0001;rawdownload:0.0001;ā:0.0001;Á:0.0001,akespeare:1.0000;akespe:0.0000;Ğ:0.0000;rawdownload:0.0000;ā:0.0000
Shakespeare,proper_noun,2,1,20946,akespeare,,'s,layer_1,itect,0.013719,93,,6222,sburgh,0.023246,104,,2650,itect:0.0137;EMP:0.0090;acia:0.0088;ADA:0.0082;ĠCorpus:0.0075,sburgh:0.0232;itect:0.0202;ĠHath:0.0169;ĠCrash:0.0110;Ġlyric:0.0102
Shakespeare,proper_noun,2,1,20946,akespeare,,'s,layer_2,wright,0.03615,2454,,1100,ĠHath,0.017294,2433,,272,wright:0.0362;itect:0.0233;ĠCrash:0.0150;ĠCorpus:0.0135;ĠHath:0.0096,ĠHath:0.0173;wright:0.0110;ĠCrash:0.0084;ĠReson:0.0080;itect:0.0075
Shakespeare,proper_noun,2,1,20946,akespeare,,'s,layer_5,Ġfestival,0.13995,13513,,345,an,0.011591,11634,,60,Ġfestival:0.1400;an:0.0805;ĠCorpus:0.0642;ĠBrowne:0.0598;ĠFabric:0.0523,an:0.0116;Ġfestival:0.0105;Ġtre:0.0102;wright:0.0066;ĠLibrary:0.0056
Shakespeare,proper_noun,2,1,20946,akespeare,,'s,layer_11,ĠCorpus,0.759183,32224,,58,ĠCorpus,0.029666,28345,,13,ĠCorpus:0.7592;Ġfestival:0.0820;an:0.0601;ĠCe:0.0160;ĠFabric:0.0085,ĠCorpus:0.0297;an:0.0152;Ġfestival:0.0114;Ġanalog:0.0107;ĠLibrary:0.0086
Shakespeare,proper_noun,2,1,20946,akespeare,,'s,layer_16,ĠCorpus,0.668539,29583,,29,ĠCorpus,0.032449,23508,,12,ĠCorpus:0.6685;an:0.2682;ĠFabric:0.0138;Ġfestival:0.0068;ĠCrit:0.0063,ĠCorpus:0.0324;an:0.0265;ĠLibrary:0.0140;Ġanalog:0.0084;Ġscholar:0.0081
Shakespeare,proper_noun,2,1,20946,akespeare,,'s,layer_21,an,0.731541,33467,,8,ĠLibrary,0.032959,25201,,9,an:0.7315;Ġfestival:0.1056;ĠLibrary:0.0905;ĠCorpus:0.0457;Ġscholar:0.0052,ĠLibrary:0.0330;an:0.0264;Ġscholar:0.0169;ĠCorpus:0.0146;Ġfestival:0.0106
Shakespeare,proper_noun,2,1,20946,akespeare,,'s,layer_27,an,0.881451,32372,,6,an,0.031367,21947,,8,an:0.8815;Ġfestival:0.0903;ĠBrowne:0.0098;Ġmanuscripts:0.0070;ĠLibrary:0.0046,an:0.0314;ĠFestival:0.0225;ĠLibrary:0.0209;Ġscholar:0.0186;ian:0.0153
Shakespeare,proper_noun,2,1,20946,akespeare,,'s,layer_32,an,0.936265,22417,,6,ĠLibrary,0.034305,10048,,7,an:0.9363;Ġfestival:0.0339;ĠLibrary:0.0125;Ġmanuscripts:0.0097;ĠBrowne:0.0044,ĠLibrary:0.0343;an:0.0291;ĠFestival:0.0290;Ġscholar:0.0195;Ġmanuscripts:0.0182
Shakespeare,proper_noun,2,1,20946,akespeare,,'s,layer_37,'s,0.974715,10331,,1,'s,0.055343,2457,,1,"'s:0.9747;an:0.0249;ĠLibrary:0.0001;Ġis:0.0001;,:0.0001",'s:0.0553;ĠFestival:0.0412;ĠLibrary:0.0307;Ġscholar:0.0270;an:0.0256
Shakespeare,proper_noun,2,1,20946,akespeare,,'s,layer_39,'s,0.999155,13623,,1,'s,0.084113,3718,,1,"'s:0.9992;an:0.0006;,:0.0001;Ġis:0.0001;Ġin:0.0000",'s:0.0841;ĠLibrary:0.0227;an:0.0217;ĠFestival:0.0215;Ġscholar:0.0194
Shakespeare,proper_noun,2,1,20946,akespeare,,'s,layer_41,'s,0.999851,13602,,1,'s,0.117589,3346,,1,"'s:0.9999;an:0.0001;Ġis:0.0000;,:0.0000;Ġin:0.0000",'s:0.1176;ĠLibrary:0.0262;ĠFestival:0.0257;an:0.0245;Ġscholar:0.0185
Shakespeare,proper_noun,2,1,20946,akespeare,,'s,layer_43,'s,0.999972,16110,,1,'s,0.215779,4322,,1,"'s:1.0000;,:0.0000;Ġis:0.0000;Ġin:0.0000;an:0.0000","'s:0.2158;Ġis:0.0238;,:0.0233;an:0.0199;Ġin:0.0172"
Shakespeare,proper_noun,2,1,20946,akespeare,,'s,layer_45,'s,0.979826,22399,,1,'s,0.194263,7284,,1,"'s:0.9798;,:0.0197;Ġin:0.0004;Ġis:0.0000;Ċ:0.0000","'s:0.1943;,:0.0565;Ġin:0.0345;Ġis:0.0292;an:0.0266"
Shakespeare,proper_noun,2,1,20946,akespeare,,'s,layer_47,",",0.578995,29764,,2,'s,0.176955,12359,,1,",:0.5790;'s:0.4043;Ġin:0.0162;Ġis:0.0005;Ġand:0.0000","'s:0.1770;,:0.0794;Ġin:0.0578;Ġis:0.0448;Ġand:0.0261"
Shakespeare,proper_noun,2,1,20946,akespeare,,'s,layer_48,",",0.851788,27132,,2,'s,0.171022,10770,,1,",:0.8518;'s:0.1440;Ġin:0.0041;Ġis:0.0001;Ċ:0.0000","'s:0.1710;,:0.0898;Ġin:0.0557;an:0.0434;Ġis:0.0418"
Shakespeare,proper_noun,2,1,20946,akespeare,,'s,final_logits,'s,0.171022,10770,,1,,,,,,"'s:0.1710;,:0.0898;Ġin:0.0557;an:0.0434;Ġis:0.0418",
Beyoncé,proper_noun,3,0,21993,Bey,261,-,emb,Bey,0.001491,1,46000,50243,Bey,1.0,1,44640,50233,Bey:0.0015;Ę:0.0001;Č:0.0001;Ă:0.0001;ü:0.0001,Bey:1.0000;Ę:0.0000;Č:0.0000;ü:0.0000;Ă:0.0000
Beyoncé,proper_noun,3,0,21993,Bey,261,-,layer_1,hoff,0.027227,2,2360,5002,Bey,0.03881,1,2001,1615,hoff:0.0272;Bey:0.0267;brew:0.0194;gra:0.0122;gard:0.0089,Bey:0.0388;hoff:0.0058;erb:0.0053;friend:0.0045;dor:0.0038
Beyoncé,proper_noun,3,0,21993,Bey,261,-,layer_2,enthal,0.137145,14,194,422,Bey,0.006383,1,139,70,enthal:0.1371;ce:0.0629;artisan:0.0473;gra:0.0387;ann:0.0307,Bey:0.0064;han:0.0042;ce:0.0034;cott:0.0031;ann:0.0029
Beyoncé,proper_noun,3,0,21993,Bey,261,-,layer_5,beck,0.598287,16,92,584,beck,0.012807,2,44,99,beck:0.5983;milo:0.0400;ce:0.0254;hma:0.0221;gra:0.0195,beck:0.0128;Bey:0.0073;ĠJones:0.0062;cott:0.0061;agara:0.0060
Beyoncé,proper_noun,3,0,21993,Bey,261,-,layer_11,://,0.999794,30593,42177,45572,Ġand,0.000149,26298,1534,9,://:0.9998;clips:0.0002;wcsstore:0.0000;Ġ'/:0.0000;:{:0.0000,"Ġand:0.0001;,:0.0001;Ġthat:0.0001;;:0.0001;.:0.0001"
Beyoncé,proper_noun,3,0,21993,Bey,261,-,layer_16,://,1.0,32797,43977,46783,Ġand,0.000142,33469,2579,14,://:1.0000;clips:0.0000;wcsstore:0.0000;:{:0.0000;Ġ'/:0.0000,"Ġand:0.0001;Ġthat:0.0001;,:0.0001;;:0.0001;.:0.0001"
Beyoncé,proper_noun,3,0,21993,Bey,261,-,layer_21,://,1.0,32680,44439,47204,Ġand,0.000137,33840,2957,18,://:1.0000;clips:0.0000;wcsstore:0.0000;:{:0.0000;Ġ'/:0.0000,"Ġand:0.0001;;:0.0001;Ġthat:0.0001;,:0.0001;.:0.0001"
Beyoncé,proper_noun,3,0,21993,Bey,261,-,layer_27,://,1.0,33337,44415,46946,Ġand,0.000155,35235,2872,17,://:1.0000;clips:0.0000;wcsstore:0.0000;:{:0.0000;Ġ'/:0.0000,"Ġand:0.0002;Ġthat:0.0002;,:0.0002;;:0.0001;.:0.0001"
Beyoncé,proper_noun,3,0,21993,Bey,261,-,layer_32,://,1.0,33834,44261,46571,Ġand,0.000174,36064,2696,17,://:1.0000;clips:0.0000;:{:0.0000;wcsstore:0.0000;$:0.0000,"Ġand:0.0002;,:0.0002;Ġthat:0.0002;;:0.0002;.:0.0002"
Beyoncé,proper_noun,3,0,21993,Bey,261,-,layer_37,://,1.0,34231,43887,45918,Ġand,0.000196,36406,2322,15,://:1.0000;clips:0.0000;:{:0.0000;Ġ'/:0.0000;$:0.0000,"Ġand:0.0002;,:0.0002;Ġthat:0.0002;.:0.0002;;:0.0002"
Beyoncé,proper_noun,3,0,21993,Bey,261,-,layer_39,://,1.0,34484,43600,45493,Ġand,0.000208,36774,2069,14,://:1.0000;clips:0.0000;Ġ'/:0.0000;:{:0.0000;$:0.0000,"Ġand:0.0002;,:0.0002;Ġthat:0.0002;.:0.0002;;:0.0002"
Beyoncé,proper_noun,3,0,21993,Bey,261,-,layer_41,://,1.0,34819,43243,44805,",",0.000232,37188,1738,12,://:1.0000;clips:0.0000;Ġ'/:0.0000;:{:0.0000;$:0.0000,",:0.0002;Ġand:0.0002;Ġthat:0.0002;.:0.0002;;:0.0002"
Beyoncé,proper_noun,3,0,21993,Bey,261,-,layer_43,://,1.0,34763,42541,43710,",",0.000281,36754,1283,11,://:1.0000;clips:0.0000;Ġ'/:0.0000;Ġanyway:0.0000;:{:0.0000,",:0.0003;Ġand:0.0003;.:0.0003;Ġthat:0.0003;;:0.0002"
Beyoncé,proper_noun,3,0,21993,Bey,261,-,layer_45,://,1.0,33178,39404,38655,",",0.000484,32575,628,5,://:1.0000;clips:0.0000;Ġanyway:0.0000;Ġ'/:0.0000;.(:0.0000,",:0.0005;Ġand:0.0005;.:0.0004;Ġthat:0.0004;-:0.0003"
Beyoncé,proper_noun,3,0,21993,Bey,261,-,layer_47,",",0.478555,454,19,2,",",0.11746,680,16,2,",:0.4786;-:0.4372;Ġof:0.0336;'s:0.0206;.:0.0171",",:0.1175;-:0.0916;Ġof:0.0376;'s:0.0330;.:0.0283"
Beyoncé,proper_noun,3,0,21993,Bey,261,-,layer_48,-,0.826829,206,2,1,-,0.121624,267,2,1,"-:0.8268;on:0.0854;am:0.0176;,:0.0095;'s:0.0092",-:0.1216;on:0.0496;am:0.0292;'s:0.0285;ee:0.0247
Beyoncé,proper_noun,3,0,21993,Bey,261,-,final_logits,-,0.121624,267,2,1,,,,,,-:0.1216;on:0.0496;am:0.0292;'s:0.0285;ee:0.0247,
Beyoncé,proper_noun,3,1,261,on,32682,cÃ©,emb,on,0.000139,1,7568,7568,on,1.0,1,7345,7345,on:0.0001;ons:0.0001;onian:0.0000;onet:0.0000;onis:0.0000,on:1.0000;ons:0.0000;onian:0.0000;onet:0.0000;ON:0.0000
Beyoncé,proper_noun,3,1,261,on,32682,cÃ©,layer_1,cÃ©,0.001118,5,1,1,cor,0.020326,4,3,3,cÃ©:0.0011;cor:0.0011;Ġvice:0.0009;Ġmine:0.0008;on:0.0008,cor:0.0203;âĢĳ:0.0096;cÃ©:0.0063;on:0.0050;-:0.0049
Beyoncé,proper_noun,3,1,261,on,32682,cÃ©,layer_2,Ġmine,0.012245,58,2,2,âĢĳ,0.005342,88,3,3,Ġmine:0.0122;cÃ©:0.0068;ĠArd:0.0059;ĠGarland:0.0053;âĢĳ:0.0042,âĢĳ:0.0053;-:0.0052;cÃ©:0.0031;zo:0.0028;/:0.0025
Beyoncé,proper_noun,3,1,261,on,32682,cÃ©,layer_5,cÃ©,0.115499,227,1,1,cÃ©,0.005748,469,1,1,cÃ©:0.1155;Ġmine:0.0956;ĠGarland:0.0369;ĠI:0.0150;ĠInstagram:0.0106,"cÃ©:0.0057;/:0.0030;::0.0027;ĠI:0.0027;,:0.0024"
Beyoncé,proper_noun,3,1,261,on,32682,cÃ©,layer_11,cÃ©,0.942958,1976,1,1,cÃ©,0.201213,2688,1,1,cÃ©:0.9430;ahi:0.0164;Ġstage:0.0060;Ġmine:0.0015;wine:0.0014,cÃ©:0.2012;Ġstage:0.0203;'s:0.0092;ster:0.0087;/:0.0057
Beyoncé,proper_noun,3,1,261,on,32682,cÃ©,layer_16,cÃ©,0.999296,1382,1,1,cÃ©,0.661341,2386,1,1,cÃ©:0.9993;nen:0.0001;ahi:0.0001;Ġstage:0.0000;ĠCorey:0.0000,cÃ©:0.6613;nen:0.0187;ster:0.0100;bang:0.0039;za:0.0036
Beyoncé,proper_noun,3,1,261,on,32682,cÃ©,layer_21,cÃ©,0.999113,733,1,1,cÃ©,0.375431,1238,1,1,cÃ©:0.9991;ay:0.0007;nen:0.0000;zo:0.0000;ets:0.0000,cÃ©:0.3754;nen:0.0165;ay:0.0121;ster:0.0114;ets:0.0103
Beyoncé,proper_noun,3,1,261,on,32682,cÃ©,layer_27,cÃ©,1.0,444,1,1,cÃ©,0.766332,758,1,1,cÃ©:1.0000;Ġtop:0.0000;ah:0.0000;nen:0.0000;ay:0.0000,cÃ©:0.7663;nen:0.0059;ix:0.0033;ah:0.0033;Ġtop:0.0033
Beyoncé,proper_noun,3,1,261,on,32682,cÃ©,layer_32,cÃ©,1.0,352,1,1,cÃ©,0.83754,711,1,1,cÃ©:1.0000;ix:0.0000;ii:0.0000;ade:0.0000;nen:0.0000,cÃ©:0.8375;nen:0.0070;ix:0.0048;ii:0.0044;ova:0.0040
Beyoncé,proper_noun,3,1,261,on,32682,cÃ©,layer_37,cÃ©,1.0,96,1,1,cÃ©,0.817754,191,1,1,"cÃ©:1.0000;-:0.0000;ix:0.0000;,:0.0000;Ġtop:0.0000",cÃ©:0.8178;ix:0.0095;ii:0.0042;-:0.0036;nen:0.0034
Beyoncé,proper_noun,3,1,261,on,32682,cÃ©,layer_39,cÃ©,1.0,54,1,1,cÃ©,0.860549,128,1,1,"cÃ©:1.0000;-:0.0000;,:0.0000;Ġand:0.0000;'s:0.0000",cÃ©:0.8605;ix:0.0041;nen:0.0025;ii:0.0024;-:0.0023
Beyoncé,proper_noun,3,1,261,on,32682,cÃ©,layer_41,cÃ©,1.0,34,1,1,cÃ©,0.90516,86,1,1,"cÃ©:1.0000;-:0.0000;,:0.0000;Ġand:0.0000;'s:0.0000",cÃ©:0.9052;ix:0.0020;-:0.0019;ie:0.0012;ee:0.0010
Beyoncé,proper_noun,3,1,261,on,32682,cÃ©,layer_43,cÃ©,1.0,29,1,1,cÃ©,0.856385,64,1,1,"cÃ©:1.0000;-:0.0000;,:0.0000;Ġthe:0.0000;Ċ:0.0000",cÃ©:0.8564;ig:0.0022;ix:0.0018;-:0.0017;ee:0.0017
Beyoncé,proper_noun,3,1,261,on,32682,cÃ©,layer_45,cÃ©,1.0,35,1,1,cÃ©,0.87201,76,1,1,"cÃ©:1.0000;-:0.0000;,:0.0000;c:0.0000;Ġand:0.0000",cÃ©:0.8720;ig:0.0027;k:0.0026;ce:0.0021;ix:0.0018
Beyoncé,proper_noun,3,1,261,on,32682,cÃ©,layer_47,cÃ©,1.0,49,1,1,cÃ©,0.980872,109,1,1,"cÃ©:1.0000;c:0.0000;,:0.0000;k:0.0000;-:0.0000",cÃ©:0.9809;c:0.0030;k:0.0009;ce:0.0006;ig:0.0005
Beyoncé,proper_noun,3,1,261,on,32682,cÃ©,layer_48,cÃ©,1.0,82,1,1,cÃ©,0.998953,112,1,1,cÃ©:1.0000;c:0.0000;k:0.0000;ix:0.0000;cin:0.0000,cÃ©:0.9990;c:0.0005;k:0.0001;ix:0.0000;ig:0.0000
Beyoncé,proper_noun,3,1,261,on,32682,cÃ©,final_logits,cÃ©,0.998953,112,1,1,,,,,,cÃ©:0.9990;c:0.0005;k:0.0001;ix:0.0000;ig:0.0000,
Beyoncé,proper_noun,3,2,32682,cÃ©,,'s,emb,cÃ©,0.000795,1,,50103,cÃ©,1.0,1,,50052,cÃ©:0.0008;đ:0.0001;rawdownload:0.0001;ą:0.0001;ď:0.0001,cÃ©:1.0000;đ:0.0000;ą:0.0000;Ą:0.0000;rawdownload:0.0000
Beyoncé,proper_noun,3,2,32682,cÃ©,,'s,layer_1,cÃ©,0.408138,1,,10952,cÃ©,0.504359,1,,4403,cÃ©:0.4081;ces:0.0911;lite:0.0255;cel:0.0167;lyn:0.0119,cÃ©:0.5044;ces:0.3001;lite:0.0387;lyn:0.0157;cel:0.0127
Beyoncé,proper_noun,3,2,32682,cÃ©,,'s,layer_2,cÃ©,0.758684,1,,1988,cÃ©,0.428895,1,,632,cÃ©:0.7587;quer:0.0403;cel:0.0380;ce:0.0227;ces:0.0202,cÃ©:0.4289;ces:0.0865;cel:0.0407;lite:0.0381;quer:0.0365
Beyoncé,proper_noun,3,2,32682,cÃ©,,'s,layer_5,cÃ©,0.945908,1,,522,cÃ©,0.180525,1,,153,cÃ©:0.9459;cel:0.0123;ce:0.0114;na:0.0087;ri:0.0037,cÃ©:0.1805;na:0.0388;lyn:0.0223;qua:0.0207;cel:0.0201
Beyoncé,proper_noun,3,2,32682,cÃ©,,'s,layer_11,cÃ©,0.475872,1,,38,cÃ©,0.022907,1,,4,cÃ©:0.4759;Ġtouched:0.0609;ĠVert:0.0414;ĠSr:0.0349;ĠMatte:0.0325,cÃ©:0.0229;lyn:0.0105;Ġstar:0.0092;'s:0.0092;na:0.0090
Beyoncé,proper_noun,3,2,32682,cÃ©,,'s,layer_16,Ġbombshell,0.149129,3,,10,'s,0.012946,3,,1,Ġbombshell:0.1491;Ġhands:0.0974;cÃ©:0.0934;ĠSr:0.0725;Ġlanded:0.0700,'s:0.0129;Ġlanded:0.0080;cÃ©:0.0074;Ġherself:0.0067;Ġhands:0.0061
Beyoncé,proper_noun,3,2,32682,cÃ©,,'s,layer_21,Ġfans,0.358115,15,,2,'s,0.022156,12,,1,Ġfans:0.3581;'s:0.2160;ĠSr:0.2082;ĠRebel:0.0374;Ġfan:0.0183,'s:0.0222;Ġfans:0.0132;ĠJr:0.0132;ĠSr:0.0072;ĠJunior:0.0054
Beyoncé,proper_noun,3,2,32682,cÃ©,,'s,layer_27,Ġfans,0.836232,18,,2,Ġfans,0.02851,9,,2,Ġfans:0.8362;'s:0.1146;ĠMichelle:0.0213;ĠBeyon:0.0060;Ġfan:0.0057,Ġfans:0.0285;'s:0.0281;ĠMichelle:0.0216;ĠBeyon:0.0133;Fan:0.0118
Beyoncé,proper_noun,3,2,32682,cÃ©,,'s,layer_32,Ġfans,0.900029,80,,2,Ġfans,0.056091,35,,2,Ġfans:0.9000;'s:0.0963;Ġlyrics:0.0010;Ġmusic:0.0008;Ġsong:0.0006,Ġfans:0.0561;'s:0.0473;ĠBeyon:0.0264;Ġherself:0.0181;Ġlyric:0.0166
Beyoncé,proper_noun,3,2,32682,cÃ©,,'s,layer_37,'s,0.851146,59,,1,'s,0.088488,27,,1,'s:0.8511;Ġfans:0.1073;Ġlyrics:0.0298;Ġsong:0.0097;Ġalbum:0.0010,'s:0.0885;ĠBeyon:0.0457;Ġfans:0.0450;Ġlyrics:0.0409;Ġsong:0.0365
Beyoncé,proper_noun,3,2,32682,cÃ©,,'s,layer_39,Ġlyrics,0.696064,102,,3,Ġlyrics,0.091879,43,,3,Ġlyrics:0.6961;Ġsong:0.2197;'s:0.0435;Ġfans:0.0375;Ġalbum:0.0028,Ġlyrics:0.0919;Ġsong:0.0872;'s:0.0659;Ġalbum:0.0607;Ġfans:0.0502
Beyoncé,proper_noun,3,2,32682,cÃ©,,'s,layer_41,Ġlyrics,0.893824,142,,2,Ġlyrics,0.122897,58,,2,Ġlyrics:0.8938;'s:0.0941;Ġsong:0.0110;Ġfans:0.0010;Ġlyric:0.0000,Ġlyrics:0.1229;'s:0.0990;Ġsong:0.0774;Ġlyric:0.0456;ĠBeyon:0.0452
Beyoncé,proper_noun,3,2,32682,cÃ©,,'s,layer_43,'s,0.999988,465,,1,'s,0.28307,136,,1,"'s:1.0000;Ġfans:0.0000;,:0.0000;Ġand:0.0000;Ġhas:0.0000","'s:0.2831;Ġfans:0.0472;ĠKnow:0.0330;,:0.0321;Ġalbum:0.0285"
Beyoncé,proper_noun,3,2,32682,cÃ©,,'s,layer_45,'s,0.999452,1422,,1,'s,0.285445,361,,1,"'s:0.9995;,:0.0005;Ġand:0.0000;Ġhas:0.0000;Ġis:0.0000","'s:0.2854;,:0.0669;Ġand:0.0430;Ġhas:0.0315;Ġfans:0.0247"
Beyoncé,proper_noun,3,2,32682,cÃ©,,'s,layer_47,'s,0.658137,4000,,1,'s,0.178563,1082,,1,"'s:0.6581;,:0.3416;Ġand:0.0002;Ġis:0.0000;Ġhas:0.0000","'s:0.1786;,:0.0845;Ġand:0.0549;Ġhas:0.0362;Ġis:0.0344"
Beyoncé,proper_noun,3,2,32682,cÃ©,,'s,layer_48,",",0.981397,4388,,2,'s,0.151526,1231,,1,",:0.9814;'s:0.0184;Ġand:0.0002;Ġis:0.0000;Ġhas:0.0000","'s:0.1515;,:0.1079;Ġand:0.0618;Ġis:0.0354;Ġhas:0.0338"
Beyoncé,proper_noun,3,2,32682,cÃ©,,'s,final_logits,'s,0.151526,1231,,1,,,,,,"'s:0.1515;,:0.1079;Ġand:0.0618;Ġis:0.0354;Ġhas:0.0338",
run,verb,1,0,5143,run,,-,emb,run,0.000452,1,,48637,run,1.0,1,,46431,run:0.0005;runs:0.0002;Run:0.0001;running:0.0001;ĠRun:0.0001,run:1.0000;runs:0.0000;Run:0.0000;running:0.0000;ĠRun:0.0000
run,verb,1,0,5143,run,,-,layer_1,ahi,0.008851,2,,12940,nings,0.016557,2,,4197,"ahi:0.0089;run:0.0043;\""::0.0040;milo:0.0031;ners:0.0031",nings:0.0166;run:0.0088;ners:0.0079;swick:0.0057;wright:0.0034
run,verb,1,0,5143,run,,-,layer_2,ahi,0.048152,37,,2422,nings,0.010735,16,,381,"ahi:0.0482;\""::0.0410;ners:0.0189;nings:0.0170;Ġembargo:0.0103",nings:0.0107;ners:0.0050;wright:0.0014;Ġparallel:0.0014;off:0.0013
run,verb,1,0,5143,run,,-,layer_5,nings,0.898563,695,,1168,nings,0.138193,1316,,154,"nings:0.8986;ners:0.0577;Ġconvention:0.0025;\""::0.0020;Ġparallel:0.0013",nings:0.1382;ners:0.0201;Ġparallel:0.0067;Ġconvention:0.0026;Ġfair:0.0020
run,verb,1,0,5143,run,,-,layer_11,://,1.0,17639,,45910,Ġand,0.000147,17766,,15,://:1.0000;clips:0.0000;:{:0.0000;wcsstore:0.0000;Ġ'/:0.0000,"Ġand:0.0001;.:0.0001;,:0.0001;Ġthat:0.0001;Ġbecause:0.0001"
run,verb,1,0,5143,run,,-,layer_16,://,1.0,17656,,46965,Ġand,0.000139,17624,,18,://:1.0000;clips:0.0000;:{:0.0000;wcsstore:0.0000;Ġ'/:0.0000,"Ġand:0.0001;.:0.0001;Ġthat:0.0001;,:0.0001;;:0.0001"
run,verb,1,0,5143,run,,-,layer_21,://,1.0,17569,,47352,Ġand,0.000135,17014,,22,://:1.0000;clips:0.0000;:{:0.0000;wcsstore:0.0000;$:0.0000,"Ġand:0.0001;.:0.0001;;:0.0001;Ġthat:0.0001;,:0.0001"
run,verb,1,0,5143,run,,-,layer_27,://,1.0,17662,,47121,Ġand,0.000152,17514,,20,://:1.0000;clips:0.0000;:{:0.0000;):0.0000;(:0.0000,"Ġand:0.0002;,:0.0001;Ġthat:0.0001;.:0.0001;;:0.0001"
run,verb,1,0,5143,run,,-,layer_32,://,1.0,17683,,46755,Ġand,0.000171,17833,,19,://:1.0000;clips:0.0000;:{:0.0000;):0.0000;(:0.0000,"Ġand:0.0002;,:0.0002;.:0.0002;Ġthat:0.0002;;:0.0002"
run,verb,1,0,5143,run,,-,layer_37,://,1.0,17543,,46125,Ġand,0.000192,17661,,16,://:1.0000;clips:0.0000;:{:0.0000;):0.0000;(:0.0000,"Ġand:0.0002;,:0.0002;.:0.0002;Ġthat:0.0002;;:0.0002"
run,verb,1,0,5143,run,,-,layer_39,://,1.0,17362,,45755,Ġand,0.000204,17297,,14,://:1.0000;clips:0.0000;:{:0.0000;):0.0000;(:0.0000,"Ġand:0.0002;,:0.0002;.:0.0002;Ġthat:0.0002;;:0.0002"
run,verb,1,0,5143,run,,-,layer_41,://,1.0,17005,,45143,",",0.000228,16747,,14,://:1.0000;clips:0.0000;:{:0.0000;Ġ'/:0.0000;$:0.0000,",:0.0002;Ġand:0.0002;.:0.0002;Ġthat:0.0002;;:0.0002"
run,verb,1,0,5143,run,,-,layer_43,://,1.0,16380,,44075,",",0.000275,15710,,14,://:1.0000;clips:0.0000;:{:0.0000;Ġanyway:0.0000;Ġ'/:0.0000,",:0.0003;Ġand:0.0003;.:0.0003;Ġthat:0.0002;;:0.0002"
run,verb,1,0,5143,run,,-,layer_45,://,1.0,15233,,39391,",",0.00048,13802,,10,://:1.0000;Ġanyway:0.0000;clips:0.0000;:{:0.0000;Ġ'/:0.0000,",:0.0005;.:0.0004;Ġand:0.0004;Ġthat:0.0004;Ġfor:0.0003"
run,verb,1,0,5143,run,,-,layer_47,",",0.527406,4926,,3,",",0.097846,4186,,3,",:0.5274;.:0.3321;-:0.0926;Ġthe:0.0347;Ċ:0.0047",",:0.0978;.:0.0801;-:0.0498;Ġand:0.0284;Ġthe:0.0280"
run,verb,1,0,5143,run,,-,layer_48,-,0.48617,2355,,1,-,0.039988,892,,1,"-:0.4862;Ġthe:0.2606;,:0.1802;.:0.0599;Ġand:0.0043","-:0.0400;.:0.0397;,:0.0388;Ġthe:0.0252;_:0.0212"
run,verb,1,0,5143,run,,-,final_logits,-,0.039988,892,,1,,,,,,"-:0.0400;.:0.0397;,:0.0388;Ġthe:0.0252;_:0.0212",
walked,verb,2,0,11152,walk,276,ers,emb,walk,0.000825,1,26963,14099,walk,1.0,1,23554,11920,walk:0.0008;walker:0.0002;walking:0.0002;Walk:0.0002;wal:0.0001,walk:1.0000;walker:0.0000;walking:0.0000;Walk:0.0000;wal:0.0000
walked,verb,2,0,11152,walk,276,ers,layer_1,walk,0.041698,1,86,3,walk,0.159828,1,11,3,walk:0.0417;walker:0.0152;ers:0.0029;masters:0.0029;starter:0.0017,walk:0.1598;walker:0.1005;ers:0.0164;through:0.0063;ership:0.0023
walked,verb,2,0,11152,walk,276,ers,layer_2,walk,0.126815,1,14,3,walk,0.012429,1,5,3,walk:0.1268;walker:0.0297;ers:0.0253;ĠRend:0.0184;masters:0.0148,walk:0.0124;walker:0.0116;ers:0.0107;ĠRend:0.0028;ed:0.0024
walked,verb,2,0,11152,walk,276,ers,layer_5,ers,0.393071,9,16,1,ers,0.034822,26,7,1,ers:0.3931;through:0.1775;ĠSL:0.0827;away:0.0151;Ġdownhill:0.0123,ers:0.0348;through:0.0228;ĠSL:0.0050;Ġstraight:0.0047;away:0.0045
walked,verb,2,0,11152,walk,276,ers,layer_11,://,1.0,2601,21150,20436,Ġand,0.000149,1020,78,168,://:1.0000;clips:0.0000;:{:0.0000;wcsstore:0.0000;Ġ'/:0.0000,"Ġand:0.0001;.:0.0001;,:0.0001;Ġthat:0.0001;;:0.0001"
walked,verb,2,0,11152,walk,276,ers,layer_16,://,1.0,3103,24428,24200,Ġand,0.000141,1445,147,437,://:1.0000;clips:0.0000;:{:0.0000;wcsstore:0.0000;Ġ'/:0.0000,"Ġand:0.0001;;:0.0001;Ġthat:0.0001;.:0.0001;,:0.0001"
walked,verb,2,0,11152,walk,276,ers,layer_21,://,1.0,3199,25503,25079,Ġand,0.000136,1433,170,502,://:1.0000;clips:0.0000;:{:0.0000;wcsstore:0.0000;Ġ'/:0.0000,"Ġand:0.0001;;:0.0001;Ġthat:0.0001;.:0.0001;,:0.0001"
walked,verb,2,0,11152,walk,276,ers,layer_27,://,1.0,3169,25150,24645,Ġand,0.000153,1673,167,460,://:1.0000;clips:0.0000;:{:0.0000;wcsstore:0.0000;$:0.0000,"Ġand:0.0002;Ġthat:0.0001;;:0.0001;,:0.0001;.:0.0001"
walked,verb,2,0,11152,walk,276,ers,layer_32,://,1.0,3146,24600,24160,Ġand,0.000173,1901,166,441,://:1.0000;clips:0.0000;:{:0.0000;):0.0000;(:0.0000,"Ġand:0.0002;,:0.0002;Ġthat:0.0002;.:0.0002;;:0.0002"
walked,verb,2,0,11152,walk,276,ers,layer_37,://,1.0,3062,23384,23265,Ġand,0.000195,2050,147,388,://:1.0000;clips:0.0000;:{:0.0000;):0.0000;(:0.0000,"Ġand:0.0002;,:0.0002;.:0.0002;Ġthat:0.0002;;:0.0002"
walked,verb,2,0,11152,walk,276,ers,layer_39,://,1.0,3014,22735,22729,Ġand,0.000207,2114,138,349,://:1.0000;clips:0.0000;:{:0.0000;Ġ'/:0.0000;$:0.0000,"Ġand:0.0002;,:0.0002;.:0.0002;Ġthat:0.0002;;:0.0002"
walked,verb,2,0,11152,walk,276,ers,layer_41,://,1.0,2940,21798,21881,Ġand,0.000231,2253,133,300,://:1.0000;clips:0.0000;:{:0.0000;Ġ'/:0.0000;Ġanyway:0.0000,"Ġand:0.0002;,:0.0002;.:0.0002;Ġthat:0.0002;;:0.0002"
walked,verb,2,0,11152,walk,276,ers,layer_43,://,1.0,2798,20161,20391,Ġand,0.000276,2333,118,244,://:1.0000;clips:0.0000;Ġanyway:0.0000;:{:0.0000;Ġ'/:0.0000,"Ġand:0.0003;,:0.0003;.:0.0003;Ġthat:0.0002;;:0.0002"
walked,verb,2,0,11152,walk,276,ers,layer_45,://,1.0,2290,14438,14871,",",0.000486,2455,88,146,://:1.0000;Ġanyway:0.0000;clips:0.0000;:{:0.0000;Ġ'/:0.0000,",:0.0005;Ġand:0.0005;.:0.0004;Ġthat:0.0004;Ġto:0.0003"
walked,verb,2,0,11152,walk,276,ers,layer_47,",",0.638581,2622,28,23,",",0.143025,1830,27,10,",:0.6386;.:0.2905;Ġand:0.0358;-:0.0295;Ċ:0.0017",",:0.1430;.:0.0956;Ġand:0.0630;-:0.0463;Ġin:0.0309"
walked,verb,2,0,11152,walk,276,ers,layer_48,",",0.590271,462,7,5,ers,0.131101,127,6,1,",:0.5903;-:0.2087;.:0.0793;Ġand:0.0608;ers:0.0285","ers:0.1311;,:0.0559;.:0.0430;Ġand:0.0305;-:0.0286"
walked,verb,2,0,11152,walk,276,ers,final_logits,ers,0.131101,127,6,1,,,,,,"ers:0.1311;,:0.0559;.:0.0430;Ġand:0.0305;-:0.0286",
walked,verb,2,1,276,ed,,Ġaway,emb,ed,0.000224,1,,18281,ed,1.0,1,,14045,ed:0.0002;edly:0.0001;eds:0.0001;ED:0.0001;edin:0.0001,ed:1.0000;edly:0.0000;eds:0.0000;ED:0.0000;edin:0.0000
walked,verb,2,1,276,ed,,Ġaway,layer_1,acted,0.000697,2647,,1030,acted,0.007307,1289,,543,acted:0.0007;Ġpolyg:0.0006;ict:0.0006;rete:0.0006;ĠGarland:0.0006,acted:0.0073;mit:0.0043;Ġpolyg:0.0040;ict:0.0039;Ġout:0.0039
walked,verb,2,1,276,ed,,Ġaway,layer_2,ĠArd,0.016512,9976,,708,Ġby,0.004016,7393,,324,ĠArd:0.0165;ĠGarland:0.0115;Ġplat:0.0083;Ġmine:0.0055;Ġflooded:0.0047,Ġby:0.0040;Ġout:0.0037;Ġoff:0.0028;Ġsimilar:0.0024;Ġflooded:0.0023
walked,verb,2,1,276,ed,,Ġaway,layer_5,ĠGarland,0.036306,12895,,289,Ġout,0.004166,11965,,115,ĠGarland:0.0363;Ġoff:0.0326;Ġruined:0.0277;ĠAmber:0.0264;Ġtram:0.0236,Ġout:0.0042;Ġby:0.0032;Ġoff:0.0032;Ġsimilar:0.0026;Ġhome:0.0024
walked,verb,2,1,276,ed,,Ġaway,layer_11,Ġoutdoors,0.089972,15621,,32,Ġout,0.029215,14562,,14,Ġoutdoors:0.0900;Ġout:0.0878;Ġruined:0.0661;Ġoff:0.0454;Ġhome:0.0382,Ġout:0.0292;Ġoutdoors:0.0191;Ġup:0.0181;Ġhome:0.0138;Ġthrough:0.0112
walked,verb,2,1,276,ed,,Ġaway,layer_16,Ġoff,0.522362,11068,,4,Ġout,0.110236,10804,,4,Ġoff:0.5224;Ġout:0.3720;Ġdown:0.0246;Ġaway:0.0161;Ġruined:0.0064,Ġout:0.1102;Ġoff:0.0566;Ġdown:0.0290;Ġaway:0.0234;Ġinto:0.0163
walked,verb,2,1,276,ed,,Ġaway,layer_21,Ġout,0.300964,4690,,3,Ġaway,0.069867,4707,,1,Ġout:0.3010;Ġoff:0.2659;Ġaway:0.2127;Ġdown:0.1512;Ġback:0.0270,Ġaway:0.0699;Ġout:0.0467;Ġdown:0.0455;Ġoff:0.0243;Ġthrough:0.0201
walked,verb,2,1,276,ed,,Ġaway,layer_27,Ġaway,0.945487,1024,,1,Ġaway,0.270636,806,,1,Ġaway:0.9455;Ġoff:0.0193;Ġout:0.0180;Ġdown:0.0057;Ġforward:0.0048,Ġaway:0.2706;Ġthrough:0.0467;Ġout:0.0450;Ġdown:0.0391;Ġforward:0.0334
walked,verb,2,1,276,ed,,Ġaway,layer_32,Ġaway,0.904069,1021,,1,Ġaway,0.207493,1075,,1,Ġaway:0.9041;Ġoff:0.0411;Ġdown:0.0314;Ġback:0.0095;Ġbrisk:0.0051,Ġaway:0.2075;Ġthrough:0.0603;Ġdown:0.0450;Ġaround:0.0313;Ġoff:0.0278
walked,verb,2,1,276,ed,,Ġaway,layer_37,Ġaway,0.920529,902,,1,Ġaway,0.235608,1018,,1,Ġaway:0.9205;Ġdown:0.0210;Ġoff:0.0201;Ġout:0.0163;Ġhome:0.0114,Ġaway:0.2356;Ġthrough:0.0492;Ġinto:0.0444;Ġdown:0.0421;Ġout:0.0388
walked,verb,2,1,276,ed,,Ġaway,layer_39,Ġaway,0.932437,658,,1,Ġaway,0.216486,744,,1,Ġaway:0.9324;Ġback:0.0455;Ġoff:0.0093;Ġdown:0.0070;Ġout:0.0034,Ġaway:0.2165;Ġinto:0.0547;Ġthrough:0.0443;Ġaround:0.0375;Ġdown:0.0337
walked,verb,2,1,276,ed,,Ġaway,layer_41,Ġaway,0.980793,530,,1,Ġaway,0.249521,580,,1,Ġaway:0.9808;Ġback:0.0077;Ġhome:0.0064;Ġoff:0.0034;Ġout:0.0008,Ġaway:0.2495;Ġinto:0.0655;Ġthrough:0.0362;Ġout:0.0293;Ġoff:0.0291
walked,verb,2,1,276,ed,,Ġaway,layer_43,Ġaway,0.914618,408,,1,Ġaway,0.228405,442,,1,Ġaway:0.9146;Ġthe:0.0404;Ġin:0.0316;Ġout:0.0072;Ġoff:0.0021,Ġaway:0.2284;Ġinto:0.0710;Ġthrough:0.0396;Ġaround:0.0387;Ġout:0.0372
walked,verb,2,1,276,ed,,Ġaway,layer_45,Ġthe,0.663813,356,,3,Ġaway,0.163525,398,,1,Ġthe:0.6638;Ġin:0.3353;Ġaway:0.0004;Ġto:0.0003;Ġout:0.0002,Ġaway:0.1635;Ġinto:0.0657;Ġin:0.0459;Ġout:0.0425;Ġthrough:0.0396
walked,verb,2,1,276,ed,,Ġaway,layer_47,Ġthe,0.992653,295,,11,Ġaway,0.083898,320,,1,"Ġthe:0.9927;Ġin:0.0073;,:0.0000;Ġto:0.0000;Ġout:0.0000",Ġaway:0.0839;Ġinto:0.0563;Ġin:0.0554;Ġout:0.0518;Ġthe:0.0455
walked,verb,2,1,276,ed,,Ġaway,layer_48,Ġthe,0.998543,297,,11,Ġaway,0.088996,318,,1,"Ġthe:0.9985;Ġin:0.0015;Ġto:0.0000;,:0.0000;Ġout:0.0000",Ġaway:0.0890;Ġout:0.0609;Ġin:0.0583;Ġinto:0.0566;Ġthe:0.0519
walked,verb,2,1,276,ed,,Ġaway,final_logits,Ġaway,0.088996,318,,1,,,,,,Ġaway:0.0890;Ġout:0.0609;Ġin:0.0583;Ġinto:0.0566;Ġthe:0.0519,
is,verb,1,0,271,is,,",",emb,is,0.000145,1,,34049,is,1.0,1,,24834,is:0.0001;has:0.0001;isal:0.0000;isi:0.0000;isu:0.0000,is:1.0000;has:0.0000;isal:0.0000;was:0.0000;isi:0.0000
is,verb,1,0,271,is,,",",layer_1,gra,0.003301,90,,12562,olation,0.007721,4,,2042,gra:0.0033;orno:0.0023;tall:0.0021;ĠBrooks:0.0018;milo:0.0014,olation:0.0077;gra:0.0028;orno:0.0027;is:0.0019;hem:0.0018
is,verb,1,0,271,is,,",",layer_2,ab,0.015235,263,,3940,olation,0.004392,13,,343,ab:0.0152;aca:0.0137;gra:0.0081;ĠBrooks:0.0080;ĠClay:0.0071,olation:0.0044;ab:0.0015;ide:0.0014;n:0.0013;hem:0.0013
is,verb,1,0,271,is,,",",layer_5,ometric,0.082374,1319,,3877,olation,0.007614,142,,448,ometric:0.0824;pos:0.0414;olation:0.0414;pr:0.0382;hers:0.0346,olation:0.0076;one:0.0027;hem:0.0027;pr:0.0025;hen:0.0023
is,verb,1,0,271,is,,",",layer_11,://,1.0,47856,,45115,Ġand,0.000145,9411,,3,://:1.0000;clips:0.0000;:{:0.0000;wcsstore:0.0000;Ġ'/:0.0000,"Ġand:0.0001;Ġthat:0.0001;,:0.0001;.:0.0001;;:0.0001"
is,verb,1,0,271,is,,",",layer_16,://,1.0,48331,,46252,Ġand,0.000139,11656,,4,://:1.0000;clips:0.0000;:{:0.0000;wcsstore:0.0000;Ġ'/:0.0000,"Ġand:0.0001;Ġthat:0.0001;.:0.0001;,:0.0001;;:0.0001"
is,verb,1,0,271,is,,",",layer_21,://,1.0,48485,,46683,Ġand,0.000135,12298,,5,://:1.0000;clips:0.0000;:{:0.0000;wcsstore:0.0000;$:0.0000,"Ġand:0.0001;Ġthat:0.0001;;:0.0001;.:0.0001;,:0.0001"
is,verb,1,0,271,is,,",",layer_27,://,1.0,48477,,46209,Ġand,0.000152,11789,,3,://:1.0000;clips:0.0000;:{:0.0000;):0.0000;(:0.0000,"Ġand:0.0002;Ġthat:0.0002;,:0.0001;.:0.0001;;:0.0001"
is,verb,1,0,271,is,,",",layer_32,://,1.0,48425,,45648,Ġand,0.000171,10942,,2,://:1.0000;clips:0.0000;:{:0.0000;):0.0000;(:0.0000,"Ġand:0.0002;,:0.0002;Ġthat:0.0002;.:0.0002;;:0.0002"
is,verb,1,0,271,is,,",",layer_37,://,1.0,48274,,44771,Ġand,0.000193,9496,,2,://:1.0000;clips:0.0000;):0.0000;%:0.0000;*:0.0000,"Ġand:0.0002;,:0.0002;Ġthat:0.0002;.:0.0002;;:0.0002"
is,verb,1,0,271,is,,",",layer_39,://,1.0,48199,,44239,Ġand,0.000205,8721,,2,://:1.0000;clips:0.0000;):0.0000;%:0.0000;*:0.0000,"Ġand:0.0002;,:0.0002;Ġthat:0.0002;.:0.0002;;:0.0002"
is,verb,1,0,271,is,,",",layer_41,://,1.0,48076,,43489,Ġand,0.000228,7486,,2,://:1.0000;clips:0.0000;:{:0.0000;Ġ'/:0.0000;$:0.0000,"Ġand:0.0002;,:0.0002;.:0.0002;Ġthat:0.0002;;:0.0002"
is,verb,1,0,271,is,,",",layer_43,://,1.0,47783,,42083,",",0.000275,5679,,1,://:1.0000;clips:0.0000;Ġanyway:0.0000;Ġ'/:0.0000;:{:0.0000,",:0.0003;Ġand:0.0003;.:0.0003;Ġthat:0.0003;;:0.0002"
is,verb,1,0,271,is,,",",layer_45,://,1.0,46423,,35519,",",0.00048,2621,,1,://:1.0000;clips:0.0000;Ġanyway:0.0000;Ġ'/:0.0000;:{:0.0000,",:0.0005;Ġand:0.0005;.:0.0004;Ġthat:0.0004;Ġto:0.0003"
is,verb,1,0,271,is,,",",layer_47,",",0.763782,74,,1,",",0.139304,73,,1,",:0.7638;.:0.2223;Ġand:0.0071;Ġthe:0.0024;-:0.0023",",:0.1393;.:0.0953;Ġand:0.0427;-:0.0271;Ġthe:0.0186"
is,verb,1,0,271,is,,",",layer_48,",",0.939066,34,,1,",",0.072548,30,,1,",:0.9391;.:0.0234;-:0.0176;Ġthe:0.0091;Ġand:0.0068",",:0.0725;.:0.0386;Ġand:0.0220;-:0.0217;Ġ(:0.0129"
is,verb,1,0,271,is,,",",final_logits,",",0.072548,30,,1,,,,,,",:0.0725;.:0.0386;Ġand:0.0220;-:0.0217;Ġ(:0.0129",
think,verb,1,0,14925,think,,Ġabout,emb,think,0.000496,1,,49844,think,1.0,1,,49645,think:0.0005;Think:0.0001;thinking:0.0001;thought:0.0001;ĠThink:0.0001,think:1.0000;Think:0.0000;thinking:0.0000;thought:0.0000;ĠThink:0.0000
think,verb,1,0,14925,think,,Ġabout,layer_1,ĠBoone,0.003043,2,,1956,ship,0.002975,3,,224,ĠBoone:0.0030;think:0.0030;flo:0.0030;gran:0.0030;ready:0.0024,ship:0.0030;erness:0.0028;think:0.0026;flo:0.0025;ability:0.0020
think,verb,1,0,14925,think,,Ġabout,layer_2,ĠSpac,0.027522,3,,158,Ġtanks,0.00241,8,,6,ĠSpac:0.0275;ĠHarmon:0.0141;think:0.0127;gran:0.0103;ready:0.0094,Ġtanks:0.0024;ĠSpac:0.0018;rolling:0.0016;ers:0.0015;Progress:0.0013
think,verb,1,0,14925,think,,Ġabout,layer_5,Ġtanks,0.137645,182,,20,Ġtanks,0.007675,1175,,3,Ġtanks:0.1376;ĠSpac:0.0620;Ġblog:0.0363;Ġmachines:0.0265;tank:0.0238,Ġtanks:0.0077;ĠSpac:0.0034;Ġabout:0.0030;Ġwhat:0.0025;Ġblog:0.0022
think,verb,1,0,14925,think,,Ġabout,layer_11,://,1.0,4478,,27845,Ġthat,0.000146,12519,,60,://:1.0000;clips:0.0000;:{:0.0000;wcsstore:0.0000;Ġ'/:0.0000,"Ġthat:0.0001;Ġand:0.0001;.:0.0001;,:0.0001;;:0.0001"
think,verb,1,0,14925,think,,Ġabout,layer_16,://,1.0,4739,,30367,Ġthat,0.00014,13543,,90,://:1.0000;clips:0.0000;:{:0.0000;wcsstore:0.0000;Ġ'/:0.0000,"Ġthat:0.0001;Ġand:0.0001;.:0.0001;;:0.0001;,:0.0001"
think,verb,1,0,14925,think,,Ġabout,layer_21,://,1.0,4878,,31355,Ġthat,0.000136,13678,,96,://:1.0000;clips:0.0000;:{:0.0000;wcsstore:0.0000;$:0.0000,"Ġthat:0.0001;Ġand:0.0001;;:0.0001;.:0.0001;,:0.0001"
think,verb,1,0,14925,think,,Ġabout,layer_27,://,1.0,4868,,30305,Ġthat,0.000152,14042,,72,://:1.0000;clips:0.0000;:{:0.0000;wcsstore:0.0000;$:0.0000,"Ġthat:0.0002;Ġand:0.0001;,:0.0001;.:0.0001;;:0.0001"
think,verb,1,0,14925,think,,Ġabout,layer_32,://,1.0,4827,,29212,Ġthat,0.000169,14436,,65,://:1.0000;clips:0.0000;:{:0.0000;):0.0000;(:0.0000,"Ġthat:0.0002;Ġand:0.0002;,:0.0002;.:0.0002;;:0.0002"
think,verb,1,0,14925,think,,Ġabout,layer_37,://,1.0,4690,,27751,Ġthat,0.000189,14481,,59,://:1.0000;clips:0.0000;:{:0.0000;):0.0000;(:0.0000,"Ġthat:0.0002;Ġand:0.0002;,:0.0002;.:0.0002;;:0.0002"
think,verb,1,0,14925,think,,Ġabout,layer_39,://,1.0,4650,,26937,",",0.000201,14644,,55,://:1.0000;clips:0.0000;:{:0.0000;):0.0000;(:0.0000,",:0.0002;Ġand:0.0002;Ġthat:0.0002;.:0.0002;;:0.0002"
think,verb,1,0,14925,think,,Ġabout,layer_41,://,1.0,4512,,25658,",",0.000225,14538,,51,://:1.0000;clips:0.0000;:{:0.0000;Ġ'/:0.0000;Ġanyway:0.0000,",:0.0002;Ġand:0.0002;Ġthat:0.0002;.:0.0002;;:0.0002"
think,verb,1,0,14925,think,,Ġabout,layer_43,://,1.0,4299,,23339,",",0.000272,14472,,42,://:1.0000;clips:0.0000;Ġanyway:0.0000;:{:0.0000;Ġ'/:0.0000,",:0.0003;Ġand:0.0003;.:0.0003;Ġthat:0.0003;;:0.0002"
think,verb,1,0,14925,think,,Ġabout,layer_45,://,1.0,4074,,16466,",",0.00048,14071,,32,://:1.0000;Ġanyway:0.0000;clips:0.0000;:{:0.0000;.(:0.0000,",:0.0005;.:0.0004;Ġand:0.0004;Ġthat:0.0004;Ġto:0.0003"
think,verb,1,0,14925,think,,Ġabout,layer_47,.,0.494871,5031,,8,",",0.092378,6632,,7,".:0.4949;,:0.2941;-:0.1187;Ġthat:0.0391;Ġof:0.0326",",:0.0924;.:0.0822;-:0.0616;Ġof:0.0459;Ġto:0.0254"
think,verb,1,0,14925,think,,Ġabout,layer_48,-,0.413752,2351,,4,Ġabout,0.111713,1444,,1,"-:0.4138;Ġof:0.1768;Ġthe:0.1562;Ġabout:0.1510;,:0.0810","Ġabout:0.1117;Ġof:0.0733;-:0.0586;,:0.0423;Ġthe:0.0287"
think,verb,1,0,14925,think,,Ġabout,final_logits,Ġabout,0.111713,1444,,1,,,,,,"Ġabout:0.1117;Ġof:0.0733;-:0.0586;,:0.0423;Ġthe:0.0287",
understand,verb,2,0,4625,under,1481,Ġthe,emb,under,0.000424,1,4106,50256,under,1.0,1,3431,50251,under:0.0004;unders:0.0001;Under:0.0001;ĠUNDER:0.0001;ĠUnder:0.0000,under:1.0000;unders:0.0000;Under:0.0000;ĠUNDER:0.0000;ĠUnder:0.0000
understand,verb,2,0,4625,under,1481,Ġthe,layer_1,milo,0.01171,13,12,2373,neath,0.02648,4,6,484,milo:0.0117;graduate:0.0059;lying:0.0054;secret:0.0049;rule:0.0048,neath:0.0265;graduate:0.0131;lying:0.0128;under:0.0114;standing:0.0107
understand,verb,2,0,4625,under,1481,Ġthe,layer_2,secret,0.048902,71,15,267,neath,0.012725,27,10,54,secret:0.0489;mind:0.0408;cro:0.0370;graduate:0.0337;lying:0.0270,neath:0.0127;standing:0.0095;graduate:0.0080;lying:0.0079;secret:0.0065
understand,verb,2,0,4625,under,1481,Ġthe,layer_5,graduate,0.308895,213,27,343,neath,0.061903,182,18,66,graduate:0.3089;milo:0.1840;neath:0.0997;cover:0.0597;ground:0.0550,neath:0.0619;ground:0.0230;graduate:0.0200;lying:0.0101;standing:0.0100
understand,verb,2,0,4625,under,1481,Ġthe,layer_11,://,1.0,17031,6891,44750,Ġand,0.000148,11707,2770,22,://:1.0000;clips:0.0000;:{:0.0000;wcsstore:0.0000;Ġ'/:0.0000,"Ġand:0.0001;Ġthat:0.0001;,:0.0001;.:0.0001;;:0.0001"
understand,verb,2,0,4625,under,1481,Ġthe,layer_16,://,1.0,18382,7782,46120,Ġand,0.00014,14467,4216,27,://:1.0000;clips:0.0000;:{:0.0000;wcsstore:0.0000;Ġ'/:0.0000,"Ġand:0.0001;Ġthat:0.0001;.:0.0001;;:0.0001;,:0.0001"
understand,verb,2,0,4625,under,1481,Ġthe,layer_21,://,1.0,18756,7932,46590,Ġand,0.000136,14977,4224,28,://:1.0000;clips:0.0000;:{:0.0000;wcsstore:0.0000;$:0.0000,"Ġand:0.0001;;:0.0001;Ġthat:0.0001;.:0.0001;,:0.0001"
understand,verb,2,0,4625,under,1481,Ġthe,layer_27,://,1.0,18716,7844,46115,Ġand,0.000153,15082,4425,24,://:1.0000;clips:0.0000;:{:0.0000;):0.0000;(:0.0000,"Ġand:0.0002;Ġthat:0.0001;,:0.0001;.:0.0001;;:0.0001"
understand,verb,2,0,4625,under,1481,Ġthe,layer_32,://,1.0,18452,7786,45572,Ġand,0.000172,14676,4741,22,://:1.0000;clips:0.0000;:{:0.0000;):0.0000;(:0.0000,"Ġand:0.0002;,:0.0002;Ġthat:0.0002;.:0.0002;;:0.0002"
understand,verb,2,0,4625,under,1481,Ġthe,layer_37,://,1.0,17982,7593,44788,Ġand,0.000194,14029,4827,19,://:1.0000;clips:0.0000;:{:0.0000;):0.0000;(:0.0000,"Ġand:0.0002;,:0.0002;.:0.0002;Ġthat:0.0002;;:0.0002"
understand,verb,2,0,4625,under,1481,Ġthe,layer_39,://,1.0,17681,7473,44255,Ġand,0.000206,13601,4792,19,://:1.0000;clips:0.0000;:{:0.0000;):0.0000;(:0.0000,"Ġand:0.0002;,:0.0002;.:0.0002;Ġthat:0.0002;;:0.0002"
understand,verb,2,0,4625,under,1481,Ġthe,layer_41,://,1.0,17111,7247,43561,Ġand,0.000228,12741,4619,16,://:1.0000;clips:0.0000;:{:0.0000;Ġ'/:0.0000;$:0.0000,"Ġand:0.0002;,:0.0002;.:0.0002;Ġthat:0.0002;;:0.0002"
understand,verb,2,0,4625,under,1481,Ġthe,layer_43,://,1.0,16194,6675,42247,",",0.000272,11240,3962,15,://:1.0000;clips:0.0000;Ġanyway:0.0000;:{:0.0000;Ġ'/:0.0000,",:0.0003;Ġand:0.0003;.:0.0003;Ġthat:0.0002;;:0.0002"
understand,verb,2,0,4625,under,1481,Ġthe,layer_45,://,1.0,13980,5336,36130,",",0.00047,7904,2519,10,://:1.0000;clips:0.0000;Ġanyway:0.0000;:{:0.0000;.(:0.0000,",:0.0005;Ġand:0.0004;.:0.0004;Ġthat:0.0004;-:0.0003"
understand,verb,2,0,4625,under,1481,Ġthe,layer_47,-,0.747624,774,346,2,-,0.126528,675,83,3,"-:0.7476;Ġthe:0.1908;,:0.0399;.:0.0177;Ġa:0.0016","-:0.1265;,:0.0688;Ġthe:0.0595;.:0.0468;Ġand:0.0282"
understand,verb,2,0,4625,under,1481,Ġthe,layer_48,Ġthe,0.875533,1103,112,1,Ġthe,0.09951,926,10,1,"Ġthe:0.8755;-:0.1223;Ġa:0.0012;,:0.0005;.:0.0003","Ġthe:0.0995;-:0.0755;line:0.0174;,:0.0171;.:0.0165"
understand,verb,2,0,4625,under,1481,Ġthe,final_logits,Ġthe,0.09951,926,10,1,,,,,,"Ġthe:0.0995;-:0.0755;line:0.0174;,:0.0171;.:0.0165",
understand,verb,2,1,1481,stand,,Ġthe,emb,stand,0.001341,1,,50253,stand,1.0,1,,50251,stand:0.0013;Stand:0.0002;stood:0.0001;standing:0.0001;ĠStand:0.0001,stand:1.0000;Stand:0.0000;stood:0.0000;standing:0.0000;ĠStand:0.0000
understand,verb,2,1,1481,stand,,Ġthe,layer_1,stand,0.048389,1,,18197,stand,0.8179,1,,5421,stand:0.0484;theless:0.0078;ingham:0.0052;standing:0.0050;stood:0.0031,stand:0.8179;standing:0.0196;theless:0.0143;together:0.0055;stood:0.0047
understand,verb,2,1,1481,stand,,Ġthe,layer_2,stand,0.033665,1,,5886,stand,0.035222,1,,1400,stand:0.0337;ingham:0.0152;Ġstanding:0.0151;Ġupright:0.0139;standing:0.0128,stand:0.0352;standing:0.0198;Ġstanding:0.0168;Ġupright:0.0117;ings:0.0095
understand,verb,2,1,1481,stand,,Ġthe,layer_5,Ġstanding,0.084028,22,,1595,Ġstanding,0.009835,13,,377,Ġstanding:0.0840;Ġpeaceful:0.0493;theless:0.0299;Ġorganis:0.0295;Ġorganised:0.0282,Ġstanding:0.0098;Ġcomparison:0.0055;Ġcompar:0.0053;Ġrecognised:0.0052;theless:0.0045
understand,verb,2,1,1481,stand,,Ġthe,layer_11,ably,0.699116,6508,,2555,ably,0.214353,7415,,668,ably:0.6991;ibly:0.0192;ivable:0.0158;ĠFTA:0.0128;Ġunderstanding:0.0090,ably:0.2144;ivable:0.0149;Ġunderstanding:0.0115;ibly:0.0102;ings:0.0102
understand,verb,2,1,1481,stand,,Ġthe,layer_16,ably,0.737431,1568,,193,ably,0.369878,1062,,124,ably:0.7374;ings:0.1881;ability:0.0459;Ġunderstanding:0.0130;ible:0.0054,ably:0.3699;ings:0.1238;ability:0.0811;ible:0.0279;Ġunderstanding:0.0213
understand,verb,2,1,1481,stand,,Ġthe,layer_21,ably,0.951978,1409,,47,ably,0.528716,599,,65,ably:0.9520;ings:0.0281;able:0.0100;ability:0.0093;s:0.0004,ably:0.5287;ings:0.0979;ability:0.0751;able:0.0461;Ġwhy:0.0156
understand,verb,2,1,1481,stand,,Ġthe,layer_27,ably,0.989408,496,,30,ably,0.68039,202,,57,ably:0.9894;ings:0.0086;ability:0.0015;able:0.0005;ible:0.0000,ably:0.6804;ings:0.1443;ability:0.0811;able:0.0385;ible:0.0146
understand,verb,2,1,1481,stand,,Ġthe,layer_32,ably,0.999969,1549,,13,ably,0.811366,490,,27,ably:1.0000;able:0.0000;ings:0.0000;ability:0.0000;Ġhow:0.0000,ably:0.8114;ings:0.0560;able:0.0384;ability:0.0307;Ġhow:0.0147
understand,verb,2,1,1481,stand,,Ġthe,layer_37,ably,1.0,2347,,9,ably,0.793339,740,,14,ably:1.0000;Ġhow:0.0000;ings:0.0000;able:0.0000;Ġwhy:0.0000,ably:0.7933;ings:0.0591;Ġhow:0.0350;able:0.0281;Ġwhy:0.0244
understand,verb,2,1,1481,stand,,Ġthe,layer_39,ably,0.999948,3451,,9,ably,0.635067,1163,,13,ably:0.9999;Ġhow:0.0000;ings:0.0000;able:0.0000;s:0.0000,ably:0.6351;ings:0.1195;Ġhow:0.0682;able:0.0514;Ġwhy:0.0286
understand,verb,2,1,1481,stand,,Ġthe,layer_41,ably,0.998723,4466,,8,ably,0.70078,1528,,11,ably:0.9987;s:0.0012;able:0.0001;ings:0.0000;Ġhow:0.0000,ably:0.7008;able:0.0963;ings:0.0711;s:0.0349;Ġhow:0.0239
understand,verb,2,1,1481,stand,,Ġthe,layer_43,s,0.776727,4507,,5,ably,0.448267,1415,,9,s:0.7767;ably:0.2074;able:0.0159;ings:0.0000;Ġthe:0.0000,ably:0.4483;able:0.1633;ings:0.1464;s:0.0544;Ġhow:0.0453
understand,verb,2,1,1481,stand,,Ġthe,layer_45,s,0.997688,8073,,2,ably,0.306895,2927,,6,s:0.9977;Ġthe:0.0023;able:0.0001;ably:0.0000;ings:0.0000,ably:0.3069;able:0.1854;ings:0.1218;s:0.0836;Ġhow:0.0314
understand,verb,2,1,1481,stand,,Ġthe,layer_47,Ġthe,0.999736,11983,,1,Ġthe,0.105799,4835,,1,"Ġthe:0.9997;s:0.0003;,:0.0000;Ġthat:0.0000;"":0.0000",Ġthe:0.1058;s:0.0849;ably:0.0704;able:0.0661;Ġthat:0.0506
understand,verb,2,1,1481,stand,,Ġthe,layer_48,Ġthe,0.999978,11175,,1,Ġthe,0.126692,4642,,1,"Ġthe:1.0000;s:0.0000;,:0.0000;Ġthat:0.0000;"":0.0000",Ġthe:0.1267;s:0.0816;able:0.0742;ably:0.0617;Ġthat:0.0499
understand,verb,2,1,1481,stand,,Ġthe,final_logits,Ġthe,0.126692,4642,,1,,,,,,Ġthe:0.1267;s:0.0816;able:0.0742;ably:0.0617;Ġthat:0.0499,
procrastinate,verb,3,0,36942,proc,5685,/,emb,proc,0.001704,1,3447,49805,proc,1.0,1,3614,49359,proc:0.0017;Ġproc:0.0001;ĠProc:0.0001;ď:0.0001;ĠRandomRedditor:0.0001,proc:1.0000;Ġproc:0.0000;ĠProc:0.0000;ď:0.0000;ĠRandomRedditor:0.0000
procrastinate,verb,3,0,36942,proc,5685,/,layer_1,proc,0.057142,1,12,5989,proc,0.181165,1,3,909,proc:0.0571;iled:0.0042;act:0.0028;arding:0.0027;mable:0.0025,proc:0.1812;itution:0.0038;rast:0.0033;ctl:0.0023;mable:0.0023
procrastinate,verb,3,0,36942,proc,5685,/,layer_2,proc,0.250853,1,3,870,proc,0.047314,1,2,46,proc:0.2509;act:0.0326;rast:0.0218;oral:0.0116;ivity:0.0109,proc:0.0473;rast:0.0061;act:0.0029;ivity:0.0029;itution:0.0028
procrastinate,verb,3,0,36942,proc,5685,/,layer_5,_,0.083345,7,2,317,_,0.009838,4,2,27,_:0.0833;rast:0.0561;ones:0.0452;act:0.0431;ivity:0.0431,_:0.0098;rast:0.0079;ropri:0.0051;proc:0.0045;IDENT:0.0038
procrastinate,verb,3,0,36942,proc,5685,/,layer_11,://,1.0,2813,36401,41235,.,0.000145,7940,39386,20,://:1.0000;clips:0.0000;:{:0.0000;Ġ'/:0.0000;wcsstore:0.0000,".:0.0001;Ġand:0.0001;,:0.0001;://:0.0001;Ġthat:0.0001"
procrastinate,verb,3,0,36942,proc,5685,/,layer_16,://,1.0,3162,37360,43136,Ġand,0.000138,11380,42898,28,://:1.0000;clips:0.0000;:{:0.0000;Ġ'/:0.0000;wcsstore:0.0000,"Ġand:0.0001;.:0.0001;;:0.0001;Ġthat:0.0001;,:0.0001"
procrastinate,verb,3,0,36942,proc,5685,/,layer_21,://,1.0,3137,37333,43684,;,0.000136,11470,43369,28,://:1.0000;clips:0.0000;:{:0.0000;wcsstore:0.0000;$:0.0000,";:0.0001;Ġand:0.0001;.:0.0001;Ġthat:0.0001;,:0.0001"
procrastinate,verb,3,0,36942,proc,5685,/,layer_27,://,1.0,3188,37656,43273,Ġand,0.000152,12677,43691,26,://:1.0000;clips:0.0000;:{:0.0000;):0.0000;(:0.0000,"Ġand:0.0002;.:0.0001;,:0.0001;;:0.0001;Ġthat:0.0001"
procrastinate,verb,3,0,36942,proc,5685,/,layer_32,://,1.0,3172,38096,42663,Ġand,0.000171,13217,44155,26,://:1.0000;clips:0.0000;):0.0000;%:0.0000;*:0.0000,"Ġand:0.0002;,:0.0002;.:0.0002;Ġthat:0.0002;;:0.0002"
procrastinate,verb,3,0,36942,proc,5685,/,layer_37,://,1.0,3117,38421,41635,Ġand,0.000193,13341,44424,24,://:1.0000;clips:0.0000;):0.0000;%:0.0000;*:0.0000,"Ġand:0.0002;,:0.0002;.:0.0002;Ġthat:0.0002;;:0.0002"
procrastinate,verb,3,0,36942,proc,5685,/,layer_39,://,1.0,3098,38520,41080,Ġand,0.000206,13437,44431,24,://:1.0000;clips:0.0000;):0.0000;%:0.0000;*:0.0000,"Ġand:0.0002;,:0.0002;.:0.0002;Ġthat:0.0002;;:0.0002"
procrastinate,verb,3,0,36942,proc,5685,/,layer_41,://,1.0,3055,38537,40150,Ġand,0.000228,13627,44337,22,://:1.0000;clips:0.0000;Ġ'/:0.0000;:{:0.0000;$:0.0000,"Ġand:0.0002;,:0.0002;.:0.0002;Ġthat:0.0002;;:0.0002"
procrastinate,verb,3,0,36942,proc,5685,/,layer_43,://,1.0,2862,38210,38489,",",0.000275,13030,43703,20,://:1.0000;clips:0.0000;Ġ'/:0.0000;Ġanyway:0.0000;:{:0.0000,",:0.0003;.:0.0003;Ġand:0.0003;Ġthat:0.0002;;:0.0002"
procrastinate,verb,3,0,36942,proc,5685,/,layer_45,://,1.0,2298,36858,31662,",",0.000475,10499,40719,15,://:1.0000;clips:0.0000;Ġanyway:0.0000;Ġ'/:0.0000;:{:0.0000,",:0.0005;.:0.0005;Ġand:0.0004;Ġthat:0.0004;;:0.0003"
procrastinate,verb,3,0,36942,proc,5685,/,layer_47,.,0.941851,917,1001,3,.,0.1912,637,1162,2,".:0.9419;,:0.0359;/:0.0189;_:0.0012;Ġand:0.0007",".:0.1912;/:0.1008;,:0.0955;_:0.0324;Ġand:0.0306"
procrastinate,verb,3,0,36942,proc,5685,/,layer_48,/,0.645152,186,70,1,/,0.244887,43,29,1,"/:0.6452;.:0.3448;_:0.0086;-:0.0007;,:0.0003",/:0.2449;.:0.1416;_:0.0776;\:0.0202;Ġ.:0.0181
procrastinate,verb,3,0,36942,proc,5685,/,final_logits,/,0.244887,43,29,1,,,,,,/:0.2449;.:0.1416;_:0.0776;\:0.0202;Ġ.:0.0181,
procrastinate,verb,3,1,5685,rast,4559,ination,emb,rast,0.001626,1,10853,19523,rast,1.0,1,10259,18398,rast:0.0016;embedreportprint:0.0001;ĕ:0.0001;Ă:0.0001;reportprint:0.0001,rast:1.0000;embedreportprint:0.0000;ĕ:0.0000;Ă:0.0000;reportprint:0.0000
procrastinate,verb,3,1,5685,rast,4559,ination,layer_1,rast,0.262804,1,33,119,rast,0.933652,1,27,61,rast:0.2628;ruct:0.0075;idal:0.0039;raining:0.0035;inator:0.0030,rast:0.9337;ruct:0.0092;rained:0.0019;orically:0.0017;idal:0.0016
procrastinate,verb,3,1,5685,rast,4559,ination,layer_2,rast,0.648824,1,15,126,rast,0.41726,1,9,37,rast:0.6488;inar:0.0122;ruct:0.0109;idal:0.0086;rom:0.0083,rast:0.4173;ruct:0.0349;rained:0.0122;rom:0.0121;inar:0.0096
procrastinate,verb,3,1,5685,rast,4559,ination,layer_5,rast,0.473907,1,10,152,rast,0.021774,1,7,50,rast:0.4739;rom:0.0941;ri:0.0604;rous:0.0329;oria:0.0277,rast:0.0218;rom:0.0209;ive:0.0154;i:0.0148;ruct:0.0145
procrastinate,verb,3,1,5685,rast,4559,ination,layer_11,inate,0.750801,47,1,3,inate,0.273137,100,1,2,inate:0.7508;inator:0.0960;ination:0.0646;inators:0.0277;inating:0.0164,inate:0.2731;ination:0.1586;inator:0.0452;inating:0.0402;i:0.0326
procrastinate,verb,3,1,5685,rast,4559,ination,layer_16,rom,0.755318,102,2,26,rom,0.214596,179,2,9,rom:0.7553;inate:0.1767;i:0.0197;ed:0.0110;ing:0.0110,rom:0.2146;inate:0.1436;ruct:0.0459;ing:0.0370;i:0.0360
procrastinate,verb,3,1,5685,rast,4559,ination,layer_21,ed,0.658785,704,2,16,inate,0.125425,1083,1,9,ed:0.6588;inate:0.1690;rom:0.0633;i:0.0617;ing:0.0120,inate:0.1254;ed:0.1016;rom:0.0610;ruct:0.0605;i:0.0436
procrastinate,verb,3,1,5685,rast,4559,ination,layer_27,ruct,0.499262,778,2,8,ruct,0.353417,1032,2,5,ruct:0.4993;inate:0.3574;inator:0.1094;i:0.0147;inating:0.0124,ruct:0.3534;inate:0.1756;inating:0.0746;inator:0.0546;ination:0.0397
procrastinate,verb,3,1,5685,rast,4559,ination,layer_32,inate,0.974126,1793,1,4,inate,0.34851,1904,1,2,inate:0.9741;inating:0.0136;inator:0.0058;ination:0.0049;ruct:0.0007,inate:0.3485;ination:0.1641;inating:0.1408;ruct:0.1108;inated:0.0536
procrastinate,verb,3,1,5685,rast,4559,ination,layer_37,inate,0.974366,1750,1,3,inate,0.377861,1482,1,2,inate:0.9744;inating:0.0149;ination:0.0085;inator:0.0014;inated:0.0008,inate:0.3779;ination:0.2205;inating:0.1758;inated:0.0758;ruct:0.0450
procrastinate,verb,3,1,5685,rast,4559,ination,layer_39,inate,0.994008,1087,1,2,inate,0.453929,847,1,2,inate:0.9940;ination:0.0035;inating:0.0023;inator:0.0002;inated:0.0000,inate:0.4539;ination:0.2484;inating:0.1569;inated:0.0570;inator:0.0259
procrastinate,verb,3,1,5685,rast,4559,ination,layer_41,inate,0.994309,2146,1,2,inate,0.451335,1459,1,2,inate:0.9943;ination:0.0025;inating:0.0019;inator:0.0012;inators:0.0001,inate:0.4513;ination:0.2410;inating:0.1658;inator:0.0430;inated:0.0382
procrastinate,verb,3,1,5685,rast,4559,ination,layer_43,inate,0.99182,2075,1,3,inate,0.439978,1155,1,2,inate:0.9918;inator:0.0046;ination:0.0020;inating:0.0015;inators:0.0001,inate:0.4400;ination:0.2445;inating:0.1622;inator:0.0564;inated:0.0378
procrastinate,verb,3,1,5685,rast,4559,ination,layer_45,inate,0.943226,2166,1,2,inate,0.367019,1095,1,2,inate:0.9432;ination:0.0285;inator:0.0204;inating:0.0076;inators:0.0002,inate:0.3670;ination:0.3015;inating:0.1780;inator:0.0585;inated:0.0317
procrastinate,verb,3,1,5685,rast,4559,ination,layer_47,in,0.808302,1276,3,2,ination,0.389223,688,2,1,in:0.8083;ination:0.1383;inate:0.0385;inating:0.0076;inator:0.0071,ination:0.3892;inate:0.2753;inating:0.1964;inator:0.0569;inators:0.0274
procrastinate,verb,3,1,5685,rast,4559,ination,layer_48,ination,0.975474,508,4,1,ination,0.481779,307,2,1,ination:0.9755;in:0.0094;inators:0.0082;inate:0.0034;inating:0.0025,ination:0.4818;inate:0.2149;inating:0.1628;inator:0.0469;inators:0.0446
procrastinate,verb,3,1,5685,rast,4559,ination,final_logits,ination,0.481779,307,2,1,,,,,,ination:0.4818;inate:0.2149;inating:0.1628;inator:0.0469;inators:0.0446,
procrastinate,verb,3,2,4559,inate,,.,emb,inate,0.001122,1,,50193,inate,1.0,1,,50144,inate:0.0011;inates:0.0003;inating:0.0002;inated:0.0002;inately:0.0001,inate:1.0000;inates:0.0000;inated:0.0000;inating:0.0000;inately:0.0000
procrastinate,verb,3,2,4559,inate,,.,layer_1,inate,0.124782,1,,9520,inate,0.998187,1,,3672,inate:0.1248;inators:0.0018;inates:0.0013;inated:0.0011;xit:0.0011,inate:0.9982;inators:0.0001;inates:0.0001;inated:0.0001;ĠKrug:0.0000
procrastinate,verb,3,2,4559,inate,,.,layer_2,inate,0.44368,1,,2317,inate,0.665326,1,,536,inate:0.4437;inators:0.0073;hop:0.0069;Ġyak:0.0066;jad:0.0041,inate:0.6653;inators:0.0061;Ġyak:0.0050;Ġpan:0.0029;bus:0.0018
procrastinate,verb,3,2,4559,inate,,.,layer_5,inate,0.441073,1,,1441,inate,0.074952,1,,312,inate:0.4411;ĠTorment:0.0504;ĠGarland:0.0449;jad:0.0179;Ġruined:0.0140,inate:0.0750;Ġsol:0.0078;Ġimpro:0.0045;ĠTorment:0.0031;}.:0.0028
procrastinate,verb,3,2,4559,inate,,.,layer_11,jad,0.089597,2,,1012,inate,0.015361,1,,229,jad:0.0896;inate:0.0836;ĠLama:0.0384;Ġdeath:0.0339;Ġeccentric:0.0184,inate:0.0154;Ġbehaviour:0.0046;Ġfart:0.0039;Ġfixed:0.0039;Ġdeath:0.0036
procrastinate,verb,3,2,4559,inate,,.,layer_16,Ġexcessively,0.253758,172,,223,Ġexcessively,0.025835,96,,74,Ġexcessively:0.2538;Ġbehaviour:0.1723;Ġfuriously:0.1218;Ġbehavior:0.0547;Ġret:0.0495,"Ġexcessively:0.0258;Ġbehaviour:0.0204;Ġfuriously:0.0095;Ġbehavior:0.0093;"":["":0.0093"
procrastinate,verb,3,2,4559,inate,,.,layer_21,Ġindefinitely,0.316702,453,,64,Ġindefinitely,0.027655,137,,26,Ġindefinitely:0.3167;Ġtalking:0.2026;Ġboredom:0.1063;Ġfuriously:0.0711;Ġdeath:0.0389,Ġindefinitely:0.0277;Ġtalking:0.0082;Ġfuriously:0.0075;Ġthinking:0.0061;Ġexcessively:0.0054
procrastinate,verb,3,2,4559,inate,,.,layer_27,Ġtalking,0.25111,1232,,20,Ġindefinitely,0.025888,307,,8,Ġtalking:0.2511;Ġindefinitely:0.1716;Ġgratification:0.1558;Ġboredom:0.1055;Ġthinking:0.0637,Ġindefinitely:0.0259;_:0.0078;Ġtalking:0.0075;Ġthinking:0.0071;Ġgratification:0.0070
procrastinate,verb,3,2,4559,inate,,.,layer_32,",",0.459237,1606,,2,.,0.027277,446,,1,",:0.4592;.:0.3173;"":0.1280;Ġin:0.0299;Ġendlessly:0.0125",".:0.0273;Ġindefinitely:0.0239;,:0.0170;Ġor:0.0153;/:0.0142"
procrastinate,verb,3,2,4559,inate,,.,layer_37,"""",0.639466,3097,,2,.,0.065281,895,,1,""":0.6395;.:0.2111;,:0.1475;Ġor:0.0008;Ġand:0.0007",".:0.0653;"":0.0392;,:0.0370;Ġor:0.0349;Ġand:0.0203"
procrastinate,verb,3,2,4559,inate,,.,layer_39,"""",0.999481,5757,,2,"""",0.108725,1786,,2,""":0.9995;.:0.0005;,:0.0000;Ġon:0.0000;Ġand:0.0000",""":0.1087;.:0.0746;,:0.0306;"".:0.0277;):0.0241"
procrastinate,verb,3,2,4559,inate,,.,layer_41,"""",0.967951,5975,,2,.,0.10051,1786,,1,""":0.9680;.:0.0318;,:0.0002;Ġon:0.0000;Ġand:0.0000",".:0.1005;"":0.0733;,:0.0337;):0.0311;Ġon:0.0304"
procrastinate,verb,3,2,4559,inate,,.,layer_43,.,0.506065,7320,,1,.,0.159976,2171,,1,".:0.5061;"":0.4906;,:0.0034;Ġon:0.0000;Ġand:0.0000",".:0.1600;"":0.0748;,:0.0581;Ġon:0.0311;Ġand:0.0274"
procrastinate,verb,3,2,4559,inate,,.,layer_45,.,0.668085,8192,,1,.,0.149667,1985,,1,".:0.6681;,:0.2841;"":0.0478;Ġand:0.0000;Ġon:0.0000",".:0.1497;,:0.0921;"":0.0665;Ġand:0.0394;Ġon:0.0368"
procrastinate,verb,3,2,4559,inate,,.,layer_47,",",0.638385,11227,,2,.,0.141624,2605,,1,",:0.6384;.:0.3611;"":0.0005;Ġand:0.0000;Ġon:0.0000",".:0.1416;,:0.1011;"":0.0599;Ġand:0.0425;Ġon:0.0406"
procrastinate,verb,3,2,4559,inate,,.,layer_48,",",0.725905,9725,,2,.,0.1398,2280,,1,",:0.7259;.:0.2615;"":0.0126;Ġand:0.0000;Ġon:0.0000",".:0.1398;,:0.1048;"":0.0783;Ġand:0.0415;Ġon:0.0394"
procrastinate,verb,3,2,4559,inate,,.,final_logits,.,0.139801,2280,,1,,,,,,".:0.1398;,:0.1048;"":0.0783;Ġand:0.0415;Ġon:0.0394",
of,preposition,1,0,1659,of,,-,emb,of,0.000216,1,,35381,of,1.0,1,,25685,of:0.0002;OF:0.0001;oft:0.0001;ofer:0.0001;Of:0.0000,of:1.0000;OF:0.0000;oft:0.0000;ofer:0.0000;Of:0.0000
of,preposition,1,0,1659,of,,-,layer_1,milo,0.021549,7,,1863,milo,0.007849,2,,105,milo:0.0215;cro:0.0020;aqu:0.0018;ĠFlore:0.0013;asting:0.0010,milo:0.0078;of:0.0052;ogo:0.0018;oca:0.0011;lo:0.0010
of,preposition,1,0,1659,of,,-,layer_2,milo,0.282152,63,,80,milo,0.00543,7,,4,milo:0.2822;cro:0.0142;Ġwhite:0.0066;one:0.0057;ĠSC:0.0045,milo:0.0054;Ġwhite:0.0021;one:0.0018;-:0.0015;oth:0.0015
of,preposition,1,0,1659,of,,-,layer_5,milo,0.999591,734,,63,milo,0.05362,263,,2,milo:0.9996;cro:0.0001;ones:0.0000;one:0.0000;lay:0.0000,milo:0.0536;-:0.0031;_:0.0029;Ġthe:0.0025;Ġcourse:0.0024
of,preposition,1,0,1659,of,,-,layer_11,://,1.0,35509,,45054,Ġand,0.000148,4627,,6,://:1.0000;clips:0.0000;:{:0.0000;wcsstore:0.0000;Ġ'/:0.0000,"Ġand:0.0001;.:0.0001;,:0.0001;Ġthat:0.0001;;:0.0001"
of,preposition,1,0,1659,of,,-,layer_16,://,1.0,36918,,46580,Ġand,0.000141,5403,,10,://:1.0000;clips:0.0000;:{:0.0000;wcsstore:0.0000;Ġ'/:0.0000,"Ġand:0.0001;Ġthat:0.0001;.:0.0001;;:0.0001;,:0.0001"
of,preposition,1,0,1659,of,,-,layer_21,://,1.0,37357,,47056,Ġand,0.000136,5584,,14,://:1.0000;clips:0.0000;:{:0.0000;wcsstore:0.0000;$:0.0000,"Ġand:0.0001;;:0.0001;Ġthat:0.0001;.:0.0001;,:0.0001"
of,preposition,1,0,1659,of,,-,layer_27,://,1.0,37379,,46833,Ġand,0.000153,5598,,14,://:1.0000;clips:0.0000;:{:0.0000;):0.0000;(:0.0000,"Ġand:0.0002;Ġthat:0.0001;,:0.0001;.:0.0001;;:0.0001"
of,preposition,1,0,1659,of,,-,layer_32,://,1.0,37150,,46435,Ġand,0.000172,5415,,13,://:1.0000;clips:0.0000;:{:0.0000;):0.0000;(:0.0000,"Ġand:0.0002;,:0.0002;Ġthat:0.0002;.:0.0002;;:0.0002"
of,preposition,1,0,1659,of,,-,layer_37,://,1.0,36518,,45793,Ġand,0.000194,4817,,13,://:1.0000;clips:0.0000;:{:0.0000;):0.0000;(:0.0000,"Ġand:0.0002;,:0.0002;.:0.0002;Ġthat:0.0002;;:0.0002"
of,preposition,1,0,1659,of,,-,layer_39,://,1.0,36145,,45369,Ġand,0.000206,4472,,13,://:1.0000;clips:0.0000;:{:0.0000;):0.0000;(:0.0000,"Ġand:0.0002;,:0.0002;.:0.0002;Ġthat:0.0002;;:0.0002"
of,preposition,1,0,1659,of,,-,layer_41,://,1.0,35599,,44651,Ġand,0.000228,3925,,9,://:1.0000;clips:0.0000;:{:0.0000;Ġ'/:0.0000;$:0.0000,"Ġand:0.0002;,:0.0002;.:0.0002;Ġthat:0.0002;;:0.0002"
of,preposition,1,0,1659,of,,-,layer_43,://,1.0,34590,,43459,",",0.000273,3188,,6,://:1.0000;clips:0.0000;Ġanyway:0.0000;:{:0.0000;Ġ'/:0.0000,",:0.0003;Ġand:0.0003;.:0.0003;Ġthat:0.0002;;:0.0002"
of,preposition,1,0,1659,of,,-,layer_45,://,1.0,31334,,37629,",",0.00047,2047,,5,://:1.0000;clips:0.0000;Ġanyway:0.0000;:{:0.0000;Ġ'/:0.0000,",:0.0005;Ġand:0.0004;.:0.0004;Ġthat:0.0004;-:0.0004"
of,preposition,1,0,1659,of,,-,layer_47,-,0.998171,319,,1,-,0.321804,348,,1,"-:0.9982;Ġthe:0.0013;,:0.0003;.:0.0002;Ġa:0.0000","-:0.3218;,:0.0462;.:0.0403;Ġthe:0.0388;Ġand:0.0149"
of,preposition,1,0,1659,of,,-,layer_48,-,0.99975,199,,1,-,0.413967,213,,1,"-:0.9997;Ġthe:0.0002;_:0.0000;,:0.0000;.:0.0000","-:0.4140;_:0.0288;Ġthe:0.0265;.:0.0087;,:0.0080"
of,preposition,1,0,1659,of,,-,final_logits,-,0.413967,213,,1,,,,,,"-:0.4140;_:0.0288;Ġthe:0.0265;.:0.0087;,:0.0080",
in,preposition,1,0,259,in,,-,emb,in,0.000108,1,,10270,in,1.0,1,,7781,in:0.0001;ins:0.0000;on:0.0000;at:0.0000;as:0.0000,in:1.0000;ins:0.0000;on:0.0000;at:0.0000;as:0.0000
in,preposition,1,0,259,in,,-,layer_1,ucha,0.002349,88,,818,vasive,0.012964,17,,49,ucha:0.0023;vasive:0.0023;jury:0.0020;milo:0.0016;cro:0.0014,vasive:0.0130;cluded:0.0044;jury:0.0035;her:0.0034;vent:0.0032
in,preposition,1,0,259,in,,-,layer_2,cro,0.011085,64,,56,cluded,0.005445,29,,4,cro:0.0111;her:0.0075;acci:0.0073;one:0.0070;jury:0.0066,cluded:0.0054;her:0.0042;vent:0.0031;-:0.0021;vasive:0.0021
in,preposition,1,0,259,in,,-,layer_5,milo,0.151789,1127,,195,vent,0.013312,411,,17,milo:0.1518;vent:0.0803;former:0.0691;cro:0.0443;jury:0.0437,vent:0.0133;Ġaddition:0.0088;cluded:0.0054;flation:0.0045;her:0.0042
in,preposition,1,0,259,in,,-,layer_11,://,1.0,45404,,45570,Ġand,0.00015,5624,,10,://:1.0000;clips:0.0000;:{:0.0000;wcsstore:0.0000;Ġ'/:0.0000,"Ġand:0.0001;,:0.0001;.:0.0001;Ġthat:0.0001;;:0.0001"
in,preposition,1,0,259,in,,-,layer_16,://,1.0,46213,,46813,Ġand,0.000141,6417,,15,://:1.0000;clips:0.0000;:{:0.0000;wcsstore:0.0000;Ġ'/:0.0000,"Ġand:0.0001;,:0.0001;Ġthat:0.0001;.:0.0001;;:0.0001"
in,preposition,1,0,259,in,,-,layer_21,://,1.0,46485,,47239,Ġand,0.000136,6747,,21,://:1.0000;clips:0.0000;:{:0.0000;wcsstore:0.0000;$:0.0000,"Ġand:0.0001;;:0.0001;Ġthat:0.0001;,:0.0001;.:0.0001"
in,preposition,1,0,259,in,,-,layer_27,://,1.0,46384,,46997,Ġand,0.000153,6040,,18,://:1.0000;clips:0.0000;:{:0.0000;):0.0000;(:0.0000,"Ġand:0.0002;,:0.0001;Ġthat:0.0001;.:0.0001;;:0.0001"
in,preposition,1,0,259,in,,-,layer_32,://,1.0,46241,,46627,Ġand,0.000172,5336,,17,://:1.0000;clips:0.0000;:{:0.0000;):0.0000;(:0.0000,"Ġand:0.0002;,:0.0002;Ġthat:0.0002;.:0.0002;;:0.0002"
in,preposition,1,0,259,in,,-,layer_37,://,1.0,45915,,46000,Ġand,0.000194,4445,,14,://:1.0000;clips:0.0000;:{:0.0000;):0.0000;(:0.0000,"Ġand:0.0002;,:0.0002;.:0.0002;Ġthat:0.0002;;:0.0002"
in,preposition,1,0,259,in,,-,layer_39,://,1.0,45702,,45620,Ġand,0.000206,3990,,14,://:1.0000;clips:0.0000;:{:0.0000;):0.0000;(:0.0000,"Ġand:0.0002;,:0.0002;.:0.0002;Ġthat:0.0002;;:0.0002"
in,preposition,1,0,259,in,,-,layer_41,://,1.0,45351,,44950,Ġand,0.000229,3299,,14,://:1.0000;clips:0.0000;:{:0.0000;Ġ'/:0.0000;Ġanyway:0.0000,"Ġand:0.0002;,:0.0002;.:0.0002;Ġthat:0.0002;;:0.0002"
in,preposition,1,0,259,in,,-,layer_43,://,1.0,44815,,43827,",",0.000276,2450,,11,://:1.0000;clips:0.0000;Ġanyway:0.0000;:{:0.0000;Ġ'/:0.0000,",:0.0003;Ġand:0.0003;.:0.0003;Ġthat:0.0002;;:0.0002"
in,preposition,1,0,259,in,,-,layer_45,://,1.0,42691,,38712,",",0.000481,1277,,5,://:1.0000;Ġanyway:0.0000;clips:0.0000;:{:0.0000;Ġ'/:0.0000,",:0.0005;Ġand:0.0005;.:0.0004;Ġthat:0.0004;-:0.0003"
in,preposition,1,0,259,in,,-,layer_47,-,0.468753,105,,1,",",0.115913,86,,2,"-:0.4688;,:0.4583;.:0.0432;Ġthe:0.0200;Ġand:0.0081",",:0.1159;-:0.0942;.:0.0620;Ġand:0.0417;Ġthe:0.0300"
in,preposition,1,0,259,in,,-,layer_48,-,0.934102,71,,1,-,0.092238,73,,1,"-:0.9341;Ġthe:0.0347;,:0.0295;Ġand:0.0007;.:0.0006","-:0.0922;,:0.0463;Ġthe:0.0280;.:0.0232;Ġand:0.0188"
in,preposition,1,0,259,in,,-,final_logits,-,0.092238,73,,1,,,,,,"-:0.0922;,:0.0463;Ġthe:0.0280;.:0.0232;Ġand:0.0188",
under,preposition,1,0,4625,under,,Ġthe,emb,under,0.000424,1,,50256,under,1.0,1,,50251,under:0.0004;unders:0.0001;Under:0.0001;ĠUNDER:0.0001;ĠUnder:0.0000,under:1.0000;unders:0.0000;Under:0.0000;ĠUNDER:0.0000;ĠUnder:0.0000
under,preposition,1,0,4625,under,,Ġthe,layer_1,milo,0.01171,13,,2373,neath,0.02648,4,,484,milo:0.0117;graduate:0.0059;lying:0.0054;secret:0.0049;rule:0.0048,neath:0.0265;graduate:0.0131;lying:0.0128;under:0.0114;standing:0.0107
under,preposition,1,0,4625,under,,Ġthe,layer_2,secret,0.048902,71,,267,neath,0.012725,27,,54,secret:0.0489;mind:0.0408;cro:0.0370;graduate:0.0337;lying:0.0270,neath:0.0127;standing:0.0095;graduate:0.0080;lying:0.0079;secret:0.0065
under,preposition,1,0,4625,under,,Ġthe,layer_5,graduate,0.308893,213,,343,neath,0.061903,182,,66,graduate:0.3089;milo:0.1840;neath:0.0997;cover:0.0597;ground:0.0550,neath:0.0619;ground:0.0230;graduate:0.0200;lying:0.0101;standing:0.0100
under,preposition,1,0,4625,under,,Ġthe,layer_11,://,1.0,17031,,44750,Ġand,0.000148,11707,,22,://:1.0000;clips:0.0000;:{:0.0000;wcsstore:0.0000;Ġ'/:0.0000,"Ġand:0.0001;Ġthat:0.0001;,:0.0001;.:0.0001;;:0.0001"
under,preposition,1,0,4625,under,,Ġthe,layer_16,://,1.0,18382,,46120,Ġand,0.00014,14467,,27,://:1.0000;clips:0.0000;:{:0.0000;wcsstore:0.0000;Ġ'/:0.0000,"Ġand:0.0001;Ġthat:0.0001;.:0.0001;;:0.0001;,:0.0001"
under,preposition,1,0,4625,under,,Ġthe,layer_21,://,1.0,18756,,46590,Ġand,0.000136,14977,,28,://:1.0000;clips:0.0000;:{:0.0000;wcsstore:0.0000;$:0.0000,"Ġand:0.0001;;:0.0001;Ġthat:0.0001;.:0.0001;,:0.0001"
under,preposition,1,0,4625,under,,Ġthe,layer_27,://,1.0,18716,,46115,Ġand,0.000153,15082,,24,://:1.0000;clips:0.0000;:{:0.0000;):0.0000;(:0.0000,"Ġand:0.0002;Ġthat:0.0001;,:0.0001;.:0.0001;;:0.0001"
under,preposition,1,0,4625,under,,Ġthe,layer_32,://,1.0,18452,,45572,Ġand,0.000172,14676,,22,://:1.0000;clips:0.0000;:{:0.0000;):0.0000;(:0.0000,"Ġand:0.0002;,:0.0002;Ġthat:0.0002;.:0.0002;;:0.0002"
under,preposition,1,0,4625,under,,Ġthe,layer_37,://,1.0,17981,,44788,Ġand,0.000194,14029,,19,://:1.0000;clips:0.0000;:{:0.0000;):0.0000;(:0.0000,"Ġand:0.0002;,:0.0002;.:0.0002;Ġthat:0.0002;;:0.0002"
under,preposition,1,0,4625,under,,Ġthe,layer_39,://,1.0,17681,,44255,Ġand,0.000206,13601,,19,://:1.0000;clips:0.0000;:{:0.0000;):0.0000;(:0.0000,"Ġand:0.0002;,:0.0002;.:0.0002;Ġthat:0.0002;;:0.0002"
under,preposition,1,0,4625,under,,Ġthe,layer_41,://,1.0,17111,,43561,Ġand,0.000228,12741,,16,://:1.0000;clips:0.0000;:{:0.0000;Ġ'/:0.0000;$:0.0000,"Ġand:0.0002;,:0.0002;.:0.0002;Ġthat:0.0002;;:0.0002"
under,preposition,1,0,4625,under,,Ġthe,layer_43,://,1.0,16194,,42247,",",0.000272,11240,,15,://:1.0000;clips:0.0000;Ġanyway:0.0000;:{:0.0000;Ġ'/:0.0000,",:0.0003;Ġand:0.0003;.:0.0003;Ġthat:0.0002;;:0.0002"
under,preposition,1,0,4625,under,,Ġthe,layer_45,://,1.0,13980,,36130,",",0.00047,7904,,10,://:1.0000;clips:0.0000;Ġanyway:0.0000;:{:0.0000;.(:0.0000,",:0.0005;Ġand:0.0004;.:0.0004;Ġthat:0.0004;-:0.0003"
under,preposition,1,0,4625,under,,Ġthe,layer_47,-,0.747625,774,,2,-,0.126528,675,,3,"-:0.7476;Ġthe:0.1908;,:0.0399;.:0.0177;Ġa:0.0016","-:0.1265;,:0.0688;Ġthe:0.0595;.:0.0468;Ġand:0.0282"
under,preposition,1,0,4625,under,,Ġthe,layer_48,Ġthe,0.875533,1103,,1,Ġthe,0.09951,926,,1,"Ġthe:0.8755;-:0.1224;Ġa:0.0012;,:0.0005;.:0.0003","Ġthe:0.0995;-:0.0755;line:0.0174;,:0.0171;.:0.0165"
under,preposition,1,0,4625,under,,Ġthe,final_logits,Ġthe,0.09951,926,,1,,,,,,"Ġthe:0.0995;-:0.0755;line:0.0174;,:0.0171;.:0.0165",
between,preposition,1,0,23395,between,,Ġthe,emb,between,0.000338,1,,50254,between,1.0,1,,50252,between:0.0003;Between:0.0001;ĠBetween:0.0001;Ġbetween:0.0001;bet:0.0001,between:1.0000;Between:0.0000;ĠBetween:0.0000;Ġbetween:0.0000;bet:0.0000
between,preposition,1,0,23395,between,,Ġthe,layer_1,cro,0.00468,65,,2688,between,0.002779,1,,218,cro:0.0047;milo:0.0028;ĠFAR:0.0016;masters:0.0015;olla:0.0015,between:0.0028;ĠLloyd:0.0020;match:0.0017;cro:0.0014;Ġpatriarch:0.0012
between,preposition,1,0,23395,between,,Ġthe,layer_2,cro,0.011049,197,,133,Ġspecific,0.002776,33,,7,cro:0.0110;ĠKlein:0.0092;ĠShields:0.0073;Ġhop:0.0069;ĠCONC:0.0066,Ġspecific:0.0028;Ġtemp:0.0017;Ġtwo:0.0015;Ġ26:0.0012;ĠRuss:0.0012
between,preposition,1,0,23395,between,,Ġthe,layer_5,milo,0.266938,639,,17,Ġtwo,0.007092,726,,6,milo:0.2669;ides:0.0464;boss:0.0253;Ġdc:0.0253;Ġprofessional:0.0218,Ġtwo:0.0071;ides:0.0044;Ġborders:0.0039;Ġprofessional:0.0039;Ġlayers:0.0038
between,preposition,1,0,23395,between,,Ġthe,layer_11,://,1.0,11908,,44834,Ġand,0.000142,19373,,24,://:1.0000;clips:0.0000;:{:0.0000;wcsstore:0.0000;Ġ'/:0.0000,"Ġand:0.0001;,:0.0001;.:0.0001;Ġthat:0.0001;;:0.0001"
between,preposition,1,0,23395,between,,Ġthe,layer_16,://,1.0,11988,,46178,Ġand,0.000137,20265,,27,://:1.0000;clips:0.0000;:{:0.0000;wcsstore:0.0000;Ġ'/:0.0000,"Ġand:0.0001;;:0.0001;Ġthat:0.0001;.:0.0001;,:0.0001"
between,preposition,1,0,23395,between,,Ġthe,layer_21,://,1.0,12059,,46624,;,0.000135,20091,,30,://:1.0000;clips:0.0000;:{:0.0000;wcsstore:0.0000;$:0.0000,";:0.0001;Ġand:0.0001;Ġthat:0.0001;.:0.0001;,:0.0001"
between,preposition,1,0,23395,between,,Ġthe,layer_27,://,1.0,12029,,46140,Ġand,0.00015,20401,,24,://:1.0000;clips:0.0000;:{:0.0000;):0.0000;(:0.0000,"Ġand:0.0002;;:0.0001;,:0.0001;Ġthat:0.0001;.:0.0001"
between,preposition,1,0,23395,between,,Ġthe,layer_32,://,1.0,12005,,45618,Ġand,0.000169,20642,,22,://:1.0000;clips:0.0000;:{:0.0000;):0.0000;(:0.0000,"Ġand:0.0002;,:0.0002;Ġthat:0.0002;.:0.0002;;:0.0002"
between,preposition,1,0,23395,between,,Ġthe,layer_37,://,1.0,11703,,44809,Ġand,0.000191,20337,,19,://:1.0000;clips:0.0000;:{:0.0000;):0.0000;(:0.0000,"Ġand:0.0002;,:0.0002;.:0.0002;Ġthat:0.0002;;:0.0002"
between,preposition,1,0,23395,between,,Ġthe,layer_39,://,1.0,11501,,44289,Ġand,0.000203,20251,,19,://:1.0000;clips:0.0000;:{:0.0000;):0.0000;(:0.0000,"Ġand:0.0002;,:0.0002;.:0.0002;Ġthat:0.0002;;:0.0002"
between,preposition,1,0,23395,between,,Ġthe,layer_41,://,1.0,11127,,43589,Ġand,0.000226,19733,,15,://:1.0000;clips:0.0000;:{:0.0000;Ġ'/:0.0000;Ġanyway:0.0000,"Ġand:0.0002;,:0.0002;.:0.0002;Ġthat:0.0002;;:0.0002"
between,preposition,1,0,23395,between,,Ġthe,layer_43,://,1.0,10491,,42193,",",0.000271,18762,,15,://:1.0000;clips:0.0000;Ġanyway:0.0000;:{:0.0000;Ġ'/:0.0000,",:0.0003;Ġand:0.0003;.:0.0003;Ġthat:0.0002;;:0.0002"
between,preposition,1,0,23395,between,,Ġthe,layer_45,://,1.0,9814,,35592,",",0.000471,16832,,7,://:1.0000;clips:0.0000;Ġanyway:0.0000;:{:0.0000;Ġ'/:0.0000,",:0.0005;Ġand:0.0005;.:0.0004;Ġthat:0.0004;;:0.0003"
between,preposition,1,0,23395,between,,Ġthe,layer_47,Ġthe,0.997834,6446,,1,Ġthe,0.124028,6091,,1,"Ġthe:0.9978;Ġa:0.0008;-:0.0007;,:0.0004;.:0.0002","Ġthe:0.1240;-:0.0331;,:0.0323;.:0.0247;Ġa:0.0244"
between,preposition,1,0,23395,between,,Ġthe,layer_48,Ġthe,0.999881,8307,,1,Ġthe,0.198701,4043,,1,"Ġthe:0.9999;-:0.0001;Ġa:0.0000;,:0.0000;Ġtwo:0.0000",Ġthe:0.1987;-:0.0269;Ġa:0.0181;Ġthem:0.0124;Ġtwo:0.0112
between,preposition,1,0,23395,between,,Ġthe,final_logits,Ġthe,0.198701,4043,,1,,,,,,Ġthe:0.1987;-:0.0269;Ġa:0.0181;Ġthem:0.0124;Ġtwo:0.0112,
through,preposition,1,0,9579,through,,Ġthe,emb,through,0.000286,1,,50255,through,1.0,1,,50255,through:0.0003;Through:0.0001;ĠThrough:0.0001;Ĝ:0.0001;Ę:0.0001,through:1.0000;Through:0.0000;ĠThrough:0.0000;via:0.0000;Ġthru:0.0000
through,preposition,1,0,9579,through,,Ġthe,layer_1,cro,0.0048,132,,2573,flows,0.002485,5,,162,cro:0.0048;rum:0.0030;edited:0.0028;ĠFlore:0.0027;dates:0.0022,flows:0.0025;Ġtrough:0.0019;Ġfermentation:0.0019;vasive:0.0019;through:0.0019
through,preposition,1,0,9579,through,,Ġthe,layer_2,cro,0.013901,706,,155,Ġunderstanding,0.001913,189,,4,cro:0.0139;Ġdrill:0.0135;Ġartist:0.0104;ĠFlore:0.0090;rum:0.0086,Ġunderstanding:0.0019;Ġpractice:0.0019;s:0.0017;Ġthe:0.0015;ĠLondon:0.0014
through,preposition,1,0,9579,through,,Ġthe,layer_5,milo,0.066453,278,,98,s,0.004844,198,,6,milo:0.0665;Ġpractice:0.0544;Ġconduit:0.0450;Ġintermediary:0.0227;cro:0.0220,s:0.0048;Ġpractice:0.0039;Ġwalls:0.0033;Ġconstruction:0.0028;Ġunderstanding:0.0027
through,preposition,1,0,9579,through,,Ġthe,layer_11,://,1.0,13680,,44811,Ġand,0.000148,7700,,26,://:1.0000;clips:0.0000;:{:0.0000;wcsstore:0.0000;Ġ'/:0.0000,"Ġand:0.0001;.:0.0001;Ġthat:0.0001;,:0.0001;;:0.0001"
through,preposition,1,0,9579,through,,Ġthe,layer_16,://,1.0,14706,,46161,Ġand,0.000141,9750,,27,://:1.0000;clips:0.0000;:{:0.0000;wcsstore:0.0000;Ġ'/:0.0000,"Ġand:0.0001;.:0.0001;Ġthat:0.0001;;:0.0001;,:0.0001"
through,preposition,1,0,9579,through,,Ġthe,layer_21,://,1.0,14781,,46619,Ġand,0.000137,9580,,28,://:1.0000;clips:0.0000;:{:0.0000;wcsstore:0.0000;$:0.0000,"Ġand:0.0001;;:0.0001;.:0.0001;Ġthat:0.0001;,:0.0001"
through,preposition,1,0,9579,through,,Ġthe,layer_27,://,1.0,14769,,46142,Ġand,0.000154,9871,,25,://:1.0000;clips:0.0000;:{:0.0000;):0.0000;(:0.0000,"Ġand:0.0002;Ġthat:0.0001;.:0.0001;,:0.0001;;:0.0001"
through,preposition,1,0,9579,through,,Ġthe,layer_32,://,1.0,14777,,45602,Ġand,0.000173,10284,,22,://:1.0000;clips:0.0000;:{:0.0000;):0.0000;(:0.0000,"Ġand:0.0002;,:0.0002;Ġthat:0.0002;.:0.0002;;:0.0002"
through,preposition,1,0,9579,through,,Ġthe,layer_37,://,1.0,14639,,44838,Ġand,0.000195,10397,,19,://:1.0000;clips:0.0000;:{:0.0000;):0.0000;(:0.0000,"Ġand:0.0002;,:0.0002;.:0.0002;Ġthat:0.0002;;:0.0002"
through,preposition,1,0,9579,through,,Ġthe,layer_39,://,1.0,14552,,44312,Ġand,0.000207,10413,,19,://:1.0000;clips:0.0000;:{:0.0000;):0.0000;(:0.0000,"Ġand:0.0002;,:0.0002;.:0.0002;Ġthat:0.0002;;:0.0002"
through,preposition,1,0,9579,through,,Ġthe,layer_41,://,1.0,14342,,43609,Ġand,0.00023,10280,,18,://:1.0000;clips:0.0000;:{:0.0000;):0.0000;(:0.0000,"Ġand:0.0002;,:0.0002;.:0.0002;Ġthat:0.0002;;:0.0002"
through,preposition,1,0,9579,through,,Ġthe,layer_43,://,1.0,13830,,42300,Ġand,0.000275,9587,,15,://:1.0000;clips:0.0000;Ġanyway:0.0000;:{:0.0000;Ġ'/:0.0000,"Ġand:0.0003;,:0.0003;.:0.0003;Ġthat:0.0002;;:0.0002"
through,preposition,1,0,9579,through,,Ġthe,layer_45,://,1.0,12529,,36238,",",0.00047,7666,,10,://:1.0000;clips:0.0000;Ġanyway:0.0000;:{:0.0000;.(:0.0000,",:0.0005;Ġand:0.0005;.:0.0004;Ġthat:0.0004;Ġto:0.0003"
through,preposition,1,0,9579,through,,Ġthe,layer_47,Ġthe,0.718947,3895,,1,",",0.08091,1967,,2,"Ġthe:0.7189;.:0.1357;,:0.1099;-:0.0165;Ġand:0.0098",",:0.0809;Ġthe:0.0738;.:0.0733;Ġand:0.0416;-:0.0398"
through,preposition,1,0,9579,through,,Ġthe,layer_48,Ġthe,0.984485,3392,,1,Ġthe,0.107231,900,,1,"Ġthe:0.9845;,:0.0073;-:0.0034;Ġa:0.0030;.:0.0011","Ġthe:0.1072;,:0.0476;.:0.0438;-:0.0298;Ġa:0.0277"
through,preposition,1,0,9579,through,,Ġthe,final_logits,Ġthe,0.107231,900,,1,,,,,,"Ġthe:0.1072;,:0.0476;.:0.0438;-:0.0298;Ġa:0.0277",
despite,preposition,1,0,41081,despite,,Ġthe,emb,despite,0.000197,1,,50256,despite,1.0,1,,50256,despite:0.0002;ċ:0.0001;đ:0.0001;ą:0.0001;Ě:0.0001,despite:1.0000;although:0.0000;even:0.0000;albeit:0.0000;Ġdespite:0.0000
despite,preposition,1,0,41081,despite,,Ġthe,layer_1,Ġfilib,0.004213,6352,,9183,neau,0.001818,865,,4411,Ġfilib:0.0042;rape:0.0035;ĠGat:0.0030;ĠFAR:0.0027;neau:0.0025,neau:0.0018;iflower:0.0012;ĠGat:0.0010;nom:0.0010;ĠisEnabled:0.0009
despite,preposition,1,0,41081,despite,,Ġthe,layer_2,Ġfilib,0.027741,8617,,1222,º,0.002337,2562,,344,Ġfilib:0.0277;º:0.0086;ĠPaste:0.0080;cro:0.0056;aka:0.0052,º:0.0023;Ġattempts:0.0017;ĠMoff:0.0017;Ġongoing:0.0013;Ġlev:0.0013
despite,preposition,1,0,41081,despite,,Ġthe,layer_5,Ġadmitting,0.180517,10217,,520,Ġadmitting,0.017953,7331,,274,Ġadmitting:0.1805;milo:0.1419;Ġknowing:0.0472;PLA:0.0390;Ġpreferring:0.0276,Ġadmitting:0.0180;Ġknowing:0.0175;Ġongoing:0.0057;Ġreceiving:0.0055;Ġinitially:0.0054
despite,preposition,1,0,41081,despite,,Ġthe,layer_11,://,1.0,21689,,44818,Ġthat,0.000144,34530,,25,://:1.0000;clips:0.0000;:{:0.0000;wcsstore:0.0000;Ġ'/:0.0000,"Ġthat:0.0001;Ġand:0.0001;,:0.0001;.:0.0001;;:0.0001"
despite,preposition,1,0,41081,despite,,Ġthe,layer_16,://,1.0,21834,,46210,Ġthat,0.000137,36157,,29,://:1.0000;clips:0.0000;:{:0.0000;wcsstore:0.0000;Ġ'/:0.0000,"Ġthat:0.0001;Ġand:0.0001;;:0.0001;.:0.0001;,:0.0001"
despite,preposition,1,0,41081,despite,,Ġthe,layer_21,://,1.0,21754,,46699,Ġthat,0.000133,36370,,30,://:1.0000;clips:0.0000;:{:0.0000;wcsstore:0.0000;Ġ'/:0.0000,"Ġthat:0.0001;;:0.0001;Ġand:0.0001;.:0.0001;,:0.0001"
despite,preposition,1,0,41081,despite,,Ġthe,layer_27,://,1.0,21860,,46195,Ġthat,0.00015,36568,,25,://:1.0000;clips:0.0000;:{:0.0000;wcsstore:0.0000;$:0.0000,"Ġthat:0.0001;Ġand:0.0001;,:0.0001;;:0.0001;.:0.0001"
despite,preposition,1,0,41081,despite,,Ġthe,layer_32,://,1.0,22104,,45644,Ġand,0.000168,36986,,22,://:1.0000;clips:0.0000;:{:0.0000;):0.0000;(:0.0000,"Ġand:0.0002;Ġthat:0.0002;,:0.0002;.:0.0002;;:0.0002"
despite,preposition,1,0,41081,despite,,Ġthe,layer_37,://,1.0,22344,,44828,Ġand,0.00019,37412,,19,://:1.0000;clips:0.0000;:{:0.0000;Ġ'/:0.0000;$:0.0000,"Ġand:0.0002;,:0.0002;Ġthat:0.0002;.:0.0002;;:0.0002"
despite,preposition,1,0,41081,despite,,Ġthe,layer_39,://,1.0,22431,,44316,",",0.000202,37590,,19,://:1.0000;clips:0.0000;:{:0.0000;Ġ'/:0.0000;$:0.0000,",:0.0002;Ġand:0.0002;Ġthat:0.0002;.:0.0002;;:0.0002"
despite,preposition,1,0,41081,despite,,Ġthe,layer_41,://,1.0,22468,,43545,",",0.000226,37769,,18,://:1.0000;clips:0.0000;:{:0.0000;Ġ'/:0.0000;Ġanyway:0.0000,",:0.0002;Ġand:0.0002;Ġthat:0.0002;.:0.0002;;:0.0002"
despite,preposition,1,0,41081,despite,,Ġthe,layer_43,://,1.0,22407,,42119,",",0.000275,37789,,15,://:1.0000;clips:0.0000;Ġanyway:0.0000;Ġ'/:0.0000;:{:0.0000,",:0.0003;Ġand:0.0003;Ġthat:0.0003;.:0.0003;;:0.0002"
despite,preposition,1,0,41081,despite,,Ġthe,layer_45,://,1.0,23217,,34943,",",0.000495,37641,,5,://:1.0000;Ġanyway:0.0000;clips:0.0000;.(:0.0000;Ġ'/:0.0000,",:0.0005;Ġand:0.0005;.:0.0004;Ġthat:0.0004;Ġthe:0.0003"
despite,preposition,1,0,41081,despite,,Ġthe,layer_47,Ġthe,0.993797,26448,,1,Ġthe,0.174944,29064,,1,"Ġthe:0.9938;Ġa:0.0053;Ġbeing:0.0006;Ġthat:0.0002;,:0.0000","Ġthe:0.1749;Ġa:0.0514;Ġbeing:0.0400;,:0.0253;Ġthis:0.0175"
despite,preposition,1,0,41081,despite,,Ġthe,layer_48,Ġthe,0.998189,32379,,1,Ġthe,0.237025,32404,,1,Ġthe:0.9982;Ġa:0.0018;Ġbeing:0.0000;Ġall:0.0000;Ġhis:0.0000,Ġthe:0.2370;Ġa:0.0587;Ġbeing:0.0516;Ġhis:0.0325;Ġall:0.0253
despite,preposition,1,0,41081,despite,,Ġthe,final_logits,Ġthe,0.237025,32404,,1,,,,,,Ġthe:0.2370;Ġa:0.0587;Ġbeing:0.0516;Ġhis:0.0325;Ġall:0.0253,
big,adjective,1,0,14261,big,,gest,emb,big,0.000275,1,,1111,big,1.0,1,,937,big:0.0003;Big:0.0001;largest:0.0001;huge:0.0001;ĠBIG:0.0001,big:1.0000;Big:0.0000;largest:0.0000;huge:0.0000;ĠBIG:0.0000
big,adjective,1,0,14261,big,,gest,layer_1,oted,0.007706,1348,,30,ger,0.020958,142,,2,oted:0.0077;tall:0.0063;cro:0.0049;amy:0.0049;ucha:0.0038,ger:0.0210;gest:0.0135;amy:0.0112;oted:0.0064;ging:0.0037
big,adjective,1,0,14261,big,,gest,layer_2,oted,0.158268,3587,,50,ger,0.009066,1568,,3,oted:0.1583;otted:0.0187;Ġtall:0.0159;Ġbatches:0.0138;Ġhop:0.0116,ger:0.0091;oted:0.0082;gest:0.0057;amy:0.0039;ging:0.0032
big,adjective,1,0,14261,big,,gest,layer_5,ger,0.438329,3681,,4,ger,0.051196,2988,,2,ger:0.4383;oted:0.3702;Ġbatches:0.0256;gest:0.0209;Ġbang:0.0092,ger:0.0512;gest:0.0130;oted:0.0088;ging:0.0064;Ġnews:0.0050
big,adjective,1,0,14261,big,,gest,layer_11,://,1.0,27564,,5212,Ġand,0.000156,21332,,2756,://:1.0000;clips:0.0000;:{:0.0000;wcsstore:0.0000;Ġ'/:0.0000,"Ġand:0.0002;,:0.0001;.:0.0001;Ġthat:0.0001;;:0.0001"
big,adjective,1,0,14261,big,,gest,layer_16,://,1.0,28553,,6219,Ġand,0.000145,23749,,5513,://:1.0000;clips:0.0000;:{:0.0000;wcsstore:0.0000;Ġ'/:0.0000,"Ġand:0.0001;,:0.0001;.:0.0001;Ġthat:0.0001;;:0.0001"
big,adjective,1,0,14261,big,,gest,layer_21,://,1.0,28860,,6374,Ġand,0.00014,24648,,5819,://:1.0000;clips:0.0000;:{:0.0000;wcsstore:0.0000;$:0.0000,"Ġand:0.0001;;:0.0001;,:0.0001;.:0.0001;Ġthat:0.0001"
big,adjective,1,0,14261,big,,gest,layer_27,://,1.0,29071,,6409,Ġand,0.000157,25191,,6453,://:1.0000;clips:0.0000;:{:0.0000;):0.0000;(:0.0000,"Ġand:0.0002;,:0.0002;Ġthat:0.0002;.:0.0001;;:0.0001"
big,adjective,1,0,14261,big,,gest,layer_32,://,1.0,29157,,6391,Ġand,0.000176,25238,,6884,://:1.0000;clips:0.0000;):0.0000;%:0.0000;*:0.0000,"Ġand:0.0002;,:0.0002;Ġthat:0.0002;.:0.0002;;:0.0002"
big,adjective,1,0,14261,big,,gest,layer_37,://,1.0,29004,,6281,Ġand,0.000199,24783,,7135,://:1.0000;clips:0.0000;):0.0000;%:0.0000;*:0.0000,"Ġand:0.0002;,:0.0002;.:0.0002;Ġthat:0.0002;;:0.0002"
big,adjective,1,0,14261,big,,gest,layer_39,://,1.0,28903,,6195,Ġand,0.000211,24489,,7137,://:1.0000;clips:0.0000;):0.0000;%:0.0000;*:0.0000,"Ġand:0.0002;,:0.0002;.:0.0002;Ġthat:0.0002;;:0.0002"
big,adjective,1,0,14261,big,,gest,layer_41,://,1.0,28631,,5959,",",0.000234,23840,,6797,://:1.0000;clips:0.0000;Ġ'/:0.0000;:{:0.0000;$:0.0000,",:0.0002;Ġand:0.0002;.:0.0002;Ġthat:0.0002;;:0.0002"
big,adjective,1,0,14261,big,,gest,layer_43,://,1.0,28239,,5533,",",0.000283,22908,,5970,://:1.0000;clips:0.0000;Ġanyway:0.0000;Ġ'/:0.0000;:{:0.0000,",:0.0003;Ġand:0.0003;.:0.0003;Ġthat:0.0002;;:0.0002"
big,adjective,1,0,14261,big,,gest,layer_45,://,1.0,27588,,4388,",",0.000488,20624,,3929,://:1.0000;clips:0.0000;Ġanyway:0.0000;Ġ'/:0.0000;:{:0.0000,",:0.0005;Ġand:0.0005;.:0.0004;Ġthat:0.0004;-:0.0003"
big,adjective,1,0,14261,big,,gest,layer_47,-,0.806964,4044,,179,-,0.159464,3383,,41,"-:0.8070;,:0.1287;.:0.0618;Ġand:0.0013;"":0.0009","-:0.1595;,:0.1114;.:0.0715;Ġand:0.0297;"":0.0269"
big,adjective,1,0,14261,big,,gest,layer_48,-,0.986036,1932,,5,gest,0.283856,903,,1,"-:0.9860;,:0.0058;_:0.0048;"":0.0018;gest:0.0008","gest:0.2839;ger:0.1091;-:0.0516;_:0.0329;"":0.0167"
big,adjective,1,0,14261,big,,gest,final_logits,gest,0.283856,903,,1,,,,,,"gest:0.2839;ger:0.1091;-:0.0516;_:0.0329;"":0.0167",
happy,adjective,1,0,34191,happy,,",",emb,happy,0.000477,1,,50255,happy,1.0,1,,50254,happy:0.0005;Happy:0.0001;ĝ:0.0001;ė:0.0001;Á:0.0001,happy:1.0000;Happy:0.0000;ĝ:0.0000;ė:0.0000;ö:0.0000
happy,adjective,1,0,34191,happy,,",",layer_1,Ġhemp,0.007893,216,,14983,ĠHappy,0.001972,45,,3838,Ġhemp:0.0079;Ġdelegate:0.0071;ĠGarland:0.0060;ĠUD:0.0045;Ġcrochet:0.0042,ĠHappy:0.0020;ĠUD:0.0018;ĠEagle:0.0017;Ġhemp:0.0013;Ġsett:0.0013
happy,adjective,1,0,34191,happy,,",",layer_2,ĠND,0.070158,843,,1602,Ġgif,0.003258,745,,87,ĠND:0.0702;Ġdelegate:0.0194;Ġcrochet:0.0120;ĠGarland:0.0106;ĠUD:0.0104,Ġgif:0.0033;Ġmarriage:0.0023;ĠND:0.0018;Ġcitizen:0.0016;Ġconf:0.0016
happy,adjective,1,0,34191,happy,,",",layer_5,Ġgif,0.131317,1678,,580,Ġmarriage,0.009368,4023,,68,Ġgif:0.1313;Ġbirthday:0.0960;Ġmarriage:0.0874;Ġnews:0.0295;Ġjustice:0.0196,Ġmarriage:0.0094;Ġgif:0.0085;Ġbirthday:0.0080;Ġnews:0.0042;Ġlittle:0.0035
happy,adjective,1,0,34191,happy,,",",layer_11,://,1.0,2238,,44897,Ġand,0.000158,11241,,3,://:1.0000;clips:0.0000;:{:0.0000;wcsstore:0.0000;Ġ'/:0.0000,"Ġand:0.0002;Ġthat:0.0002;,:0.0001;.:0.0001;;:0.0001"
happy,adjective,1,0,34191,happy,,",",layer_16,://,1.0,2463,,46175,Ġand,0.000146,12697,,4,://:1.0000;clips:0.0000;:{:0.0000;wcsstore:0.0000;Ġ'/:0.0000,"Ġand:0.0001;Ġthat:0.0001;.:0.0001;,:0.0001;;:0.0001"
happy,adjective,1,0,34191,happy,,",",layer_21,://,1.0,2521,,46628,Ġand,0.00014,12888,,5,://:1.0000;clips:0.0000;:{:0.0000;wcsstore:0.0000;$:0.0000,"Ġand:0.0001;Ġthat:0.0001;;:0.0001;.:0.0001;,:0.0001"
happy,adjective,1,0,34191,happy,,",",layer_27,://,1.0,2517,,46175,Ġand,0.000157,13616,,3,://:1.0000;clips:0.0000;:{:0.0000;wcsstore:0.0000;$:0.0000,"Ġand:0.0002;Ġthat:0.0002;,:0.0002;.:0.0001;;:0.0001"
happy,adjective,1,0,34191,happy,,",",layer_32,://,1.0,2509,,45571,Ġand,0.000177,14304,,3,://:1.0000;clips:0.0000;):0.0000;%:0.0000;*:0.0000,"Ġand:0.0002;Ġthat:0.0002;,:0.0002;.:0.0002;;:0.0002"
happy,adjective,1,0,34191,happy,,",",layer_37,://,1.0,2469,,44682,Ġand,0.0002,14496,,2,://:1.0000;clips:0.0000;):0.0000;%:0.0000;*:0.0000,"Ġand:0.0002;,:0.0002;Ġthat:0.0002;.:0.0002;;:0.0002"
happy,adjective,1,0,34191,happy,,",",layer_39,://,1.0,2439,,44119,Ġand,0.000213,14710,,2,://:1.0000;clips:0.0000;):0.0000;%:0.0000;*:0.0000,"Ġand:0.0002;,:0.0002;Ġthat:0.0002;.:0.0002;;:0.0002"
happy,adjective,1,0,34191,happy,,",",layer_41,://,1.0,2400,,43360,Ġand,0.000237,15029,,2,://:1.0000;clips:0.0000;Ġ'/:0.0000;:{:0.0000;Ġanyway:0.0000,"Ġand:0.0002;,:0.0002;.:0.0002;Ġthat:0.0002;;:0.0002"
happy,adjective,1,0,34191,happy,,",",layer_43,://,1.0,2289,,41946,",",0.000285,15309,,1,://:1.0000;clips:0.0000;Ġanyway:0.0000;Ġ'/:0.0000;:{:0.0000,",:0.0003;Ġand:0.0003;.:0.0003;Ġthat:0.0003;;:0.0002"
happy,adjective,1,0,34191,happy,,",",layer_45,://,1.0,2136,,35069,",",0.000509,15931,,1,://:1.0000;Ġanyway:0.0000;clips:0.0000;Ġ'/:0.0000;:{:0.0000,",:0.0005;Ġand:0.0005;.:0.0005;Ġthat:0.0004;Ġto:0.0004"
happy,adjective,1,0,34191,happy,,",",layer_47,",",0.531607,13023,,1,",",0.150685,17757,,1,",:0.5316;.:0.4113;Ġand:0.0395;-:0.0101;Ġto:0.0038",",:0.1507;.:0.0990;Ġand:0.0690;Ġto:0.0398;-:0.0383"
happy,adjective,1,0,34191,happy,,",",layer_48,",",0.521934,15813,,1,",",0.046306,12391,,1,",:0.5219;-:0.2007;Ġand:0.1053;.:0.0943;"":0.0507",",:0.0463;"":0.0440;.:0.0430;Ġand:0.0321;Ġwith:0.0282"
happy,adjective,1,0,34191,happy,,",",final_logits,",",0.046306,12391,,1,,,,,,",:0.0463;"":0.0440;.:0.0430;Ġand:0.0321;Ġwith:0.0282",
enormous,adjective,3,0,268,en,579,",",emb,en,0.00016,1,2068,41672,en,1.0,1,2183,33209,en:0.0002;eni:0.0001;enf:0.0001;enic:0.0001;eny:0.0001,en:1.0000;enf:0.0000;eni:0.0000;enic:0.0000;eny:0.0000
enormous,adjective,3,0,268,en,579,",",layer_1,yon,0.002282,281,949,3690,baum,0.006972,29,166,275,yon:0.0023;berger:0.0022;bach:0.0019;alter:0.0017;rack:0.0017,baum:0.0070;kamp:0.0060;berger:0.0057;bourg:0.0046;heimer:0.0042
enormous,adjective,3,0,268,en,579,",",layer_2,berger,0.015697,344,983,1007,berger,0.006179,64,225,73,berger:0.0157;bourg:0.0131;bach:0.0089;yon:0.0078;chant:0.0077,berger:0.0062;baum:0.0061;bourg:0.0054;kamp:0.0031;heimer:0.0025
enormous,adjective,3,0,268,en,579,",",layer_5,baum,0.213651,1702,53,1441,baum,0.03458,613,14,155,baum:0.2137;cro:0.1613;berger:0.0499;col:0.0480;bourg:0.0424,baum:0.0346;heimer:0.0084;berger:0.0074;kamp:0.0072;bourg:0.0068
enormous,adjective,3,0,268,en,579,",",layer_11,://,1.0,35512,27873,45008,Ġand,0.000149,2317,18574,2,://:1.0000;clips:0.0000;:{:0.0000;Ġ'/:0.0000;wcsstore:0.0000,"Ġand:0.0001;,:0.0001;.:0.0001;Ġthat:0.0001;;:0.0001"
enormous,adjective,3,0,268,en,579,",",layer_16,://,1.0,36871,29752,46189,Ġand,0.000141,2677,23446,2,://:1.0000;clips:0.0000;:{:0.0000;wcsstore:0.0000;Ġ'/:0.0000,"Ġand:0.0001;,:0.0001;.:0.0001;;:0.0001;Ġthat:0.0001"
enormous,adjective,3,0,268,en,579,",",layer_21,://,1.0,37459,30145,46627,Ġand,0.000137,2873,24620,3,://:1.0000;clips:0.0000;:{:0.0000;wcsstore:0.0000;$:0.0000,"Ġand:0.0001;;:0.0001;,:0.0001;.:0.0001;Ġthat:0.0001"
enormous,adjective,3,0,268,en,579,",",layer_27,://,1.0,37373,30517,46170,Ġand,0.000153,2804,25473,2,://:1.0000;clips:0.0000;:{:0.0000;):0.0000;(:0.0000,"Ġand:0.0002;,:0.0001;.:0.0001;Ġthat:0.0001;;:0.0001"
enormous,adjective,3,0,268,en,579,",",layer_32,://,1.0,36988,30855,45591,Ġand,0.000172,2529,26105,2,://:1.0000;clips:0.0000;:{:0.0000;):0.0000;(:0.0000,"Ġand:0.0002;,:0.0002;.:0.0002;Ġthat:0.0002;;:0.0002"
enormous,adjective,3,0,268,en,579,",",layer_37,://,1.0,36305,30937,44718,Ġand,0.000195,2159,25871,2,://:1.0000;clips:0.0000;):0.0000;%:0.0000;*:0.0000,"Ġand:0.0002;,:0.0002;.:0.0002;Ġthat:0.0002;;:0.0002"
enormous,adjective,3,0,268,en,579,",",layer_39,://,1.0,35854,30932,44170,Ġand,0.000207,1950,25569,2,://:1.0000;clips:0.0000;):0.0000;%:0.0000;*:0.0000,"Ġand:0.0002;,:0.0002;.:0.0002;Ġthat:0.0002;;:0.0002"
enormous,adjective,3,0,268,en,579,",",layer_41,://,1.0,35166,30836,43438,",",0.00023,1638,24891,1,://:1.0000;clips:0.0000;:{:0.0000;Ġ'/:0.0000;$:0.0000,",:0.0002;Ġand:0.0002;.:0.0002;Ġthat:0.0002;;:0.0002"
enormous,adjective,3,0,268,en,579,",",layer_43,://,1.0,34243,30698,42033,",",0.000278,1325,23700,1,://:1.0000;clips:0.0000;Ġanyway:0.0000;Ġ'/:0.0000;:{:0.0000,",:0.0003;Ġand:0.0003;.:0.0003;Ġthat:0.0002;;:0.0002"
enormous,adjective,3,0,268,en,579,",",layer_45,://,1.0,31281,29818,35517,",",0.000484,865,19913,1,://:1.0000;clips:0.0000;Ġanyway:0.0000;:{:0.0000;Ġ'/:0.0000,",:0.0005;Ġand:0.0005;.:0.0004;Ġthat:0.0004;Ċ:0.0003"
enormous,adjective,3,0,268,en,579,",",layer_47,",",0.89431,472,5972,1,",",0.164544,226,2052,1,",:0.8943;.:0.0896;Ġand:0.0115;-:0.0014;Ġthe:0.0014",",:0.1645;.:0.0879;Ġand:0.0544;-:0.0259;Ġ(:0.0224"
enormous,adjective,3,0,268,en,579,",",layer_48,",",0.942407,156,2663,1,",",0.07578,50,659,1,",:0.9424;Ġand:0.0227;.:0.0180;-:0.0109;Ġthe:0.0019",",:0.0758;.:0.0379;Ġand:0.0310;'s:0.0229;-:0.0185"
enormous,adjective,3,0,268,en,579,",",final_logits,",",0.07578,50,659,1,,,,,,",:0.0758;.:0.0379;Ġand:0.0310;'s:0.0229;-:0.0185",
enormous,adjective,3,1,579,orm,516,ous,emb,orm,0.001207,1,4427,4427,orm,1.0,1,3902,3902,orm:0.0012;orman:0.0001;ormonal:0.0001;ormon:0.0001;ormal:0.0001,orm:1.0000;orman:0.0000;ormonal:0.0000;ormon:0.0000;ormal:0.0000
enormous,adjective,3,1,579,orm,516,ous,layer_1,orm,0.021617,1,3,3,orm,0.504828,1,2,2,orm:0.0216;oths:0.0087;ous:0.0052;utter:0.0046;ovan:0.0036,orm:0.5048;ous:0.0674;oths:0.0362;andy:0.0136;utter:0.0128
enormous,adjective,3,1,579,orm,516,ous,layer_2,ous,0.286639,18,1,1,ous,0.391485,9,1,1,ous:0.2866;oths:0.1338;inator:0.0369;oton:0.0348;obile:0.0136,ous:0.3915;oths:0.0471;inator:0.0250;ega:0.0197;oton:0.0133
enormous,adjective,3,1,579,orm,516,ous,layer_5,ous,0.681226,38,1,1,ous,0.171273,29,1,1,ous:0.6812;oths:0.1029;od:0.0167;obile:0.0144;or:0.0120,ous:0.1713;or:0.0190;s:0.0179;oths:0.0154;obile:0.0134
enormous,adjective,3,1,579,orm,516,ous,layer_11,oths,0.535125,1287,2,2,ous,0.537053,1079,1,1,oths:0.5351;ous:0.4593;s:0.0020;obile:0.0004;ersed:0.0003,ous:0.5371;oths:0.1227;s:0.0416;ously:0.0084;ega:0.0075
enormous,adjective,3,1,579,orm,516,ous,layer_16,ous,0.992008,1501,1,1,ous,0.871484,1363,1,1,ous:0.9920;oths:0.0074;s:0.0003;ost:0.0001;one:0.0001,ous:0.8715;oths:0.0200;s:0.0187;ost:0.0079;ously:0.0050
enormous,adjective,3,1,579,orm,516,ous,layer_21,ous,0.999996,2992,1,1,ous,0.94901,2712,1,1,ous:1.0000;s:0.0000;one:0.0000;oths:0.0000;ost:0.0000,ous:0.9490;s:0.0060;ost:0.0025;ously:0.0020;ans:0.0015
enormous,adjective,3,1,579,orm,516,ous,layer_27,ous,0.999989,4205,1,1,ous,0.896374,3874,1,1,ous:1.0000;s:0.0000;one:0.0000;a:0.0000;ant:0.0000,ous:0.8964;s:0.0143;ant:0.0053;icity:0.0035;orph:0.0033
enormous,adjective,3,1,579,orm,516,ous,layer_32,ous,1.0,7838,1,1,ous,0.961578,6954,1,1,ous:1.0000;s:0.0000;one:0.0000;o:0.0000;a:0.0000,ous:0.9616;ously:0.0046;s:0.0021;ativity:0.0020;ies:0.0015
enormous,adjective,3,1,579,orm,516,ous,layer_37,ous,1.0,8999,1,1,ous,0.958106,7500,1,1,ous:1.0000;als:0.0000;a:0.0000;s:0.0000;ative:0.0000,ous:0.9581;ously:0.0068;ative:0.0040;als:0.0028;ativity:0.0019
enormous,adjective,3,1,579,orm,516,ous,layer_39,ous,1.0,9542,1,1,ous,0.942818,7666,1,1,ous:1.0000;o:0.0000;a:0.0000;ative:0.0000;s:0.0000,ous:0.9428;ative:0.0092;ously:0.0056;ativity:0.0031;ance:0.0023
enormous,adjective,3,1,579,orm,516,ous,layer_41,ous,1.0,12417,1,1,ous,0.904578,10176,1,1,ous:1.0000;s:0.0000;o:0.0000;a:0.0000;ative:0.0000,ous:0.9046;ative:0.0127;ously:0.0093;ativity:0.0056;als:0.0043
enormous,adjective,3,1,579,orm,516,ous,layer_43,ous,1.0,16964,1,1,ous,0.884976,14178,1,1,ous:1.0000;s:0.0000;o:0.0000;ative:0.0000;a:0.0000,ous:0.8850;ative:0.0216;ously:0.0099;ativity:0.0059;als:0.0045
enormous,adjective,3,1,579,orm,516,ous,layer_45,ous,1.0,15210,1,1,ous,0.852838,11706,1,1,ous:1.0000;s:0.0000;a:0.0000;o:0.0000;ity:0.0000,ous:0.8528;ative:0.0199;ously:0.0083;ity:0.0082;ativity:0.0052
enormous,adjective,3,1,579,orm,516,ous,layer_47,ous,1.0,10835,1,1,ous,0.817195,6659,1,1,ous:1.0000;s:0.0000;a:0.0000;o:0.0000;es:0.0000,ous:0.8172;ative:0.0177;ity:0.0107;ously:0.0083;ativity:0.0069
enormous,adjective,3,1,579,orm,516,ous,layer_48,ous,1.0,9268,1,1,ous,0.844892,5657,1,1,ous:1.0000;s:0.0000;a:0.0000;Ċ:0.0000;es:0.0000,ous:0.8449;ative:0.0192;ously:0.0113;ity:0.0084;ativity:0.0080
enormous,adjective,3,1,579,orm,516,ous,final_logits,ous,0.844892,5657,1,1,,,,,,ous:0.8449;ative:0.0192;ously:0.0113;ity:0.0084;ativity:0.0080,
enormous,adjective,3,2,516,ous,,",",emb,ous,0.000574,1,,49752,ous,1.0,1,,48696,ous:0.0006;ously:0.0002;OUS:0.0001;ouse:0.0001;osity:0.0001,ous:1.0000;ously:0.0000;OUS:0.0000;ouse:0.0000;osity:0.0000
enormous,adjective,3,2,516,ous,,",",layer_1,hm,0.001432,6,,5810,err,0.03617,5,,1084,hm:0.0014;err:0.0009;hr:0.0008;rial:0.0006;aked:0.0006,err:0.0362;hm:0.0324;hr:0.0293;ened:0.0136;ous:0.0128
enormous,adjective,3,2,516,ous,,",",layer_2,hm,0.009143,2930,,2472,Ġlump,0.015186,1804,,448,hm:0.0091;Ġlump:0.0051;err:0.0047;Ġlac:0.0038;Ġinvasion:0.0030,Ġlump:0.0152;err:0.0124;hm:0.0102;hr:0.0083;Ġmal:0.0050
enormous,adjective,3,2,516,ous,,",",layer_5,Ġlac,0.052193,8698,,493,Ġmal,0.00842,6670,,66,Ġlac:0.0522;ness:0.0436;Ġgr:0.0377;Ġinvasion:0.0195;Ġmal:0.0181,Ġmal:0.0084;ness:0.0079;Ġh:0.0047;er:0.0047;Ġmis:0.0044
enormous,adjective,3,2,516,ous,,",",layer_11,Ġgr,0.193675,9748,,947,Ġh,0.025417,7466,,161,Ġgr:0.1937;Ġh:0.0947;ness:0.0766;Ġsmall:0.0162;Ġgun:0.0147,Ġh:0.0254;Ġgr:0.0195;ness:0.0183;Ġlong:0.0081;Ġsmall:0.0069
enormous,adjective,3,2,516,ous,,",",layer_16,Ġamount,0.47037,11871,,701,Ġamount,0.073288,9991,,376,Ġamount:0.4704;Ġhuge:0.1827;Ġlump:0.0373;Ġlarge:0.0342;Ġred:0.0262,Ġamount:0.0733;Ġamounts:0.0481;Ġlump:0.0258;Ġhuge:0.0199;Ġlarge:0.0126
enormous,adjective,3,2,516,ous,,",",layer_21,Ġamount,0.961191,10231,,192,Ġamounts,0.354381,8150,,127,Ġamount:0.9612;Ġamounts:0.0354;Ġnumber:0.0028;Ġexplosion:0.0003;Ġlump:0.0000,Ġamounts:0.3544;Ġamount:0.2632;Ġquantities:0.0231;Ġnumber:0.0197;Ġlump:0.0120
enormous,adjective,3,2,516,ous,,",",layer_27,Ġamount,0.92366,14104,,44,Ġamounts,0.525043,11971,,54,Ġamount:0.9237;Ġamounts:0.0762;Ġnumber:0.0001;Ġquantities:0.0000;Ġscale:0.0000,Ġamounts:0.5250;Ġamount:0.1931;Ġquantities:0.0500;Ġnumber:0.0105;Ġsums:0.0093
enormous,adjective,3,2,516,ous,,",",layer_32,Ġamount,0.99023,19501,,14,Ġamounts,0.493686,17403,,27,Ġamount:0.9902;Ġamounts:0.0098;Ġnumber:0.0000;Ġscale:0.0000;Ġquantities:0.0000,Ġamounts:0.4937;Ġamount:0.2039;Ġquantities:0.0475;Ġlump:0.0091;Ġscale:0.0088
enormous,adjective,3,2,516,ous,,",",layer_37,Ġamount,0.99998,18492,,8,Ġamounts,0.341829,15995,,19,Ġamount:1.0000;Ġamounts:0.0000;Ġnumber:0.0000;Ġscale:0.0000;Ġhuge:0.0000,Ġamounts:0.3418;Ġamount:0.2610;Ġquantities:0.0336;Ġscale:0.0134;Ġchunk:0.0099
enormous,adjective,3,2,516,ous,,",",layer_39,Ġamount,0.999999,22772,,7,Ġamounts,0.277232,21011,,13,Ġamount:1.0000;Ġamounts:0.0000;Ġnumber:0.0000;Ġscale:0.0000;Ġsize:0.0000,"Ġamounts:0.2772;Ġamount:0.2668;Ġquantities:0.0298;Ġscale:0.0141;"":0.0134"
enormous,adjective,3,2,516,ous,,",",layer_41,Ġamount,1.0,24647,,5,Ġamounts,0.195826,23688,,9,"Ġamount:1.0000;Ġamounts:0.0000;Ġnumber:0.0000;Ġsize:0.0000;,:0.0000","Ġamounts:0.1958;Ġamount:0.1944;Ġquantities:0.0244;Ġscale:0.0144;"":0.0133"
enormous,adjective,3,2,516,ous,,",",layer_43,Ġamount,0.999998,24131,,3,Ġamount,0.138212,23473,,5,"Ġamount:1.0000;Ġnumber:0.0000;,:0.0000;Ġsize:0.0000;Ġamounts:0.0000","Ġamount:0.1382;Ġamounts:0.1179;Ġquantities:0.0171;Ġscale:0.0161;,:0.0153"
enormous,adjective,3,2,516,ous,,",",layer_45,",",0.774978,24742,,1,Ġamount,0.07609,24943,,3,",:0.7750;Ġamount:0.2250;Ġnumber:0.0000;"":0.0000;Ġand:0.0000","Ġamount:0.0761;Ġamounts:0.0565;,:0.0335;"":0.0222;.:0.0142"
enormous,adjective,3,2,516,ous,,",",layer_47,",",1.0,23657,,1,",",0.039069,24935,,1,",:1.0000;Ġand:0.0000;.:0.0000;"":0.0000;Ġamount:0.0000",",:0.0391;Ġamount:0.0272;"":0.0219;Ġamounts:0.0206;.:0.0192"
enormous,adjective,3,2,516,ous,,",",layer_48,",",1.0,22795,,1,",",0.047639,24118,,1,",:1.0000;Ġand:0.0000;.:0.0000;"":0.0000;-:0.0000",",:0.0476;"":0.0314;.:0.0258;Ġamount:0.0211;Ġamounts:0.0163"
enormous,adjective,3,2,516,ous,,",",final_logits,",",0.047639,24118,,1,,,,,,",:0.0476;"":0.0314;.:0.0258;Ġamount:0.0211;Ġamounts:0.0163",
purple,adjective,2,0,14225,pur,1154,",",emb,pur,0.001211,1,468,50253,pur,1.0,1,385,50253,pur:0.0012;Pur:0.0001;Ġpur:0.0001;ĠPur:0.0001;ĠPUR:0.0001,pur:1.0000;Pur:0.0000;Ġpur:0.0000;ĠPur:0.0000;ĠPUR:0.0000
purple,adjective,2,0,14225,pur,1154,",",layer_1,pur,0.127097,1,2,21491,pur,0.32647,1,3,9520,pur:0.1271;ple:0.0157;boss:0.0090;pos:0.0071;stra:0.0060,pur:0.3265;ring:0.0118;ple:0.0098;pos:0.0097;pose:0.0053
purple,adjective,2,0,14225,pur,1154,",",layer_2,pur,0.320881,1,2,5607,pur,0.059498,1,2,1254,pur:0.3209;ple:0.1937;ist:0.0600;pos:0.0399;ifying:0.0125,pur:0.0595;ple:0.0179;pos:0.0137;ist:0.0108;ring:0.0064
purple,adjective,2,0,14225,pur,1154,",",layer_5,ple,0.555661,6,1,2193,pos,0.048972,6,2,435,ple:0.5557;pos:0.3988;ist:0.0067;ite:0.0050;itiz:0.0050,pos:0.0490;ple:0.0482;itiz:0.0093;ging:0.0092;ist:0.0091
purple,adjective,2,0,14225,pur,1154,",",layer_11,://,1.0,4684,1540,44867,Ġand,0.000154,9661,99,2,://:1.0000;clips:0.0000;:{:0.0000;Ġ'/:0.0000;agher:0.0000,"Ġand:0.0002;,:0.0001;.:0.0001;Ġthat:0.0001;;:0.0001"
purple,adjective,2,0,14225,pur,1154,",",layer_16,://,1.0,5132,2223,46128,Ġand,0.000144,12502,299,3,://:1.0000;clips:0.0000;:{:0.0000;Ġ'/:0.0000;wcsstore:0.0000,"Ġand:0.0001;.:0.0001;,:0.0001;;:0.0001;Ġthat:0.0001"
purple,adjective,2,0,14225,pur,1154,",",layer_21,://,1.0,5209,2380,46596,Ġand,0.000139,12551,353,4,://:1.0000;clips:0.0000;:{:0.0000;):0.0000;(:0.0000,"Ġand:0.0001;;:0.0001;.:0.0001;,:0.0001;Ġthat:0.0001"
purple,adjective,2,0,14225,pur,1154,",",layer_27,://,1.0,5190,2404,46134,Ġand,0.000155,13028,468,2,://:1.0000;clips:0.0000;:{:0.0000;):0.0000;(:0.0000,"Ġand:0.0002;,:0.0002;.:0.0001;Ġthat:0.0001;;:0.0001"
purple,adjective,2,0,14225,pur,1154,",",layer_32,://,1.0,5142,2421,45539,Ġand,0.000175,13445,602,2,://:1.0000;clips:0.0000;):0.0000;%:0.0000;*:0.0000,"Ġand:0.0002;,:0.0002;.:0.0002;Ġthat:0.0002;;:0.0002"
purple,adjective,2,0,14225,pur,1154,",",layer_37,://,1.0,4997,2417,44648,Ġand,0.000197,13246,705,2,://:1.0000;clips:0.0000;):0.0000;%:0.0000;*:0.0000,"Ġand:0.0002;,:0.0002;.:0.0002;Ġthat:0.0002;;:0.0002"
purple,adjective,2,0,14225,pur,1154,",",layer_39,://,1.0,4923,2407,44119,Ġand,0.00021,13098,755,2,://:1.0000;clips:0.0000;):0.0000;%:0.0000;*:0.0000,"Ġand:0.0002;,:0.0002;.:0.0002;Ġthat:0.0002;;:0.0002"
purple,adjective,2,0,14225,pur,1154,",",layer_41,://,1.0,4754,2368,43392,Ġand,0.000233,12764,829,2,://:1.0000;clips:0.0000;:{:0.0000;):0.0000;(:0.0000,"Ġand:0.0002;,:0.0002;.:0.0002;Ġthat:0.0002;;:0.0002"
purple,adjective,2,0,14225,pur,1154,",",layer_43,://,1.0,4427,2209,41966,",",0.00028,11695,851,1,://:1.0000;clips:0.0000;Ġanyway:0.0000;:{:0.0000;Ġ'/:0.0000,",:0.0003;Ġand:0.0003;.:0.0003;Ġthat:0.0002;;:0.0002"
purple,adjective,2,0,14225,pur,1154,",",layer_45,://,1.0,3545,1528,35493,",",0.000485,8546,782,1,://:1.0000;clips:0.0000;Ġanyway:0.0000;:{:0.0000;.(:0.0000,",:0.0005;Ġand:0.0005;.:0.0005;Ġthat:0.0004;Ġto:0.0003"
purple,adjective,2,0,14225,pur,1154,",",layer_47,",",0.723014,392,333,1,",",0.184067,264,210,1,",:0.7230;.:0.2563;Ġand:0.0152;-:0.0030;Ġto:0.0012",",:0.1841;.:0.1113;Ġand:0.0584;Ġto:0.0298;-:0.0283"
purple,adjective,2,0,14225,pur,1154,",",layer_48,",",0.826876,106,14,1,",",0.060674,30,2,1,",:0.8269;.:0.0995;-:0.0261;Ġand:0.0230;Ċ:0.0138",",:0.0607;ple:0.0448;.:0.0397;Ġand:0.0202;ification:0.0167"
purple,adjective,2,0,14225,pur,1154,",",final_logits,",",0.060674,30,2,1,,,,,,",:0.0607;ple:0.0448;.:0.0397;Ġand:0.0202;ification:0.0167",
purple,adjective,2,1,1154,ple,,-,emb,ple,0.00088,1,,49349,ple,1.0,1,,47923,ple:0.0009;ples:0.0001;plet:0.0001;pled:0.0001;pling:0.0001,ple:1.0000;ples:0.0000;plet:0.0000;pled:0.0000;pling:0.0000
purple,adjective,2,1,1154,ple,,-,layer_1,ple,0.015668,1,,14872,ple,0.318128,1,,5464,ple:0.0157;mented:0.0045;chy:0.0035;chin:0.0031;asure:0.0028,ple:0.3181;mented:0.1153;asure:0.0293;chy:0.0253;chin:0.0146
purple,adjective,2,1,1154,ple,,-,layer_2,ple,0.130191,1,,2375,mented,0.194246,2,,578,ple:0.1302;ased:0.1225;mented:0.1112;chy:0.0170;ples:0.0097,mented:0.1942;ple:0.0489;ased:0.0301;ples:0.0182;chy:0.0099
purple,adjective,2,1,1154,ple,,-,layer_5,ple,0.342402,1,,372,mented,0.035827,2,,111,ple:0.3424;ased:0.2131;mented:0.0557;Ġsquares:0.0399;ch:0.0203,mented:0.0358;ple:0.0279;ased:0.0143;ated:0.0099;cc:0.0075
purple,adjective,2,1,1154,ple,,-,layer_11,mented,0.511674,2,,182,mented,0.113478,3,,46,mented:0.5117;ple:0.0567;ased:0.0366;Ġoak:0.0362;Ġcolored:0.0289,mented:0.1135;der:0.0117;ple:0.0106;Ġcolored:0.0100;Ġh:0.0099
purple,adjective,2,1,1154,ple,,-,layer_16,Ġdiamond,0.2847,754,,29,Ġdiamond,0.036366,661,,13,Ġdiamond:0.2847;Ġjewel:0.1788;Ġcolor:0.0869;Ġopaque:0.0850;Ġink:0.0737,Ġdiamond:0.0364;Ġopaque:0.0282;heart:0.0276;Ġink:0.0166;Ġcolor:0.0164
purple,adjective,2,1,1154,ple,,-,layer_21,Ġcolored,0.792058,2051,,14,Ġcolored,0.077046,1246,,10,Ġcolored:0.7921;Ġcolor:0.1414;Ġdots:0.0339;Ġink:0.0082;Ġmarble:0.0072,Ġcolored:0.0770;Ġdots:0.0433;Ġcolor:0.0343;heart:0.0232;Ġtint:0.0152
purple,adjective,2,1,1154,ple,,-,layer_27,Ġcolored,0.668824,2413,,13,berry,0.077486,1287,,15,Ġcolored:0.6688;Ġcolor:0.2380;Ġink:0.0760;heart:0.0058;Ġdots:0.0042,berry:0.0775;Ġcolored:0.0770;heart:0.0671;Ġink:0.0426;Ġcolor:0.0425
purple,adjective,2,1,1154,ple,,-,layer_32,Ġcolor,0.74523,2014,,9,Ġcolored,0.149058,950,,16,Ġcolor:0.7452;Ġcolored:0.2540;Ġtint:0.0004;Ġdye:0.0002;Ġink:0.0001,Ġcolored:0.1491;Ġcolor:0.1368;Ġdye:0.0852;Ġtint:0.0742;Ġhue:0.0324
purple,adjective,2,1,1154,ple,,-,layer_37,Ġcolored,0.863182,1914,,3,Ġcolored,0.105779,803,,7,Ġcolored:0.8632;Ġcolor:0.1366;-:0.0002;Ġdye:0.0000;Ġtint:0.0000,Ġcolored:0.1058;Ġcolor:0.0622;_:0.0593;berry:0.0499;Ġdye:0.0459
purple,adjective,2,1,1154,ple,,-,layer_39,Ġcolored,0.547523,3247,,3,Ġcolored,0.084074,1392,,6,"Ġcolored:0.5475;Ġcolor:0.4502;-:0.0015;"":0.0008;Ġtint:0.0000","Ġcolored:0.0841;_:0.0701;Ġcolor:0.0674;"":0.0491;Ġdye:0.0460"
purple,adjective,2,1,1154,ple,,-,layer_41,-,0.660471,3301,,1,_,0.093425,1312,,4,"-:0.6605;Ġcolor:0.3067;"":0.0244;Ġcolored:0.0080;):0.0003","_:0.0934;):0.0687;"":0.0594;-:0.0574;Ġcolor:0.0433"
purple,adjective,2,1,1154,ple,,-,layer_43,-,0.999939,3385,,1,_,0.149732,1161,,2,"-:0.9999;"":0.0000;,:0.0000;_:0.0000;Ġcolor:0.0000","_:0.1497;-:0.1363;"":0.0544;):0.0449;/:0.0271"
purple,adjective,2,1,1154,ple,,-,layer_45,-,0.999899,5516,,1,-,0.131397,1619,,1,"-:0.9999;,:0.0001;"":0.0000;.:0.0000;_:0.0000","-:0.1314;_:0.0983;"":0.0661;):0.0538;,:0.0431"
purple,adjective,2,1,1154,ple,,-,layer_47,-,0.999846,7966,,1,-,0.123251,1978,,1,"-:0.9998;,:0.0002;"":0.0000;.:0.0000;Ġand:0.0000","-:0.1233;"":0.0637;,:0.0557;.:0.0529;):0.0500"
purple,adjective,2,1,1154,ple,,-,layer_48,-,0.999891,5939,,1,-,0.098961,1137,,1,"-:0.9999;,:0.0001;"":0.0000;.:0.0000;Ċ:0.0000","-:0.0990;"":0.0602;):0.0487;_:0.0461;.:0.0450"
purple,adjective,2,1,1154,ple,,-,final_logits,-,0.098961,1137,,1,,,,,,"-:0.0990;"":0.0602;):0.0487;_:0.0461;.:0.0450",
incomprehensible,adjective,5,0,259,in,785,-,emb,in,0.000108,1,745,10270,in,1.0,1,614,7781,in:0.0001;ins:0.0000;on:0.0000;at:0.0000;as:0.0000,in:1.0000;ins:0.0000;on:0.0000;at:0.0000;as:0.0000
incomprehensible,adjective,5,0,259,in,785,-,layer_1,ucha,0.002349,88,4460,818,vasive,0.012964,17,1252,49,ucha:0.0023;vasive:0.0023;jury:0.0020;milo:0.0016;cro:0.0014,vasive:0.0130;cluded:0.0044;jury:0.0035;her:0.0034;vent:0.0032
incomprehensible,adjective,5,0,259,in,785,-,layer_2,cro,0.011085,64,2649,56,cluded,0.005445,29,933,4,cro:0.0111;her:0.0075;acci:0.0073;one:0.0070;jury:0.0066,cluded:0.0054;her:0.0042;vent:0.0031;-:0.0021;vasive:0.0021
incomprehensible,adjective,5,0,259,in,785,-,layer_5,milo,0.15179,1127,1621,195,vent,0.013312,411,886,17,milo:0.1518;vent:0.0803;former:0.0691;cro:0.0443;jury:0.0437,vent:0.0133;Ġaddition:0.0088;cluded:0.0054;flation:0.0045;her:0.0042
incomprehensible,adjective,5,0,259,in,785,-,layer_11,://,1.0,45404,21531,45570,Ġand,0.00015,5624,1358,10,://:1.0000;clips:0.0000;:{:0.0000;wcsstore:0.0000;Ġ'/:0.0000,"Ġand:0.0001;,:0.0001;.:0.0001;Ġthat:0.0001;;:0.0001"
incomprehensible,adjective,5,0,259,in,785,-,layer_16,://,1.0,46213,23565,46813,Ġand,0.000141,6417,1783,15,://:1.0000;clips:0.0000;:{:0.0000;wcsstore:0.0000;Ġ'/:0.0000,"Ġand:0.0001;,:0.0001;Ġthat:0.0001;.:0.0001;;:0.0001"
incomprehensible,adjective,5,0,259,in,785,-,layer_21,://,1.0,46485,24279,47239,Ġand,0.000136,6747,1955,21,://:1.0000;clips:0.0000;:{:0.0000;wcsstore:0.0000;$:0.0000,"Ġand:0.0001;;:0.0001;Ġthat:0.0001;,:0.0001;.:0.0001"
incomprehensible,adjective,5,0,259,in,785,-,layer_27,://,1.0,46384,24147,46997,Ġand,0.000153,6040,2007,18,://:1.0000;clips:0.0000;:{:0.0000;):0.0000;(:0.0000,"Ġand:0.0002;,:0.0001;Ġthat:0.0001;.:0.0001;;:0.0001"
incomprehensible,adjective,5,0,259,in,785,-,layer_32,://,1.0,46241,23986,46627,Ġand,0.000172,5336,2084,17,://:1.0000;clips:0.0000;:{:0.0000;):0.0000;(:0.0000,"Ġand:0.0002;,:0.0002;Ġthat:0.0002;.:0.0002;;:0.0002"
incomprehensible,adjective,5,0,259,in,785,-,layer_37,://,1.0,45915,23506,46000,Ġand,0.000194,4445,2010,14,://:1.0000;clips:0.0000;:{:0.0000;):0.0000;(:0.0000,"Ġand:0.0002;,:0.0002;.:0.0002;Ġthat:0.0002;;:0.0002"
incomprehensible,adjective,5,0,259,in,785,-,layer_39,://,1.0,45702,23079,45620,Ġand,0.000206,3990,1889,14,://:1.0000;clips:0.0000;:{:0.0000;):0.0000;(:0.0000,"Ġand:0.0002;,:0.0002;.:0.0002;Ġthat:0.0002;;:0.0002"
incomprehensible,adjective,5,0,259,in,785,-,layer_41,://,1.0,45351,22494,44950,Ġand,0.000229,3299,1722,14,://:1.0000;clips:0.0000;:{:0.0000;Ġ'/:0.0000;Ġanyway:0.0000,"Ġand:0.0002;,:0.0002;.:0.0002;Ġthat:0.0002;;:0.0002"
incomprehensible,adjective,5,0,259,in,785,-,layer_43,://,1.0,44815,21645,43827,",",0.000276,2450,1496,11,://:1.0000;clips:0.0000;Ġanyway:0.0000;:{:0.0000;Ġ'/:0.0000,",:0.0003;Ġand:0.0003;.:0.0003;Ġthat:0.0002;;:0.0002"
incomprehensible,adjective,5,0,259,in,785,-,layer_45,://,1.0,42691,18596,38712,",",0.000481,1277,1155,5,://:1.0000;Ġanyway:0.0000;clips:0.0000;:{:0.0000;Ġ'/:0.0000,",:0.0005;Ġand:0.0005;.:0.0004;Ġthat:0.0004;-:0.0003"
incomprehensible,adjective,5,0,259,in,785,-,layer_47,-,0.468753,105,780,1,",",0.115913,86,520,2,"-:0.4688;,:0.4583;.:0.0432;Ġthe:0.0200;Ġand:0.0081",",:0.1159;-:0.0942;.:0.0620;Ġand:0.0417;Ġthe:0.0300"
incomprehensible,adjective,5,0,259,in,785,-,layer_48,-,0.934102,71,657,1,-,0.092238,73,535,1,"-:0.9341;Ġthe:0.0347;,:0.0295;Ġand:0.0007;.:0.0006","-:0.0922;,:0.0463;Ġthe:0.0280;.:0.0232;Ġand:0.0188"
incomprehensible,adjective,5,0,259,in,785,-,final_logits,-,0.092238,73,535,1,,,,,,"-:0.0922;,:0.0463;Ġthe:0.0280;.:0.0232;Ġand:0.0188",
incomprehensible,adjective,5,1,785,com,3866,pre,emb,com,0.000276,1,357,357,com,1.0,1,268,268,com:0.0003;Com:0.0001;COM:0.0001;org:0.0001;Ġcom:0.0001,com:1.0000;Com:0.0000;COM:0.0000;org:0.0000;Ġcom:0.0000
incomprehensible,adjective,5,1,785,com,3866,pre,layer_1,pleted,0.004622,63,2219,2219,pleted,0.193906,22,1069,1069,pleted:0.0046;puters:0.0033;puting:0.0018;bes:0.0012;position:0.0011,pleted:0.1939;puters:0.0504;fortable:0.0315;pletion:0.0258;bes:0.0209
incomprehensible,adjective,5,1,785,com,3866,pre,layer_2,pleted,0.053762,527,842,842,pleted,0.130607,105,252,252,pleted:0.0538;ple:0.0379;position:0.0170;Ġple:0.0149;puters:0.0125,pleted:0.1306;pletion:0.0416;ple:0.0185;fortable:0.0157;bes:0.0134
incomprehensible,adjective,5,1,785,com,3866,pre,layer_5,ple,0.209818,2877,434,434,pleted,0.036216,1046,112,112,ple:0.2098;Ġple:0.1791;position:0.0801;pleted:0.0566;Ġlac:0.0392,pleted:0.0362;pletion:0.0236;ple:0.0182;Ġple:0.0123;bes:0.0117
incomprehensible,adjective,5,1,785,com,3866,pre,layer_11,position,0.517436,3772,763,763,fortable,0.06842,1639,294,294,position:0.5174;otos:0.1865;ple:0.0556;plement:0.0421;pleted:0.0345,fortable:0.0684;position:0.0659;pletion:0.0547;parable:0.0511;pleted:0.0492
incomprehensible,adjective,5,1,785,com,3866,pre,layer_16,position,0.634081,12608,177,177,position,0.071002,9355,76,76,position:0.6341;ag:0.0735;ple:0.0578;ĠCycl:0.0376;posing:0.0370,position:0.0710;parable:0.0572;pleted:0.0449;pos:0.0391;fortable:0.0239
incomprehensible,adjective,5,1,785,com,3866,pre,layer_21,ag,0.651922,6044,205,205,unity,0.064646,4639,116,116,ag:0.6519;unity:0.1974;position:0.0516;lement:0.0309;od:0.0205,unity:0.0646;urable:0.0520;ag:0.0458;lement:0.0373;parable:0.0351
incomprehensible,adjective,5,1,785,com,3866,pre,layer_27,parable,0.953906,4254,53,53,parable,0.314153,3246,42,42,parable:0.9539;unity:0.0192;od:0.0132;ag:0.0064;ple:0.0023,parable:0.3142;unity:0.0367;pletion:0.0253;fortable:0.0171;ple:0.0170
incomprehensible,adjective,5,1,785,com,3866,pre,layer_32,parable,0.999253,4044,13,13,parable,0.54231,3822,12,12,parable:0.9993;unity:0.0003;ple:0.0002;est:0.0001;puting:0.0001,parable:0.5423;fortable:0.0315;unity:0.0283;putable:0.0225;ple:0.0219
incomprehensible,adjective,5,1,785,com,3866,pre,layer_37,parable,0.977408,1870,5,5,parable,0.55079,2202,9,9,parable:0.9774;est:0.0224;ple:0.0001;unity:0.0000;pre:0.0000,parable:0.5508;ple:0.0324;est:0.0295;putable:0.0279;unity:0.0273
incomprehensible,adjective,5,1,785,com,3866,pre,layer_39,parable,0.875451,1724,4,4,parable,0.505772,2141,7,7,parable:0.8755;est:0.1243;ple:0.0002;pre:0.0001;at:0.0000,parable:0.5058;ple:0.0346;est:0.0335;putable:0.0298;fortable:0.0264
incomprehensible,adjective,5,1,785,com,3866,pre,layer_41,parable,0.998177,1818,4,4,parable,0.541558,2398,3,3,parable:0.9982;est:0.0010;in:0.0005;pre:0.0002;ple:0.0000,parable:0.5416;ple:0.0351;pre:0.0307;pletion:0.0250;fortable:0.0238
incomprehensible,adjective,5,1,785,com,3866,pre,layer_43,in,0.599938,1470,3,3,parable,0.377502,2016,2,2,in:0.5999;parable:0.3041;pre:0.0925;est:0.0025;at:0.0007,parable:0.3775;pre:0.0827;ple:0.0513;pletion:0.0373;fortable:0.0201
incomprehensible,adjective,5,1,785,com,3866,pre,layer_45,in,0.966772,1590,2,2,parable,0.203776,2220,2,2,in:0.9668;pre:0.0323;est:0.0007;ing:0.0001;at:0.0001,parable:0.2038;pre:0.1435;ple:0.0357;in:0.0280;pletion:0.0245
incomprehensible,adjective,5,1,785,com,3866,pre,layer_47,in,0.99972,1244,2,2,pre,0.197666,1801,1,1,in:0.9997;pre:0.0003;ing:0.0000;-:0.0000;est:0.0000,pre:0.1977;parable:0.1315;in:0.0763;ple:0.0687;ming:0.0357
incomprehensible,adjective,5,1,785,com,3866,pre,layer_48,pre,0.914049,777,1,1,pre,0.325227,1316,1,1,pre:0.9140;in:0.0858;ing:0.0001;parable:0.0000;est:0.0000,pre:0.3252;parable:0.2025;ple:0.0728;in:0.0388;ming:0.0321
incomprehensible,adjective,5,1,785,com,3866,pre,final_logits,pre,0.325227,1316,1,1,,,,,,pre:0.3252;parable:0.2025;ple:0.0728;in:0.0388;ming:0.0321,
incomprehensible,adjective,5,2,3866,pre,5135,hens,emb,pre,0.000334,1,10792,10792,pre,1.0,1,10819,10819,pre:0.0003;Pre:0.0001;PRE:0.0001;ĠPre:0.0001;ĠPRE:0.0001,pre:1.0000;Pre:0.0000;PRE:0.0000;ĠPre:0.0000;ĠPRE:0.0000
incomprehensible,adjective,5,2,3866,pre,5135,hens,layer_1,viously,0.009272,10,55,55,viously,0.079011,3,60,60,viously:0.0093;fab:0.0075;occupied:0.0069;cise:0.0055;pared:0.0045,viously:0.0790;cedented:0.0414;pre:0.0389;pared:0.0337;cise:0.0325
incomprehensible,adjective,5,2,3866,pre,5135,hens,layer_2,viously,0.128491,32,10,10,cise,0.081654,15,11,11,viously:0.1285;cise:0.1206;pared:0.0652;orders:0.0436;fab:0.0405,cise:0.0817;viously:0.0749;pared:0.0672;cedented:0.0606;fer:0.0476
incomprehensible,adjective,5,2,3866,pre,5135,hens,layer_5,fab,0.265456,101,7,7,ferred,0.094839,43,6,6,fab:0.2655;cise:0.2058;pared:0.1146;viously:0.1012;orders:0.0947,ferred:0.0948;cise:0.0473;pared:0.0445;fer:0.0411;viously:0.0235
incomprehensible,adjective,5,2,3866,pre,5135,hens,layer_11,pared,0.821954,148,2,2,pared,0.318625,70,3,3,pared:0.8220;hens:0.1294;occupied:0.0130;hend:0.0080;fab:0.0073,pared:0.3186;ferred:0.1160;hens:0.0842;cedented:0.0370;vious:0.0229
incomprehensible,adjective,5,2,3866,pre,5135,hens,layer_16,pared,0.898538,252,2,2,pared,0.379998,131,2,2,pared:0.8985;hens:0.0846;vious:0.0133;cedented:0.0019;hend:0.0005,pared:0.3800;hens:0.0895;vious:0.0790;cedented:0.0445;ferred:0.0347
incomprehensible,adjective,5,2,3866,pre,5135,hens,layer_21,cedented,0.930034,362,2,2,cedented,0.463329,201,3,3,cedented:0.9300;hens:0.0487;pared:0.0184;vious:0.0029;cession:0.0000,cedented:0.4633;pared:0.0950;hens:0.0947;vious:0.0630;ational:0.0158
incomprehensible,adjective,5,2,3866,pre,5135,hens,layer_27,hens,0.982356,175,1,1,hens,0.391468,106,1,1,hens:0.9824;vious:0.0100;cedented:0.0068;pared:0.0009;viously:0.0000,hens:0.3915;vious:0.1736;cedented:0.1675;pared:0.0674;viously:0.0199
incomprehensible,adjective,5,2,3866,pre,5135,hens,layer_32,hens,0.999995,298,1,1,hens,0.828618,216,1,1,hens:1.0000;vious:0.0000;cedented:0.0000;pared:0.0000;cious:0.0000,hens:0.8286;vious:0.0653;cedented:0.0436;pared:0.0182;cious:0.0065
incomprehensible,adjective,5,2,3866,pre,5135,hens,layer_37,hens,1.0,199,1,1,hens,0.946322,151,1,1,hens:1.0000;vious:0.0000;hend:0.0000;cedented:0.0000;cious:0.0000,hens:0.9463;vious:0.0240;hend:0.0057;cedented:0.0051;pared:0.0034
incomprehensible,adjective,5,2,3866,pre,5135,hens,layer_39,hens,1.0,196,1,1,hens,0.984614,160,1,1,hens:1.0000;hend:0.0000;vious:0.0000;cious:0.0000;pared:0.0000,hens:0.9846;vious:0.0058;hend:0.0041;cious:0.0009;pared:0.0009
incomprehensible,adjective,5,2,3866,pre,5135,hens,layer_41,hens,1.0,176,1,1,hens,0.994896,141,1,1,hens:1.0000;hend:0.0000;vious:0.0000;cious:0.0000;cedented:0.0000,hens:0.9949;hend:0.0014;vious:0.0007;cedented:0.0005;pared:0.0004
incomprehensible,adjective,5,2,3866,pre,5135,hens,layer_43,hens,1.0,196,1,1,hens,0.997706,146,1,1,hens:1.0000;hend:0.0000;hent:0.0000;h:0.0000;cious:0.0000,hens:0.9977;hend:0.0009;vious:0.0002;cedented:0.0001;ÂŃ:0.0001
incomprehensible,adjective,5,2,3866,pre,5135,hens,layer_45,hens,1.0,339,1,1,hens,0.99698,186,1,1,hens:1.0000;hend:0.0000;hen:0.0000;hent:0.0000;h:0.0000,hens:0.9970;hend:0.0015;hen:0.0002;hent:0.0002;ÂŃ:0.0001
incomprehensible,adjective,5,2,3866,pre,5135,hens,layer_47,hens,1.0,294,1,1,hens,0.996628,229,1,1,hens:1.0000;hend:0.0000;hent:0.0000;hen:0.0000;he:0.0000,hens:0.9966;hend:0.0027;hent:0.0002;hen:0.0001;he:0.0000
incomprehensible,adjective,5,2,3866,pre,5135,hens,layer_48,hens,1.0,296,1,1,hens,0.994656,260,1,1,hens:1.0000;hend:0.0000;hent:0.0000;he:0.0000;hen:0.0000,hens:0.9947;hend:0.0044;hent:0.0004;hen:0.0002;he:0.0001
incomprehensible,adjective,5,2,3866,pre,5135,hens,final_logits,hens,0.994656,260,1,1,,,,,,hens:0.9947;hend:0.0044;hent:0.0004;hen:0.0002;he:0.0001,
incomprehensible,adjective,5,3,5135,hens,856,ible,emb,hens,0.002818,1,7235,7235,hens,1.0,1,6768,6768,hens:0.0028;hen:0.0002;Č:0.0001;ö:0.0001;ď:0.0001,hens:1.0000;hen:0.0000;hend:0.0000;ö:0.0000;Č:0.0000
incomprehensible,adjective,5,3,5135,hens,856,ible,layer_1,hens,0.034943,1,285,285,hens,0.457888,1,114,114,hens:0.0349;burg:0.0112;ensibly:0.0098;KY:0.0045;pei:0.0032,hens:0.4579;burg:0.1412;ensibly:0.0571;omo:0.0055;iation:0.0052
incomprehensible,adjective,5,3,5135,hens,856,ible,layer_2,burg,0.039459,2,1119,1119,burg,0.093885,2,287,287,burg:0.0395;hens:0.0387;KY:0.0179;oner:0.0130;ensibly:0.0129,burg:0.0939;hens:0.0467;hed:0.0236;ensibly:0.0169;haw:0.0114
incomprehensible,adjective,5,3,5135,hens,856,ible,layer_5,burg,0.192105,22,149,149,burg,0.049964,22,36,36,burg:0.1921;oup:0.0793;omo:0.0416;agan:0.0341;yon:0.0262,burg:0.0500;hed:0.0199;omo:0.0151;oup:0.0091;ive:0.0077
incomprehensible,adjective,5,3,5135,hens,856,ible,layer_11,ible,0.838051,880,1,1,ible,0.476412,1370,1,1,ible:0.8381;ive:0.1353;ibly:0.0080;ILE:0.0035;ibles:0.0030,ible:0.4764;ive:0.1413;ibly:0.0222;ibility:0.0212;ibles:0.0173
incomprehensible,adjective,5,3,5135,hens,856,ible,layer_16,ive,0.515291,1047,2,2,ible,0.39114,1662,1,1,ive:0.5153;ible:0.4754;ured:0.0060;ibly:0.0012;ively:0.0005,ible:0.3911;ive:0.2953;ibility:0.0229;ibly:0.0179;ured:0.0165
incomprehensible,adjective,5,3,5135,hens,856,ible,layer_21,ible,0.999762,468,1,1,ible,0.800372,689,1,1,ible:0.9998;ive:0.0001;ibility:0.0000;ibly:0.0000;ured:0.0000,ible:0.8004;ibility:0.0389;ive:0.0288;hip:0.0213;ibly:0.0178
incomprehensible,adjective,5,3,5135,hens,856,ible,layer_27,ible,0.999986,1800,1,1,ible,0.91515,2050,1,1,ible:1.0000;ibly:0.0000;ive:0.0000;ibility:0.0000;ion:0.0000,ible:0.9151;ibility:0.0282;ibly:0.0227;ive:0.0174;ibles:0.0021
incomprehensible,adjective,5,3,5135,hens,856,ible,layer_32,ible,0.999989,1272,1,1,ible,0.94069,1334,1,1,ible:1.0000;ive:0.0000;ibly:0.0000;ibility:0.0000;able:0.0000,ible:0.9407;ive:0.0361;ibly:0.0083;ibility:0.0051;ibles:0.0021
incomprehensible,adjective,5,3,5135,hens,856,ible,layer_37,ible,0.999513,2401,1,1,ible,0.85709,2058,1,1,ible:0.9995;ive:0.0005;ion:0.0000;ibly:0.0000;ibility:0.0000,ible:0.8571;ive:0.1097;ibly:0.0111;ibility:0.0087;ion:0.0069
incomprehensible,adjective,5,3,5135,hens,856,ible,layer_39,ible,0.996697,2249,1,1,ible,0.793729,1825,1,1,ible:0.9967;ive:0.0033;ion:0.0000;ibly:0.0000;ibility:0.0000,ible:0.7937;ive:0.1547;ibility:0.0190;ibly:0.0180;ion:0.0080
incomprehensible,adjective,5,3,5135,hens,856,ible,layer_41,ible,0.999806,4890,1,1,ible,0.847491,4165,1,1,ible:0.9998;ive:0.0002;ion:0.0000;ibly:0.0000;ibility:0.0000,ible:0.8475;ive:0.0986;ibility:0.0182;ibly:0.0147;ion:0.0135
incomprehensible,adjective,5,3,5135,hens,856,ible,layer_43,ible,0.999277,5271,1,1,ible,0.784903,4005,1,1,ible:0.9993;ive:0.0007;ion:0.0000;ibility:0.0000;ibly:0.0000,ible:0.7849;ive:0.1246;ion:0.0358;ibility:0.0271;ibly:0.0200
incomprehensible,adjective,5,3,5135,hens,856,ible,layer_45,ible,0.999368,6824,1,1,ible,0.760209,4927,1,1,ible:0.9994;ive:0.0004;ion:0.0002;ibly:0.0000;ibility:0.0000,ible:0.7602;ive:0.1304;ion:0.0645;ibility:0.0199;ibly:0.0178
incomprehensible,adjective,5,3,5135,hens,856,ible,layer_47,ible,0.756279,7024,1,1,ible,0.559323,3487,1,1,ible:0.7563;ion:0.1722;ive:0.0715;ibly:0.0000;ibility:0.0000,ible:0.5593;ive:0.2320;ion:0.1443;ibly:0.0209;ibility:0.0186
incomprehensible,adjective,5,3,5135,hens,856,ible,layer_48,ible,0.879286,6020,1,1,ible,0.569747,2884,1,1,ible:0.8793;ion:0.0643;ive:0.0565;ibly:0.0000;ibility:0.0000,ible:0.5697;ive:0.2349;ion:0.1336;ibly:0.0204;ibility:0.0153
incomprehensible,adjective,5,3,5135,hens,856,ible,final_logits,ible,0.569747,2884,1,1,,,,,,ible:0.5697;ive:0.2349;ion:0.1336;ibly:0.0204;ibility:0.0153,
incomprehensible,adjective,5,4,856,ible,,.,emb,ible,0.00097,1,,49929,ible,1.0,1,,49565,ible:0.0010;ibles:0.0002;IBLE:0.0002;ibility:0.0002;ibly:0.0002,ible:1.0000;ibles:0.0000;IBLE:0.0000;ibility:0.0000;ibly:0.0000
incomprehensible,adjective,5,4,856,ible,,.,layer_1,ible,0.002413,1,,1628,ible,0.593797,1,,535,ible:0.0024;acle:0.0006;Ġmold:0.0005;Ġsc:0.0005;ich:0.0005,ible:0.5938;ibly:0.0065;acle:0.0060;otal:0.0036;Ġsecond:0.0033
incomprehensible,adjective,5,4,856,ible,,.,layer_2,Ġmold,0.00583,11,,1217,ible,0.00596,1,,242,Ġmold:0.0058;acle:0.0024;Ġmine:0.0024;Ġpedestrian:0.0022;ich:0.0022,ible:0.0060;Ġ416:0.0052;Ġmold:0.0044;Ġwoo:0.0029;y:0.0027
incomprehensible,adjective,5,4,856,ible,,.,layer_5,Ġmold,0.017445,39,,800,Ġoff,0.004122,4,,145,Ġmold:0.0174;Ġpedestrian:0.0174;Ġmine:0.0168;ĠTome:0.0150;Ġoff:0.0118,Ġoff:0.0041;Ġh:0.0038;ĠAtlas:0.0036;ible:0.0036;Ġunder:0.0029
incomprehensible,adjective,5,4,856,ible,,.,layer_11,Ġracist,0.067255,29,,1153,Ġracist,0.00707,3,,298,Ġracist:0.0673;Ġdread:0.0614;Ġmold:0.0380;ĠGothic:0.0311;ĠWC:0.0289,Ġracist:0.0071;Ġsuperst:0.0054;ible:0.0046;Ġportions:0.0039;ĠMap:0.0037
incomprehensible,adjective,5,4,856,ible,,.,layer_16,Ġdecorative,0.149113,13,,1340,ible,0.013269,1,,561,Ġdecorative:0.1491;Ġdread:0.0639;Ġswast:0.0428;Ġracist:0.0414;Ġvisual:0.0404,ible:0.0133;Ġportions:0.0081;Ġaloud:0.0069;Ġdecoration:0.0058;Ġexplanations:0.0057
incomprehensible,adjective,5,4,856,ible,,.,layer_21,Ġvisual,0.500128,19,,63,Ġvisual,0.01398,2,,21,Ġvisual:0.5001;Ġnature:0.1305;Ġparts:0.0601;Ġcondition:0.0297;Ġterms:0.0236,Ġvisual:0.0140;ible:0.0121;Ġportions:0.0115;Ġnature:0.0106;Ġquantities:0.0094
incomprehensible,adjective,5,4,856,ible,,.,layer_27,Ġhorrors,0.773655,45,,38,Ġdepths,0.01467,7,,26,Ġhorrors:0.7737;Ġnature:0.0482;ly:0.0306;Ġvisual:0.0239;Ġthoughts:0.0222,Ġdepths:0.0147;]:0.0144;Ġhorrors:0.0138;Ġportions:0.0109;Ġquantities:0.0106
incomprehensible,adjective,5,4,856,ible,,.,layer_32,"""",0.386029,798,,2,.,0.021485,131,,1,""":0.3860;.:0.2354;,:0.1596;Ġlanguage:0.1107;Ġgib:0.0525",".:0.0215;"":0.0197;]:0.0189;Ġgib:0.0155;ly:0.0121"
incomprehensible,adjective,5,4,856,ible,,.,layer_37,Ġlanguage,0.548663,1780,,6,Ġgib,0.041796,503,,3,"Ġlanguage:0.5487;Ġgib:0.2029;Ġwords:0.1364;"":0.0747;,:0.0233","Ġgib:0.0418;"":0.0307;.:0.0306;]:0.0257;Ġlanguage:0.0255"
incomprehensible,adjective,5,4,856,ible,,.,layer_39,"""",0.973611,2683,,4,"""",0.078606,853,,3,""":0.9736;Ġgib:0.0224;Ġlanguage:0.0016;.:0.0015;,:0.0005",""":0.0786;Ġgib:0.0480;.:0.0402;]:0.0384;):0.0219"
incomprehensible,adjective,5,4,856,ible,,.,layer_41,Ġlanguage,0.429995,4323,,5,Ġgib,0.047746,1591,,3,"Ġlanguage:0.4300;"":0.3314;Ġgib:0.1656;Ġwords:0.0382;.:0.0261","Ġgib:0.0477;"":0.0474;.:0.0437;Ġlanguage:0.0335;]:0.0251"
incomprehensible,adjective,5,4,856,ible,,.,layer_43,.,0.813365,6262,,1,.,0.09368,2649,,1,".:0.8134;,:0.0951;"":0.0906;Ġgib:0.0006;Ġlanguage:0.0003",".:0.0937;"":0.0574;,:0.0397;Ġgib:0.0393;Ġlanguage:0.0224"
incomprehensible,adjective,5,4,856,ible,,.,layer_45,",",0.886383,8708,,2,.,0.107657,4291,,1,",:0.8864;.:0.1130;"":0.0006;Ġand:0.0000;Ġwords:0.0000",".:0.1077;,:0.0724;"":0.0593;."":0.0223;Ġand:0.0219"
incomprehensible,adjective,5,4,856,ible,,.,layer_47,",",0.958696,9503,,2,.,0.104444,4858,,1,",:0.9587;.:0.0413;"":0.0000;Ġand:0.0000;Ġto:0.0000",".:0.1044;,:0.0764;"":0.0535;Ġand:0.0250;."":0.0229"
incomprehensible,adjective,5,4,856,ible,,.,layer_48,",",0.862013,7730,,2,.,0.128273,3915,,1,",:0.8620;.:0.1380;"":0.0000;Ġand:0.0000;Ġto:0.0000",".:0.1283;,:0.0849;"":0.0680;."":0.0275;Ġand:0.0260"
incomprehensible,adjective,5,4,856,ible,,.,final_logits,.,0.128273,3915,,1,,,,,,".:0.1283;,:0.0849;"":0.0680;."":0.0275;Ġand:0.0260",
quickly,adverb,2,0,24209,quick,306,ly,emb,quick,0.000639,1,42912,42912,quick,1.0,1,40319,40319,quick:0.0006;Quick:0.0001;ĠQuick:0.0001;fast:0.0001;Ġquick:0.0001,quick:1.0000;Quick:0.0000;ĠQuick:0.0000;Ġquick:0.0000;fast:0.0000
quickly,adverb,2,0,24209,quick,306,ly,layer_1,ĠClay,0.0042,42,78,78,ening,0.01102,31,5,5,ĠClay:0.0042;Ġedit:0.0039;Ġtodd:0.0035;Ġrefresh:0.0029;ening:0.0024,ening:0.0110;ened:0.0100;Ġrefresh:0.0045;est:0.0042;ly:0.0028
quickly,adverb,2,0,24209,quick,306,ly,layer_2,Ġdrill,0.057778,2026,34,34,ening,0.015872,3374,7,7,Ġdrill:0.0578;Ġedit:0.0482;Ġupdate:0.0374;ening:0.0282;Ġchange:0.0184,ening:0.0159;ened:0.0080;Ġchange:0.0048;est:0.0042;Ġupdate:0.0041
quickly,adverb,2,0,24209,quick,306,ly,layer_5,Ġupdate,0.440244,5818,15,15,ening,0.044183,11371,6,6,Ġupdate:0.4402;ening:0.3023;Ġnews:0.0274;ened:0.0244;Ġturnaround:0.0169,ening:0.0442;Ġupdate:0.0211;ened:0.0198;Ġnews:0.0115;ness:0.0105
quickly,adverb,2,0,24209,quick,306,ly,layer_11,://,1.0,2118,31768,31768,Ġand,0.000167,15146,289,289,://:1.0000;clips:0.0000;:{:0.0000;wcsstore:0.0000;Ġ'/:0.0000,"Ġand:0.0002;,:0.0002;.:0.0002;Ġthat:0.0001;;:0.0001"
quickly,adverb,2,0,24209,quick,306,ly,layer_16,://,1.0,2117,35317,35317,Ġand,0.00015,15499,671,671,://:1.0000;clips:0.0000;:{:0.0000;wcsstore:0.0000;Ġ'/:0.0000,"Ġand:0.0001;,:0.0001;.:0.0001;;:0.0001;Ġthat:0.0001"
quickly,adverb,2,0,24209,quick,306,ly,layer_21,://,1.0,2153,36279,36279,Ġand,0.000143,15653,799,799,://:1.0000;clips:0.0000;:{:0.0000;wcsstore:0.0000;$:0.0000,"Ġand:0.0001;;:0.0001;,:0.0001;.:0.0001;Ġthat:0.0001"
quickly,adverb,2,0,24209,quick,306,ly,layer_27,://,1.0,2146,35874,35874,Ġand,0.00016,16244,715,715,://:1.0000;clips:0.0000;:{:0.0000;):0.0000;(:0.0000,"Ġand:0.0002;,:0.0002;.:0.0002;Ġthat:0.0002;;:0.0002"
quickly,adverb,2,0,24209,quick,306,ly,layer_32,://,1.0,2095,35434,35434,Ġand,0.00018,16465,635,635,://:1.0000;clips:0.0000;):0.0000;%:0.0000;*:0.0000,"Ġand:0.0002;,:0.0002;.:0.0002;Ġthat:0.0002;;:0.0002"
quickly,adverb,2,0,24209,quick,306,ly,layer_37,://,1.0,2029,34478,34478,Ġand,0.000203,16559,513,513,://:1.0000;clips:0.0000;):0.0000;%:0.0000;*:0.0000,"Ġand:0.0002;,:0.0002;.:0.0002;Ġthat:0.0002;;:0.0002"
quickly,adverb,2,0,24209,quick,306,ly,layer_39,://,1.0,1974,33866,33866,Ġand,0.000216,16432,461,461,://:1.0000;clips:0.0000;):0.0000;%:0.0000;*:0.0000,"Ġand:0.0002;,:0.0002;.:0.0002;Ġthat:0.0002;;:0.0002"
quickly,adverb,2,0,24209,quick,306,ly,layer_41,://,1.0,1893,32897,32897,Ġand,0.000241,16251,376,376,://:1.0000;clips:0.0000;:{:0.0000;):0.0000;(:0.0000,"Ġand:0.0002;,:0.0002;.:0.0002;Ġthat:0.0002;;:0.0002"
quickly,adverb,2,0,24209,quick,306,ly,layer_43,://,1.0,1749,31337,31337,",",0.00029,15769,271,271,://:1.0000;clips:0.0000;Ġanyway:0.0000;:{:0.0000;Ġ'/:0.0000,",:0.0003;Ġand:0.0003;.:0.0003;Ġthat:0.0003;;:0.0002"
quickly,adverb,2,0,24209,quick,306,ly,layer_45,://,1.0,1628,25057,25057,",",0.000511,15311,156,156,://:1.0000;clips:0.0000;Ġanyway:0.0000;:{:0.0000;Ġ'/:0.0000,",:0.0005;Ġand:0.0005;.:0.0005;Ġthat:0.0004;Ġto:0.0003"
quickly,adverb,2,0,24209,quick,306,ly,layer_47,-,0.426273,4612,9,9,",",0.14378,5457,7,7,"-:0.4263;,:0.4085;.:0.1502;Ġand:0.0143;Ġto:0.0003",",:0.1438;-:0.1116;.:0.0946;Ġand:0.0578;Ġto:0.0257"
quickly,adverb,2,0,24209,quick,306,ly,layer_48,-,0.697771,5676,2,2,ly,0.199393,2624,1,1,"-:0.6978;ly:0.2831;,:0.0146;Ġand:0.0025;_:0.0009","ly:0.1994;-:0.0674;_:0.0397;,:0.0307;.:0.0220"
quickly,adverb,2,0,24209,quick,306,ly,final_logits,ly,0.199393,2624,1,1,,,,,,"ly:0.1994;-:0.0674;_:0.0397;,:0.0307;.:0.0220",
quickly,adverb,2,1,306,ly,,"""",emb,ly,0.000256,1,,8268,ly,1.0,1,,6037,ly:0.0003;LY:0.0001;lys:0.0001;liness:0.0001;liest:0.0001,ly:1.0000;LY:0.0000;lys:0.0000;liness:0.0000;liest:0.0000
quickly,adverb,2,1,306,ly,,"""",layer_1,Ġguided,0.000972,617,,7912,Ġguided,0.006841,149,,3763,Ġguided:0.0010;Ġorganized:0.0010;Ġdivided:0.0009;Ġorganised:0.0008;ague:0.0008,Ġguided:0.0068;Ġavoid:0.0048;Ġstop:0.0047;Ġdivided:0.0046;Ġwander:0.0045
quickly,adverb,2,1,306,ly,,"""",layer_2,Ġguided,0.020713,6477,,6278,Ġguided,0.011733,2714,,2636,Ġguided:0.0207;Ġorganized:0.0099;Ġdivided:0.0051;Ġtouched:0.0050;Ġorganizing:0.0043,Ġguided:0.0117;Ġfocused:0.0037;Ġfind:0.0034;Ġhandled:0.0030;Ġnamed:0.0028
quickly,adverb,2,1,306,ly,,"""",layer_5,Ġorganized,0.044913,9837,,2210,Ġdisc,0.003538,6038,,757,Ġorganized:0.0449;Ġtouched:0.0211;Ġdisc:0.0209;Ġguided:0.0172;Ġflyer:0.0158,Ġdisc:0.0035;Ġfocused:0.0031;Ġguided:0.0025;Ġbuild:0.0024;Ġthought:0.0023
quickly,adverb,2,1,306,ly,,"""",layer_11,Ġgroom,0.050208,1853,,113,Ġnamed,0.021512,1010,,24,Ġgroom:0.0502;Ġnamed:0.0444;Ġflyer:0.0421;Ġthought:0.0379;Ġsensitive:0.0141,Ġnamed:0.0215;Ġthought:0.0107;Ġpick:0.0057;Ġmobile:0.0054;Ġsensitive:0.0054
quickly,adverb,2,1,306,ly,,"""",layer_16,Ġmoving,0.385888,560,,90,Ġenough,0.031601,364,,34,Ġmoving:0.3859;Ġmoved:0.0672;Ġvisible:0.0475;Ġmove:0.0436;Ġshut:0.0411,Ġenough:0.0316;Ġmoving:0.0262;Ġvisible:0.0133;Ġto:0.0100;Ġshut:0.0073
quickly,adverb,2,1,306,ly,,"""",layer_21,Ġmoving,0.724694,59,,98,Ġenough,0.057364,45,,68,Ġmoving:0.7247;Ġmove:0.0605;Ġmoved:0.0559;Ġdispatched:0.0299;Ġassembled:0.0275,Ġenough:0.0574;Ġmoving:0.0238;Ġdispatched:0.0170;Ġassembled:0.0105;Ġglance:0.0086
quickly,adverb,2,1,306,ly,,"""",layer_27,Ġmoving,0.931799,331,,46,Ġenough,0.084152,348,,55,Ġmoving:0.9318;Ġenough:0.0219;Ġmoved:0.0151;Ġthereafter:0.0120;Ġshut:0.0067,Ġenough:0.0842;Ġmoving:0.0234;Ġthereafter:0.0216;Ġdispatched:0.0155;Ġexecuted:0.0104
quickly,adverb,2,1,306,ly,,"""",layer_32,Ġmoving,0.917319,326,,5,Ġenough,0.083557,369,,4,"Ġmoving:0.9173;Ġmove:0.0446;Ġenough:0.0220;Ġthereafter:0.0079;"":0.0045","Ġenough:0.0836;Ġthereafter:0.0247;Ġmoving:0.0192;"":0.0124;Ġrealized:0.0111"
quickly,adverb,2,1,306,ly,,"""",layer_37,Ġmoving,0.849174,524,,2,Ġenough,0.031883,596,,2,"Ġmoving:0.8492;"":0.0795;Ġmoved:0.0344;Ġmove:0.0305;Ġand:0.0051","Ġenough:0.0319;"":0.0244;Ġmoving:0.0184;Ġand:0.0181;Ġrealized:0.0151"
quickly,adverb,2,1,306,ly,,"""",layer_39,"""",0.991573,636,,1,"""",0.054081,704,,1,""":0.9916;Ġmoving:0.0038;Ġmove:0.0025;Ġmoved:0.0020;Ġand:0.0001",""":0.0541;Ġenough:0.0187;Ġand:0.0175;]:0.0153;Ġrealized:0.0151"
quickly,adverb,2,1,306,ly,,"""",layer_41,"""",0.851571,710,,1,"""",0.036317,776,,1,""":0.8516;Ġmove:0.0825;Ġmoved:0.0620;Ġmoving:0.0025;Ġturn:0.0007",""":0.0363;Ġrealized:0.0190;Ġand:0.0178;):0.0143;]:0.0133"
quickly,adverb,2,1,306,ly,,"""",layer_43,"""",0.888345,689,,1,"""",0.031831,733,,1,""":0.8883;Ġmoved:0.0649;Ġand:0.0242;Ġmove:0.0171;,:0.0041",""":0.0318;Ġand:0.0255;Ġrealized:0.0178;,:0.0156;.:0.0137"
quickly,adverb,2,1,306,ly,,"""",layer_45,"""",0.998271,842,,1,"""",0.063924,1010,,1,""":0.9983;Ġand:0.0010;,:0.0007;Ġmove:0.0000;Ġmoved:0.0000",""":0.0639;Ġand:0.0339;,:0.0250;.:0.0160;):0.0125"
quickly,adverb,2,1,306,ly,,"""",layer_47,",",0.885112,742,,2,"""",0.040681,1027,,1,",:0.8851;"":0.0679;Ġand:0.0469;.:0.0000;':0.0000",""":0.0407;Ġand:0.0331;,:0.0323;.:0.0229;':0.0161"
quickly,adverb,2,1,306,ly,,"""",layer_48,",",0.679788,661,,2,"""",0.064572,845,,1,",:0.6798;"":0.3146;Ġand:0.0056;.:0.0000;':0.0000",""":0.0646;,:0.0468;Ġand:0.0408;.:0.0329;':0.0220"
quickly,adverb,2,1,306,ly,,"""",final_logits,"""",0.064572,845,,1,,,,,,""":0.0646;,:0.0468;Ġand:0.0408;.:0.0329;':0.0220",
very,adverb,1,0,548,very,,Ġgood,emb,very,0.000219,1,,41529,very,1.0,1,,39062,very:0.0002;extremely:0.0001;Very:0.0001;highly:0.0001;quite:0.0001,very:1.0000;extremely:0.0000;Very:0.0000;highly:0.0000;quite:0.0000
very,adverb,1,0,548,very,,Ġgood,layer_1,cro,0.007458,90,,2792,cro,0.002042,3,,561,cro:0.0075;ĠFlore:0.0061;ĠClay:0.0045;yon:0.0038;milo:0.0033,cro:0.0020;Ġoak:0.0014;very:0.0013;ĠFlore:0.0012;ĠRockefeller:0.0011
very,adverb,1,0,548,very,,Ġgood,layer_2,ĠClay,0.051706,82,,216,Ġfine,0.002138,11,,25,ĠClay:0.0517;cro:0.0326;ĠFlore:0.0225;fine:0.0163;cling:0.0136,Ġfine:0.0021;Ġinteresting:0.0020;Ġuseful:0.0019;Ġrarely:0.0014;Ġpowerful:0.0013
very,adverb,1,0,548,very,,Ġgood,layer_5,cling,0.219885,321,,15,Ġspecial,0.012661,120,,4,cling:0.2199;Ġfine:0.0729;fine:0.0681;ones:0.0562;cro:0.0411,Ġspecial:0.0127;Ġmuch:0.0071;Ġimportant:0.0055;Ġgood:0.0045;Ġpowerful:0.0042
very,adverb,1,0,548,very,,Ġgood,layer_11,://,1.0,45407,,40136,Ġand,0.000148,34375,,668,://:1.0000;clips:0.0000;:{:0.0000;wcsstore:0.0000;Ġ'/:0.0000,"Ġand:0.0001;,:0.0001;.:0.0001;Ġthat:0.0001;;:0.0001"
very,adverb,1,0,548,very,,Ġgood,layer_16,://,1.0,46052,,42850,Ġand,0.00014,38029,,1583,://:1.0000;clips:0.0000;:{:0.0000;wcsstore:0.0000;Ġ'/:0.0000,"Ġand:0.0001;;:0.0001;.:0.0001;,:0.0001;Ġthat:0.0001"
very,adverb,1,0,548,very,,Ġgood,layer_21,://,1.0,46181,,43562,Ġand,0.000135,38853,,2035,://:1.0000;clips:0.0000;:{:0.0000;wcsstore:0.0000;$:0.0000,"Ġand:0.0001;;:0.0001;.:0.0001;,:0.0001;Ġthat:0.0001"
very,adverb,1,0,548,very,,Ġgood,layer_27,://,1.0,46298,,43297,Ġand,0.000152,38897,,1666,://:1.0000;clips:0.0000;:{:0.0000;wcsstore:0.0000;$:0.0000,"Ġand:0.0002;,:0.0001;Ġthat:0.0001;;:0.0001;.:0.0001"
very,adverb,1,0,548,very,,Ġgood,layer_32,://,1.0,46380,,42935,Ġand,0.000171,38945,,1351,://:1.0000;clips:0.0000;:{:0.0000;):0.0000;(:0.0000,"Ġand:0.0002;,:0.0002;Ġthat:0.0002;.:0.0002;;:0.0002"
very,adverb,1,0,548,very,,Ġgood,layer_37,://,1.0,46356,,42184,Ġand,0.000194,38479,,1063,://:1.0000;clips:0.0000;:{:0.0000;):0.0000;(:0.0000,"Ġand:0.0002;,:0.0002;.:0.0002;Ġthat:0.0002;;:0.0002"
very,adverb,1,0,548,very,,Ġgood,layer_39,://,1.0,46326,,41721,Ġand,0.000206,38089,,922,://:1.0000;clips:0.0000;:{:0.0000;):0.0000;(:0.0000,"Ġand:0.0002;,:0.0002;.:0.0002;Ġthat:0.0002;;:0.0002"
very,adverb,1,0,548,very,,Ġgood,layer_41,://,1.0,46205,,41047,",",0.00023,37398,,722,://:1.0000;clips:0.0000;:{:0.0000;Ġ'/:0.0000;Ġanyway:0.0000,",:0.0002;Ġand:0.0002;.:0.0002;Ġthat:0.0002;;:0.0002"
very,adverb,1,0,548,very,,Ġgood,layer_43,://,1.0,46030,,39819,",",0.00028,35624,,488,://:1.0000;clips:0.0000;Ġanyway:0.0000;:{:0.0000;Ġ'/:0.0000,",:0.0003;Ġand:0.0003;.:0.0003;Ġthat:0.0002;;:0.0002"
very,adverb,1,0,548,very,,Ġgood,layer_45,://,1.0,45380,,34596,",",0.000503,30212,,239,://:1.0000;Ġanyway:0.0000;clips:0.0000;:{:0.0000;.(:0.0000,",:0.0005;Ġand:0.0005;.:0.0005;Ġthat:0.0004;;:0.0003"
very,adverb,1,0,548,very,,Ġgood,layer_47,",",0.634821,2195,,12,",",0.093265,1843,,17,",:0.6348;.:0.3074;-:0.0514;Ġand:0.0031;Ġof:0.0007",",:0.0933;.:0.0590;-:0.0364;Ġand:0.0220;Ġin:0.0170"
very,adverb,1,0,548,very,,Ġgood,layer_48,-,0.608139,1968,,2,Ġgood,0.039933,1325,,1,"-:0.6081;Ġgood:0.2536;,:0.1186;Ġwell:0.0119;.:0.0026","Ġgood:0.0399;-:0.0344;,:0.0277;Ġwell:0.0237;Ġimportant:0.0208"
very,adverb,1,0,548,very,,Ġgood,final_logits,Ġgood,0.039933,1325,,1,,,,,,"Ġgood:0.0399;-:0.0344;,:0.0277;Ġwell:0.0237;Ġimportant:0.0208",
often,adverb,1,0,28950,often,,",",emb,often,0.00021,1,,50257,often,1.0,1,,50256,often:0.0002;sometimes:0.0001;usually:0.0001;typically:0.0001;Often:0.0001,often:1.0000;sometimes:0.0000;usually:0.0000;typically:0.0000;Often:0.0000
often,adverb,1,0,28950,often,,",",layer_1,Ġstagger,0.01239,152,,14715,entimes,0.010278,21,,4472,Ġstagger:0.0124;entimes:0.0030;ĠFlore:0.0028;Ġbackstage:0.0027;Ġmislead:0.0027,entimes:0.0103;Ġstagger:0.0033;Ġmislead:0.0017;Ġrec:0.0012;Ġseas:0.0009
often,adverb,1,0,28950,often,,",",layer_2,Ġstagger,0.120477,476,,4104,entimes,0.013377,385,,657,Ġstagger:0.1205;Ġdeploy:0.0230;entimes:0.0192;ĠFlore:0.0141;Ġjam:0.0076,entimes:0.0134;Ġstagger:0.0034;Ġreferred:0.0021;Ġtimes:0.0020;Ġused:0.0015
often,adverb,1,0,28950,often,,",",layer_5,entimes,0.648531,2138,,2015,entimes,0.094721,3869,,681,entimes:0.6485;Ġreferred:0.0608;Ġtimes:0.0261;Ġmis:0.0244;Ġmiss:0.0133,entimes:0.0947;Ġreferred:0.0223;Ġfeared:0.0119;Ġtimes:0.0084;Ġtouted:0.0066
often,adverb,1,0,28950,often,,",",layer_11,://,1.0,10332,,45055,Ġand,0.000144,24676,,2,://:1.0000;clips:0.0000;wcsstore:0.0000;:{:0.0000;Ġ'/:0.0000,"Ġand:0.0001;,:0.0001;Ġthat:0.0001;.:0.0001;;:0.0001"
often,adverb,1,0,28950,often,,",",layer_16,://,1.0,10716,,46286,Ġand,0.000138,26490,,3,://:1.0000;clips:0.0000;:{:0.0000;wcsstore:0.0000;Ġ'/:0.0000,"Ġand:0.0001;;:0.0001;,:0.0001;Ġthat:0.0001;.:0.0001"
often,adverb,1,0,28950,often,,",",layer_21,://,1.0,10852,,46728,;,0.000136,26927,,4,://:1.0000;clips:0.0000;:{:0.0000;wcsstore:0.0000;Ġ'/:0.0000,";:0.0001;Ġand:0.0001;Ġthat:0.0001;,:0.0001;.:0.0001"
often,adverb,1,0,28950,often,,",",layer_27,://,1.0,10931,,46250,Ġand,0.000151,27490,,2,://:1.0000;clips:0.0000;:{:0.0000;wcsstore:0.0000;Ġ'/:0.0000,"Ġand:0.0002;,:0.0001;Ġthat:0.0001;;:0.0001;.:0.0001"
often,adverb,1,0,28950,often,,",",layer_32,://,1.0,10989,,45667,Ġand,0.00017,28003,,2,://:1.0000;clips:0.0000;:{:0.0000;Ġ'/:0.0000;wcsstore:0.0000,"Ġand:0.0002;,:0.0002;Ġthat:0.0002;.:0.0002;;:0.0002"
often,adverb,1,0,28950,often,,",",layer_37,://,1.0,10951,,44795,Ġand,0.000193,28214,,2,://:1.0000;clips:0.0000;:{:0.0000;Ġ'/:0.0000;$:0.0000,"Ġand:0.0002;,:0.0002;Ġthat:0.0002;.:0.0002;;:0.0002"
often,adverb,1,0,28950,often,,",",layer_39,://,1.0,10851,,44272,",",0.000206,28109,,1,://:1.0000;clips:0.0000;Ġ'/:0.0000;:{:0.0000;$:0.0000,",:0.0002;Ġand:0.0002;.:0.0002;Ġthat:0.0002;;:0.0002"
often,adverb,1,0,28950,often,,",",layer_41,://,1.0,10713,,43472,",",0.000231,28063,,1,://:1.0000;clips:0.0000;Ġ'/:0.0000;:{:0.0000;Ġanyway:0.0000,",:0.0002;Ġand:0.0002;.:0.0002;Ġthat:0.0002;;:0.0002"
often,adverb,1,0,28950,often,,",",layer_43,://,1.0,10435,,42018,",",0.000281,27924,,1,://:1.0000;clips:0.0000;Ġanyway:0.0000;Ġ'/:0.0000;:{:0.0000,",:0.0003;Ġand:0.0003;.:0.0003;Ġthat:0.0003;;:0.0002"
often,adverb,1,0,28950,often,,",",layer_45,://,1.0,10533,,34797,",",0.000516,28284,,1,://:1.0000;Ġanyway:0.0000;clips:0.0000;Ġ'/:0.0000;.(:0.0000,",:0.0005;Ġand:0.0005;.:0.0004;Ġthat:0.0004;;:0.0003"
often,adverb,1,0,28950,often,,",",layer_47,",",0.892151,19507,,1,",",0.109043,24627,,1,",:0.8922;.:0.0420;Ġthe:0.0408;Ġas:0.0064;Ġin:0.0049",",:0.1090;Ġin:0.0345;.:0.0344;Ġas:0.0273;Ġthe:0.0261"
often,adverb,1,0,28950,often,,",",layer_48,",",0.573579,28704,,1,",",0.077345,27810,,1,",:0.5736;Ġthe:0.3994;-:0.0110;Ġa:0.0066;Ġin:0.0056",",:0.0773;Ġthe:0.0380;Ġas:0.0298;Ġin:0.0254;.:0.0240"
often,adverb,1,0,28950,often,,",",final_logits,",",0.077345,27810,,1,,,,,,",:0.0773;Ġthe:0.0380;Ġas:0.0298;Ġin:0.0254;.:0.0240",
she,pronoun,1,0,7091,she,,'s,emb,she,0.000379,1,,49644,she,1.0,1,,49261,she:0.0004;She:0.0001;÷:0.0001;ď:0.0001;Ę:0.0001,she:1.0000;She:0.0000;ĠSHE:0.0000;ď:0.0000;÷:0.0000
she,pronoun,1,0,7091,she,,'s,layer_1,cro,0.009081,2988,,16140,pard,0.011795,1087,,8997,cro:0.0091;whe:0.0034;ĠFlore:0.0031;gat:0.0029;edited:0.0026,pard:0.0118;pher:0.0077;lled:0.0058;pherd:0.0042;selves:0.0034
she,pronoun,1,0,7091,she,,'s,layer_2,cro,0.218242,7924,,4572,bel,0.006504,5800,,1365,cro:0.2182;bel:0.0169;bour:0.0161;ĠFlore:0.0091;edited:0.0090,bel:0.0065;cro:0.0048;pher:0.0043;lled:0.0041;ffield:0.0025
she,pronoun,1,0,7091,she,,'s,layer_5,pard,0.448033,3594,,3623,pard,0.051492,3751,,1284,pard:0.4480;old:0.0606;lled:0.0592;edited:0.0454;ffield:0.0409,pard:0.0515;ffield:0.0264;pher:0.0143;lled:0.0136;ppard:0.0090
she,pronoun,1,0,7091,she,,'s,layer_11,://,1.0,8614,,35653,Ġand,0.000146,3338,,28,://:1.0000;clips:0.0000;:{:0.0000;wcsstore:0.0000;Ġ'/:0.0000,"Ġand:0.0001;Ġthat:0.0001;,:0.0001;.:0.0001;;:0.0001"
she,pronoun,1,0,7091,she,,'s,layer_16,://,1.0,8844,,37967,Ġand,0.00014,2955,,32,://:1.0000;clips:0.0000;:{:0.0000;wcsstore:0.0000;Ġ'/:0.0000,"Ġand:0.0001;Ġthat:0.0001;;:0.0001;,:0.0001;.:0.0001"
she,pronoun,1,0,7091,she,,'s,layer_21,://,1.0,8834,,38703,Ġand,0.000136,2645,,35,://:1.0000;clips:0.0000;:{:0.0000;wcsstore:0.0000;$:0.0000,"Ġand:0.0001;;:0.0001;Ġthat:0.0001;.:0.0001;,:0.0001"
she,pronoun,1,0,7091,she,,'s,layer_27,://,1.0,8778,,37945,Ġand,0.000153,2883,,33,://:1.0000;clips:0.0000;:{:0.0000;wcsstore:0.0000;$:0.0000,"Ġand:0.0002;Ġthat:0.0001;,:0.0001;;:0.0001;.:0.0001"
she,pronoun,1,0,7091,she,,'s,layer_32,://,1.0,8673,,36878,Ġand,0.000172,3139,,29,://:1.0000;clips:0.0000;:{:0.0000;):0.0000;(:0.0000,"Ġand:0.0002;,:0.0002;Ġthat:0.0002;.:0.0002;;:0.0002"
she,pronoun,1,0,7091,she,,'s,layer_37,://,1.0,8453,,35604,Ġand,0.000195,3198,,28,://:1.0000;clips:0.0000;:{:0.0000;):0.0000;(:0.0000,"Ġand:0.0002;,:0.0002;Ġthat:0.0002;.:0.0002;;:0.0002"
she,pronoun,1,0,7091,she,,'s,layer_39,://,1.0,8352,,34917,Ġand,0.000207,3254,,27,://:1.0000;clips:0.0000;:{:0.0000;):0.0000;(:0.0000,"Ġand:0.0002;,:0.0002;Ġthat:0.0002;.:0.0002;;:0.0002"
she,pronoun,1,0,7091,she,,'s,layer_41,://,1.0,8235,,33684,Ġand,0.00023,3424,,25,://:1.0000;clips:0.0000;:{:0.0000;Ġ'/:0.0000;$:0.0000,"Ġand:0.0002;,:0.0002;.:0.0002;Ġthat:0.0002;;:0.0002"
she,pronoun,1,0,7091,she,,'s,layer_43,://,1.0,7996,,31627,Ġand,0.000275,3473,,24,://:1.0000;clips:0.0000;Ġanyway:0.0000;:{:0.0000;Ġ'/:0.0000,"Ġand:0.0003;,:0.0003;.:0.0003;Ġthat:0.0002;;:0.0002"
she,pronoun,1,0,7091,she,,'s,layer_45,://,1.0,7219,,23864,",",0.000475,3765,,17,://:1.0000;clips:0.0000;Ġanyway:0.0000;:{:0.0000;.(:0.0000,",:0.0005;Ġand:0.0005;.:0.0004;Ġthat:0.0004;Ġto:0.0003"
she,pronoun,1,0,7091,she,,'s,layer_47,Ġwas,0.289551,4378,,3,",",0.051031,3365,,2,"Ġwas:0.2896;,:0.2804;'s:0.1359;Ġis:0.0985;.:0.0822",",:0.0510;'s:0.0472;Ġwas:0.0427;.:0.0338;Ġis:0.0332"
she,pronoun,1,0,7091,she,,'s,layer_48,'s,0.45245,3912,,1,'s,0.080747,2946,,1,"'s:0.4525;Ġwas:0.3403;Ġsaid:0.0997;Ġis:0.0881;,:0.0077",'s:0.0807;Ġwas:0.0576;Ġsaid:0.0399;Ġis:0.0310;Ġhad:0.0188
she,pronoun,1,0,7091,she,,'s,final_logits,'s,0.080747,2946,,1,,,,,,'s:0.0807;Ġwas:0.0576;Ġsaid:0.0399;Ġis:0.0310;Ġhad:0.0188,
they,pronoun,1,0,9930,they,,Ġare,emb,they,0.000103,1,,48994,they,1.0,1,,48661,they:0.0001;their:0.0001;them:0.0001;They:0.0001;rawdownload:0.0000,they:1.0000;their:0.0000;them:0.0000;They:0.0000;these:0.0000
they,pronoun,1,0,9930,they,,Ġare,layer_1,cro,0.006033,12245,,7538,selves,0.001719,15866,,1029,cro:0.0060;tall:0.0037;Ġcrochet:0.0036;ĠFlore:0.0034;milo:0.0028,selves:0.0017;cro:0.0014;tall:0.0009;Ġsham:0.0009;Ġcant:0.0008
they,pronoun,1,0,9930,they,,Ġare,layer_2,selves,0.069203,12038,,1071,selves,0.01019,18215,,69,selves:0.0692;cro:0.0163;Ġweave:0.0163;ĠFlore:0.0109;Ġcrochet:0.0089,selves:0.0102;'d:0.0024;'ll:0.0021;'ve:0.0018;'re:0.0017
they,pronoun,1,0,9930,they,,Ġare,layer_5,selves,0.546388,9391,,74,selves,0.017834,16656,,13,selves:0.5464;'re:0.1363;milo:0.0623;'ll:0.0377;'ve:0.0352,selves:0.0178;'d:0.0063;'re:0.0056;'ll:0.0054;'ve:0.0043
they,pronoun,1,0,9930,they,,Ġare,layer_11,://,1.0,11523,,21751,Ġand,0.000144,12293,,43,://:1.0000;clips:0.0000;wcsstore:0.0000;:{:0.0000;Ġ'/:0.0000,"Ġand:0.0001;Ġthat:0.0001;.:0.0001;,:0.0001;;:0.0001"
they,pronoun,1,0,9930,they,,Ġare,layer_16,://,1.0,11894,,24860,Ġand,0.000138,12514,,70,://:1.0000;clips:0.0000;:{:0.0000;wcsstore:0.0000;Ġ'/:0.0000,"Ġand:0.0001;;:0.0001;Ġthat:0.0001;.:0.0001;,:0.0001"
they,pronoun,1,0,9930,they,,Ġare,layer_21,://,1.0,12123,,25874,Ġand,0.000135,12655,,79,://:1.0000;clips:0.0000;:{:0.0000;wcsstore:0.0000;$:0.0000,"Ġand:0.0001;;:0.0001;Ġthat:0.0001;.:0.0001;,:0.0001"
they,pronoun,1,0,9930,they,,Ġare,layer_27,://,1.0,12063,,24715,Ġand,0.000152,12962,,64,://:1.0000;clips:0.0000;:{:0.0000;wcsstore:0.0000;$:0.0000,"Ġand:0.0002;Ġthat:0.0001;,:0.0001;;:0.0001;.:0.0001"
they,pronoun,1,0,9930,they,,Ġare,layer_32,://,1.0,12050,,23483,Ġand,0.000172,13337,,59,://:1.0000;clips:0.0000;:{:0.0000;):0.0000;(:0.0000,"Ġand:0.0002;,:0.0002;Ġthat:0.0002;.:0.0002;;:0.0002"
they,pronoun,1,0,9930,they,,Ġare,layer_37,://,1.0,11877,,21927,Ġand,0.000194,13367,,51,://:1.0000;clips:0.0000;:{:0.0000;):0.0000;(:0.0000,"Ġand:0.0002;,:0.0002;Ġthat:0.0002;.:0.0002;;:0.0002"
they,pronoun,1,0,9930,they,,Ġare,layer_39,://,1.0,11728,,21064,Ġand,0.000206,13275,,48,://:1.0000;clips:0.0000;:{:0.0000;Ġ'/:0.0000;$:0.0000,"Ġand:0.0002;,:0.0002;.:0.0002;Ġthat:0.0002;;:0.0002"
they,pronoun,1,0,9930,they,,Ġare,layer_41,://,1.0,11535,,19695,Ġand,0.00023,13240,,45,://:1.0000;clips:0.0000;:{:0.0000;Ġ'/:0.0000;Ġanyway:0.0000,"Ġand:0.0002;,:0.0002;.:0.0002;Ġthat:0.0002;;:0.0002"
they,pronoun,1,0,9930,they,,Ġare,layer_43,://,1.0,11161,,17379,Ġand,0.000274,12926,,39,://:1.0000;clips:0.0000;Ġanyway:0.0000;Ġ'/:0.0000;:{:0.0000,"Ġand:0.0003;,:0.0003;.:0.0003;Ġthat:0.0003;;:0.0002"
they,pronoun,1,0,9930,they,,Ġare,layer_45,://,1.0,10776,,10675,",",0.000478,12833,,26,://:1.0000;clips:0.0000;Ġanyway:0.0000;.(:0.0000;Ġ'/:0.0000,",:0.0005;Ġand:0.0005;.:0.0004;Ġthat:0.0004;Ġto:0.0003"
they,pronoun,1,0,9930,they,,Ġare,layer_47,Ġare,0.733023,8334,,1,Ġare,0.089562,9590,,1,Ġare:0.7330;Ġhave:0.2394;Ġwere:0.0145;'re:0.0047;.:0.0043,"Ġare:0.0896;Ġhave:0.0461;,:0.0352;Ġwere:0.0328;.:0.0322"
they,pronoun,1,0,9930,they,,Ġare,layer_48,Ġare,0.892765,6341,,1,Ġare,0.106417,6606,,1,Ġare:0.8928;Ġhave:0.0685;Ġwere:0.0216;Ġcan:0.0133;'re:0.0022,Ġare:0.1064;'re:0.1032;Ġwere:0.0602;Ġhave:0.0455;Ġcan:0.0332
they,pronoun,1,0,9930,they,,Ġare,final_logits,Ġare,0.106417,6606,,1,,,,,,Ġare:0.1064;'re:0.1032;Ġwere:0.0602;Ġhave:0.0455;Ġcan:0.0332,
ourselves,pronoun,2,0,454,our,2020,",",emb,our,0.000438,1,184,50249,our,1.0,1,239,50225,our:0.0004;ours:0.0001;OUR:0.0001;ouring:0.0001;oured:0.0001,our:1.0000;ours:0.0000;OUR:0.0000;ouring:0.0000;oured:0.0000
ourselves,pronoun,2,0,454,our,2020,",",layer_1,cro,0.007906,4,10,12885,cro,0.010133,2,4,3320,cro:0.0079;oux:0.0026;bour:0.0018;our:0.0017;tall:0.0016,cro:0.0101;our:0.0054;self:0.0042;selves:0.0038;bour:0.0036
ourselves,pronoun,2,0,454,our,2020,",",layer_2,cro,0.105671,34,11,3516,Ġkind,0.005788,84,17,720,cro:0.1057;oux:0.0129;Ġculture:0.0082;self:0.0080;cling:0.0076,Ġkind:0.0058;Ġculture:0.0055;cro:0.0051;Ġparticular:0.0048;self:0.0041
ourselves,pronoun,2,0,454,our,2020,",",layer_5,cro,0.249211,134,60,2078,forth,0.004644,312,308,267,cro:0.2492;cling:0.1864;neau:0.1685;cled:0.0670;Ġcampaign:0.0214,forth:0.0046;Ġcampaign:0.0042;Ġold:0.0037;neau:0.0036;Ġspecial:0.0035
ourselves,pronoun,2,0,454,our,2020,",",layer_11,://,1.0,13061,1719,45147,Ġand,0.000147,2440,11272,3,://:1.0000;clips:0.0000;:{:0.0000;wcsstore:0.0000;Ġ'/:0.0000,"Ġand:0.0001;.:0.0001;,:0.0001;Ġthat:0.0001;;:0.0001"
ourselves,pronoun,2,0,454,our,2020,",",layer_16,://,1.0,14812,1962,46258,Ġand,0.00014,3352,13346,5,://:1.0000;clips:0.0000;:{:0.0000;wcsstore:0.0000;Ġ'/:0.0000,"Ġand:0.0001;.:0.0001;;:0.0001;Ġthat:0.0001;,:0.0001"
ourselves,pronoun,2,0,454,our,2020,",",layer_21,://,1.0,15325,2021,46688,Ġand,0.000136,3544,13065,5,://:1.0000;clips:0.0000;:{:0.0000;wcsstore:0.0000;$:0.0000,"Ġand:0.0001;;:0.0001;.:0.0001;Ġthat:0.0001;,:0.0001"
ourselves,pronoun,2,0,454,our,2020,",",layer_27,://,1.0,15254,2022,46232,Ġand,0.000153,3629,13882,2,://:1.0000;clips:0.0000;:{:0.0000;):0.0000;(:0.0000,"Ġand:0.0002;,:0.0001;Ġthat:0.0001;.:0.0001;;:0.0001"
ourselves,pronoun,2,0,454,our,2020,",",layer_32,://,1.0,15112,2044,45640,Ġand,0.000172,3755,14965,2,://:1.0000;clips:0.0000;:{:0.0000;):0.0000;(:0.0000,"Ġand:0.0002;,:0.0002;.:0.0002;Ġthat:0.0002;;:0.0002"
ourselves,pronoun,2,0,454,our,2020,",",layer_37,://,1.0,14682,2042,44778,Ġand,0.000194,3572,15974,2,://:1.0000;clips:0.0000;:{:0.0000;):0.0000;(:0.0000,"Ġand:0.0002;,:0.0002;.:0.0002;Ġthat:0.0002;;:0.0002"
ourselves,pronoun,2,0,454,our,2020,",",layer_39,://,1.0,14427,2042,44244,Ġand,0.000206,3442,16242,2,://:1.0000;clips:0.0000;:{:0.0000;):0.0000;(:0.0000,"Ġand:0.0002;,:0.0002;.:0.0002;Ġthat:0.0002;;:0.0002"
ourselves,pronoun,2,0,454,our,2020,",",layer_41,://,1.0,14075,2014,43524,Ġand,0.000228,3311,16532,2,://:1.0000;clips:0.0000;:{:0.0000;Ġ'/:0.0000;Ġanyway:0.0000,"Ġand:0.0002;,:0.0002;.:0.0002;Ġthat:0.0002;;:0.0002"
ourselves,pronoun,2,0,454,our,2020,",",layer_43,://,1.0,13507,1984,42163,",",0.000272,3009,16819,1,://:1.0000;clips:0.0000;Ġanyway:0.0000;:{:0.0000;Ġ'/:0.0000,",:0.0003;Ġand:0.0003;.:0.0003;Ġthat:0.0002;;:0.0002"
ourselves,pronoun,2,0,454,our,2020,",",layer_45,://,1.0,11704,1798,35885,",",0.000467,2415,16237,1,://:1.0000;clips:0.0000;Ġanyway:0.0000;:{:0.0000;Ġ'/:0.0000,",:0.0005;Ġand:0.0004;.:0.0004;Ġthat:0.0004;Ġto:0.0003"
ourselves,pronoun,2,0,454,our,2020,",",layer_47,",",0.70894,1493,3594,1,",",0.087022,697,4727,1,",:0.7089;.:0.2021;-:0.0466;Ġand:0.0265;Ġof:0.0080",",:0.0870;.:0.0593;Ġand:0.0361;-:0.0327;Ġof:0.0265"
ourselves,pronoun,2,0,454,our,2020,",",layer_48,",",0.852846,857,2077,1,",",0.051787,332,1341,1,",:0.8528;-:0.0577;.:0.0331;Ġand:0.0281;Ġof:0.0206",",:0.0518;.:0.0352;Ġof:0.0267;Ġand:0.0231;-:0.0181"
ourselves,pronoun,2,0,454,our,2020,",",final_logits,",",0.051787,332,1341,1,,,,,,",:0.0518;.:0.0352;Ġof:0.0267;Ġand:0.0231;-:0.0181",
ourselves,pronoun,2,1,2020,selves,,.,emb,selves,0.007399,1,,50239,selves,1.0,1,,50236,selves:0.0074;self:0.0003;Ġselves:0.0002;Ě:0.0001;û:0.0001,selves:1.0000;self:0.0000;Ġselves:0.0000;Ě:0.0000;û:0.0000
ourselves,pronoun,2,1,2020,selves,,.,layer_1,selves,0.988358,1,,10999,selves,0.99999,1,,3586,selves:0.9884;Ġselves:0.0005;self:0.0002;ignty:0.0000;Ġencaps:0.0000,selves:1.0000;Ġselves:0.0000;self:0.0000;Ġcollectively:0.0000;Ġencaps:0.0000
ourselves,pronoun,2,1,2020,selves,,.,layer_2,selves,0.998411,1,,3993,selves,0.998766,1,,1180,selves:0.9984;Ġselves:0.0001;self:0.0000;Ġbruised:0.0000;Ġrefreshed:0.0000,selves:0.9988;Ġselves:0.0002;self:0.0000;Ġrejuven:0.0000;Ġrefreshed:0.0000
ourselves,pronoun,2,1,2020,selves,,.,layer_5,selves,0.997497,1,,1870,selves,0.749202,1,,547,selves:0.9975;Ġhumble:0.0003;self:0.0001;Ġselves:0.0001;Ġrejuven:0.0001,selves:0.7492;Ġselves:0.0028;self:0.0024;Ġrejuven:0.0021;Ġcontained:0.0012
ourselves,pronoun,2,1,2020,selves,,.,layer_11,selves,0.999799,1,,2782,selves,0.960879,1,,1073,selves:0.9998;ĠFabric:0.0001;Ġassembled:0.0000;Ġhumble:0.0000;Ġbr:0.0000,selves:0.9609;Ġassembled:0.0007;terday:0.0006;ĠFabric:0.0005;Ġbr:0.0003
ourselves,pronoun,2,1,2020,selves,,.,layer_16,selves,0.999989,1,,2725,selves,0.961812,1,,1307,selves:1.0000;Ġhumble:0.0000;Ġbr:0.0000;Ġproud:0.0000;Ġassembled:0.0000,selves:0.9618;terday:0.0006;Ġassembled:0.0004;Ġbr:0.0004;Ġhumble:0.0003
ourselves,pronoun,2,1,2020,selves,,.,layer_21,selves,1.0,1,,224,selves,0.969507,1,,104,selves:1.0000;Ġselves:0.0000;Ġhumble:0.0000;Ġbr:0.0000;Ġvictorious:0.0000,selves:0.9695;Ġselves:0.0013;]:0.0003;Ġdirty:0.0002;Ġcaught:0.0002
ourselves,pronoun,2,1,2020,selves,,.,layer_27,selves,1.0,1,,27,selves,0.994457,1,,11,selves:1.0000;Ġselves:0.0000;self:0.0000;Ġont:0.0000;Ġproud:0.0000,selves:0.9945;Ġselves:0.0003;]:0.0001;self:0.0001;Ġont:0.0000
ourselves,pronoun,2,1,2020,selves,,.,layer_32,selves,1.0,1,,4,selves,0.875995,1,,3,"selves:1.0000;Ġin:0.0000;,:0.0000;.:0.0000;Ġto:0.0000","selves:0.8760;Ġselves:0.0028;.:0.0027;Ġinto:0.0023;,:0.0017"
ourselves,pronoun,2,1,2020,selves,,.,layer_37,selves,0.999952,1,,3,selves,0.460065,1,,2,"selves:1.0000;"":0.0000;.:0.0000;,:0.0000;Ġin:0.0000","selves:0.4601;.:0.0320;"":0.0277;Ġinto:0.0174;,:0.0160"
ourselves,pronoun,2,1,2020,selves,,.,layer_39,selves,0.784501,1,,3,selves,0.304735,1,,3,"selves:0.7845;"":0.2154;.:0.0001;,:0.0000;':0.0000","selves:0.3047;"":0.0853;.:0.0441;,"":0.0226;."":0.0223"
ourselves,pronoun,2,1,2020,selves,,.,layer_41,"""",0.988066,3,,2,selves,0.092832,1,,3,""":0.9881;.:0.0107;selves:0.0005;':0.0005;,:0.0003","selves:0.0928;"":0.0825;.:0.0746;':0.0341;'.:0.0300"
ourselves,pronoun,2,1,2020,selves,,.,layer_43,.,0.688446,12,,1,.,0.137256,9,,1,".:0.6884;"":0.3074;,:0.0041;Ġin:0.0000;':0.0000",".:0.1373;"":0.0788;,:0.0510;Ġto:0.0341;."":0.0309"
ourselves,pronoun,2,1,2020,selves,,.,layer_45,.,0.50309,67,,1,.,0.124052,44,,1,".:0.5031;,:0.4826;"":0.0141;Ġin:0.0002;Ġto:0.0000",".:0.1241;,:0.0797;"":0.0674;Ġto:0.0448;Ġin:0.0416"
ourselves,pronoun,2,1,2020,selves,,.,layer_47,",",0.920186,291,,2,.,0.119899,163,,1,",:0.9202;.:0.0798;Ġin:0.0000;Ġto:0.0000;Ġand:0.0000",".:0.1199;,:0.0948;Ġto:0.0469;"":0.0386;Ġin:0.0382"
ourselves,pronoun,2,1,2020,selves,,.,layer_48,",",0.941775,515,,2,.,0.132437,273,,1,",:0.9418;.:0.0582;"":0.0000;Ġand:0.0000;Ġto:0.0000",".:0.1324;,:0.1045;Ġto:0.0478;"":0.0468;Ġand:0.0398"
ourselves,pronoun,2,1,2020,selves,,.,final_logits,.,0.132437,273,,1,,,,,,".:0.1324;,:0.1045;Ġto:0.0478;"":0.0468;Ġand:0.0398",
the,determiner,1,0,1169,the,,-,emb,the,6.8e-05,1,,34828,the,1.0,1,,24838,the:0.0001;their:0.0000;there:0.0000;this:0.0000;them:0.0000,the:1.0000;there:0.0000;their:0.0000;this:0.0000;them:0.0000
the,determiner,1,0,1169,the,,-,layer_1,ĠFlore,0.003981,1512,,3801,ĠFlore,0.001757,201,,611,ĠFlore:0.0040;cro:0.0012;gra:0.0010;ĠBrooks:0.0009;ĠBoone:0.0009,ĠFlore:0.0018;Ġfar:0.0009;Ġconf:0.0008;Ġexact:0.0008;atre:0.0007
the,determiner,1,0,1169,the,,-,layer_2,ĠFlore,0.038745,3906,,497,Ġoriginal,0.003192,2596,,92,ĠFlore:0.0387;Ġhop:0.0068;cro:0.0059;Ġwhite:0.0055;Ġartist:0.0053,Ġoriginal:0.0032;Ġfirst:0.0023;Ġexact:0.0020;Ġworld:0.0016;ĠNe:0.0015
the,determiner,1,0,1169,the,,-,layer_5,milo,0.2741,1669,,185,Ġoriginal,0.00796,1035,,39,milo:0.2741;Ġofficial:0.0341;Ġworld:0.0212;Ġoriginal:0.0193;Ġhop:0.0191,Ġoriginal:0.0080;Ġworld:0.0046;Ġfirst:0.0040;_:0.0034;Ġother:0.0032
the,determiner,1,0,1169,the,,-,layer_11,://,1.0,35251,,45102,Ġand,0.000146,2852,,7,://:1.0000;clips:0.0000;wcsstore:0.0000;:{:0.0000;Ġ'/:0.0000,"Ġand:0.0001;.:0.0001;,:0.0001;Ġthat:0.0001;;:0.0001"
the,determiner,1,0,1169,the,,-,layer_16,://,1.0,37066,,46624,Ġand,0.000139,3540,,11,://:1.0000;clips:0.0000;:{:0.0000;wcsstore:0.0000;Ġ'/:0.0000,"Ġand:0.0001;Ġthat:0.0001;.:0.0001;;:0.0001;,:0.0001"
the,determiner,1,0,1169,the,,-,layer_21,://,1.0,37731,,47106,Ġand,0.000135,3796,,15,://:1.0000;clips:0.0000;wcsstore:0.0000;:{:0.0000;$:0.0000,"Ġand:0.0001;;:0.0001;Ġthat:0.0001;.:0.0001;,:0.0001"
the,determiner,1,0,1169,the,,-,layer_27,://,1.0,37642,,46860,Ġand,0.000152,3744,,15,://:1.0000;clips:0.0000;:{:0.0000;wcsstore:0.0000;$:0.0000,"Ġand:0.0002;Ġthat:0.0001;,:0.0001;.:0.0001;;:0.0001"
the,determiner,1,0,1169,the,,-,layer_32,://,1.0,37372,,46474,Ġand,0.000171,3577,,15,://:1.0000;clips:0.0000;):0.0000;%:0.0000;*:0.0000,"Ġand:0.0002;,:0.0002;Ġthat:0.0002;.:0.0002;;:0.0002"
the,determiner,1,0,1169,the,,-,layer_37,://,1.0,36804,,45813,Ġand,0.000193,3232,,13,://:1.0000;clips:0.0000;):0.0000;%:0.0000;*:0.0000,"Ġand:0.0002;,:0.0002;.:0.0002;Ġthat:0.0002;;:0.0002"
the,determiner,1,0,1169,the,,-,layer_39,://,1.0,36449,,45364,Ġand,0.000205,3009,,12,://:1.0000;clips:0.0000;):0.0000;%:0.0000;*:0.0000,"Ġand:0.0002;,:0.0002;.:0.0002;Ġthat:0.0002;;:0.0002"
the,determiner,1,0,1169,the,,-,layer_41,://,1.0,36007,,44665,Ġand,0.000228,2712,,8,://:1.0000;clips:0.0000;:{:0.0000;Ġ'/:0.0000;$:0.0000,"Ġand:0.0002;,:0.0002;.:0.0002;Ġthat:0.0002;;:0.0002"
the,determiner,1,0,1169,the,,-,layer_43,://,1.0,35147,,43448,",",0.000271,2225,,6,://:1.0000;clips:0.0000;Ġanyway:0.0000;Ġ'/:0.0000;:{:0.0000,",:0.0003;Ġand:0.0003;.:0.0003;Ġthat:0.0002;;:0.0002"
the,determiner,1,0,1169,the,,-,layer_45,://,1.0,32017,,37507,",",0.000467,1491,,5,://:1.0000;clips:0.0000;Ġanyway:0.0000;:{:0.0000;Ġ'/:0.0000,",:0.0005;Ġand:0.0004;.:0.0004;Ġthat:0.0004;-:0.0004"
the,determiner,1,0,1169,the,,-,layer_47,-,0.998765,730,,1,-,0.110671,727,,1,"-:0.9988;Ġ"":0.0008;,:0.0002;.:0.0001;Ġthe:0.0001","-:0.1107;,:0.0156;.:0.0144;Ġ"":0.0112;_:0.0072"
the,determiner,1,0,1169,the,,-,layer_48,-,0.999771,1272,,1,-,0.065012,1861,,1,"-:0.9998;Ġ"":0.0001;Ġfirst:0.0001;Ġmost:0.0000;Ġworld:0.0000",-:0.0650;Ġmost:0.0127;Ġfirst:0.0099;Ġsame:0.0089;Ġworld:0.0088
the,determiner,1,0,1169,the,,-,final_logits,-,0.065012,1861,,1,,,,,,-:0.0650;Ġmost:0.0127;Ġfirst:0.0099;Ġsame:0.0089;Ġworld:0.0088,
an,determiner,1,0,272,an,,",",emb,an,0.000129,1,,42689,an,1.0,1,,35677,an:0.0001;anian:0.0001;anism:0.0001;anos:0.0001;anon:0.0000,an:1.0000;anian:0.0000;anism:0.0000;anos:0.0000;anon:0.0000
an,determiner,1,0,272,an,,",",layer_1,arch,0.002176,135,,3178,ese,0.00136,9,,124,arch:0.0022;apolis:0.0017;oux:0.0015;ahi:0.0014;ab:0.0013,ese:0.0014;ab:0.0009;oe:0.0008;arch:0.0008;Ġerror:0.0008
an,determiner,1,0,272,an,,",",layer_2,arch,0.036517,127,,1082,arch,0.001686,39,,28,arch:0.0365;ab:0.0078;ahi:0.0077;ese:0.0057;Ġdrill:0.0046,arch:0.0017;ese:0.0014;ide:0.0012;oe:0.0011;ada:0.0011
an,determiner,1,0,272,an,,",",layer_5,ese,0.109786,517,,1239,ese,0.003163,394,,76,ese:0.1098;arch:0.0592;milo:0.0471;thus:0.0363;omo:0.0307,ese:0.0032;ides:0.0027;ide:0.0023;onymous:0.0022;ĠKhan:0.0018
an,determiner,1,0,272,an,,",",layer_11,://,1.0,28845,,44887,Ġand,0.00015,818,,2,://:1.0000;clips:0.0000;:{:0.0000;wcsstore:0.0000;Ġ'/:0.0000,"Ġand:0.0001;,:0.0001;.:0.0001;Ġthat:0.0001;;:0.0001"
an,determiner,1,0,272,an,,",",layer_16,://,1.0,30890,,46142,Ġand,0.000141,948,,2,://:1.0000;clips:0.0000;:{:0.0000;wcsstore:0.0000;Ġ'/:0.0000,"Ġand:0.0001;,:0.0001;.:0.0001;;:0.0001;Ġthat:0.0001"
an,determiner,1,0,272,an,,",",layer_21,://,1.0,31673,,46606,Ġand,0.000137,1060,,4,://:1.0000;clips:0.0000;:{:0.0000;wcsstore:0.0000;$:0.0000,"Ġand:0.0001;;:0.0001;.:0.0001;,:0.0001;Ġthat:0.0001"
an,determiner,1,0,272,an,,",",layer_27,://,1.0,31546,,46130,Ġand,0.000153,1061,,2,://:1.0000;clips:0.0000;:{:0.0000;):0.0000;(:0.0000,"Ġand:0.0002;,:0.0002;.:0.0001;Ġthat:0.0001;;:0.0001"
an,determiner,1,0,272,an,,",",layer_32,://,1.0,31234,,45532,Ġand,0.000173,1032,,2,://:1.0000;clips:0.0000;:{:0.0000;):0.0000;(:0.0000,"Ġand:0.0002;,:0.0002;.:0.0002;Ġthat:0.0002;;:0.0002"
an,determiner,1,0,272,an,,",",layer_37,://,1.0,30427,,44650,Ġand,0.000195,904,,2,://:1.0000;clips:0.0000;:{:0.0000;):0.0000;(:0.0000,"Ġand:0.0002;,:0.0002;.:0.0002;Ġthat:0.0002;;:0.0002"
an,determiner,1,0,272,an,,",",layer_39,://,1.0,29899,,44087,",",0.000208,826,,1,://:1.0000;clips:0.0000;:{:0.0000;):0.0000;(:0.0000,",:0.0002;Ġand:0.0002;.:0.0002;Ġthat:0.0002;;:0.0002"
an,determiner,1,0,272,an,,",",layer_41,://,1.0,29247,,43357,",",0.000232,737,,1,://:1.0000;clips:0.0000;:{:0.0000;Ġ'/:0.0000;$:0.0000,",:0.0002;Ġand:0.0002;.:0.0002;Ġthat:0.0002;;:0.0002"
an,determiner,1,0,272,an,,",",layer_43,://,1.0,28295,,41908,",",0.000281,662,,1,://:1.0000;clips:0.0000;Ġanyway:0.0000;:{:0.0000;Ġ'/:0.0000,",:0.0003;Ġand:0.0003;.:0.0003;Ġthat:0.0002;;:0.0002"
an,determiner,1,0,272,an,,",",layer_45,://,1.0,24679,,35197,",",0.000492,534,,1,://:1.0000;Ġanyway:0.0000;clips:0.0000;:{:0.0000;.(:0.0000,",:0.0005;Ġand:0.0005;.:0.0004;Ġthat:0.0004;Ċ:0.0003"
an,determiner,1,0,272,an,,",",layer_47,",",0.882397,263,,1,",",0.130008,248,,1,",:0.8824;.:0.1027;-:0.0062;Ġand:0.0061;Ġ"":0.0011",",:0.1300;.:0.0718;Ġand:0.0379;-:0.0323;Ċ:0.0178"
an,determiner,1,0,272,an,,",",layer_48,",",0.970426,83,,1,",",0.064606,82,,1,",:0.9704;-:0.0218;Ġand:0.0031;.:0.0030;'s:0.0008",",:0.0646;.:0.0253;'s:0.0243;-:0.0206;Ġand:0.0180"
an,determiner,1,0,272,an,,",",final_logits,",",0.064606,82,,1,,,,,,",:0.0646;.:0.0253;'s:0.0243;-:0.0206;Ġand:0.0180",
this,determiner,1,0,5661,this,,Ġis,emb,this,9.3e-05,1,,50184,this,1.0,1,,50118,this:0.0001;these:0.0001;THIS:0.0000;today:0.0000;there:0.0000,this:1.0000;these:0.0000;THIS:0.0000;there:0.0000;today:0.0000
this,determiner,1,0,5661,this,,Ġis,layer_1,ĠFlore,0.001861,7262,,8344,Ġparticular,0.002646,2632,,1469,ĠFlore:0.0019;milo:0.0016;Ġdrill:0.0015;Ġcrochet:0.0014;Ġcook:0.0011,Ġparticular:0.0026;Ġdish:0.0010;Ġsort:0.0009;Ġkind:0.0008;ĠBrus:0.0007
this,determiner,1,0,5661,this,,Ġis,layer_2,Ġdrill,0.032233,10127,,792,Ġparticular,0.005855,6548,,48,Ġdrill:0.0322;Ġcook:0.0120;ĠFlore:0.0112;Ġartist:0.0089;Ġparticular:0.0075,Ġparticular:0.0059;Ġkind:0.0026;Ġtype:0.0016;Ġdish:0.0015;Ġweek:0.0014
this,determiner,1,0,5661,this,,Ġis,layer_5,Ġyear,0.070037,14079,,17,Ġyear,0.009748,11780,,2,Ġyear:0.0700;Ġartist:0.0366;Ġpost:0.0363;milo:0.0359;Ġparticular:0.0336,Ġyear:0.0097;Ġis:0.0058;Ġparticular:0.0058;Ġpost:0.0046;Ġgroup:0.0045
this,determiner,1,0,5661,this,,Ġis,layer_11,://,1.0,30489,,42362,Ġand,0.000143,16792,,26,://:1.0000;clips:0.0000;:{:0.0000;wcsstore:0.0000;Ġ'/:0.0000,"Ġand:0.0001;://:0.0001;,:0.0001;.:0.0001;Ġthat:0.0001"
this,determiner,1,0,5661,this,,Ġis,layer_16,://,1.0,30569,,44560,Ġand,0.000138,16484,,53,://:1.0000;clips:0.0000;:{:0.0000;wcsstore:0.0000;Ġ'/:0.0000,"Ġand:0.0001;;:0.0001;Ġthat:0.0001;.:0.0001;,:0.0001"
this,determiner,1,0,5661,this,,Ġis,layer_21,://,1.0,30719,,45176,;,0.000135,16606,,59,://:1.0000;clips:0.0000;:{:0.0000;wcsstore:0.0000;$:0.0000,";:0.0001;Ġand:0.0001;Ġthat:0.0001;.:0.0001;,:0.0001"
this,determiner,1,0,5661,this,,Ġis,layer_27,://,1.0,30769,,44671,Ġand,0.000151,16659,,51,://:1.0000;clips:0.0000;:{:0.0000;):0.0000;(:0.0000,"Ġand:0.0002;,:0.0001;Ġthat:0.0001;;:0.0001;.:0.0001"
this,determiner,1,0,5661,this,,Ġis,layer_32,://,1.0,30704,,44096,Ġand,0.000171,16430,,42,://:1.0000;clips:0.0000;:{:0.0000;):0.0000;(:0.0000,"Ġand:0.0002;,:0.0002;Ġthat:0.0002;.:0.0002;;:0.0002"
this,determiner,1,0,5661,this,,Ġis,layer_37,://,1.0,30360,,43299,Ġand,0.000193,15711,,38,://:1.0000;clips:0.0000;):0.0000;%:0.0000;*:0.0000,"Ġand:0.0002;,:0.0002;.:0.0002;Ġthat:0.0002;;:0.0002"
this,determiner,1,0,5661,this,,Ġis,layer_39,://,1.0,30145,,42836,Ġand,0.000206,15325,,37,://:1.0000;clips:0.0000;:{:0.0000;):0.0000;(:0.0000,"Ġand:0.0002;,:0.0002;.:0.0002;Ġthat:0.0002;;:0.0002"
this,determiner,1,0,5661,this,,Ġis,layer_41,://,1.0,29838,,42082,",",0.00023,14813,,35,://:1.0000;clips:0.0000;:{:0.0000;):0.0000;(:0.0000,",:0.0002;Ġand:0.0002;.:0.0002;Ġthat:0.0002;;:0.0002"
this,determiner,1,0,5661,this,,Ġis,layer_43,://,1.0,29214,,40538,",",0.000279,13874,,29,://:1.0000;clips:0.0000;Ġanyway:0.0000;:{:0.0000;Ġ'/:0.0000,",:0.0003;Ġand:0.0003;.:0.0003;Ġthat:0.0003;;:0.0002"
this,determiner,1,0,5661,this,,Ġis,layer_45,://,1.0,27737,,33638,",",0.000495,11642,,19,://:1.0000;Ġanyway:0.0000;clips:0.0000;:{:0.0000;Ġ'/:0.0000,",:0.0005;.:0.0005;Ġand:0.0005;Ġthat:0.0004;Ġto:0.0003"
this,determiner,1,0,5661,this,,Ġis,layer_47,.,0.61542,3376,,2,.,0.120141,3599,,2,".:0.6154;Ġis:0.2836;,:0.0969;-:0.0023;Ġand:0.0005",".:0.1201;Ġis:0.1042;,:0.0947;-:0.0280;Ġand:0.0222"
this,determiner,1,0,5661,this,,Ġis,layer_48,Ġis,0.975037,3570,,1,Ġis,0.140269,3015,,1,"Ġis:0.9750;.:0.0128;-:0.0096;,:0.0023;_:0.0001","Ġis:0.1403;.:0.0556;_:0.0336;-:0.0242;,:0.0203"
this,determiner,1,0,5661,this,,Ġis,final_logits,Ġis,0.140269,3015,,1,,,,,,"Ġis:0.1403;.:0.0556;_:0.0336;-:0.0242;,:0.0203",
and,conjunction,1,0,392,and,,-,emb,and,0.000105,1,,18329,and,1.0,1,,15641,and:0.0001;AND:0.0000;ands:0.0000;but:0.0000;andan:0.0000,and:1.0000;AND:0.0000;ands:0.0000;but:0.0000;again:0.0000
and,conjunction,1,0,392,and,,-,layer_1,rew,0.001461,962,,2912,rew,0.003225,55,,143,rew:0.0015;milo:0.0014;ĠClay:0.0012;rape:0.0010;Ġjam:0.0010,rew:0.0032;Ġvice:0.0016;Ġstra:0.0007;Ġthen:0.0006;Ġculture:0.0006
and,conjunction,1,0,392,and,,-,layer_2,rew,0.010792,2026,,402,rew,0.003344,723,,11,rew:0.0108;Ġjam:0.0082;ĠClay:0.0060;Ġorganise:0.0053;Ġorganize:0.0044,rew:0.0033;Ġvice:0.0011;Ġthen:0.0010;ĠRath:0.0010;Ġculture:0.0008
and,conjunction,1,0,392,and,,-,layer_5,milo,0.33729,3014,,208,rew,0.005659,1476,,15,milo:0.3373;hon:0.0565;rew:0.0371;Ġorganise:0.0251;Ġvice:0.0167,rew:0.0057;Ġvice:0.0039;Ġother:0.0031;Ġthen:0.0030;Ġhated:0.0027
and,conjunction,1,0,392,and,,-,layer_11,://,1.0,35550,,45558,Ġthat,0.000145,1009,,8,://:1.0000;clips:0.0000;:{:0.0000;wcsstore:0.0000;Ġ'/:0.0000,"Ġthat:0.0001;Ġand:0.0001;,:0.0001;.:0.0001;;:0.0001"
and,conjunction,1,0,392,and,,-,layer_16,://,1.0,37282,,46764,Ġthat,0.00014,1168,,14,://:1.0000;clips:0.0000;:{:0.0000;wcsstore:0.0000;Ġ'/:0.0000,"Ġthat:0.0001;Ġand:0.0001;,:0.0001;.:0.0001;;:0.0001"
and,conjunction,1,0,392,and,,-,layer_21,://,1.0,37895,,47202,Ġthat,0.000136,1225,,16,://:1.0000;clips:0.0000;:{:0.0000;wcsstore:0.0000;$:0.0000,"Ġthat:0.0001;Ġand:0.0001;;:0.0001;,:0.0001;.:0.0001"
and,conjunction,1,0,392,and,,-,layer_27,://,1.0,37828,,46968,Ġthat,0.000152,1237,,17,://:1.0000;clips:0.0000;:{:0.0000;):0.0000;(:0.0000,"Ġthat:0.0002;Ġand:0.0001;,:0.0001;.:0.0001;;:0.0001"
and,conjunction,1,0,392,and,,-,layer_32,://,1.0,37518,,46595,Ġthat,0.000169,1178,,16,://:1.0000;clips:0.0000;:{:0.0000;):0.0000;(:0.0000,"Ġthat:0.0002;Ġand:0.0002;,:0.0002;.:0.0002;;:0.0002"
and,conjunction,1,0,392,and,,-,layer_37,://,1.0,36886,,45971,",",0.00019,1072,,15,://:1.0000;clips:0.0000;:{:0.0000;):0.0000;(:0.0000,",:0.0002;Ġand:0.0002;Ġthat:0.0002;.:0.0002;;:0.0002"
and,conjunction,1,0,392,and,,-,layer_39,://,1.0,36527,,45570,",",0.000203,1004,,14,://:1.0000;clips:0.0000;:{:0.0000;):0.0000;(:0.0000,",:0.0002;Ġand:0.0002;Ġthat:0.0002;.:0.0002;;:0.0002"
and,conjunction,1,0,392,and,,-,layer_41,://,1.0,36043,,44907,",",0.000226,899,,12,://:1.0000;clips:0.0000;Ġ'/:0.0000;:{:0.0000;Ġanyway:0.0000,",:0.0002;Ġand:0.0002;Ġthat:0.0002;.:0.0002;;:0.0002"
and,conjunction,1,0,392,and,,-,layer_43,://,1.0,35225,,43776,",",0.000273,769,,8,://:1.0000;clips:0.0000;Ġanyway:0.0000;Ġ'/:0.0000;:{:0.0000,",:0.0003;Ġand:0.0003;Ġthat:0.0003;.:0.0003;;:0.0002"
and,conjunction,1,0,392,and,,-,layer_45,://,1.0,31898,,38438,",",0.000477,641,,5,://:1.0000;clips:0.0000;Ġanyway:0.0000;Ġ'/:0.0000;.(:0.0000,",:0.0005;Ġand:0.0004;.:0.0004;Ġthat:0.0004;-:0.0003"
and,conjunction,1,0,392,and,,-,layer_47,-,0.821063,496,,1,-,0.097257,623,,1,"-:0.8211;,:0.0980;Ġthe:0.0615;.:0.0144;Ġthat:0.0025","-:0.0973;,:0.0723;.:0.0378;Ġthe:0.0354;Ġand:0.0181"
and,conjunction,1,0,392,and,,-,layer_48,-,0.987024,338,,1,-,0.183046,489,,1,"-:0.9870;Ġthe:0.0124;,:0.0005;ĠI:0.0000;Ġa:0.0000","-:0.1830;Ġthe:0.0420;,:0.0334;ĠI:0.0166;Ġthat:0.0156"
and,conjunction,1,0,392,and,,-,final_logits,-,0.183046,489,,1,,,,,,"-:0.1830;Ġthe:0.0420;,:0.0334;ĠI:0.0166;Ġthat:0.0156",
but,conjunction,1,0,4360,but,,ĠI,emb,but,0.000122,1,,50125,but,1.0,1,,50006,but:0.0001;BUT:0.0001;yet:0.0001;butt:0.0000;though:0.0000,but:1.0000;BUT:0.0000;yet:0.0000;butt:0.0000;though:0.0000
but,conjunction,1,0,4360,but,,ĠI,layer_1,milo,0.002017,1174,,2317,chers,0.000979,115,,456,milo:0.0020;ombs:0.0020;cro:0.0019;ucha:0.0016;ĠEdited:0.0014,chers:0.0010;ombs:0.0007;ĠGarrison:0.0007;Else:0.0007;Ġplat:0.0007
but,conjunction,1,0,4360,but,,ĠI,layer_2,chers,0.01295,1689,,183,chers,0.004064,566,,16,chers:0.0129;burning:0.0100;ombs:0.0094;cro:0.0078;Ġplat:0.0063,chers:0.0041;oner:0.0017;burning:0.0017;rolling:0.0012;cher:0.0009
but,conjunction,1,0,4360,but,,ĠI,layer_5,tons,0.486668,7204,,31,chers,0.051445,7200,,10,tons:0.4867;chers:0.3636;milo:0.0518;burning:0.0253;tery:0.0119,chers:0.0514;tons:0.0488;burning:0.0058;cher:0.0057;Ġrather:0.0035
but,conjunction,1,0,4360,but,,ĠI,layer_11,://,0.999999,23721,,43784,Ġthat,0.000143,14515,,64,://:1.0000;clips:0.0000;wcsstore:0.0000;:{:0.0000;Ġ'/:0.0000,"Ġthat:0.0001;Ġand:0.0001;,:0.0001;.:0.0001;;:0.0001"
but,conjunction,1,0,4360,but,,ĠI,layer_16,://,1.0,24018,,45509,Ġthat,0.000138,14411,,124,://:1.0000;clips:0.0000;:{:0.0000;wcsstore:0.0000;Ġ'/:0.0000,"Ġthat:0.0001;Ġand:0.0001;;:0.0001;,:0.0001;.:0.0001"
but,conjunction,1,0,4360,but,,ĠI,layer_21,://,1.0,24362,,46034,Ġthat,0.000135,14664,,147,://:1.0000;clips:0.0000;wcsstore:0.0000;:{:0.0000;Ġ'/:0.0000,"Ġthat:0.0001;;:0.0001;Ġand:0.0001;,:0.0001;.:0.0001"
but,conjunction,1,0,4360,but,,ĠI,layer_27,://,1.0,24378,,45736,Ġthat,0.000151,14725,,114,://:1.0000;clips:0.0000;:{:0.0000;wcsstore:0.0000;$:0.0000,"Ġthat:0.0002;Ġand:0.0001;,:0.0001;;:0.0001;.:0.0001"
but,conjunction,1,0,4360,but,,ĠI,layer_32,://,1.0,24164,,45306,Ġthat,0.000169,14374,,96,://:1.0000;clips:0.0000;:{:0.0000;):0.0000;(:0.0000,"Ġthat:0.0002;Ġand:0.0002;,:0.0002;.:0.0002;;:0.0002"
but,conjunction,1,0,4360,but,,ĠI,layer_37,://,1.0,23618,,44581,Ġand,0.00019,13519,,79,://:1.0000;clips:0.0000;:{:0.0000;Ġ'/:0.0000;$:0.0000,"Ġand:0.0002;Ġthat:0.0002;,:0.0002;.:0.0002;;:0.0002"
but,conjunction,1,0,4360,but,,ĠI,layer_39,://,1.0,23345,,44164,Ġand,0.000202,13248,,74,://:1.0000;clips:0.0000;Ġ'/:0.0000;:{:0.0000;$:0.0000,"Ġand:0.0002;,:0.0002;Ġthat:0.0002;.:0.0002;;:0.0002"
but,conjunction,1,0,4360,but,,ĠI,layer_41,://,1.0,22832,,43535,",",0.000225,12597,,65,://:1.0000;clips:0.0000;Ġ'/:0.0000;Ġanyway:0.0000;:{:0.0000,",:0.0002;Ġand:0.0002;Ġthat:0.0002;.:0.0002;;:0.0002"
but,conjunction,1,0,4360,but,,ĠI,layer_43,://,1.0,22087,,42431,",",0.000272,11599,,53,://:1.0000;clips:0.0000;Ġanyway:0.0000;Ġ'/:0.0000;:{:0.0000,",:0.0003;Ġand:0.0003;Ġthat:0.0003;.:0.0003;;:0.0002"
but,conjunction,1,0,4360,but,,ĠI,layer_45,://,1.0,20715,,36989,",",0.000484,9958,,40,://:1.0000;clips:0.0000;Ġanyway:0.0000;Ġ'/:0.0000;.(:0.0000,",:0.0005;Ġand:0.0004;.:0.0004;Ġthat:0.0004;Ġto:0.0003"
but,conjunction,1,0,4360,but,,ĠI,layer_47,Ġthe,0.665254,4048,,6,",",0.060653,5002,,7,"Ġthe:0.6653;Ġthat:0.1431;,:0.1040;Ġit:0.0385;.:0.0160",",:0.0607;Ġthe:0.0498;Ġin:0.0305;Ġit:0.0276;.:0.0270"
but,conjunction,1,0,4360,but,,ĠI,layer_48,Ġthe,0.712275,3329,,2,ĠI,0.074458,3165,,1,"Ġthe:0.7123;ĠI:0.2398;Ġit:0.0256;Ġnot:0.0168;,:0.0023","ĠI:0.0745;Ġit:0.0644;Ġthe:0.0587;Ġnot:0.0449;,:0.0231"
but,conjunction,1,0,4360,but,,ĠI,final_logits,ĠI,0.074458,3165,,1,,,,,,"ĠI:0.0745;Ġit:0.0644;Ġthe:0.0587;Ġnot:0.0449;,:0.0231",
although,conjunction,1,0,16670,although,,Ġthe,emb,although,0.000134,1,,50256,although,1.0,1,,50256,although:0.0001;though:0.0001;albeit:0.0001;despite:0.0001;unless:0.0001,although:1.0000;though:0.0000;albeit:0.0000;despite:0.0000;unless:0.0000
although,conjunction,1,0,16670,although,,Ġthe,layer_1,PLA,0.005951,4004,,16724,ioch,0.001361,1541,,10727,PLA:0.0060;ucha:0.0038;Ġcrochet:0.0036;ahi:0.0023;milo:0.0022,ioch:0.0014;Reply:0.0014;Ġsimmer:0.0013;lo:0.0011;PLA:0.0009
although,conjunction,1,0,16670,although,,Ġthe,layer_2,lo,0.016183,4064,,4544,lo,0.001891,2448,,1514,lo:0.0162;PLA:0.0127;Ġcrochet:0.0107;ahi:0.0087;ĠFlore:0.0070,lo:0.0019;ĠFry:0.0010;ional:0.0009;aka:0.0007;Ġal:0.0007
although,conjunction,1,0,16670,although,,Ġthe,layer_5,milo,0.080102,6931,,1275,Ġmissing,0.005901,9217,,676,milo:0.0801;ional:0.0517;Ġmissing:0.0489;Ġprofessional:0.0274;Ġdeb:0.0206,Ġmissing:0.0059;ional:0.0046;Ġrarely:0.0045;Ġprofessional:0.0038;Ġvice:0.0035
although,conjunction,1,0,16670,although,,Ġthe,layer_11,://,1.0,6581,,45176,Ġthat,0.000142,21987,,29,://:1.0000;clips:0.0000;:{:0.0000;wcsstore:0.0000;Ġ'/:0.0000,"Ġthat:0.0001;,:0.0001;Ġand:0.0001;.:0.0001;;:0.0001"
although,conjunction,1,0,16670,although,,Ġthe,layer_16,://,1.0,6708,,46349,Ġthat,0.000137,23104,,31,://:1.0000;clips:0.0000;:{:0.0000;wcsstore:0.0000;Ġ'/:0.0000,"Ġthat:0.0001;Ġand:0.0001;;:0.0001;,:0.0001;.:0.0001"
although,conjunction,1,0,16670,although,,Ġthe,layer_21,://,1.0,6864,,46761,Ġthat,0.000134,23659,,31,://:1.0000;clips:0.0000;:{:0.0000;wcsstore:0.0000;Ġ'/:0.0000,"Ġthat:0.0001;;:0.0001;Ġand:0.0001;,:0.0001;.:0.0001"
although,conjunction,1,0,16670,although,,Ġthe,layer_27,://,1.0,6881,,46284,Ġthat,0.00015,24226,,26,://:1.0000;clips:0.0000;:{:0.0000;wcsstore:0.0000;$:0.0000,"Ġthat:0.0002;Ġand:0.0001;,:0.0001;;:0.0001;.:0.0001"
although,conjunction,1,0,16670,although,,Ġthe,layer_32,://,1.0,6873,,45735,Ġthat,0.000168,24613,,23,://:1.0000;clips:0.0000;:{:0.0000;):0.0000;(:0.0000,"Ġthat:0.0002;Ġand:0.0002;,:0.0002;.:0.0002;;:0.0002"
although,conjunction,1,0,16670,although,,Ġthe,layer_37,://,1.0,6729,,44958,",",0.000191,24715,,20,://:1.0000;clips:0.0000;:{:0.0000;Ġ'/:0.0000;$:0.0000,",:0.0002;Ġand:0.0002;Ġthat:0.0002;.:0.0002;;:0.0002"
although,conjunction,1,0,16670,although,,Ġthe,layer_39,://,1.0,6637,,44459,",",0.000204,24764,,19,://:1.0000;clips:0.0000;:{:0.0000;Ġ'/:0.0000;$:0.0000,",:0.0002;Ġand:0.0002;Ġthat:0.0002;.:0.0002;;:0.0002"
although,conjunction,1,0,16670,although,,Ġthe,layer_41,://,1.0,6430,,43697,",",0.000229,24753,,18,://:1.0000;clips:0.0000;Ġ'/:0.0000;:{:0.0000;Ġanyway:0.0000,",:0.0002;Ġand:0.0002;Ġthat:0.0002;.:0.0002;;:0.0002"
although,conjunction,1,0,16670,although,,Ġthe,layer_43,://,1.0,6148,,42330,",",0.000279,24760,,15,://:1.0000;clips:0.0000;Ġanyway:0.0000;Ġ'/:0.0000;:{:0.0000,",:0.0003;Ġand:0.0003;Ġthat:0.0003;.:0.0003;;:0.0002"
although,conjunction,1,0,16670,although,,Ġthe,layer_45,://,1.0,6176,,35538,",",0.000512,25433,,8,://:1.0000;Ġanyway:0.0000;clips:0.0000;.(:0.0000;Ġ'/:0.0000,",:0.0005;Ġand:0.0005;.:0.0004;Ġthat:0.0004;Ġfor:0.0003"
although,conjunction,1,0,16670,although,,Ġthe,layer_47,Ġthe,0.94338,17877,,1,Ġthe,0.076016,26725,,1,"Ġthe:0.9434;Ġthat:0.0170;Ġit:0.0153;,:0.0114;Ġa:0.0051","Ġthe:0.0760;,:0.0488;Ġit:0.0328;Ġa:0.0237;ĠI:0.0236"
although,conjunction,1,0,16670,although,,Ġthe,layer_48,Ġthe,0.996865,29623,,1,Ġthe,0.144836,28959,,1,Ġthe:0.9969;ĠI:0.0021;Ġhe:0.0003;Ġit:0.0003;Ġa:0.0002,Ġthe:0.1448;Ġit:0.0717;ĠI:0.0571;Ġhe:0.0484;Ġnot:0.0383
although,conjunction,1,0,16670,although,,Ġthe,final_logits,Ġthe,0.144836,28959,,1,,,,,,Ġthe:0.1448;Ġit:0.0717;ĠI:0.0571;Ġhe:0.0484;Ġnot:0.0383,
hello,interjection,1,0,31373,hello,,",",emb,hello,0.000939,1,,50254,hello,1.0,1,,50251,hello:0.0009;Hello:0.0001;Ġhello:0.0001;Ě:0.0001;Ĝ:0.0001,hello:1.0000;Hello:0.0000;Ġhello:0.0000;Ě:0.0000;ě:0.0000
hello,interjection,1,0,31373,hello,,",",layer_1,hello,0.028381,1,,13626,hello,0.054611,1,,3982,hello:0.0284;ĠBernstein:0.0069;ĠClayton:0.0068;ĠSass:0.0067;Ġhello:0.0062,hello:0.0546;Ġhello:0.0076;LET:0.0036;ĠSass:0.0035;ÄŁ:0.0034
hello,interjection,1,0,31373,hello,,",",layer_2,hello,0.069778,1,,1500,hello,0.012531,1,,112,hello:0.0698;ĠBernstein:0.0323;Ġhello:0.0215;ĠFlore:0.0119;Ġdrummer:0.0081,hello:0.0125;Ġhello:0.0037;ĠNeighbor:0.0025;Ġneighbor:0.0022;ĠBernstein:0.0020
hello,interjection,1,0,31373,hello,,",",layer_5,Ġhello,0.278384,2,,355,Ġhello,0.009964,2,,51,Ġhello:0.2784;hello:0.1288;Ġhumble:0.0595;Ġjo:0.0519;Ġrouter:0.0433,Ġhello:0.0100;hello:0.0091;Ġworld:0.0071;Ġnews:0.0065;Ġhumble:0.0049
hello,interjection,1,0,31373,hello,,",",layer_11,://,1.0,1231,,44797,",",0.000149,5350,,1,://:1.0000;clips:0.0000;:{:0.0000;wcsstore:0.0000;Ġ'/:0.0000,",:0.0001;Ġand:0.0001;.:0.0001;Ġthat:0.0001;;:0.0001"
hello,interjection,1,0,31373,hello,,",",layer_16,://,1.0,1453,,46116,Ġand,0.00014,8411,,3,://:1.0000;clips:0.0000;:{:0.0000;wcsstore:0.0000;Ġ'/:0.0000,"Ġand:0.0001;;:0.0001;,:0.0001;.:0.0001;Ġthat:0.0001"
hello,interjection,1,0,31373,hello,,",",layer_21,://,1.0,1486,,46587,;,0.000138,8468,,3,://:1.0000;clips:0.0000;:{:0.0000;wcsstore:0.0000;$:0.0000,";:0.0001;Ġand:0.0001;,:0.0001;.:0.0001;Ġthat:0.0001"
hello,interjection,1,0,31373,hello,,",",layer_27,://,1.0,1485,,46097,",",0.000153,9201,,1,://:1.0000;clips:0.0000;:{:0.0000;wcsstore:0.0000;$:0.0000,",:0.0002;Ġand:0.0002;Ġthat:0.0001;;:0.0001;.:0.0001"
hello,interjection,1,0,31373,hello,,",",layer_32,://,1.0,1485,,45480,",",0.000173,9835,,1,://:1.0000;clips:0.0000;:{:0.0000;):0.0000;(:0.0000,",:0.0002;Ġand:0.0002;Ġthat:0.0002;.:0.0002;;:0.0002"
hello,interjection,1,0,31373,hello,,",",layer_37,://,1.0,1466,,44571,",",0.000198,10384,,1,://:1.0000;clips:0.0000;:{:0.0000;):0.0000;(:0.0000,",:0.0002;Ġand:0.0002;.:0.0002;Ġthat:0.0002;;:0.0002"
hello,interjection,1,0,31373,hello,,",",layer_39,://,1.0,1438,,44015,",",0.000211,10585,,1,://:1.0000;clips:0.0000;:{:0.0000;):0.0000;(:0.0000,",:0.0002;Ġand:0.0002;.:0.0002;Ġthat:0.0002;;:0.0002"
hello,interjection,1,0,31373,hello,,",",layer_41,://,1.0,1386,,43208,",",0.000238,10825,,1,://:1.0000;clips:0.0000;:{:0.0000;Ġ'/:0.0000;Ġanyway:0.0000,",:0.0002;Ġand:0.0002;.:0.0002;Ġthat:0.0002;;:0.0002"
hello,interjection,1,0,31373,hello,,",",layer_43,://,1.0,1239,,41640,",",0.000291,10284,,1,://:1.0000;clips:0.0000;Ġanyway:0.0000;:{:0.0000;Ġ'/:0.0000,",:0.0003;Ġand:0.0003;.:0.0003;Ġthat:0.0003;;:0.0002"
hello,interjection,1,0,31373,hello,,",",layer_45,://,1.0,938,,34279,",",0.000533,8423,,1,://:1.0000;Ġanyway:0.0000;:{:0.0000;clips:0.0000;.(:0.0000,",:0.0005;.:0.0005;Ġand:0.0005;Ġthat:0.0004;Ġto:0.0003"
hello,interjection,1,0,31373,hello,,",",layer_47,",",0.778861,679,,1,",",0.279751,980,,1,",:0.7789;.:0.2150;-:0.0052;::0.0005;Ġand:0.0001",",:0.2798;.:0.1514;-:0.0564;::0.0375;Ġand:0.0267"
hello,interjection,1,0,31373,hello,,",",layer_48,-,0.501425,393,,2,",",0.122902,123,,1,"-:0.5014;,:0.4624;.:0.0251;_:0.0068;Ċ:0.0025",",:0.1229;-:0.0950;_:0.0901;.:0.0785;):0.0380"
hello,interjection,1,0,31373,hello,,",",final_logits,",",0.122902,123,,1,,,,,,",:0.1229;-:0.0950;_:0.0901;.:0.0785;):0.0380",
wow,interjection,1,0,42773,wow,,.,emb,wow,0.000823,1,,50189,wow,1.0,1,,50161,wow:0.0008;Wow:0.0001;Ġwow:0.0001;ù:0.0001;ÿ:0.0001,wow:1.0000;Wow:0.0000;Ġwow:0.0000;ĠWow:0.0000;ù:0.0000
wow,interjection,1,0,42773,wow,,.,layer_1,wow,0.104179,1,,6887,wow,0.358245,1,,3143,wow:0.1042;Ġwow:0.0087;urst:0.0029;rack:0.0028;ĠWallace:0.0027,wow:0.3582;Ġwow:0.0229;lins:0.0041;ĠWow:0.0025;efully:0.0020
wow,interjection,1,0,42773,wow,,.,layer_2,wow,0.201019,1,,1099,wow,0.055589,1,,233,wow:0.2010;Ġwow:0.0265;Ġcant:0.0243;ĠAra:0.0117;Ġdelegate:0.0094,wow:0.0556;Ġwow:0.0116;Ġcant:0.0036;ĠWow:0.0027;efully:0.0017
wow,interjection,1,0,42773,wow,,.,layer_5,Ġcant,0.496709,2,,531,wow,0.035711,1,,213,Ġcant:0.4967;wow:0.2215;Ġwow:0.0445;Ġdesigner:0.0134;java:0.0126,wow:0.0357;Ġcant:0.0149;Ġwow:0.0095;ĠWow:0.0052;@:0.0044
wow,interjection,1,0,42773,wow,,.,layer_11,://,1.0,37180,,25768,",",0.000152,35610,,4,://:1.0000;clips:0.0000;wcsstore:0.0000;:{:0.0000;Ġ'/:0.0000,",:0.0002;Ġand:0.0001;Ġthat:0.0001;.:0.0001;://:0.0001"
wow,interjection,1,0,42773,wow,,.,layer_16,://,1.0,38485,,28360,Ġand,0.000141,40467,,4,://:1.0000;clips:0.0000;:{:0.0000;wcsstore:0.0000;Ġ'/:0.0000,"Ġand:0.0001;,:0.0001;Ġthat:0.0001;.:0.0001;;:0.0001"
wow,interjection,1,0,42773,wow,,.,layer_21,://,1.0,38415,,29566,;,0.000136,40721,,5,://:1.0000;clips:0.0000;wcsstore:0.0000;:{:0.0000;$:0.0000,";:0.0001;Ġthat:0.0001;Ġand:0.0001;,:0.0001;.:0.0001"
wow,interjection,1,0,42773,wow,,.,layer_27,://,1.0,38771,,28417,",",0.000153,41278,,4,://:1.0000;clips:0.0000;:{:0.0000;wcsstore:0.0000;$:0.0000,",:0.0002;Ġand:0.0002;Ġthat:0.0002;.:0.0001;;:0.0001"
wow,interjection,1,0,42773,wow,,.,layer_32,://,1.0,39055,,26888,",",0.000174,41590,,4,://:1.0000;clips:0.0000;):0.0000;%:0.0000;*:0.0000,",:0.0002;Ġand:0.0002;Ġthat:0.0002;.:0.0002;;:0.0002"
wow,interjection,1,0,42773,wow,,.,layer_37,://,1.0,39284,,24747,",",0.000199,41800,,3,://:1.0000;clips:0.0000;):0.0000;%:0.0000;*:0.0000,",:0.0002;Ġand:0.0002;.:0.0002;Ġthat:0.0002;;:0.0002"
wow,interjection,1,0,42773,wow,,.,layer_39,://,1.0,39350,,23605,",",0.000212,41816,,3,://:1.0000;clips:0.0000;):0.0000;%:0.0000;*:0.0000,",:0.0002;Ġand:0.0002;.:0.0002;Ġthat:0.0002;;:0.0002"
wow,interjection,1,0,42773,wow,,.,layer_41,://,1.0,39402,,21833,",",0.000238,41770,,3,://:1.0000;clips:0.0000;:{:0.0000;):0.0000;(:0.0000,",:0.0002;Ġand:0.0002;.:0.0002;Ġthat:0.0002;;:0.0002"
wow,interjection,1,0,42773,wow,,.,layer_43,://,1.0,39146,,18975,",",0.000291,40977,,3,://:1.0000;clips:0.0000;Ġanyway:0.0000;:{:0.0000;Ġ'/:0.0000,",:0.0003;Ġand:0.0003;.:0.0003;Ġthat:0.0003;;:0.0002"
wow,interjection,1,0,42773,wow,,.,layer_45,://,1.0,38281,,11473,",",0.00053,36840,,2,://:1.0000;Ġanyway:0.0000;clips:0.0000;:{:0.0000;Ġ'/:0.0000,",:0.0005;.:0.0005;Ġand:0.0005;Ġthat:0.0004;;:0.0003"
wow,interjection,1,0,42773,wow,,.,layer_47,.,0.651162,1165,,1,",",0.260604,833,,2,".:0.6512;,:0.3475;-:0.0008;"":0.0002;Ġand:0.0001",",:0.2606;.:0.2075;-:0.0398;"":0.0266;Ġand:0.0256"
wow,interjection,1,0,42773,wow,,.,layer_48,",",0.706083,604,,2,.,0.103258,168,,1,",:0.7061;.:0.2295;-:0.0536;"":0.0048;_:0.0035",".:0.1033;,:0.1027;_:0.0511;"":0.0462;-:0.0391"
wow,interjection,1,0,42773,wow,,.,final_logits,.,0.103258,168,,1,,,,,,".:0.1033;,:0.1027;_:0.0511;"":0.0462;-:0.0391",
hmm,interjection,2,0,71,h,3020,.,emb,h,0.000163,1,1876,21805,h,1.0,1,1683,17964,h:0.0002;hw:0.0001;hh:0.0001;hr:0.0001;hm:0.0001,h:1.0000;hw:0.0000;hh:0.0000;hr:0.0000;hm:0.0000
hmm,interjection,2,0,71,h,3020,.,layer_1,ouston,0.003641,103,18259,3399,omo,0.006649,101,11388,1142,ouston:0.0036;omo:0.0029;unker:0.0029;onda:0.0026;ugh:0.0023,omo:0.0066;onda:0.0057;ouston:0.0054;ugh:0.0036;unker:0.0035
hmm,interjection,2,0,71,h,3020,.,layer_2,ouston,0.057518,61,13544,1146,ouston,0.006708,94,7441,455,ouston:0.0575;unker:0.0243;ugh:0.0191;omo:0.0129;bh:0.0124,ouston:0.0067;omo:0.0036;oo:0.0035;agh:0.0035;ugh:0.0035
hmm,interjection,2,0,71,h,3020,.,layer_5,ouston,0.381889,410,1759,1119,awk,0.016285,436,1071,624,ouston:0.3819;unker:0.1182;aha:0.0792;ugh:0.0593;olly:0.0275,awk:0.0163;ouston:0.0162;aha:0.0122;agh:0.0111;ockey:0.0068
hmm,interjection,2,0,71,h,3020,.,layer_11,://,1.0,28550,13510,26102,Ġand,0.000146,1420,3027,2,://:1.0000;clips:0.0000;:{:0.0000;wcsstore:0.0000;Ġ'/:0.0000,"Ġand:0.0001;.:0.0001;,:0.0001;Ġthat:0.0001;;:0.0001"
hmm,interjection,2,0,71,h,3020,.,layer_16,://,1.0,30398,14822,28454,Ġand,0.000139,1747,4400,2,://:1.0000;clips:0.0000;:{:0.0000;wcsstore:0.0000;Ġ'/:0.0000,"Ġand:0.0001;.:0.0001;,:0.0001;;:0.0001;Ġthat:0.0001"
hmm,interjection,2,0,71,h,3020,.,layer_21,://,1.0,31391,15287,29611,Ġand,0.000135,2001,4843,3,://:1.0000;clips:0.0000;:{:0.0000;wcsstore:0.0000;$:0.0000,"Ġand:0.0001;;:0.0001;.:0.0001;,:0.0001;Ġthat:0.0001"
hmm,interjection,2,0,71,h,3020,.,layer_27,://,1.0,31259,15156,28422,Ġand,0.000152,1974,5002,3,://:1.0000;clips:0.0000;:{:0.0000;):0.0000;(:0.0000,"Ġand:0.0002;,:0.0001;.:0.0001;Ġthat:0.0001;;:0.0001"
hmm,interjection,2,0,71,h,3020,.,layer_32,://,1.0,30794,14947,26975,Ġand,0.000171,1789,5050,3,://:1.0000;clips:0.0000;):0.0000;%:0.0000;*:0.0000,"Ġand:0.0002;,:0.0002;.:0.0002;Ġthat:0.0002;;:0.0002"
hmm,interjection,2,0,71,h,3020,.,layer_37,://,1.0,29806,14546,24859,Ġand,0.000193,1558,4873,3,://:1.0000;clips:0.0000;):0.0000;%:0.0000;*:0.0000,"Ġand:0.0002;,:0.0002;.:0.0002;Ġthat:0.0002;;:0.0002"
hmm,interjection,2,0,71,h,3020,.,layer_39,://,1.0,29161,14315,23762,",",0.000205,1378,4696,3,://:1.0000;clips:0.0000;):0.0000;%:0.0000;*:0.0000,",:0.0002;Ġand:0.0002;.:0.0002;Ġthat:0.0002;;:0.0002"
hmm,interjection,2,0,71,h,3020,.,layer_41,://,1.0,28239,13821,22078,",",0.000229,1189,4316,3,://:1.0000;clips:0.0000;Ġ'/:0.0000;:{:0.0000;$:0.0000,",:0.0002;Ġand:0.0002;.:0.0002;Ġthat:0.0002;;:0.0002"
hmm,interjection,2,0,71,h,3020,.,layer_43,://,1.0,26854,13061,19243,",",0.000277,920,3827,3,://:1.0000;clips:0.0000;Ġanyway:0.0000;Ġ'/:0.0000;:{:0.0000,",:0.0003;Ġand:0.0003;.:0.0003;Ġthat:0.0002;;:0.0002"
hmm,interjection,2,0,71,h,3020,.,layer_45,://,1.0,22735,10652,12090,",",0.000481,615,2679,2,://:1.0000;clips:0.0000;Ġanyway:0.0000;Ġ'/:0.0000;:{:0.0000,",:0.0005;.:0.0005;Ġand:0.0004;Ġthat:0.0004;Ġto:0.0003"
hmm,interjection,2,0,71,h,3020,.,layer_47,.,0.4983,100,542,1,",",0.111024,112,382,2,".:0.4983;,:0.4896;Ċ:0.0059;-:0.0026;Ġand:0.0023",",:0.1110;.:0.1019;Ġand:0.0272;Ċ:0.0266;-:0.0229"
hmm,interjection,2,0,71,h,3020,.,layer_48,",",0.691444,33,313,2,.,0.038567,74,187,1,",:0.6914;.:0.2887;-:0.0113;Ċ:0.0047;):0.0013",".:0.0386;,:0.0334;):0.0190;/:0.0107;-:0.0087"
hmm,interjection,2,0,71,h,3020,.,final_logits,.,0.038567,74,187,1,,,,,,".:0.0386;,:0.0334;):0.0190;/:0.0107;-:0.0087",
hmm,interjection,2,1,3020,mm,,",",emb,mm,0.000287,1,,50226,mm,1.0,1,,50111,mm:0.0003;Ġmm:0.0001;MM:0.0001;mmmm:0.0001;mmm:0.0001,mm:1.0000;Ġmm:0.0000;MM:0.0000;mmmm:0.0000;mmm:0.0000
hmm,interjection,2,1,3020,mm,,",",layer_1,amba,0.003259,13,,12874,mmm,0.126984,5,,5693,amba:0.0033;mmm:0.0031;ixed:0.0027;ole:0.0018;achine:0.0016,mmm:0.1270;amba:0.0699;ixed:0.0198;aker:0.0163;mm:0.0159
hmm,interjection,2,1,3020,mm,,",",layer_2,amba,0.048114,918,,11239,amba,0.071674,217,,3924,amba:0.0481;etry:0.0131;aker:0.0121;agna:0.0110;mmm:0.0084,amba:0.0717;aker:0.0264;mmm:0.0263;etry:0.0092;Ġsplit:0.0072
hmm,interjection,2,1,3020,mm,,",",layer_5,amba,0.162582,1886,,4030,amba,0.026101,466,,1281,amba:0.1626;etry:0.0391;agna:0.0382;oor:0.0358;ay:0.0357,amba:0.0261;oor:0.0179;mmm:0.0165;aker:0.0090;etry:0.0070
hmm,interjection,2,1,3020,mm,,",",layer_11,mmm,0.939939,518,,4172,mmm,0.473739,212,,1270,mmm:0.9399;amba:0.0249;ishy:0.0050;Ġak:0.0044;ish:0.0029,mmm:0.4737;amba:0.0243;ishy:0.0145;oor:0.0093;ish:0.0078
hmm,interjection,2,1,3020,mm,,",",layer_16,mmm,0.991342,1953,,1044,mmm,0.660418,1155,,356,mmm:0.9913;ay:0.0070;Ġak:0.0003;ink:0.0002;ays:0.0002,mmm:0.6604;ss:0.0168;ay:0.0141;ink:0.0068;Hmm:0.0057
hmm,interjection,2,1,3020,mm,,",",layer_21,mmm,0.974841,3405,,212,mmm,0.457936,2201,,128,mmm:0.9748;ay:0.0220;ish:0.0014;ss:0.0006;Ġsorry:0.0002,mmm:0.4579;ss:0.0563;ay:0.0190;azing:0.0135;ish:0.0120
hmm,interjection,2,1,3020,mm,,",",layer_27,mmm,0.999945,2200,,44,mmm,0.72517,1351,,48,mmm:0.9999;ay:0.0000;Hmm:0.0000;ays:0.0000;ish:0.0000,mmm:0.7252;Hmm:0.0179;ss:0.0105;Ġyeah:0.0100;ay:0.0062
hmm,interjection,2,1,3020,mm,,",",layer_32,mmm,1.0,393,,14,mmm,0.882853,219,,23,mmm:1.0000;...:0.0000;âĢ¦:0.0000;ay:0.0000;Ġsounds:0.0000,mmm:0.8829;...:0.0076;Hmm:0.0064;Ġyeah:0.0048;ss:0.0036
hmm,interjection,2,1,3020,mm,,",",layer_37,mmm,0.999932,125,,3,mmm,0.729681,80,,3,"mmm:0.9999;...:0.0001;,:0.0000;âĢ¦:0.0000;.:0.0000","mmm:0.7297;...:0.0417;,:0.0183;âĢ¦:0.0146;....:0.0098"
hmm,interjection,2,1,3020,mm,,",",layer_39,mmm,0.966394,94,,3,mmm,0.509534,67,,4,"mmm:0.9664;...:0.0261;,:0.0058;âĢ¦:0.0017;.:0.0000","mmm:0.5095;...:0.0976;âĢ¦:0.0434;,:0.0414;.:0.0243"
hmm,interjection,2,1,3020,mm,,",",layer_41,...,0.490511,68,,2,mmm,0.298314,46,,3,"...:0.4905;,:0.4831;mmm:0.0164;âĢ¦:0.0055;.:0.0045","mmm:0.2983;...:0.1581;,:0.0818;âĢ¦:0.0624;.:0.0610"
hmm,interjection,2,1,3020,mm,,",",layer_43,",",0.985304,78,,1,mmm,0.155406,47,,2,",:0.9853;.:0.0116;...:0.0027;âĢ¦:0.0004;mmm:0.0000","mmm:0.1554;,:0.1478;...:0.1343;.:0.1233;âĢ¦:0.0887"
hmm,interjection,2,1,3020,mm,,",",layer_45,",",0.981995,77,,1,",",0.206206,37,,1,",:0.9820;.:0.0180;...:0.0000;âĢ¦:0.0000;ĠI:0.0000",",:0.2062;.:0.2015;...:0.0870;âĢ¦:0.0745;mmm:0.0621"
hmm,interjection,2,1,3020,mm,,",",layer_47,",",0.99484,139,,1,",",0.257956,53,,1,",:0.9948;.:0.0052;...:0.0000;âĢ¦:0.0000;Ċ:0.0000",",:0.2580;.:0.2360;...:0.0632;âĢ¦:0.0487;?:0.0204"
hmm,interjection,2,1,3020,mm,,",",layer_48,",",0.998015,131,,1,",",0.253202,53,,1,",:0.9980;.:0.0020;...:0.0000;Ċ:0.0000;âĢ¦:0.0000",",:0.2532;.:0.2144;...:0.0602;âĢ¦:0.0440;):0.0282"
hmm,interjection,2,1,3020,mm,,",",final_logits,",",0.253202,53,,1,,,,,,",:0.2532;.:0.2144;...:0.0602;âĢ¦:0.0440;):0.0282",
seven,number,1,0,26548,seven,,Ġyears,emb,seven,0.000219,1,,39621,seven,1.0,1,,37525,seven:0.0002;nine:0.0001;eight:0.0001;five:0.0001;six:0.0001,seven:1.0000;nine:0.0000;eight:0.0000;five:0.0000;six:0.0000
seven,number,1,0,26548,seven,,Ġyears,layer_1,ĠFAR,0.010602,14321,,13,fold,0.022423,4094,,2,ĠFAR:0.0106;ĠFlore:0.0099;fold:0.0099;Ġfilib:0.0045;Ġdelegate:0.0035,fold:0.0224;Ġyears:0.0033;ĠFAR:0.0033;Ġminutes:0.0023;teenth:0.0023
seven,number,1,0,26548,seven,,Ġyears,layer_2,fold,0.024751,18574,,2,fold,0.007025,9328,,2,fold:0.0248;Ġyears:0.0209;ĠFlore:0.0162;Ġmonths:0.0159;ĠFAR:0.0140,fold:0.0070;Ġyears:0.0066;Ġmonths:0.0030;Ġmillion:0.0029;Ġthousand:0.0028
seven,number,1,0,26548,seven,,Ġyears,layer_5,Ġyears,0.265351,12711,,1,Ġmillion,0.028276,8487,,2,Ġyears:0.2654;Ġmillion:0.2199;Ġmonths:0.0864;Ġminutes:0.0556;Ġthousand:0.0334,Ġmillion:0.0283;Ġyears:0.0280;Ġthousand:0.0207;Ġhundred:0.0171;een:0.0149
seven,number,1,0,26548,seven,,Ġyears,layer_11,://,1.0,23203,,29920,Ġand,0.000145,36361,,198,://:1.0000;clips:0.0000;:{:0.0000;wcsstore:0.0000;Ġ'/:0.0000,"Ġand:0.0001;.:0.0001;,:0.0001;Ġthat:0.0001;;:0.0001"
seven,number,1,0,26548,seven,,Ġyears,layer_16,://,1.0,22639,,33916,Ġand,0.000139,37051,,636,://:1.0000;clips:0.0000;:{:0.0000;wcsstore:0.0000;Ġ'/:0.0000,"Ġand:0.0001;.:0.0001;;:0.0001;Ġthat:0.0001;,:0.0001"
seven,number,1,0,26548,seven,,Ġyears,layer_21,://,1.0,22335,,35094,;,0.000135,36933,,812,://:1.0000;clips:0.0000;:{:0.0000;wcsstore:0.0000;$:0.0000,";:0.0001;Ġand:0.0001;.:0.0001;Ġthat:0.0001;,:0.0001"
seven,number,1,0,26548,seven,,Ġyears,layer_27,://,1.0,22479,,34519,Ġand,0.000152,37191,,669,://:1.0000;clips:0.0000;:{:0.0000;wcsstore:0.0000;$:0.0000,"Ġand:0.0002;,:0.0001;Ġthat:0.0001;.:0.0001;;:0.0001"
seven,number,1,0,26548,seven,,Ġyears,layer_32,://,1.0,22564,,33837,Ġand,0.000171,37309,,545,://:1.0000;clips:0.0000;:{:0.0000;):0.0000;(:0.0000,"Ġand:0.0002;,:0.0002;Ġthat:0.0002;.:0.0002;;:0.0002"
seven,number,1,0,26548,seven,,Ġyears,layer_37,://,1.0,22478,,32885,Ġand,0.000193,37005,,471,://:1.0000;clips:0.0000;:{:0.0000;):0.0000;(:0.0000,"Ġand:0.0002;,:0.0002;.:0.0002;Ġthat:0.0002;;:0.0002"
seven,number,1,0,26548,seven,,Ġyears,layer_39,://,1.0,22397,,32307,Ġand,0.000206,36778,,429,://:1.0000;clips:0.0000;:{:0.0000;):0.0000;(:0.0000,"Ġand:0.0002;,:0.0002;.:0.0002;Ġthat:0.0002;;:0.0002"
seven,number,1,0,26548,seven,,Ġyears,layer_41,://,1.0,22263,,31433,",",0.000229,36476,,361,://:1.0000;clips:0.0000;:{:0.0000;Ġ'/:0.0000;$:0.0000,",:0.0002;Ġand:0.0002;.:0.0002;Ġthat:0.0002;;:0.0002"
seven,number,1,0,26548,seven,,Ġyears,layer_43,://,1.0,21839,,29519,",",0.000278,35754,,261,://:1.0000;clips:0.0000;Ġanyway:0.0000;:{:0.0000;Ġ'/:0.0000,",:0.0003;Ġand:0.0003;.:0.0003;Ġthat:0.0003;;:0.0002"
seven,number,1,0,26548,seven,,Ġyears,layer_45,://,1.0,21546,,22512,",",0.000491,33811,,143,://:1.0000;clips:0.0000;Ġanyway:0.0000;.(:0.0000;:{:0.0000,",:0.0005;Ġand:0.0005;.:0.0005;Ġthat:0.0004;Ġto:0.0003"
seven,number,1,0,26548,seven,,Ġyears,layer_47,-,0.920673,10539,,4,-,0.111387,10241,,4,"-:0.9207;,:0.0491;.:0.0279;Ġyears:0.0013;Ġand:0.0004","-:0.1114;,:0.0656;.:0.0507;Ġyears:0.0251;Ġand:0.0192"
seven,number,1,0,26548,seven,,Ġyears,layer_48,-,0.9827,13039,,2,Ġyears,0.10193,7843,,1,"-:0.9827;Ġyears:0.0133;,:0.0038;Ġpeople:0.0001;.:0.0000","Ġyears:0.1019;-:0.0897;,:0.0313;Ġmillion:0.0229;Ġdays:0.0208"
seven,number,1,0,26548,seven,,Ġyears,final_logits,Ġyears,0.10193,7843,,1,,,,,,"Ġyears:0.1019;-:0.0897;,:0.0313;Ġmillion:0.0229;Ġdays:0.0208",
42,number,1,0,3682,42,,.,emb,42,0.000158,1,,49473,42,1.0,1,,48633,42:0.0002;41:0.0001;43:0.0001;46:0.0001;44:0.0001,42:1.0000;41:0.0000;43:0.0000;46:0.0000;44:0.0000
42,number,1,0,3682,42,,.,layer_1,Ġcrochet,0.004451,7044,,1123,nd,0.004675,142,,132,Ġcrochet:0.0045;ista:0.0019;Ġdrill:0.0018;uterte:0.0018;iston:0.0015,nd:0.0047;60:0.0012;80:0.0010;nt:0.0010;onde:0.0010
42,number,1,0,3682,42,,.,layer_2,Ġcrochet,0.012038,3471,,218,nd,0.003012,73,,33,Ġcrochet:0.0120;)].:0.0100;Ġdrill:0.0084;Ġclown:0.0065;ista:0.0059,nd:0.0030;)].:0.0020;50:0.0019;60:0.0019;80:0.0018
42,number,1,0,3682,42,,.,layer_5,)].,0.170108,5884,,131,ms,0.006461,1011,,41,)].:0.1701;ms:0.0886;milo:0.0782;ĠCONC:0.0228;ĠYOUR:0.0181,ms:0.0065;Ġmillion:0.0031;60:0.0028;)].:0.0026;]:0.0026
42,number,1,0,3682,42,,.,layer_11,://,1.0,27197,,26071,.,0.000142,14715,,1,://:1.0000;clips:0.0000;:{:0.0000;wcsstore:0.0000;Ġ'/:0.0000,".:0.0001;,:0.0001;Ġand:0.0001;;:0.0001;Ġthat:0.0001"
42,number,1,0,3682,42,,.,layer_16,://,1.0,27785,,28517,;,0.000139,16230,,2,://:1.0000;clips:0.0000;:{:0.0000;wcsstore:0.0000;Ġ'/:0.0000,";:0.0001;.:0.0001;Ġand:0.0001;Ġthat:0.0001;,:0.0001"
42,number,1,0,3682,42,,.,layer_21,://,1.0,28134,,29707,;,0.000137,17043,,2,://:1.0000;clips:0.0000;:{:0.0000;wcsstore:0.0000;$:0.0000,";:0.0001;.:0.0001;Ġand:0.0001;Ġthat:0.0001;,:0.0001"
42,number,1,0,3682,42,,.,layer_27,://,1.0,28110,,28511,;,0.000149,16973,,5,://:1.0000;clips:0.0000;:{:0.0000;):0.0000;(:0.0000,";:0.0001;Ġand:0.0001;,:0.0001;Ġthat:0.0001;.:0.0001"
42,number,1,0,3682,42,,.,layer_32,://,1.0,27802,,26979,",",0.000168,16278,,3,://:1.0000;clips:0.0000;:{:0.0000;):0.0000;(:0.0000,",:0.0002;Ġand:0.0002;.:0.0002;Ġthat:0.0002;;:0.0002"
42,number,1,0,3682,42,,.,layer_37,://,1.0,27212,,24813,",",0.000192,15097,,3,://:1.0000;clips:0.0000;:{:0.0000;):0.0000;(:0.0000,",:0.0002;Ġand:0.0002;.:0.0002;Ġthat:0.0002;;:0.0002"
42,number,1,0,3682,42,,.,layer_39,://,1.0,26934,,23669,",",0.000205,14421,,3,://:1.0000;clips:0.0000;:{:0.0000;):0.0000;(:0.0000,",:0.0002;Ġand:0.0002;.:0.0002;Ġthat:0.0002;;:0.0002"
42,number,1,0,3682,42,,.,layer_41,://,1.0,26370,,21863,",",0.00023,13409,,3,://:1.0000;clips:0.0000;:{:0.0000;Ġ'/:0.0000;$:0.0000,",:0.0002;Ġand:0.0002;.:0.0002;Ġthat:0.0002;;:0.0002"
42,number,1,0,3682,42,,.,layer_43,://,1.0,25470,,19012,",",0.00028,11777,,2,://:1.0000;clips:0.0000;:{:0.0000;Ġ'/:0.0000;Ġanyway:0.0000,",:0.0003;.:0.0003;Ġand:0.0003;Ġthat:0.0002;;:0.0002"
42,number,1,0,3682,42,,.,layer_45,://,1.0,22394,,11401,",",0.000497,8435,,2,://:1.0000;:{:0.0000;clips:0.0000;Ġanyway:0.0000;Ġ'/:0.0000,",:0.0005;.:0.0005;Ġand:0.0004;Ġthat:0.0004;::0.0003"
42,number,1,0,3682,42,,.,layer_47,.,0.633897,657,,1,.,0.119777,549,,1,".:0.6339;,:0.3097;::0.0291;Ċ:0.0146;-:0.0115",".:0.1198;,:0.1100;::0.0780;Ċ:0.0407;-:0.0404"
42,number,1,0,3682,42,,.,layer_48,",",0.514595,351,,2,.,0.096098,252,,1,",:0.5146;.:0.3635;-:0.0763;::0.0390;Ċ:0.0060",".:0.0961;::0.0870;,:0.0621;):0.0499;]:0.0422"
42,number,1,0,3682,42,,.,final_logits,.,0.096098,252,,1,,,,,,".:0.0961;::0.0870;,:0.0621;):0.0499;]:0.0422",
3.14,number,3,0,18,3,13,.,emb,3,9.8e-05,1,19048,19048,3,0.999999,1,16048,16048,3:0.0001;4:0.0001;2:0.0001;5:0.0001;6:0.0001,3:1.0000;4:0.0000;2:0.0000;5:0.0000;6:0.0000
3.14,number,3,0,18,3,13,.,layer_1,ADA,0.00201,7876,956,956,rd,0.005211,1050,76,76,ADA:0.0020;PLA:0.0016;cro:0.0016;Ġcrochet:0.0014;ĠArd:0.0013,rd:0.0052;D:0.0009;NBC:0.0008;ADA:0.0008;âĢ³:0.0007
3.14,number,3,0,18,3,13,.,layer_2,cro,0.012153,5546,78,78,rd,0.004594,1112,6,6,cro:0.0122;ADA:0.0106;Ġdrill:0.0080;PLA:0.0079;Ġcrochet:0.0070,rd:0.0046;Ġmillion:0.0015;200:0.0012;D:0.0010;-:0.0009
3.14,number,3,0,18,3,13,.,layer_5,cro,0.112962,14985,51,51,rd,0.008155,8322,11,11,cro:0.1130;Ġmillion:0.1128;million:0.0632;Ġstitch:0.0400;PLA:0.0321,rd:0.0082;Ġmillion:0.0081;Ġbillion:0.0044;D:0.0017;million:0.0013
3.14,number,3,0,18,3,13,.,layer_11,://,1.0,31830,25898,25898,.,0.000145,2586,1,1,://:1.0000;clips:0.0000;:{:0.0000;wcsstore:0.0000;Ġ'/:0.0000,".:0.0001;Ġand:0.0001;,:0.0001;Ġthat:0.0001;;:0.0001"
3.14,number,3,0,18,3,13,.,layer_16,://,1.0,32479,28437,28437,Ġand,0.000138,2305,2,2,://:1.0000;clips:0.0000;:{:0.0000;wcsstore:0.0000;Ġ'/:0.0000,"Ġand:0.0001;.:0.0001;;:0.0001;Ġthat:0.0001;,:0.0001"
3.14,number,3,0,18,3,13,.,layer_21,://,1.0,32947,29639,29639,;,0.000136,2309,3,3,://:1.0000;clips:0.0000;:{:0.0000;wcsstore:0.0000;$:0.0000,";:0.0001;Ġand:0.0001;.:0.0001;Ġthat:0.0001;,:0.0001"
3.14,number,3,0,18,3,13,.,layer_27,://,1.0,32669,28422,28422,Ġand,0.00015,2171,2,2,://:1.0000;clips:0.0000;:{:0.0000;wcsstore:0.0000;$:0.0000,"Ġand:0.0002;.:0.0001;Ġthat:0.0001;,:0.0001;;:0.0001"
3.14,number,3,0,18,3,13,.,layer_32,://,1.0,32135,26919,26919,Ġand,0.00017,1951,3,3,://:1.0000;clips:0.0000;:{:0.0000;):0.0000;(:0.0000,"Ġand:0.0002;,:0.0002;.:0.0002;Ġthat:0.0002;;:0.0002"
3.14,number,3,0,18,3,13,.,layer_37,://,1.0,31148,24752,24752,Ġand,0.000192,1596,3,3,://:1.0000;clips:0.0000;:{:0.0000;):0.0000;(:0.0000,"Ġand:0.0002;,:0.0002;.:0.0002;Ġthat:0.0002;;:0.0002"
3.14,number,3,0,18,3,13,.,layer_39,://,1.0,30560,23630,23630,Ġand,0.000205,1407,3,3,://:1.0000;clips:0.0000;:{:0.0000;):0.0000;(:0.0000,"Ġand:0.0002;,:0.0002;.:0.0002;Ġthat:0.0002;;:0.0002"
3.14,number,3,0,18,3,13,.,layer_41,://,1.0,29592,21851,21851,",",0.000228,1180,3,3,://:1.0000;clips:0.0000;:{:0.0000;Ġ'/:0.0000;$:0.0000,",:0.0002;Ġand:0.0002;.:0.0002;Ġthat:0.0002;;:0.0002"
3.14,number,3,0,18,3,13,.,layer_43,://,1.0,28153,18968,18968,",",0.000276,910,2,2,://:1.0000;clips:0.0000;:{:0.0000;Ġ'/:0.0000;Ġanyway:0.0000,",:0.0003;.:0.0003;Ġand:0.0003;Ġthat:0.0002;;:0.0002"
3.14,number,3,0,18,3,13,.,layer_45,://,1.0,24173,11422,11422,",",0.000485,634,2,2,://:1.0000;clips:0.0000;:{:0.0000;Ġanyway:0.0000;Ġ'/:0.0000,",:0.0005;.:0.0005;Ġand:0.0004;Ġthat:0.0004;;:0.0003"
3.14,number,3,0,18,3,13,.,layer_47,.,0.888138,246,1,1,.,0.166667,185,1,1,".:0.8881;,:0.0835;-:0.0267;Ċ:0.0010;):0.0004",".:0.1667;,:0.1027;-:0.0637;):0.0355;Ċ:0.0272"
3.14,number,3,0,18,3,13,.,layer_48,.,0.90526,337,1,1,.,0.140408,342,1,1,".:0.9053;,:0.0732;-:0.0204;Ċ:0.0006;):0.0005",".:0.1404;):0.0663;,:0.0513;-:0.0311;/:0.0231"
3.14,number,3,0,18,3,13,.,final_logits,.,0.140408,342,1,1,,,,,,".:0.1404;):0.0663;,:0.0513;-:0.0311;/:0.0231",
3.14,number,3,1,13,.,1415,0,emb,.,4.7e-05,1,882,570,.,1.0,1,1030,642,".:0.0000;,:0.0000;;:0.0000;!:0.0000;Ġand:0.0000",".:1.0000;,:0.0000;;:0.0000;Ġand:0.0000;!:0.0000"
3.14,number,3,1,13,.,1415,0,layer_1,ĠGarland,0.006466,50,14131,3098,ĠI,0.008686,10,3852,656,ĠGarland:0.0065;ĠI:0.0028;ĠArd:0.0019;ĠFlore:0.0015;ĠCONC:0.0015,ĠI:0.0087;ĠThe:0.0047;Ġ[:0.0035;ĠIt:0.0034;ĠAs:0.0031
3.14,number,3,1,13,.,1415,0,layer_2,ĠGarland,0.04557,42,11531,413,ĠI,0.007632,11,2267,42,ĠGarland:0.0456;ĠI:0.0230;ĠDrill:0.0063;ĠCONC:0.0053;ĠThe:0.0037,ĠI:0.0076;ĠThe:0.0033;Ġ(:0.0024;ĠSecond:0.0023;ĠIt:0.0021
3.14,number,3,1,13,.,1415,0,layer_5,ĠSecond,0.091439,129,4050,13,ĠSecond,0.00395,50,423,3,ĠSecond:0.0914;ĠI:0.0879;ĠThe:0.0180;ĠCONC:0.0172;ĠGarland:0.0162,ĠSecond:0.0039;2:0.0033;0:0.0026;ĠI:0.0026;3:0.0024
3.14,number,3,1,13,.,1415,0,layer_11,5,0.451595,808,461,7,5,0.126933,523,102,6,5:0.4516;4:0.1930;7:0.1472;3:0.0442;2:0.0341,5:0.1269;4:0.1058;7:0.0653;3:0.0441;2:0.0372
3.14,number,3,1,13,.,1415,0,layer_16,5,0.726561,541,439,10,5,0.158022,339,88,8,5:0.7266;4:0.1145;7:0.0718;3:0.0282;2:0.0173,5:0.1580;4:0.0866;7:0.0497;3:0.0423;2:0.0330
3.14,number,3,1,13,.,1415,0,layer_21,5,0.792582,498,284,4,5,0.210913,417,92,3,5:0.7926;4:0.1595;7:0.0168;0:0.0143;3:0.0066,5:0.2109;4:0.1485;0:0.0537;7:0.0478;3:0.0424
3.14,number,3,1,13,.,1415,0,layer_27,5,0.73445,422,103,3,5,0.198255,432,76,3,5:0.7344;4:0.1319;0:0.1225;3:0.0049;2:0.0031,5:0.1983;4:0.1457;0:0.1172;3:0.0508;2:0.0399
3.14,number,3,1,13,.,1415,0,layer_32,5,0.670851,365,58,2,5,0.244786,429,44,2,5:0.6709;0:0.3194;4:0.0059;2:0.0031;3:0.0004,5:0.2448;0:0.2043;4:0.0996;2:0.0639;3:0.0473
3.14,number,3,1,13,.,1415,0,layer_37,5,0.503243,191,27,2,5,0.202066,245,26,2,5:0.5032;0:0.4924;2:0.0028;1:0.0005;4:0.0003,5:0.2021;0:0.1946;4:0.0658;2:0.0651;3:0.0521
3.14,number,3,1,13,.,1415,0,layer_39,0,0.67411,208,24,1,0,0.219042,268,25,1,0:0.6741;5:0.3239;2:0.0012;1:0.0003;3:0.0002,0:0.2190;5:0.2030;4:0.0655;2:0.0651;3:0.0602
3.14,number,3,1,13,.,1415,0,layer_41,0,0.543901,271,27,1,5,0.191114,376,23,2,0:0.5439;5:0.4525;2:0.0024;1:0.0009;3:0.0002,5:0.1911;0:0.1827;2:0.0692;4:0.0649;3:0.0592
3.14,number,3,1,13,.,1415,0,layer_43,0,0.824668,231,32,1,0,0.179207,338,24,1,0:0.8247;5:0.1663;2:0.0069;1:0.0019;3:0.0002,0:0.1792;5:0.1593;2:0.0809;3:0.0655;4:0.0645
3.14,number,3,1,13,.,1415,0,layer_45,0,0.796559,206,40,1,0,0.133764,327,25,1,0:0.7966;5:0.0929;1:0.0719;ĠThe:0.0223;2:0.0124,0:0.1338;5:0.1192;2:0.0728;3:0.0594;1:0.0570
3.14,number,3,1,13,.,1415,0,layer_47,Ċ,0.982086,147,61,4,0,0.072843,335,27,1,"Ċ:0.9821;ĠThe:0.0174;1:0.0004;0:0.0001;Ġ"":0.0000",0:0.0728;5:0.0621;2:0.0497;1:0.0467;3:0.0424
3.14,number,3,1,13,.,1415,0,layer_48,Ċ,0.9986,247,59,4,0,0.07357,531,24,1,"Ċ:0.9986;ĠThe:0.0014;1:0.0000;0:0.0000;Ġ"":0.0000",0:0.0736;5:0.0576;2:0.0486;1:0.0471;3:0.0395
3.14,number,3,1,13,.,1415,0,final_logits,0,0.07357,531,24,1,,,,,,0:0.0736;5:0.0576;2:0.0486;1:0.0471;3:0.0395,
3.14,number,3,2,1415,14,,.,emb,14,0.00012,1,,47327,14,1.0,1,,44117,14:0.0001;13:0.0001;15:0.0001;17:0.0001;16:0.0001,14:1.0000;13:0.0000;15:0.0000;16:0.0000;17:0.0000
3.14,number,3,2,1415,14,,.,layer_1,159,0.000903,113,,2055,159,0.027358,37,,484,159:0.0009;aces:0.0008;92:0.0008;Ġdownt:0.0008;225:0.0007,159:0.0274;28:0.0119;24:0.0117;92:0.0115;97:0.0113
3.14,number,3,2,1415,14,,.,layer_2,92,0.002989,387,,743,66,0.012742,80,,169,92:0.0030;91:0.0028;aces:0.0028;Ġjail:0.0026;66:0.0026,66:0.0127;00:0.0106;92:0.0104;55:0.0075;97:0.0075
3.14,number,3,2,1415,14,,.,layer_5,ĠUD,0.024372,1727,,114,Ġbillion,0.005428,203,,22,ĠUD:0.0244;Ġjail:0.0154;Ġbillion:0.0149;ab:0.0131;aces:0.0118,Ġbillion:0.0054;00:0.0046;69:0.0036;55:0.0030;Ġmillion:0.0025
3.14,number,3,2,1415,14,,.,layer_11,Ġbillion,0.284194,894,,70,Ġbillion,0.025464,179,,19,Ġbillion:0.2842;Ġmillion:0.0878;Ġrot:0.0374;159:0.0197;220:0.0149,Ġbillion:0.0255;Ġmillion:0.0157;159:0.0138;53:0.0075;69:0.0067
3.14,number,3,2,1415,14,,.,layer_16,159,0.424636,897,,63,159,0.054686,235,,36,159:0.4246;Ġbillion:0.1823;Ġmillion:0.0559;66:0.0189;375:0.0167,159:0.0547;Ġbillion:0.0172;66:0.0106;55:0.0106;Ġmillion:0.0105
3.14,number,3,2,1415,14,,.,layer_21,Ġbillion,0.447505,4818,,45,159,0.059579,1744,,26,Ġbillion:0.4475;159:0.2667;Ġmillion:0.1446;Ġtrillion:0.0415;Ġtr:0.0284,159:0.0596;Ġbillion:0.0284;GHz:0.0213;Ġmillion:0.0164;3333:0.0138
3.14,number,3,2,1415,14,,.,layer_27,159,0.624061,4641,,42,159,0.20584,1997,,29,159:0.6241;Ġbillion:0.3145;Ġmillion:0.0457;Ġtrillion:0.0114;GHz:0.0032,159:0.2058;GHz:0.0711;Ġbillion:0.0641;Ġmillion:0.0300;Ġtrillion:0.0263
3.14,number,3,2,1415,14,,.,layer_32,Ġbillion,0.973865,2049,,20,159,0.139695,849,,18,Ġbillion:0.9739;159:0.0165;Ġmillion:0.0073;Ġtrillion:0.0022;GHz:0.0001,159:0.1397;Ġbillion:0.1291;GHz:0.0800;Ġtrillion:0.0375;Ġkernel:0.0296
3.14,number,3,2,1415,14,,.,layer_37,159,0.517691,737,,5,159,0.204096,350,,9,159:0.5177;Ġbillion:0.3719;Ġmillion:0.1097;Ġtrillion:0.0005;.:0.0001,159:0.2041;Ġbillion:0.0731;Ġmillion:0.0344;393:0.0255;Ġtrillion:0.0254
3.14,number,3,2,1415,14,,.,layer_39,Ġbillion,0.362241,772,,4,159,0.13257,375,,4,Ġbillion:0.3622;159:0.3215;Ġmillion:0.2856;.:0.0168;-:0.0131,159:0.1326;Ġbillion:0.0532;):0.0372;.:0.0366;393:0.0336
3.14,number,3,2,1415,14,,.,layer_41,159,0.730477,469,,4,159,0.139053,253,,3,159:0.7305;):0.1044;-:0.0714;.:0.0601;Ġbillion:0.0209,159:0.1391;):0.0878;.:0.0381;393:0.0377;Ġbillion:0.0285
3.14,number,3,2,1415,14,,.,layer_43,.,0.994186,360,,1,.,0.119352,195,,1,.:0.9942;-:0.0056;):0.0002;Ċ:0.0000;Ġbillion:0.0000,.:0.1194;):0.0768;159:0.0509;-:0.0315;Ġbillion:0.0243
3.14,number,3,2,1415,14,,.,layer_45,.,0.999328,288,,1,.,0.183112,163,,1,".:0.9993;-:0.0007;Ċ:0.0000;,:0.0000;):0.0000",.:0.1831;):0.0749;-:0.0415;159:0.0223;Ċ:0.0216
3.14,number,3,2,1415,14,,.,layer_47,.,0.999782,273,,1,.,0.208884,171,,1,".:0.9998;-:0.0002;,:0.0000;Ċ:0.0000;):0.0000",".:0.2089;):0.0584;-:0.0491;,:0.0247;Ċ:0.0245"
3.14,number,3,2,1415,14,,.,layer_48,.,0.999966,218,,1,.,0.279201,159,,1,".:1.0000;-:0.0000;,:0.0000;Ċ:0.0000;):0.0000",".:0.2792;):0.0594;-:0.0546;Ċ:0.0255;,:0.0252"
3.14,number,3,2,1415,14,,.,final_logits,.,0.279201,159,,1,,,,,,".:0.2792;):0.0594;-:0.0546;Ċ:0.0255;,:0.0252",
serendipity,multi_token_by_design,4,0,325,se,10920,",",emb,se,0.000453,1,1412,49619,se,1.0,1,1398,47794,se:0.0005;SE:0.0001;sem:0.0001;sei:0.0001;Se:0.0001,se:1.0000;SE:0.0000;sem:0.0000;sei:0.0000;Se:0.0000
serendipity,multi_token_by_design,4,0,325,se,10920,",",layer_1,bro,0.004234,590,835,7691,vent,0.010074,70,313,1804,bro:0.0042;ve:0.0023;gat:0.0021;cro:0.0021;ploy:0.0018,vent:0.0101;viously:0.0073;eker:0.0071;ve:0.0071;per:0.0070
serendipity,multi_token_by_design,4,0,325,se,10920,",",layer_2,ple,0.039129,1782,446,2840,vent,0.014734,403,160,607,ple:0.0391;bro:0.0263;pet:0.0225;ploy:0.0160;attle:0.0147,vent:0.0147;eker:0.0143;lected:0.0069;viously:0.0065;vious:0.0053
serendipity,multi_token_by_design,4,0,325,se,10920,",",layer_5,vent,0.190289,3500,679,4240,eker,0.074533,1319,259,1067,vent:0.1903;eker:0.1018;ve:0.0923;mor:0.0516;pr:0.0495,eker:0.0745;vent:0.0392;ater:0.0130;per:0.0128;lected:0.0102
serendipity,multi_token_by_design,4,0,325,se,10920,",",layer_11,://,1.0,38808,16409,45146,Ġand,0.000149,16945,13491,4,://:1.0000;clips:0.0000;:{:0.0000;wcsstore:0.0000;Ġ'/:0.0000,"Ġand:0.0001;.:0.0001;Ġthat:0.0001;,:0.0001;;:0.0001"
serendipity,multi_token_by_design,4,0,325,se,10920,",",layer_16,://,1.0,39622,17220,46265,Ġand,0.000141,18649,17140,5,://:1.0000;clips:0.0000;:{:0.0000;wcsstore:0.0000;Ġ'/:0.0000,"Ġand:0.0001;;:0.0001;Ġthat:0.0001;.:0.0001;,:0.0001"
serendipity,multi_token_by_design,4,0,325,se,10920,",",layer_21,://,1.0,39970,17119,46700,;,0.000136,19324,17461,5,://:1.0000;clips:0.0000;:{:0.0000;wcsstore:0.0000;$:0.0000,";:0.0001;Ġand:0.0001;Ġthat:0.0001;.:0.0001;,:0.0001"
serendipity,multi_token_by_design,4,0,325,se,10920,",",layer_27,://,1.0,39903,17297,46234,Ġand,0.000153,18605,18393,4,://:1.0000;clips:0.0000;:{:0.0000;):0.0000;(:0.0000,"Ġand:0.0002;Ġthat:0.0001;;:0.0001;,:0.0001;.:0.0001"
serendipity,multi_token_by_design,4,0,325,se,10920,",",layer_32,://,1.0,39572,17552,45637,Ġand,0.000173,17555,19230,2,://:1.0000;clips:0.0000;):0.0000;%:0.0000;*:0.0000,"Ġand:0.0002;,:0.0002;Ġthat:0.0002;.:0.0002;;:0.0002"
serendipity,multi_token_by_design,4,0,325,se,10920,",",layer_37,://,1.0,38984,17867,44762,Ġand,0.000195,15942,19829,2,://:1.0000;clips:0.0000;):0.0000;%:0.0000;*:0.0000,"Ġand:0.0002;,:0.0002;.:0.0002;Ġthat:0.0002;;:0.0002"
serendipity,multi_token_by_design,4,0,325,se,10920,",",layer_39,://,1.0,38628,17989,44214,Ġand,0.000207,14993,19898,2,://:1.0000;clips:0.0000;):0.0000;%:0.0000;*:0.0000,"Ġand:0.0002;,:0.0002;.:0.0002;Ġthat:0.0002;;:0.0002"
serendipity,multi_token_by_design,4,0,325,se,10920,",",layer_41,://,1.0,38032,18099,43489,Ġand,0.00023,13563,19911,2,://:1.0000;clips:0.0000;:{:0.0000;):0.0000;(:0.0000,"Ġand:0.0002;,:0.0002;.:0.0002;Ġthat:0.0002;;:0.0002"
serendipity,multi_token_by_design,4,0,325,se,10920,",",layer_43,://,1.0,36898,17993,42087,",",0.000274,11098,19326,1,://:1.0000;clips:0.0000;Ġanyway:0.0000;:{:0.0000;Ġ'/:0.0000,",:0.0003;Ġand:0.0003;.:0.0003;Ġthat:0.0002;;:0.0002"
serendipity,multi_token_by_design,4,0,325,se,10920,",",layer_45,://,1.0,33924,16650,35725,",",0.000473,6353,16647,1,://:1.0000;clips:0.0000;Ġanyway:0.0000;:{:0.0000;Ġ'/:0.0000,",:0.0005;Ġand:0.0005;.:0.0004;Ġthat:0.0004;;:0.0003"
serendipity,multi_token_by_design,4,0,325,se,10920,",",layer_47,",",0.519155,186,2903,1,",",0.106103,171,1229,1,",:0.5192;.:0.4530;Ġand:0.0120;Ġthe:0.0066;Ċ:0.0048",",:0.1061;.:0.0912;Ġand:0.0371;Ċ:0.0216;-:0.0193"
serendipity,multi_token_by_design,4,0,325,se,10920,",",layer_48,",",0.847524,126,1943,1,",",0.043253,127,493,1,",:0.8475;.:0.0937;-:0.0197;Ġand:0.0176;Ċ:0.0084",",:0.0433;.:0.0323;Ġand:0.0153;-:0.0117;Ġ(:0.0099"
serendipity,multi_token_by_design,4,0,325,se,10920,",",final_logits,",",0.043253,127,493,1,,,,,,",:0.0433;.:0.0323;Ġand:0.0153;-:0.0117;Ġ(:0.0099",
serendipity,multi_token_by_design,4,1,10920,rend,541,ip,emb,rend,0.002128,1,17193,17193,rend,1.0,1,14465,14465,rend:0.0021;render:0.0001;Ğ:0.0001;InstoreAndOnline:0.0001;ĠTheNitrome:0.0001,rend:1.0000;render:0.0000;Ğ:0.0000;InstoreAndOnline:0.0000;ĠTheNitrome:0.0000
serendipity,multi_token_by_design,4,1,10920,rend,541,ip,layer_1,ezvous,0.062823,2,104,104,ezvous,0.733038,2,62,62,ezvous:0.0628;rend:0.0247;enburg:0.0043;uben:0.0036;erest:0.0035,ezvous:0.7330;rend:0.1050;erer:0.0048;uben:0.0047;ened:0.0034
serendipity,multi_token_by_design,4,1,10920,rend,541,ip,layer_2,ezvous,0.705717,2,39,39,ezvous,0.700975,2,36,36,ezvous:0.7057;rend:0.0112;ĠFabric:0.0109;erer:0.0061;ĠAllied:0.0054,ezvous:0.7010;rend:0.0097;erer:0.0062;ĠAllied:0.0039;ry:0.0035
serendipity,multi_token_by_design,4,1,10920,rend,541,ip,layer_5,ezvous,0.678857,14,48,48,ezvous,0.159013,13,36,36,ezvous:0.6789;erer:0.2219;ure:0.0072;aked:0.0045;ito:0.0038,ezvous:0.1590;erer:0.0676;ened:0.0142;ure:0.0080;sky:0.0078
serendipity,multi_token_by_design,4,1,10920,rend,541,ip,layer_11,erer,0.978195,4,7,7,erer,0.688966,5,11,11,erer:0.9782;ered:0.0195;erers:0.0018;rend:0.0002;ezvous:0.0001,erer:0.6890;ered:0.1506;erers:0.0349;ed:0.0059;rend:0.0056
serendipity,multi_token_by_design,4,1,10920,rend,541,ip,layer_16,erer,0.81278,110,7,7,erer,0.291247,144,9,9,erer:0.8128;ered:0.1693;ive:0.0056;i:0.0050;erers:0.0021,erer:0.2912;ered:0.2356;ive:0.0350;erers:0.0334;i:0.0226
serendipity,multi_token_by_design,4,1,10920,rend,541,ip,layer_21,erer,0.648152,406,4,4,erer,0.165864,393,3,3,erer:0.6482;i:0.1358;o:0.0778;ip:0.0368;ered:0.0288,erer:0.1659;ered:0.0718;ip:0.0536;e:0.0500;i:0.0488
serendipity,multi_token_by_design,4,1,10920,rend,541,ip,layer_27,erer,0.598534,1043,3,3,erer,0.160263,975,2,2,erer:0.5985;i:0.2382;ip:0.0879;o:0.0584;ure:0.0047,erer:0.1603;ip:0.0819;i:0.0672;o:0.0530;ered:0.0441
serendipity,multi_token_by_design,4,1,10920,rend,541,ip,layer_32,ip,0.996872,2512,1,1,ip,0.299562,1907,1,1,ip:0.9969;o:0.0011;i:0.0008;erer:0.0008;ered:0.0001,ip:0.2996;erer:0.0560;ered:0.0367;ian:0.0336;o:0.0308
serendipity,multi_token_by_design,4,1,10920,rend,541,ip,layer_37,ip,0.547914,4841,1,1,ip,0.243407,2794,1,1,ip:0.5479;i:0.1828;o:0.1585;e:0.1027;erer:0.0074,ip:0.2434;erer:0.1110;e:0.0639;i:0.0609;o:0.0575
serendipity,multi_token_by_design,4,1,10920,rend,541,ip,layer_39,ip,0.458283,2981,1,1,ip,0.208905,1531,1,1,ip:0.4583;o:0.3051;e:0.1742;i:0.0402;erer:0.0204,ip:0.2089;erer:0.1389;e:0.0557;o:0.0525;i:0.0356
serendipity,multi_token_by_design,4,1,10920,rend,541,ip,layer_41,ip,0.636757,3600,1,1,ip,0.28899,1600,1,1,ip:0.6368;o:0.3544;e:0.0051;i:0.0023;erer:0.0013,ip:0.2890;erer:0.1173;o:0.0544;e:0.0271;ere:0.0251
serendipity,multi_token_by_design,4,1,10920,rend,541,ip,layer_43,ip,0.950605,4998,1,1,ip,0.438906,1870,1,1,ip:0.9506;o:0.0397;i:0.0091;e:0.0005;a:0.0000,ip:0.4389;o:0.0416;i:0.0374;erer:0.0252;e:0.0220
serendipity,multi_token_by_design,4,1,10920,rend,541,ip,layer_45,ip,0.924273,5455,1,1,ip,0.494069,1905,1,1,ip:0.9243;o:0.0477;i:0.0280;a:0.0000;e:0.0000,ip:0.4941;i:0.0459;o:0.0433;ib:0.0175;um:0.0141
serendipity,multi_token_by_design,4,1,10920,rend,541,ip,layer_47,ip,0.999992,4382,1,1,ip,0.862274,1516,1,1,ip:1.0000;um:0.0000;i:0.0000;o:0.0000;ib:0.0000,ip:0.8623;um:0.0429;i:0.0130;ib:0.0120;o:0.0069
serendipity,multi_token_by_design,4,1,10920,rend,541,ip,layer_48,ip,1.0,4261,1,1,ip,0.97106,1626,1,1,ip:1.0000;um:0.0000;ib:0.0000;i:0.0000;o:0.0000,ip:0.9711;um:0.0082;ib:0.0070;i:0.0024;if:0.0007
serendipity,multi_token_by_design,4,1,10920,rend,541,ip,final_logits,ip,0.97106,1626,1,1,,,,,,ip:0.9711;um:0.0082;ib:0.0070;i:0.0024;if:0.0007,
serendipity,multi_token_by_design,4,2,541,ip,414,ity,emb,ip,0.000396,1,3720,3720,ip,1.0,1,3280,3280,ip:0.0004;ips:0.0001;IP:0.0001;ipal:0.0001;ipt:0.0001,ip:1.0000;ips:0.0000;IP:0.0000;ipal:0.0000;ipt:0.0000
serendipity,multi_token_by_design,4,2,541,ip,414,ity,layer_1,itous,0.003217,2,393,393,ip,0.117423,1,289,289,itous:0.0032;ip:0.0030;resent:0.0022;ients:0.0015;ixel:0.0014,ip:0.1174;resent:0.0293;itous:0.0287;hered:0.0220;ients:0.0155
serendipity,multi_token_by_design,4,2,541,ip,414,ity,layer_2,itous,0.024298,18,274,274,hered,0.054302,6,129,129,itous:0.0243;hered:0.0163;resent:0.0146;amed:0.0101;heres:0.0095,hered:0.0543;resent:0.0192;itous:0.0131;it:0.0105;amed:0.0092
serendipity,multi_token_by_design,4,2,541,ip,414,ity,layer_5,hent,0.156548,105,212,212,resent,0.015197,53,131,131,hent:0.1565;resent:0.0765;it:0.0718;amed:0.0592;ac:0.0582,resent:0.0152;hy:0.0140;id:0.0129;it:0.0114;amed:0.0087
serendipity,multi_token_by_design,4,2,541,ip,414,ity,layer_11,itous,0.720002,555,94,94,hy,0.122976,486,61,61,itous:0.7200;hy:0.1155;hent:0.0295;hered:0.0292;it:0.0219,hy:0.1230;itous:0.0636;hered:0.0413;it:0.0185;Ġpe:0.0127
serendipity,multi_token_by_design,4,2,541,ip,414,ity,layer_16,itous,0.999848,803,10,10,itous,0.671443,652,7,7,itous:0.9998;hered:0.0000;hy:0.0000;oint:0.0000;here:0.0000,itous:0.6714;hered:0.0234;hy:0.0177;oint:0.0105;itation:0.0095
serendipity,multi_token_by_design,4,2,541,ip,414,ity,layer_21,itous,1.0,158,3,3,itous,0.892363,136,3,3,itous:1.0000;ated:0.0000;ity:0.0000;it:0.0000;ured:0.0000,itous:0.8924;ated:0.0141;ity:0.0100;ulated:0.0033;hered:0.0022
serendipity,multi_token_by_design,4,2,541,ip,414,ity,layer_27,itous,1.0,295,2,2,itous,0.986387,254,2,2,itous:1.0000;ity:0.0000;ated:0.0000;ured:0.0000;itated:0.0000,itous:0.9864;ity:0.0058;ated:0.0012;hy:0.0003;ured:0.0003
serendipity,multi_token_by_design,4,2,541,ip,414,ity,layer_32,itous,1.0,183,2,2,itous,0.982838,150,2,2,itous:1.0000;ity:0.0000;it:0.0000;ulated:0.0000;itated:0.0000,itous:0.9828;ity:0.0102;ulated:0.0006;ically:0.0006;ably:0.0004
serendipity,multi_token_by_design,4,2,541,ip,414,ity,layer_37,itous,1.0,262,2,2,itous,0.964543,191,2,2,itous:1.0000;ity:0.0000;it:0.0000;ly:0.0000;itated:0.0000,itous:0.9645;ity:0.0337;ically:0.0001;it:0.0001;itated:0.0001
serendipity,multi_token_by_design,4,2,541,ip,414,ity,layer_39,itous,0.999993,143,2,2,itous,0.889015,133,2,2,itous:1.0000;ity:0.0000;it:0.0000;ly:0.0000;ities:0.0000,itous:0.8890;ity:0.1086;it:0.0004;ly:0.0003;ities:0.0003
serendipity,multi_token_by_design,4,2,541,ip,414,ity,layer_41,itous,0.999927,100,2,2,itous,0.835744,85,2,2,itous:0.9999;ity:0.0001;it:0.0000;ities:0.0000;ly:0.0000,itous:0.8357;ity:0.1621;ities:0.0005;it:0.0003;ly:0.0002
serendipity,multi_token_by_design,4,2,541,ip,414,ity,layer_43,itous,0.986122,121,2,2,itous,0.671771,89,2,2,itous:0.9861;ity:0.0139;it:0.0000;ities:0.0000;ly:0.0000,itous:0.6718;ity:0.3242;ities:0.0015;it:0.0005;ly:0.0003
serendipity,multi_token_by_design,4,2,541,ip,414,ity,layer_45,itous,0.998954,107,2,2,itous,0.757062,64,2,2,itous:0.9990;ity:0.0010;it:0.0000;ities:0.0000;ly:0.0000,itous:0.7571;ity:0.2264;it:0.0126;ities:0.0014;ly:0.0002
serendipity,multi_token_by_design,4,2,541,ip,414,ity,layer_47,ity,0.904644,142,1,1,itous,0.493558,72,2,2,ity:0.9046;itous:0.0953;it:0.0001;ly:0.0000;ities:0.0000,itous:0.4936;ity:0.4508;it:0.0410;ities:0.0046;ly:0.0010
serendipity,multi_token_by_design,4,2,541,ip,414,ity,layer_48,ity,0.994192,105,1,1,ity,0.490855,66,1,1,ity:0.9942;itous:0.0058;it:0.0000;ities:0.0000;ly:0.0000,ity:0.4909;itous:0.4508;it:0.0428;ities:0.0056;ly:0.0006
serendipity,multi_token_by_design,4,2,541,ip,414,ity,final_logits,ity,0.490855,66,1,1,,,,,,ity:0.4909;itous:0.4508;it:0.0428;ities:0.0056;ly:0.0006,
serendipity,multi_token_by_design,4,3,414,ity,,"""",emb,ity,0.000589,1,,41145,ity,1.0,1,,35246,ity:0.0006;ITY:0.0001;ities:0.0001;itous:0.0001;ITIES:0.0001,ity:1.0000;ITY:0.0000;ities:0.0000;itous:0.0000;ITIES:0.0000
serendipity,multi_token_by_design,4,3,414,ity,,"""",layer_1,rary,0.001323,2,,11451,ity,0.072698,1,,4942,rary:0.0013;ity:0.0012;ller:0.0007;chron:0.0006;ama:0.0005,ity:0.0727;rary:0.0176;ller:0.0093;ama:0.0080;Ġmotivated:0.0072
serendipity,multi_token_by_design,4,3,414,ity,,"""",layer_2,Ġtouched,0.004817,28,,8066,Ġtouched,0.004536,4,,2644,Ġtouched:0.0048;Ġwise:0.0044;chal:0.0038;uum:0.0024;ĠBalt:0.0021,Ġtouched:0.0045;Ġwise:0.0045;hl:0.0033;ity:0.0031;ĠCos:0.0030
serendipity,multi_token_by_design,4,3,414,ity,,"""",layer_5,Ġtouched,0.056125,362,,4417,Ġtouched,0.004018,147,,1592,Ġtouched:0.0561;Ġwise:0.0188;Ġstoked:0.0178;Ġgroom:0.0129;ĠBree:0.0105,Ġtouched:0.0040;Ġunder:0.0021;Ġdue:0.0021;Ġpe:0.0019;Ġh:0.0018
serendipity,multi_token_by_design,4,3,414,ity,,"""",layer_11,Ġwise,0.171644,2341,,1112,Ġh,0.015561,1913,,302,Ġwise:0.1716;Ġh:0.0497;wise:0.0477;Ġcorrection:0.0447;Ġruined:0.0442,Ġh:0.0156;Ġcorrection:0.0125;Ġwise:0.0100;Ġfixed:0.0093;Ġcheckpoints:0.0052
serendipity,multi_token_by_design,4,3,414,ity,,"""",layer_16,wise,0.252362,2304,,255,Ġcorrection,0.021033,2061,,109,wise:0.2524;Ġdiscovery:0.1803;Ġcorrection:0.1782;Ġwise:0.1408;Ġspiral:0.0372,Ġcorrection:0.0210;wise:0.0143;Ġdiscovery:0.0108;Ġdiscoveries:0.0085;Ġspiral:0.0084
serendipity,multi_token_by_design,4,3,414,ity,,"""",layer_21,Ġdiscovery,0.994916,1034,,18,Ġdiscovery,0.059313,834,,15,Ġdiscovery:0.9949;Ġdiscoveries:0.0030;Ġcorrection:0.0005;Ġencounters:0.0003;Ġobservation:0.0003,Ġdiscovery:0.0593;Ġdiscoveries:0.0257;Ġcorrection:0.0092;Ġobservation:0.0089;Ġencounters:0.0089
serendipity,multi_token_by_design,4,3,414,ity,,"""",layer_27,Ġdiscovery,0.999989,803,,4,Ġdiscovery,0.179999,811,,3,"Ġdiscovery:1.0000;Ġdiscoveries:0.0000;Ġdiscovered:0.0000;"":0.0000;Ġtheory:0.0000","Ġdiscovery:0.1800;Ġdiscoveries:0.0319;"":0.0132;Ġdiscovered:0.0117;Ġfactor:0.0110"
serendipity,multi_token_by_design,4,3,414,ity,,"""",layer_32,Ġdiscovery,0.999976,808,,2,Ġdiscovery,0.153281,836,,2,"Ġdiscovery:1.0000;"":0.0000;Ġdiscoveries:0.0000;,:0.0000;Ġdiscovered:0.0000","Ġdiscovery:0.1533;"":0.0529;Ġdiscoveries:0.0274;,:0.0130;Ġdiscovered:0.0108"
serendipity,multi_token_by_design,4,3,414,ity,,"""",layer_37,"""",0.999916,1092,,1,"""",0.363809,1223,,1,""":0.9999;Ġdiscovery:0.0001;,:0.0000;Ġand:0.0000;.:0.0000",""":0.3638;."":0.0360;"".:0.0267;,:0.0252;.:0.0240"
serendipity,multi_token_by_design,4,3,414,ity,,"""",layer_39,"""",1.0,1366,,1,"""",0.578663,1535,,1,""":1.0000;Ġdiscovery:0.0000;,"":0.0000;,:0.0000;."":0.0000",""":0.5787;."":0.0357;,"":0.0334;"".:0.0266;""?:0.0202"
serendipity,multi_token_by_design,4,3,414,ity,,"""",layer_41,"""",1.0,2004,,1,"""",0.445078,2297,,1,""":1.0000;Ġdiscovery:0.0000;,:0.0000;,"":0.0000;':0.0000",""":0.4451;"".:0.0521;,"":0.0394;."":0.0323;.:0.0313"
serendipity,multi_token_by_design,4,3,414,ity,,"""",layer_43,"""",1.0,1869,,1,"""",0.335858,2102,,1,""":1.0000;,:0.0000;.:0.0000;':0.0000;,"":0.0000",""":0.3359;.:0.0634;."":0.0613;"".:0.0523;,:0.0477"
serendipity,multi_token_by_design,4,3,414,ity,,"""",layer_45,"""",1.0,2623,,1,"""",0.291474,2856,,1,""":1.0000;,:0.0000;.:0.0000;Ġand:0.0000;."":0.0000",""":0.2915;,:0.0718;."":0.0688;.:0.0671;"".:0.0525"
serendipity,multi_token_by_design,4,3,414,ity,,"""",layer_47,"""",0.997952,2990,,1,"""",0.171269,3118,,1,""":0.9980;,:0.0020;.:0.0000;Ġand:0.0000;Ġis:0.0000",""":0.1713;,:0.0939;.:0.0855;."":0.0564;Ġand:0.0506"
serendipity,multi_token_by_design,4,3,414,ity,,"""",layer_48,"""",0.999423,2583,,1,"""",0.196399,2554,,1,""":0.9994;,:0.0006;.:0.0000;Ġand:0.0000;Ġis:0.0000",""":0.1964;,:0.0975;.:0.0852;."":0.0548;Ġand:0.0457"
serendipity,multi_token_by_design,4,3,414,ity,,"""",final_logits,"""",0.196399,2554,,1,,,,,,""":0.1964;,:0.0975;.:0.0852;."":0.0548;Ġand:0.0457",
antidisestablishmentarianism,multi_token_by_design,5,0,415,ant,29207,",",emb,ant,0.000405,1,3549,49906,ant,1.0,1,3816,48919,ant:0.0004;ants:0.0001;ANT:0.0001;antly:0.0001;anty:0.0001,ant:1.0000;ants:0.0000;ANT:0.0000;antly:0.0000;anty:0.0000
antidisestablishmentarianism,multi_token_by_design,5,0,415,ant,29207,",",layer_1,oux,0.002906,8,9769,5526,anamo,0.007056,2,9195,600,oux:0.0029;ĠFlore:0.0020;rape:0.0018;hem:0.0017;elope:0.0017,anamo:0.0071;ant:0.0033;hem:0.0029;iques:0.0023;ial:0.0019
antidisestablishmentarianism,multi_token_by_design,5,0,415,ant,29207,",",layer_2,hem,0.027319,16,12648,951,hem,0.005773,6,13041,55,hem:0.0273;ĠFlore:0.0247;ĠGarland:0.0086;rum:0.0085;one:0.0078,hem:0.0058;anamo:0.0058;ial:0.0043;one:0.0020;ech:0.0020
antidisestablishmentarianism,multi_token_by_design,5,0,415,ant,29207,",",layer_5,ones,0.175213,47,1179,937,al,0.00661,38,2214,107,ones:0.1752;hem:0.1092;iques:0.0786;one:0.0501;al:0.0476,al:0.0066;hem:0.0059;anamo:0.0058;one:0.0048;imes:0.0041
antidisestablishmentarianism,multi_token_by_design,5,0,415,ant,29207,",",layer_11,://,1.0,19545,650,44965,Ġand,0.000146,1468,1994,2,://:1.0000;clips:0.0000;:{:0.0000;Ġ'/:0.0000;wcsstore:0.0000,"Ġand:0.0001;,:0.0001;.:0.0001;Ġthat:0.0001;;:0.0001"
antidisestablishmentarianism,multi_token_by_design,5,0,415,ant,29207,",",layer_16,://,1.0,21795,760,46174,Ġand,0.000139,2139,2768,4,://:1.0000;clips:0.0000;:{:0.0000;wcsstore:0.0000;Ġ'/:0.0000,"Ġand:0.0001;Ġthat:0.0001;.:0.0001;,:0.0001;;:0.0001"
antidisestablishmentarianism,multi_token_by_design,5,0,415,ant,29207,",",layer_21,://,1.0,22442,780,46626,Ġand,0.000135,2221,2767,5,://:1.0000;clips:0.0000;:{:0.0000;wcsstore:0.0000;$:0.0000,"Ġand:0.0001;;:0.0001;Ġthat:0.0001;.:0.0001;,:0.0001"
antidisestablishmentarianism,multi_token_by_design,5,0,415,ant,29207,",",layer_27,://,1.0,22353,807,46159,Ġand,0.000151,2312,3524,2,://:1.0000;clips:0.0000;:{:0.0000;):0.0000;(:0.0000,"Ġand:0.0002;,:0.0001;Ġthat:0.0001;.:0.0001;;:0.0001"
antidisestablishmentarianism,multi_token_by_design,5,0,415,ant,29207,",",layer_32,://,1.0,22133,817,45581,Ġand,0.00017,2320,4143,2,://:1.0000;clips:0.0000;:{:0.0000;):0.0000;(:0.0000,"Ġand:0.0002;,:0.0002;Ġthat:0.0002;.:0.0002;;:0.0002"
antidisestablishmentarianism,multi_token_by_design,5,0,415,ant,29207,",",layer_37,://,1.0,21385,816,44711,Ġand,0.000193,2096,4617,2,://:1.0000;clips:0.0000;:{:0.0000;):0.0000;(:0.0000,"Ġand:0.0002;,:0.0002;.:0.0002;Ġthat:0.0002;;:0.0002"
antidisestablishmentarianism,multi_token_by_design,5,0,415,ant,29207,",",layer_39,://,1.0,20937,824,44169,",",0.000205,1955,4929,1,://:1.0000;clips:0.0000;:{:0.0000;):0.0000;(:0.0000,",:0.0002;Ġand:0.0002;.:0.0002;Ġthat:0.0002;;:0.0002"
antidisestablishmentarianism,multi_token_by_design,5,0,415,ant,29207,",",layer_41,://,1.0,20316,855,43420,",",0.000229,1793,5492,1,://:1.0000;clips:0.0000;:{:0.0000;Ġ'/:0.0000;$:0.0000,",:0.0002;Ġand:0.0002;.:0.0002;Ġthat:0.0002;;:0.0002"
antidisestablishmentarianism,multi_token_by_design,5,0,415,ant,29207,",",layer_43,://,1.0,19470,902,42047,",",0.000277,1561,6389,1,://:1.0000;clips:0.0000;:{:0.0000;Ġanyway:0.0000;Ġ'/:0.0000,",:0.0003;Ġand:0.0003;.:0.0003;Ġthat:0.0002;;:0.0002"
antidisestablishmentarianism,multi_token_by_design,5,0,415,ant,29207,",",layer_45,://,1.0,16709,929,35617,",",0.000479,1138,8328,1,://:1.0000;clips:0.0000;Ġanyway:0.0000;:{:0.0000;.(:0.0000,",:0.0005;.:0.0004;Ġand:0.0004;Ġthat:0.0004;Ġto:0.0003"
antidisestablishmentarianism,multi_token_by_design,5,0,415,ant,29207,",",layer_47,",",0.757234,482,31351,1,",",0.137864,209,19110,1,",:0.7572;.:0.2246;Ġand:0.0081;-:0.0069;Ġof:0.0008",",:0.1379;.:0.0938;Ġand:0.0422;-:0.0341;Ġin:0.0260"
antidisestablishmentarianism,multi_token_by_design,5,0,415,ant,29207,",",layer_48,",",0.916866,226,23140,1,",",0.047941,82,6913,1,",:0.9169;.:0.0310;-:0.0304;Ġand:0.0083;Ġof:0.0063",",:0.0479;.:0.0299;Ġof:0.0180;-:0.0159;Ġand:0.0154"
antidisestablishmentarianism,multi_token_by_design,5,0,415,ant,29207,",",final_logits,",",0.047941,82,6913,1,,,,,,",:0.0479;.:0.0299;Ġof:0.0180;-:0.0159;Ġand:0.0154",
antidisestablishmentarianism,multi_token_by_design,5,1,29207,idis,44390,",",emb,idis,0.001638,1,11069,50252,idis,1.0,1,11417,50250,idis:0.0016;idi:0.0001;rawdownload:0.0001;ď:0.0001;Ā:0.0001,idis:1.0000;idi:0.0000;ď:0.0000;rawdownload:0.0000;ĠexternalToEVA:0.0000
antidisestablishmentarianism,multi_token_by_design,5,1,29207,idis,44390,",",layer_1,idis,0.037587,1,171,13221,idis,0.155424,1,313,3536,idis:0.0376;ophical:0.0291;ciplinary:0.0164;ocent:0.0150;oche:0.0109,idis:0.1554;ophical:0.1071;ciplinary:0.0507;ocent:0.0372;olated:0.0365
antidisestablishmentarianism,multi_token_by_design,5,1,29207,idis,44390,",",layer_2,ophical,0.111386,4,213,3963,ophical,0.080631,3,428,976,ophical:0.1114;ĠFabric:0.0735;ciplinary:0.0334;idis:0.0294;ophy:0.0156,ophical:0.0806;ciplinary:0.0364;idis:0.0355;olated:0.0194;pora:0.0178
antidisestablishmentarianism,multi_token_by_design,5,1,29207,idis,44390,",",layer_5,ĠFabric,0.514501,29,65,676,ciplinary,0.022669,10,98,141,ĠFabric:0.5145;ya:0.0407;ciplinary:0.0333;oche:0.0305;ĠBelg:0.0228,ciplinary:0.0227;cipl:0.0157;ÂŃ:0.0096;ocent:0.0083;ĠFabric:0.0081
antidisestablishmentarianism,multi_token_by_design,5,1,29207,idis,44390,",",layer_11,ĠFabric,0.356223,50,35,151,ciplinary,0.053689,34,83,26,ĠFabric:0.3562;em:0.2351;ciplinary:0.0901;pl:0.0798;ĠCardinal:0.0273,ciplinary:0.0537;em:0.0502;pl:0.0297;ĠCardinal:0.0220;Ġimpl:0.0167
antidisestablishmentarianism,multi_token_by_design,5,1,29207,idis,44390,",",layer_16,ya,0.500902,245,507,125,ya,0.066806,118,553,51,ya:0.5009;ĠFabric:0.1942;em:0.1592;oc:0.0419;ide:0.0222,ya:0.0668;em:0.0598;ciplinary:0.0400;oc:0.0361;pl:0.0224
antidisestablishmentarianism,multi_token_by_design,5,1,29207,idis,44390,",",layer_21,ya,0.904207,841,854,111,ciplinary,0.090805,174,562,143,ya:0.9042;ciplinary:0.0233;em:0.0155;Ġgra:0.0121;pl:0.0102,ciplinary:0.0908;ya:0.0800;Ġgra:0.0194;jon:0.0158;em:0.0146
antidisestablishmentarianism,multi_token_by_design,5,1,29207,idis,44390,",",layer_27,ciplinary,0.572654,2573,371,27,ciplinary,0.184103,597,240,55,ciplinary:0.5727;ya:0.3411;in:0.0521;oc:0.0068;he:0.0052,ciplinary:0.1841;ya:0.0257;cent:0.0178;oc:0.0134;pora:0.0101
antidisestablishmentarianism,multi_token_by_design,5,1,29207,idis,44390,",",layer_32,in,0.40349,7024,525,5,ciplinary,0.117149,1709,199,11,"in:0.4035;ya:0.2745;ciplinary:0.1390;-:0.0631;,:0.0522",ciplinary:0.1171;pora:0.0430;ya:0.0215;Ġet:0.0122;pl:0.0095
antidisestablishmentarianism,multi_token_by_design,5,1,29207,idis,44390,",",layer_37,",",0.923877,9460,1163,1,Ġet,0.035271,2422,338,3,",:0.9239;-:0.0412;in:0.0290;Ġ(:0.0034;Ġand:0.0015","Ġet:0.0353;ciplinary:0.0321;,:0.0187;ya:0.0157;pl:0.0106"
antidisestablishmentarianism,multi_token_by_design,5,1,29207,idis,44390,",",layer_39,",",0.991229,12762,2546,1,Ġet,0.02923,3335,708,2,",:0.9912;-:0.0078;Ġand:0.0004;Ġ(:0.0003;in:0.0002","Ġet:0.0292;,:0.0249;ciplinary:0.0168;ya:0.0094;Ġand:0.0079"
antidisestablishmentarianism,multi_token_by_design,5,1,29207,idis,44390,",",layer_41,",",0.99941,11149,3181,1,Ġet,0.034211,2303,754,2,",:0.9994;Ġ(:0.0004;Ġand:0.0001;-:0.0001;Ġin:0.0000","Ġet:0.0342;,:0.0322;Ġ(:0.0113;):0.0098;Ġand:0.0098"
antidisestablishmentarianism,multi_token_by_design,5,1,29207,idis,44390,",",layer_43,",",0.999839,15665,4872,1,",",0.036543,3793,1187,1,",:0.9998;Ġ(:0.0001;Ġand:0.0000;-:0.0000;Ġin:0.0000",",:0.0365;Ġet:0.0249;Ġ(:0.0116;.:0.0109;Ġand:0.0107"
antidisestablishmentarianism,multi_token_by_design,5,1,29207,idis,44390,",",layer_45,",",0.999929,17641,5691,1,",",0.039148,4231,1323,1,",:0.9999;Ġ(:0.0000;Ġand:0.0000;-:0.0000;Ċ:0.0000",",:0.0391;Ġet:0.0204;Ġ(:0.0128;.:0.0125;Ġand:0.0122"
antidisestablishmentarianism,multi_token_by_design,5,1,29207,idis,44390,",",layer_47,",",0.999924,15774,5929,1,",",0.084367,4391,1882,1,",:0.9999;Ġand:0.0000;Ġ(:0.0000;.:0.0000;Ġis:0.0000",",:0.0844;.:0.0313;Ġet:0.0260;Ġand:0.0238;Ġ(:0.0235"
antidisestablishmentarianism,multi_token_by_design,5,1,29207,idis,44390,",",layer_48,",",0.99997,14856,5497,1,",",0.137792,4948,1986,1,",:1.0000;Ġ(:0.0000;.:0.0000;Ġand:0.0000;Ġis:0.0000",",:0.1378;.:0.0431;Ġet:0.0311;Ġ(:0.0298;Ġand:0.0255"
antidisestablishmentarianism,multi_token_by_design,5,1,29207,idis,44390,",",final_logits,",",0.137792,4948,1986,1,,,,,,",:0.1378;.:0.0431;Ġet:0.0311;Ġ(:0.0298;Ġand:0.0255",
antidisestablishmentarianism,multi_token_by_design,5,2,44390,establishment,3699,.,emb,establishment,0.000451,1,5525,50239,establishment,1.0,1,5339,50236,establishment:0.0005;ĠEstablishment:0.0001;Ġestablishment:0.0001;ablishment:0.0001;ą:0.0001,establishment:1.0000;ĠEstablishment:0.0000;Ġestablishment:0.0000;ablishment:0.0000;ą:0.0000
antidisestablishmentarianism,multi_token_by_design,5,2,44390,establishment,3699,.,layer_1,establishment,0.007242,1,2,9560,arians,0.050233,3,2,3805,establishment:0.0072;arian:0.0059;arians:0.0058;Ġestablishment:0.0057;ĠWhip:0.0043,arians:0.0502;arian:0.0285;establishment:0.0243;Ġestablishment:0.0185;ĠCi:0.0122
antidisestablishmentarianism,multi_token_by_design,5,2,44390,establishment,3699,.,layer_2,arian,0.058099,11,1,4428,arian,0.033306,31,1,1406,arian:0.0581;Ġestablishment:0.0199;ĠCoul:0.0145;Ġprotocols:0.0140;Ġcoordination:0.0123,arian:0.0333;Ġprotocols:0.0105;Ġpriorities:0.0101;ĠCoul:0.0092;Ġestablishment:0.0083
antidisestablishmentarianism,multi_token_by_design,5,2,44390,establishment,3699,.,layer_5,arian,0.850705,395,1,1013,arian,0.058122,1007,1,250,arian:0.8507;Ġwisdom:0.0083;Ġestablishments:0.0063;Ġnoble:0.0033;Ġprotocols:0.0027,arian:0.0581;Ġwisdom:0.0078;Ġcandidate:0.0047;Ġhopeful:0.0043;Ġap:0.0040
antidisestablishmentarianism,multi_token_by_design,5,2,44390,establishment,3699,.,layer_11,arian,0.886837,1446,1,1227,arian,0.074828,2385,1,307,arian:0.8868;Ġarist:0.0218;Ġofficials:0.0050;Ġofficial:0.0046;ally:0.0041,arian:0.0748;Ġap:0.0176;ally:0.0126;Ġefforts:0.0063;Ġpresidential:0.0057
antidisestablishmentarianism,multi_token_by_design,5,2,44390,establishment,3699,.,layer_16,arian,0.997326,238,1,675,arian,0.214186,248,1,249,arian:0.9973;ally:0.0015;arians:0.0003;ĠSup:0.0001;Ġrails:0.0000,arian:0.2142;ally:0.0370;arians:0.0146;ĠAnonymous:0.0063;ĠInd:0.0049
antidisestablishmentarianism,multi_token_by_design,5,2,44390,establishment,3699,.,layer_21,arian,0.999882,395,1,1013,arian,0.326903,270,1,811,arian:0.9999;arians:0.0001;ariat:0.0000;prises:0.0000;ally:0.0000,arian:0.3269;arians:0.0302;prises:0.0262;lement:0.0127;ally:0.0103
antidisestablishmentarianism,multi_token_by_design,5,2,44390,establishment,3699,.,layer_27,arian,0.999998,2065,1,162,arian,0.432789,1575,1,166,arian:1.0000;is:0.0000;arians:0.0000;ally:0.0000;icz:0.0000,arian:0.4328;arians:0.0172;prises:0.0141;ally:0.0122;icz:0.0117
antidisestablishmentarianism,multi_token_by_design,5,2,44390,establishment,3699,.,layer_32,arian,0.999786,1405,1,63,arian,0.331984,958,1,109,arian:0.9998;is:0.0002;e:0.0000;a:0.0000;of:0.0000,arian:0.3320;is:0.0172;e:0.0138;of:0.0113;arians:0.0105
antidisestablishmentarianism,multi_token_by_design,5,2,44390,establishment,3699,.,layer_37,arian,0.90361,953,1,29,arian,0.265714,560,1,33,arian:0.9036;is:0.0956;e:0.0008;a:0.0000;um:0.0000,arian:0.2657;is:0.0553;e:0.0415;en:0.0151;arians:0.0146
antidisestablishmentarianism,multi_token_by_design,5,2,44390,establishment,3699,.,layer_39,is,0.578903,1053,2,20,arian,0.222416,551,1,20,is:0.5789;arian:0.4196;e:0.0014;a:0.0001;en:0.0000,arian:0.2224;is:0.0657;e:0.0407;en:0.0223;us:0.0155
antidisestablishmentarianism,multi_token_by_design,5,2,44390,establishment,3699,.,layer_41,is,0.871233,1168,2,12,arian,0.154579,468,1,10,is:0.8712;arian:0.1263;e:0.0020;us:0.0002;a:0.0001,arian:0.1546;is:0.0473;e:0.0320;us:0.0211;en:0.0185
antidisestablishmentarianism,multi_token_by_design,5,2,44390,establishment,3699,.,layer_43,is,0.990015,2323,2,10,arian,0.136732,833,1,10,is:0.9900;arian:0.0070;e:0.0029;a:0.0001;us:0.0000,arian:0.1367;is:0.0558;e:0.0401;us:0.0195;en:0.0173
antidisestablishmentarianism,multi_token_by_design,5,2,44390,establishment,3699,.,layer_45,is,0.999742,2306,7,3,arian,0.065186,697,1,6,"is:0.9997;e:0.0001;.:0.0000;a:0.0000;,:0.0000",arian:0.0652;is:0.0578;e:0.0250;us:0.0233;en:0.0179
antidisestablishmentarianism,multi_token_by_design,5,2,44390,establishment,3699,.,layer_47,is,0.996927,3230,19,2,is,0.150362,1427,5,2,"is:0.9969;.:0.0023;,:0.0008;e:0.0000;Ġin:0.0000","is:0.1504;.:0.0706;,:0.0358;e:0.0350;arian:0.0319"
antidisestablishmentarianism,multi_token_by_design,5,2,44390,establishment,3699,.,layer_48,.,0.593477,3968,17,1,.,0.125036,2100,4,1,".:0.5935;is:0.3425;,:0.0626;Ċ:0.0011;Ġin:0.0002",".:0.1250;is:0.1063;,:0.0584;arian:0.0283;e:0.0276"
antidisestablishmentarianism,multi_token_by_design,5,2,44390,establishment,3699,.,final_logits,.,0.125036,2100,4,1,,,,,,".:0.1250;is:0.1063;,:0.0584;arian:0.0283;e:0.0276",
antidisestablishmentarianism,multi_token_by_design,5,3,3699,arian,1042,ism,emb,arian,0.001493,1,5361,5361,arian,1.0,1,4281,4281,arian:0.0015;arians:0.0005;aria:0.0001;arius:0.0001;ariat:0.0001,arian:1.0000;arians:0.0000;aria:0.0000;arius:0.0000;ariat:0.0000
antidisestablishmentarianism,multi_token_by_design,5,3,3699,arian,1042,ism,layer_1,arian,0.012024,1,2,2,arian,0.633481,1,2,2,arian:0.0120;ism:0.0034;arians:0.0019;itar:0.0009;itarian:0.0009,arian:0.6335;ism:0.1617;arians:0.0199;ot:0.0039;thus:0.0022
antidisestablishmentarianism,multi_token_by_design,5,3,3699,arian,1042,ism,layer_2,ism,0.134879,3,1,1,ism,0.41129,4,1,1,ism:0.1349;Ġpriest:0.0093;arian:0.0066;ot:0.0047;ity:0.0046,ism:0.4113;ity:0.0078;ot:0.0047;arian:0.0044;ĠSand:0.0039
antidisestablishmentarianism,multi_token_by_design,5,3,3699,arian,1042,ism,layer_5,ism,0.901001,279,1,1,ism,0.419622,391,1,1,ism:0.9010;Ġestablishment:0.0030;Ġrevolution:0.0029;Ġreform:0.0022;orum:0.0022,ism:0.4196;orum:0.0054;Ġreform:0.0046;ae:0.0026;Ġcandidate:0.0026
antidisestablishmentarianism,multi_token_by_design,5,3,3699,arian,1042,ism,layer_11,ism,0.999066,959,1,1,ism,0.947965,1246,1,1,ism:0.9991;Ġrevolution:0.0003;ĠRevolution:0.0000;Ġreform:0.0000;Ġopposition:0.0000,ism:0.9480;Ġrevolution:0.0012;Ġreform:0.0008;Ġopp:0.0008;ists:0.0005
antidisestablishmentarianism,multi_token_by_design,5,3,3699,arian,1042,ism,layer_16,ism,0.999999,467,1,1,ism,0.992334,422,1,1,ism:1.0000;ista:0.0000;ist:0.0000;ity:0.0000;isms:0.0000,ism:0.9923;isms:0.0003;ity:0.0002;ist:0.0002;ists:0.0001
antidisestablishmentarianism,multi_token_by_design,5,3,3699,arian,1042,ism,layer_21,ism,1.0,1158,1,1,ism,0.995584,1142,1,1,ism:1.0000;ist:0.0000;ista:0.0000;isms:0.0000;ists:0.0000,ism:0.9956;isms:0.0004;ist:0.0002;ists:0.0002;ISM:0.0001
antidisestablishmentarianism,multi_token_by_design,5,3,3699,arian,1042,ism,layer_27,ism,1.0,1264,1,1,ism,0.996508,1417,1,1,ism:1.0000;isms:0.0000;ist:0.0000;ists:0.0000;ity:0.0000,ism:0.9965;isms:0.0017;ist:0.0001;ity:0.0001;ists:0.0001
antidisestablishmentarianism,multi_token_by_design,5,3,3699,arian,1042,ism,layer_32,ism,1.0,1089,1,1,ism,0.995166,1202,1,1,ism:1.0000;ist:0.0000;isms:0.0000;is:0.0000;ists:0.0000,ism:0.9952;isms:0.0009;ist:0.0004;ists:0.0002;ity:0.0002
antidisestablishmentarianism,multi_token_by_design,5,3,3699,arian,1042,ism,layer_37,ism,1.0,491,1,1,ism,0.994933,457,1,1,ism:1.0000;is:0.0000;ist:0.0000;isms:0.0000;ists:0.0000,ism:0.9949;isms:0.0007;is:0.0004;ist:0.0004;ists:0.0002
antidisestablishmentarianism,multi_token_by_design,5,3,3699,arian,1042,ism,layer_39,ism,1.0,328,1,1,ism,0.992376,278,1,1,ism:1.0000;is:0.0000;ist:0.0000;isms:0.0000;Ġmovement:0.0000,ism:0.9924;isms:0.0011;ist:0.0007;is:0.0006;ists:0.0003
antidisestablishmentarianism,multi_token_by_design,5,3,3699,arian,1042,ism,layer_41,ism,1.0,382,1,1,ism,0.988086,267,1,1,ism:1.0000;is:0.0000;ist:0.0000;ists:0.0000;Ġmovement:0.0000,ism:0.9881;isms:0.0010;ist:0.0010;is:0.0009;ists:0.0005
antidisestablishmentarianism,multi_token_by_design,5,3,3699,arian,1042,ism,layer_43,ism,1.0,534,1,1,ism,0.979902,316,1,1,ism:1.0000;is:0.0000;ist:0.0000;Ġmovement:0.0000;a:0.0000,ism:0.9799;is:0.0014;ist:0.0013;isms:0.0011;ists:0.0009
antidisestablishmentarianism,multi_token_by_design,5,3,3699,arian,1042,ism,layer_45,ism,1.0,822,1,1,ism,0.939683,430,1,1,"ism:1.0000;is:0.0000;a:0.0000;,:0.0000;-:0.0000",ism:0.9397;is:0.0036;ist:0.0029;ists:0.0022;e:0.0016
antidisestablishmentarianism,multi_token_by_design,5,3,3699,arian,1042,ism,layer_47,ism,1.0,1262,1,1,ism,0.811791,549,1,1,"ism:1.0000;is:0.0000;,:0.0000;.:0.0000;-:0.0000","ism:0.8118;is:0.0099;.:0.0088;ist:0.0060;"":0.0060"
antidisestablishmentarianism,multi_token_by_design,5,3,3699,arian,1042,ism,layer_48,ism,1.0,1482,1,1,ism,0.808303,656,1,1,"ism:1.0000;,:0.0000;.:0.0000;-:0.0000;is:0.0000","ism:0.8083;.:0.0121;is:0.0086;"":0.0070;,:0.0065"
antidisestablishmentarianism,multi_token_by_design,5,3,3699,arian,1042,ism,final_logits,ism,0.808303,656,1,1,,,,,,"ism:0.8083;.:0.0121;is:0.0086;"":0.0070;,:0.0065",
antidisestablishmentarianism,multi_token_by_design,5,4,1042,ism,,.,emb,ism,0.000342,1,,47443,ism,1.0,1,,43699,ism:0.0003;ISM:0.0002;isms:0.0001;ismo:0.0001;istic:0.0001,ism:1.0000;ISM:0.0000;isms:0.0000;ismo:0.0000;ist:0.0000
antidisestablishmentarianism,multi_token_by_design,5,4,1042,ism,,.,layer_1,atic,0.001297,3,,3835,atic,0.060237,2,,1056,atic:0.0013;atics:0.0010;ism:0.0009;Ġideology:0.0007;Ġplates:0.0006,atic:0.0602;ism:0.0446;atics:0.0157;Ġideology:0.0108;ismo:0.0091
antidisestablishmentarianism,multi_token_by_design,5,4,1042,ism,,.,layer_2,atic,0.013958,24,,3992,atic,0.045519,6,,1094,atic:0.0140;Ġparalyzed:0.0082;atics:0.0060;Ġdominated:0.0033;ory:0.0031,atic:0.0455;atics:0.0073;ory:0.0056;Ġdominated:0.0046;Ġideology:0.0042
antidisestablishmentarianism,multi_token_by_design,5,4,1042,ism,,.,layer_5,atic,0.074643,225,,952,atic,0.019914,103,,175,atic:0.0746;Ġdominated:0.0586;Ġideology:0.0307;Ġparalyzed:0.0280;Ġphilosophy:0.0185,atic:0.0199;Ġdominated:0.0083;Ġideology:0.0070;Ġphilosophy:0.0048;Ġin:0.0033
antidisestablishmentarianism,multi_token_by_design,5,4,1042,ism,,.,layer_11,Ġdefeated,0.067155,2412,,1492,atic,0.006037,1771,,297,Ġdefeated:0.0672;Ġchic:0.0609;Ġdominated:0.0548;Ġchim:0.0280;Ġideology:0.0242,atic:0.0060;Ġdominated:0.0057;Ġideology:0.0053;Ġdefeated:0.0046;Ġradical:0.0045
antidisestablishmentarianism,multi_token_by_design,5,4,1042,ism,,.,layer_16,Ġchic,0.378978,2129,,530,Ġlong,0.009982,1448,,92,Ġchic:0.3790;Ġdefeated:0.1067;Ġlong:0.1037;Ġpolitical:0.0385;Ġbent:0.0290,Ġlong:0.0100;Ġdefeated:0.0076;Ġchic:0.0073;Ġamong:0.0071;Ġsl:0.0061
antidisestablishmentarianism,multi_token_by_design,5,4,1042,ism,,.,layer_21,Ġchic,0.721657,102,,127,Ġchic,0.00702,67,,33,Ġchic:0.7217;Ġideology:0.0480;at:0.0343;is:0.0331;Ġdefeated:0.0213,Ġchic:0.0070;Ġideology:0.0066;Ġsl:0.0058;@:0.0055;e:0.0055
antidisestablishmentarianism,multi_token_by_design,5,4,1042,ism,,.,layer_27,Ġchic,0.48814,41,,52,is,0.013056,38,,26,Ġchic:0.4881;is:0.4537;at:0.0207;Ġunited:0.0100;os:0.0056,is:0.0131;e:0.0130;@:0.0120;Ġchic:0.0098;adv:0.0096
antidisestablishmentarianism,multi_token_by_design,5,4,1042,ism,,.,layer_32,is,0.913699,46,,21,e,0.073152,45,,12,is:0.9137;e:0.0802;us:0.0043;and:0.0006;Ġchic:0.0004,e:0.0732;is:0.0320;us:0.0208;@:0.0163;a:0.0106
antidisestablishmentarianism,multi_token_by_design,5,4,1042,ism,,.,layer_37,is,0.945334,27,,17,e,0.127893,26,,10,is:0.9453;us:0.0517;e:0.0029;and:0.0001;at:0.0000,e:0.1279;us:0.1230;is:0.0938;and:0.0207;os:0.0118
antidisestablishmentarianism,multi_token_by_design,5,4,1042,ism,,.,layer_39,is,0.714878,35,,10,us,0.173706,35,,7,is:0.7149;us:0.2842;e:0.0009;and:0.0000;at:0.0000,"us:0.1737;e:0.1202;is:0.0930;and:0.0141;"":0.0138"
antidisestablishmentarianism,multi_token_by_design,5,4,1042,ism,,.,layer_41,us,0.883892,40,,7,us,0.174531,39,,4,"us:0.8839;is:0.1155;e:0.0006;and:0.0000;,:0.0000","us:0.1745;e:0.0970;is:0.0596;.:0.0248;,:0.0167"
antidisestablishmentarianism,multi_token_by_design,5,4,1042,ism,,.,layer_43,us,0.954795,35,,6,us,0.142785,35,,4,"us:0.9548;is:0.0428;e:0.0023;,:0.0001;and:0.0001","us:0.1428;e:0.0977;is:0.0439;.:0.0427;,:0.0315"
antidisestablishmentarianism,multi_token_by_design,5,4,1042,ism,,.,layer_45,us,0.991933,63,,4,us,0.147681,60,,3,"us:0.9919;,:0.0064;e:0.0008;.:0.0004;is:0.0003","us:0.1477;e:0.0815;.:0.0617;,:0.0514;is:0.0269"
antidisestablishmentarianism,multi_token_by_design,5,4,1042,ism,,.,layer_47,",",0.961985,102,,2,.,0.093749,82,,1,",:0.9620;.:0.0362;us:0.0016;e:0.0002;Ġis:0.0000",".:0.0937;us:0.0882;,:0.0824;e:0.0718;Ġ(:0.0191"
antidisestablishmentarianism,multi_token_by_design,5,4,1042,ism,,.,layer_48,",",0.985997,118,,2,.,0.111108,98,,1,",:0.9860;.:0.0137;us:0.0003;e:0.0000;Ġis:0.0000",".:0.1111;,:0.1077;us:0.0981;e:0.0535;Ġand:0.0217"
antidisestablishmentarianism,multi_token_by_design,5,4,1042,ism,,.,final_logits,.,0.111108,98,,1,,,,,,".:0.1111;,:0.1077;us:0.0981;e:0.0535;Ġand:0.0217",
cryptocurrency,multi_token_by_design,3,0,29609,crypt,420,o,emb,crypt,0.000828,1,11661,31774,crypt,1.0,1,10219,28991,crypt:0.0008;Crypt:0.0002;Ġcrypt:0.0001;ĠCrypt:0.0001;Ġcrypto:0.0001,crypt:1.0000;Crypt:0.0000;Ġcrypt:0.0000;ĠCrypt:0.0000;Ġcrypto:0.0000
cryptocurrency,multi_token_by_design,3,0,29609,crypt,420,o,layer_1,arch,0.04436,9,716,1871,crypt,0.025554,1,512,228,arch:0.0444;angular:0.0132;ographic:0.0123;ocol:0.0119;cro:0.0073,crypt:0.0256;ographic:0.0094;ocol:0.0090;arch:0.0089;ospace:0.0064
cryptocurrency,multi_token_by_design,3,0,29609,crypt,420,o,layer_2,arch,0.662822,159,68,156,arch,0.0165,23,63,21,arch:0.6628;oper:0.0226;ographic:0.0201;ob:0.0172;ographer:0.0168,arch:0.0165;olith:0.0073;ographic:0.0072;oper:0.0056;ohyd:0.0053
cryptocurrency,multi_token_by_design,3,0,29609,crypt,420,o,layer_5,arch,0.254552,178,46,56,ium,0.015573,55,48,10,arch:0.2546;ographer:0.1610;ium:0.1284;ob:0.0851;Ġminers:0.0835,ium:0.0156;Ġminers:0.0154;Ġmining:0.0153;Ġminer:0.0137;ohyd:0.0121
cryptocurrency,multi_token_by_design,3,0,29609,crypt,420,o,layer_11,://,1.0,29850,17376,46284,Ġand,0.000149,14937,2625,8306,://:1.0000;clips:0.0000;:{:0.0000;wcsstore:0.0000;Ġ'/:0.0000,"Ġand:0.0001;.:0.0001;,:0.0001;Ġthat:0.0001;;:0.0001"
cryptocurrency,multi_token_by_design,3,0,29609,crypt,420,o,layer_16,://,1.0,32050,19884,47206,Ġand,0.00014,20577,4473,12085,://:1.0000;clips:0.0000;:{:0.0000;wcsstore:0.0000;Ġ'/:0.0000,"Ġand:0.0001;.:0.0001;;:0.0001;Ġthat:0.0001;,:0.0001"
cryptocurrency,multi_token_by_design,3,0,29609,crypt,420,o,layer_21,://,1.0,32049,20471,47431,Ġand,0.000136,21245,4894,12949,://:1.0000;clips:0.0000;:{:0.0000;wcsstore:0.0000;$:0.0000,"Ġand:0.0001;;:0.0001;.:0.0001;Ġthat:0.0001;,:0.0001"
cryptocurrency,multi_token_by_design,3,0,29609,crypt,420,o,layer_27,://,1.0,32357,20557,47390,Ġand,0.000153,22043,5243,12210,://:1.0000;clips:0.0000;:{:0.0000;):0.0000;(:0.0000,"Ġand:0.0002;.:0.0001;Ġthat:0.0001;,:0.0001;;:0.0001"
cryptocurrency,multi_token_by_design,3,0,29609,crypt,420,o,layer_32,://,1.0,32493,20429,47296,Ġand,0.000173,22244,5352,11299,://:1.0000;clips:0.0000;:{:0.0000;):0.0000;(:0.0000,"Ġand:0.0002;,:0.0002;.:0.0002;Ġthat:0.0002;;:0.0002"
cryptocurrency,multi_token_by_design,3,0,29609,crypt,420,o,layer_37,://,1.0,32498,19827,46997,Ġand,0.000195,21783,4900,9617,://:1.0000;clips:0.0000;):0.0000;%:0.0000;*:0.0000,"Ġand:0.0002;,:0.0002;.:0.0002;Ġthat:0.0002;;:0.0002"
cryptocurrency,multi_token_by_design,3,0,29609,crypt,420,o,layer_39,://,1.0,32431,19464,46803,Ġand,0.000207,21406,4595,8642,://:1.0000;clips:0.0000;:{:0.0000;):0.0000;(:0.0000,"Ġand:0.0002;,:0.0002;.:0.0002;Ġthat:0.0002;;:0.0002"
cryptocurrency,multi_token_by_design,3,0,29609,crypt,420,o,layer_41,://,1.0,32355,18772,46459,Ġand,0.000229,20882,4035,7128,://:1.0000;clips:0.0000;:{:0.0000;):0.0000;(:0.0000,"Ġand:0.0002;,:0.0002;.:0.0002;Ġthat:0.0002;;:0.0002"
cryptocurrency,multi_token_by_design,3,0,29609,crypt,420,o,layer_43,://,1.0,31708,17667,45811,",",0.000272,19157,3223,4781,://:1.0000;clips:0.0000;:{:0.0000;Ġanyway:0.0000;Ġ'/:0.0000,",:0.0003;Ġand:0.0003;.:0.0003;Ġthat:0.0002;;:0.0002"
cryptocurrency,multi_token_by_design,3,0,29609,crypt,420,o,layer_45,://,1.0,28171,13847,42935,",",0.000462,12855,1758,1502,://:1.0000;clips:0.0000;Ġanyway:0.0000;:{:0.0000;Ġ'/:0.0000,",:0.0005;.:0.0005;Ġand:0.0004;Ġthat:0.0004;-:0.0003"
cryptocurrency,multi_token_by_design,3,0,29609,crypt,420,o,layer_47,.,0.554706,191,34,4,.,0.14912,130,34,5,".:0.5547;-:0.4213;,:0.0185;o:0.0021;::0.0012",".:0.1491;-:0.1478;,:0.0729;::0.0350;o:0.0288"
cryptocurrency,multi_token_by_design,3,0,29609,crypt,420,o,layer_48,-,0.563811,25,17,3,o,0.066015,13,12,1,-:0.5638;.:0.1545;o:0.1484;_:0.0622;/:0.0379,o:0.0660;_:0.0596;.:0.0444;-:0.0416;/:0.0403
cryptocurrency,multi_token_by_design,3,0,29609,crypt,420,o,final_logits,o,0.066015,13,12,1,,,,,,o:0.0660;_:0.0596;.:0.0444;-:0.0416;/:0.0403,
cryptocurrency,multi_token_by_design,3,1,420,oc,13382,urrency,emb,oc,0.000424,1,3301,3301,oc,1.0,1,3369,3369,oc:0.0004;OC:0.0001;oco:0.0001;ocent:0.0001;ocl:0.0001,oc:1.0000;OC:0.0000;oco:0.0000;ocent:0.0000;ocl:0.0000
cryptocurrency,multi_token_by_design,3,1,420,oc,13382,urrency,layer_1,entric,0.007211,2,31,31,oc,0.105964,1,38,38,entric:0.0072;oc:0.0042;annabin:0.0034;och:0.0026;heres:0.0026,oc:0.1060;entric:0.0705;och:0.0289;oded:0.0104;ote:0.0102
cryptocurrency,multi_token_by_design,3,1,420,oc,13382,urrency,layer_2,entric,0.120919,10,39,39,entric,0.038164,5,60,60,entric:0.1209;annabin:0.0809;heres:0.0410;onom:0.0326;och:0.0204,entric:0.0382;och:0.0189;ast:0.0137;annabin:0.0121;oc:0.0106
cryptocurrency,multi_token_by_design,3,1,420,oc,13382,urrency,layer_5,annabin,0.361988,50,5,5,esan,0.00918,36,5,5,annabin:0.3620;heres:0.0852;esan:0.0458;ore:0.0399;urrency:0.0356,esan:0.0092;urrencies:0.0073;op:0.0061;ord:0.0059;urrency:0.0059
cryptocurrency,multi_token_by_design,3,1,420,oc,13382,urrency,layer_11,urrency,0.621885,116,1,1,urrency,0.084135,97,1,1,urrency:0.6219;annabin:0.1889;urrencies:0.0608;arch:0.0451;ote:0.0151,urrency:0.0841;urrencies:0.0407;annabin:0.0168;ale:0.0159;ils:0.0120
cryptocurrency,multi_token_by_design,3,1,420,oc,13382,urrency,layer_16,urrency,0.613827,39,1,1,urrency,0.110788,44,1,1,urrency:0.6138;arch:0.1373;ord:0.0656;ote:0.0598;et:0.0243,urrency:0.1108;ord:0.0389;urrencies:0.0318;et:0.0285;ote:0.0284
cryptocurrency,multi_token_by_design,3,1,420,oc,13382,urrency,layer_21,urrency,0.989503,25,1,1,urrency,0.624174,28,1,1,urrency:0.9895;urrencies:0.0101;arch:0.0002;et:0.0001;ord:0.0000,urrency:0.6242;urrencies:0.1406;omp:0.0177;ord:0.0146;et:0.0143
cryptocurrency,multi_token_by_design,3,1,420,oc,13382,urrency,layer_27,urrency,0.90479,18,1,1,urrency,0.586719,18,1,1,urrency:0.9048;urrencies:0.0952;omp:0.0000;arch:0.0000;ord:0.0000,urrency:0.5867;urrencies:0.2909;omp:0.0624;ote:0.0034;ord:0.0030
cryptocurrency,multi_token_by_design,3,1,420,oc,13382,urrency,layer_32,urrency,0.990881,33,1,1,urrency,0.810334,39,1,1,urrency:0.9909;urrencies:0.0091;omp:0.0000;or:0.0000;ore:0.0000,urrency:0.8103;urrencies:0.1810;omp:0.0042;omm:0.0002;ote:0.0002
cryptocurrency,multi_token_by_design,3,1,420,oc,13382,urrency,layer_37,urrency,0.986942,51,1,1,urrency,0.810089,55,1,1,urrency:0.9869;urrencies:0.0131;rypt:0.0000;ore:0.0000;annabin:0.0000,urrency:0.8101;urrencies:0.1885;rypt:0.0004;ipher:0.0001;omp:0.0001
cryptocurrency,multi_token_by_design,3,1,420,oc,13382,urrency,layer_39,urrency,0.953483,93,1,1,urrency,0.770067,94,1,1,urrency:0.9535;urrencies:0.0465;rypt:0.0000;ĠBitcoin:0.0000;annabin:0.0000,urrency:0.7701;urrencies:0.2289;rypt:0.0003;ipher:0.0001;omp:0.0000
cryptocurrency,multi_token_by_design,3,1,420,oc,13382,urrency,layer_41,urrency,0.95359,96,1,1,urrency,0.772371,100,1,1,urrency:0.9536;urrencies:0.0464;or:0.0000;ĠBitcoin:0.0000;rypt:0.0000,urrency:0.7724;urrencies:0.2269;rypt:0.0002;urrent:0.0000;omp:0.0000
cryptocurrency,multi_token_by_design,3,1,420,oc,13382,urrency,layer_43,urrency,0.981346,86,1,1,urrency,0.81374,80,1,1,urrency:0.9813;urrencies:0.0187;or:0.0000;at:0.0000;ore:0.0000,urrency:0.8137;urrencies:0.1846;rypt:0.0002;omp:0.0002;ipher:0.0001
cryptocurrency,multi_token_by_design,3,1,420,oc,13382,urrency,layer_45,urrency,0.981009,171,1,1,urrency,0.807211,141,1,1,urrency:0.9810;urrencies:0.0190;at:0.0000;or:0.0000;ur:0.0000,urrency:0.8072;urrencies:0.1871;omp:0.0006;rypt:0.0003;ur:0.0002
cryptocurrency,multi_token_by_design,3,1,420,oc,13382,urrency,layer_47,urrency,0.993062,160,1,1,urrency,0.837952,137,1,1,urrency:0.9931;urrencies:0.0069;at:0.0000;or:0.0000;ur:0.0000,urrency:0.8380;urrencies:0.1473;omp:0.0025;ur:0.0008;at:0.0008
cryptocurrency,multi_token_by_design,3,1,420,oc,13382,urrency,layer_48,urrency,0.939209,182,1,1,urrency,0.793721,202,1,1,urrency:0.9392;urrencies:0.0608;at:0.0000;ur:0.0000;or:0.0000,urrency:0.7937;urrencies:0.1907;omp:0.0051;at:0.0010;ur:0.0007
cryptocurrency,multi_token_by_design,3,1,420,oc,13382,urrency,final_logits,urrency,0.793721,202,1,1,,,,,,urrency:0.7937;urrencies:0.1907;omp:0.0051;at:0.0010;ur:0.0007,
cryptocurrency,multi_token_by_design,3,2,13382,urrency,,.,emb,urrency,0.000624,1,,50237,urrency,1.0,1,,50233,urrency:0.0006;urrencies:0.0002;currency:0.0001;ü:0.0001;ċ:0.0001,urrency:1.0000;urrencies:0.0000;currency:0.0000;ü:0.0000;ċ:0.0000
cryptocurrency,multi_token_by_design,3,2,13382,urrency,,.,layer_1,urrency,0.005167,1,,3277,urrency,0.037528,1,,1438,urrency:0.0052;Ġsag:0.0047;ĠAlchemist:0.0029;Ġboosters:0.0021;Ġjunction:0.0020,urrency:0.0375;Ġsag:0.0291;Ġcurrency:0.0167;ĠAlchemist:0.0137;Ġexchange:0.0101
cryptocurrency,multi_token_by_design,3,2,13382,urrency,,.,layer_2,Ġexchange,0.014195,32,,1225,Ġexchange,0.01308,39,,532,Ġexchange:0.0142;Ġjunction:0.0109;Ġchip:0.0103;Ġwise:0.0077;Ġcurrency:0.0075,Ġexchange:0.0131;Ġcurrency:0.0110;Ġmining:0.0110;Ġindependent:0.0082;Ġcra:0.0066
cryptocurrency,multi_token_by_design,3,2,13382,urrency,,.,layer_5,Ġmining,0.584963,96,,964,Ġmining,0.106986,213,,516,Ġmining:0.5850;Ġminers:0.1124;Ġcurrency:0.0319;Ġcra:0.0227;Ġgold:0.0197,Ġmining:0.1070;Ġminers:0.0365;Ġcurrency:0.0209;Ġgold:0.0120;Ġcra:0.0110
cryptocurrency,multi_token_by_design,3,2,13382,urrency,,.,layer_11,Ġmining,0.804616,5544,,839,Ġmining,0.213496,8205,,457,Ġmining:0.8046;Ġexchange:0.1148;Ġminers:0.0386;Ġwar:0.0146;Ġsc:0.0064,Ġmining:0.2135;Ġexchange:0.0604;Ġminers:0.0459;Ġtech:0.0099;Ġwar:0.0087
cryptocurrency,multi_token_by_design,3,2,13382,urrency,,.,layer_16,Ġmining,0.960586,8365,,630,Ġmining,0.270633,9814,,360,Ġmining:0.9606;Ġexchange:0.0304;Ġtech:0.0022;Ġtechnology:0.0018;Ġwar:0.0011,Ġmining:0.2706;Ġexchange:0.0500;Ġminers:0.0168;Ġtech:0.0136;Ġtechnology:0.0135
cryptocurrency,multi_token_by_design,3,2,13382,urrency,,.,layer_21,Ġmining,0.537631,7340,,501,Ġmining,0.066442,6299,,385,Ġmining:0.5376;Ġexchange:0.2284;Ġcra:0.1297;Ġwar:0.0569;Ġcommunity:0.0105,Ġmining:0.0664;Ġexchange:0.0324;Ġcra:0.0231;Ġenthusiasts:0.0225;Ġminers:0.0191
cryptocurrency,multi_token_by_design,3,2,13382,urrency,,.,layer_27,Ġmining,0.841608,8589,,200,Ġmining,0.140979,6140,,165,Ġmining:0.8416;Ġexchange:0.1555;Ġminers:0.0009;Ġmarket:0.0006;Ġcrowdfunding:0.0005,Ġmining:0.1410;Ġexchange:0.0495;Ġminers:0.0311;Ġminer:0.0156;Ġecosystem:0.0150
cryptocurrency,multi_token_by_design,3,2,13382,urrency,,.,layer_32,Ġmining,0.966192,8969,,104,Ġmining,0.167027,4996,,107,Ġmining:0.9662;Ġexchange:0.0273;Ġminers:0.0065;Ġcommunity:0.0000;Ġblockchain:0.0000,Ġmining:0.1670;Ġminers:0.0740;Ġexchange:0.0415;Ġminer:0.0288;Ġenthusiasts:0.0248
cryptocurrency,multi_token_by_design,3,2,13382,urrency,,.,layer_37,Ġmining,0.827417,5978,,80,Ġmining,0.2466,2447,,97,Ġmining:0.8274;Ġblockchain:0.0984;Ġminers:0.0742;Ġexchange:0.0000;ĠBitcoin:0.0000,Ġmining:0.2466;Ġminers:0.1993;Ġblockchain:0.0838;Ġminer:0.0432;Ġbitcoin:0.0369
cryptocurrency,multi_token_by_design,3,2,13382,urrency,,.,layer_39,Ġmining,0.798857,4697,,70,Ġmining,0.259647,1675,,96,Ġmining:0.7989;Ġblockchain:0.1113;Ġminers:0.0897;ĠBitcoin:0.0002;Ġexchange:0.0000,Ġmining:0.2596;Ġminers:0.2268;Ġblockchain:0.0901;ĠBitcoin:0.0560;Ġbitcoin:0.0530
cryptocurrency,multi_token_by_design,3,2,13382,urrency,,.,layer_41,Ġmining,0.964948,3598,,57,Ġmining,0.276833,1156,,81,Ġmining:0.9649;Ġblockchain:0.0250;Ġminers:0.0077;Ġexchange:0.0022;ĠBitcoin:0.0001,Ġmining:0.2768;Ġminers:0.1750;Ġblockchain:0.0741;Ġexchange:0.0584;ĠBitcoin:0.0575
cryptocurrency,multi_token_by_design,3,2,13382,urrency,,.,layer_43,Ġexchange,0.510388,6512,,21,Ġmining,0.212167,2523,,29,Ġexchange:0.5104;Ġmining:0.4788;Ġexchanges:0.0075;Ġminers:0.0024;Ġblockchain:0.0009,Ġmining:0.2122;Ġminers:0.1415;Ġexchanges:0.1167;Ġexchange:0.1084;Ġblockchain:0.0442
cryptocurrency,multi_token_by_design,3,2,13382,urrency,,.,layer_45,Ġexchange,0.972868,13533,,11,Ġmining,0.131052,6089,,13,Ġexchange:0.9729;Ġmining:0.0234;Ġexchanges:0.0027;Ġis:0.0007;Ġmarket:0.0002,Ġmining:0.1311;Ġexchanges:0.1187;Ġexchange:0.1138;Ġminers:0.0747;Ġmarket:0.0255
cryptocurrency,multi_token_by_design,3,2,13382,urrency,,.,layer_47,",",0.64421,20618,,4,Ġexchange,0.044972,9694,,2,",:0.6442;-:0.2975;Ġis:0.0553;.:0.0016;Ġand:0.0014","Ġexchange:0.0450;.:0.0431;,:0.0384;Ġis:0.0370;Ġexchanges:0.0337"
cryptocurrency,multi_token_by_design,3,2,13382,urrency,,.,layer_48,",",0.769492,21476,,4,.,0.047457,9761,,1,",:0.7695;-:0.1826;Ġis:0.0449;.:0.0018;Ġand:0.0011",".:0.0475;,:0.0413;Ġis:0.0396;"":0.0350;Ġand:0.0272"
cryptocurrency,multi_token_by_design,3,2,13382,urrency,,.,final_logits,.,0.047457,9761,,1,,,,,,".:0.0475;,:0.0413;Ġis:0.0396;"":0.0350;Ġand:0.0272",
unbelievable,multi_token_by_design,4,0,403,un,6667,-,emb,un,0.000222,1,2310,30460,un,1.0,1,1964,23249,un:0.0002;uns:0.0001;uni:0.0001;Un:0.0001;una:0.0001,un:1.0000;uns:0.0000;uni:0.0000;Un:0.0000;una:0.0000
unbelievable,multi_token_by_design,4,0,403,un,6667,-,layer_1,balance,0.002868,55,354,2554,un,0.005742,1,179,527,balance:0.0029;ĠClay:0.0027;rail:0.0025;iversity:0.0023;ĠFlore:0.0021,un:0.0057;restricted:0.0045;comp:0.0043;fair:0.0042;iversity:0.0041
unbelievable,multi_token_by_design,4,0,403,un,6667,-,layer_2,cro,0.030384,59,62,551,su,0.006301,6,21,85,cro:0.0304;im:0.0186;iversity:0.0172;balance:0.0143;ĠClay:0.0140,su:0.0063;ice:0.0053;im:0.0046;iversity:0.0045;fair:0.0043
unbelievable,multi_token_by_design,4,0,403,un,6667,-,layer_5,acceptable,0.199616,313,39,456,su,0.018414,94,11,61,acceptable:0.1996;cling:0.1331;usual:0.1172;opp:0.0704;iversity:0.0693,su:0.0184;usual:0.0175;acceptable:0.0122;fair:0.0113;comp:0.0087
unbelievable,multi_token_by_design,4,0,403,un,6667,-,layer_11,://,1.0,32767,31871,45351,Ġand,0.000154,2063,21438,9,://:1.0000;clips:0.0000;:{:0.0000;wcsstore:0.0000;Ġ'/:0.0000,"Ġand:0.0002;,:0.0001;.:0.0001;Ġthat:0.0001;;:0.0001"
unbelievable,multi_token_by_design,4,0,403,un,6667,-,layer_16,://,1.0,35506,33924,46694,Ġand,0.000144,3597,26833,15,://:1.0000;clips:0.0000;:{:0.0000;wcsstore:0.0000;Ġ'/:0.0000,"Ġand:0.0001;.:0.0001;,:0.0001;;:0.0001;Ġthat:0.0001"
unbelievable,multi_token_by_design,4,0,403,un,6667,-,layer_21,://,1.0,36274,34388,47137,Ġand,0.000139,4004,28211,16,://:1.0000;clips:0.0000;:{:0.0000;wcsstore:0.0000;$:0.0000,"Ġand:0.0001;;:0.0001;.:0.0001;,:0.0001;Ġthat:0.0001"
unbelievable,multi_token_by_design,4,0,403,un,6667,-,layer_27,://,1.0,36336,34558,46918,Ġand,0.000156,4161,28527,17,://:1.0000;clips:0.0000;:{:0.0000;):0.0000;(:0.0000,"Ġand:0.0002;,:0.0002;.:0.0001;Ġthat:0.0001;;:0.0001"
unbelievable,multi_token_by_design,4,0,403,un,6667,-,layer_32,://,1.0,36146,34707,46524,Ġand,0.000175,4043,28583,15,://:1.0000;clips:0.0000;:{:0.0000;):0.0000;(:0.0000,"Ġand:0.0002;,:0.0002;.:0.0002;Ġthat:0.0002;;:0.0002"
unbelievable,multi_token_by_design,4,0,403,un,6667,-,layer_37,://,1.0,35595,34648,45891,Ġand,0.000198,3710,28084,14,://:1.0000;clips:0.0000;:{:0.0000;):0.0000;(:0.0000,"Ġand:0.0002;,:0.0002;.:0.0002;Ġthat:0.0002;;:0.0002"
unbelievable,multi_token_by_design,4,0,403,un,6667,-,layer_39,://,1.0,35225,34554,45486,Ġand,0.00021,3441,27719,14,://:1.0000;clips:0.0000;:{:0.0000;):0.0000;(:0.0000,"Ġand:0.0002;,:0.0002;.:0.0002;Ġthat:0.0002;;:0.0002"
unbelievable,multi_token_by_design,4,0,403,un,6667,-,layer_41,://,1.0,34678,34300,44807,Ġand,0.000233,3068,26843,12,://:1.0000;clips:0.0000;:{:0.0000;Ġ'/:0.0000;Ġanyway:0.0000,"Ġand:0.0002;,:0.0002;.:0.0002;Ġthat:0.0002;;:0.0002"
unbelievable,multi_token_by_design,4,0,403,un,6667,-,layer_43,://,1.0,33726,33631,43667,",",0.000279,2494,24974,10,://:1.0000;clips:0.0000;Ġanyway:0.0000;:{:0.0000;Ġ'/:0.0000,",:0.0003;Ġand:0.0003;.:0.0003;Ġthat:0.0002;;:0.0002"
unbelievable,multi_token_by_design,4,0,403,un,6667,-,layer_45,://,1.0,29813,31143,38487,",",0.000483,1331,18963,5,://:1.0000;clips:0.0000;Ġanyway:0.0000;:{:0.0000;Ġ'/:0.0000,",:0.0005;Ġand:0.0005;.:0.0004;Ġthat:0.0004;-:0.0003"
unbelievable,multi_token_by_design,4,0,403,un,6667,-,layer_47,",",0.498967,55,449,2,",",0.09687,45,438,2,",:0.4990;-:0.3136;.:0.1701;Ġand:0.0147;Ċ:0.0013",",:0.0969;-:0.0683;.:0.0618;Ġand:0.0365;Ċ:0.0140"
unbelievable,multi_token_by_design,4,0,403,un,6667,-,layer_48,-,0.922464,45,230,1,-,0.039232,39,145,1,"-:0.9225;,:0.0673;.:0.0055;Ġand:0.0027;Ċ:0.0008","-:0.0392;,:0.0221;iform:0.0204;.:0.0149;iverse:0.0115"
unbelievable,multi_token_by_design,4,0,403,un,6667,-,final_logits,-,0.039232,39,145,1,,,,,,"-:0.0392;,:0.0221;iform:0.0204;.:0.0149;iverse:0.0115",
unbelievable,multi_token_by_design,4,1,6667,bel,11203,iev,emb,bel,0.000671,1,1305,1305,bel,1.0,1,1507,1507,bel:0.0007;Bel:0.0001;ĠBEL:0.0001;belt:0.0001;ĠBel:0.0001,bel:1.0000;Bel:0.0000;ĠBEL:0.0000;belt:0.0000;ĠBel:0.0000
unbelievable,multi_token_by_design,4,1,6667,bel,11203,iev,layer_1,bel,0.058559,1,22,22,bel,0.391006,1,17,17,bel:0.0586;leck:0.0232;ige:0.0094;quer:0.0086;cher:0.0086,bel:0.3910;leck:0.0505;iever:0.0377;oved:0.0374;ige:0.0279
unbelievable,multi_token_by_design,4,1,6667,bel,11203,iev,layer_2,leck,0.219566,2,17,17,oved,0.202077,2,12,12,leck:0.2196;bel:0.1378;oved:0.1356;cher:0.0554;isher:0.0216,oved:0.2021;bel:0.0825;leck:0.0662;cher:0.0502;iever:0.0279
unbelievable,multi_token_by_design,4,1,6667,bel,11203,iev,layer_5,oved,0.414689,8,3,3,oved,0.164236,13,2,2,oved:0.4147;leck:0.2382;iev:0.1539;cher:0.0506;iance:0.0194,oved:0.1642;iev:0.0567;iever:0.0432;cher:0.0275;leck:0.0258
unbelievable,multi_token_by_design,4,1,6667,bel,11203,iev,layer_11,iev,0.989396,183,1,1,iev,0.64873,259,1,1,iev:0.9894;leck:0.0047;cher:0.0019;iever:0.0011;isher:0.0010,iev:0.6487;iever:0.0550;cher:0.0213;ieving:0.0188;ief:0.0183
unbelievable,multi_token_by_design,4,1,6667,bel,11203,iev,layer_16,iev,0.995738,264,1,1,iev,0.661603,429,1,1,iev:0.9957;erer:0.0021;le:0.0005;iever:0.0004;oved:0.0003,iev:0.6616;iever:0.0515;oved:0.0244;erer:0.0209;ished:0.0198
unbelievable,multi_token_by_design,4,1,6667,bel,11203,iev,layer_21,iev,0.995278,207,1,1,iev,0.474499,334,1,1,iev:0.9953;akable:0.0024;ateful:0.0009;cedented:0.0005;ished:0.0004,iev:0.4745;cedented:0.0637;ished:0.0459;akable:0.0386;ateful:0.0378
unbelievable,multi_token_by_design,4,1,6667,bel,11203,iev,layer_27,iev,0.999968,220,1,1,iev,0.652426,330,1,1,iev:1.0000;oved:0.0000;ieving:0.0000;le:0.0000;ievers:0.0000,iev:0.6524;ievers:0.0670;ieving:0.0505;oved:0.0429;iever:0.0219
unbelievable,multi_token_by_design,4,1,6667,bel,11203,iev,layer_32,iev,1.0,432,1,1,iev,0.82376,567,1,1,iev:1.0000;ieving:0.0000;oved:0.0000;ievers:0.0000;ief:0.0000,iev:0.8238;ievers:0.0511;ieving:0.0318;oved:0.0272;ief:0.0163
unbelievable,multi_token_by_design,4,1,6667,bel,11203,iev,layer_37,iev,1.0,903,1,1,iev,0.866094,985,1,1,iev:1.0000;ief:0.0000;ieving:0.0000;ievers:0.0000;oved:0.0000,iev:0.8661;ief:0.0486;ievers:0.0346;ieving:0.0251;oved:0.0085
unbelievable,multi_token_by_design,4,1,6667,bel,11203,iev,layer_39,iev,1.0,1432,1,1,iev,0.852766,1436,1,1,iev:1.0000;ief:0.0000;ieving:0.0000;ievers:0.0000;ted:0.0000,iev:0.8528;ief:0.0829;ieving:0.0293;ievers:0.0227;ieved:0.0023
unbelievable,multi_token_by_design,4,1,6667,bel,11203,iev,layer_41,iev,1.0,1808,1,1,iev,0.840232,1558,1,1,iev:1.0000;ief:0.0000;ieving:0.0000;ievers:0.0000;ted:0.0000,iev:0.8402;ief:0.0946;ieving:0.0289;ievers:0.0222;ieved:0.0029
unbelievable,multi_token_by_design,4,1,6667,bel,11203,iev,layer_43,iev,1.0,1716,1,1,iev,0.861557,1320,1,1,iev:1.0000;ief:0.0000;ieving:0.0000;ted:0.0000;ievers:0.0000,iev:0.8616;ief:0.0857;ieving:0.0217;ievers:0.0143;ieved:0.0032
unbelievable,multi_token_by_design,4,1,6667,bel,11203,iev,layer_45,iev,1.0,2763,1,1,iev,0.790805,2082,1,1,iev:1.0000;ief:0.0000;ieving:0.0000;i:0.0000;-:0.0000,iev:0.7908;ief:0.1316;ieving:0.0265;ievers:0.0171;ieved:0.0047
unbelievable,multi_token_by_design,4,1,6667,bel,11203,iev,layer_47,iev,0.999997,2594,1,1,iev,0.793969,1835,1,1,iev:1.0000;ief:0.0000;ieving:0.0000;i:0.0000;ie:0.0000,iev:0.7940;ief:0.1669;ieving:0.0124;ievers:0.0064;ieve:0.0029
unbelievable,multi_token_by_design,4,1,6667,bel,11203,iev,layer_48,iev,0.999952,1731,1,1,iev,0.781754,1395,1,1,iev:1.0000;ief:0.0000;ieving:0.0000;ie:0.0000;i:0.0000,iev:0.7818;ief:0.1981;ievers:0.0061;ieving:0.0056;ieve:0.0022
unbelievable,multi_token_by_design,4,1,6667,bel,11203,iev,final_logits,iev,0.781754,1395,1,1,,,,,,iev:0.7818;ief:0.1981;ievers:0.0061;ieving:0.0056;ieve:0.0022,
unbelievable,multi_token_by_design,4,2,11203,iev,540,able,emb,iev,0.002873,1,23294,23294,iev,1.0,1,20731,20731,iev:0.0029;Ĕ:0.0001;Ą:0.0001;ā:0.0001;ē:0.0001,iev:1.0000;ieve:0.0000;Ĕ:0.0000;Ą:0.0000;ā:0.0000
unbelievable,multi_token_by_design,4,2,11203,iev,540,able,layer_1,iev,0.122826,1,167,167,iev,0.562728,1,102,102,iev:0.1228;iera:0.0553;ski:0.0434;sky:0.0249;rious:0.0053,iev:0.5627;ski:0.1437;sky:0.1052;iera:0.0466;ably:0.0066
unbelievable,multi_token_by_design,4,2,11203,iev,540,able,layer_2,ski,0.308384,3,235,235,sky,0.299336,3,126,126,ski:0.3084;sky:0.1525;iev:0.0313;iera:0.0262;Ġhumble:0.0133,sky:0.2993;ski:0.2596;iev:0.0233;lov:0.0090;ably:0.0084
unbelievable,multi_token_by_design,4,2,11203,iev,540,able,layer_5,sky,0.540288,94,184,184,sky,0.32095,61,82,82,sky:0.5403;ski:0.1999;ri:0.1025;Ġsche:0.0283;ich:0.0100,sky:0.3210;ski:0.0723;ri:0.0179;sk:0.0103;Ġsche:0.0070
unbelievable,multi_token_by_design,4,2,11203,iev,540,able,layer_11,ski,0.73949,162,6,6,ski,0.274691,158,6,6,ski:0.7395;sky:0.0879;ably:0.0784;ri:0.0475;itous:0.0142,ski:0.2747;sky:0.1349;ably:0.1303;iously:0.0233;ri:0.0171
unbelievable,multi_token_by_design,4,2,11203,iev,540,able,layer_16,ably,0.762961,1445,2,2,ably,0.53567,1023,2,2,ably:0.7630;able:0.2178;ables:0.0130;Ġcrazy:0.0017;itous:0.0011,ably:0.5357;able:0.1200;ables:0.0143;sky:0.0115;ly:0.0049
unbelievable,multi_token_by_design,4,2,11203,iev,540,able,layer_21,able,0.888828,1436,1,1,ably,0.434341,763,2,2,able:0.8888;ably:0.0919;ables:0.0192;ible:0.0000;ability:0.0000,ably:0.4343;able:0.3490;ables:0.0451;ible:0.0133;ability:0.0099
unbelievable,multi_token_by_design,4,2,11203,iev,540,able,layer_27,ably,0.973742,1409,2,2,ably,0.875823,703,2,2,ably:0.9737;able:0.0263;ables:0.0000;ability:0.0000;ible:0.0000,ably:0.8758;able:0.1042;ables:0.0040;ability:0.0030;ible:0.0016
unbelievable,multi_token_by_design,4,2,11203,iev,540,able,layer_32,ably,0.973608,1702,2,2,ably,0.877162,693,2,2,ably:0.9736;able:0.0264;ability:0.0000;ables:0.0000;ingly:0.0000,ably:0.8772;able:0.1099;ability:0.0056;antly:0.0007;ible:0.0006
unbelievable,multi_token_by_design,4,2,11203,iev,540,able,layer_37,ably,0.588069,1754,2,2,ably,0.769573,623,2,2,ably:0.5881;able:0.4119;ability:0.0000;ables:0.0000;ingly:0.0000,ably:0.7696;able:0.2155;ability:0.0112;ables:0.0008;ibly:0.0003
unbelievable,multi_token_by_design,4,2,11203,iev,540,able,layer_39,ably,0.554825,1697,2,2,ably,0.776244,646,2,2,ably:0.5548;able:0.4452;ability:0.0000;ables:0.0000;ingly:0.0000,ably:0.7762;able:0.2048;ability:0.0159;ables:0.0009;ibly:0.0003
unbelievable,multi_token_by_design,4,2,11203,iev,540,able,layer_41,able,0.999821,3149,1,1,able,0.548916,1035,1,1,able:0.9998;ably:0.0002;ability:0.0000;ables:0.0000;ible:0.0000,able:0.5489;ably:0.4413;ability:0.0089;ables:0.0006;ible:0.0001
unbelievable,multi_token_by_design,4,2,11203,iev,540,able,layer_43,able,0.999998,3118,1,1,able,0.661571,1056,1,1,able:1.0000;ably:0.0000;ability:0.0000;ables:0.0000;ible:0.0000,able:0.6616;ably:0.3318;ability:0.0057;ables:0.0006;ible:0.0001
unbelievable,multi_token_by_design,4,2,11203,iev,540,able,layer_45,able,1.0,3731,1,1,able,0.765606,1181,1,1,able:1.0000;ably:0.0000;ability:0.0000;ables:0.0000;ab:0.0000,able:0.7656;ably:0.2225;ability:0.0101;ables:0.0009;abl:0.0002
unbelievable,multi_token_by_design,4,2,11203,iev,540,able,layer_47,able,1.0,5033,1,1,able,0.816176,1406,1,1,able:1.0000;ably:0.0000;ability:0.0000;ables:0.0000;ab:0.0000,able:0.8162;ably:0.1598;ability:0.0162;ables:0.0021;abl:0.0011
unbelievable,multi_token_by_design,4,2,11203,iev,540,able,layer_48,able,1.0,4196,1,1,able,0.818663,1185,1,1,able:1.0000;ably:0.0000;ability:0.0000;ables:0.0000;ab:0.0000,able:0.8187;ably:0.1616;ability:0.0115;ables:0.0021;abl:0.0012
unbelievable,multi_token_by_design,4,2,11203,iev,540,able,final_logits,able,0.818663,1185,1,1,,,,,,able:0.8187;ably:0.1616;ability:0.0115;ables:0.0021;abl:0.0012,
unbelievable,multi_token_by_design,4,3,540,able,,"""",emb,able,0.000394,1,,32759,able,1.0,1,,24910,able:0.0004;ABLE:0.0001;ables:0.0001;ability:0.0001;ably:0.0001,able:1.0000;ABLE:0.0000;ables:0.0000;ability:0.0000;ably:0.0000
unbelievable,multi_token_by_design,4,3,540,able,,"""",layer_1,Ġprovisional,0.000624,3,,2505,able,0.006992,1,,433,Ġprovisional:0.0006;itar:0.0006;able:0.0005;ĠGarland:0.0005;ĠArd:0.0005,able:0.0070;Ġprovisional:0.0060;Ġsecond:0.0030;ĠNancy:0.0029;Ġfatal:0.0027
unbelievable,multi_token_by_design,4,3,540,able,,"""",layer_2,ĠGarland,0.005145,454,,2661,Ġinvisible,0.003713,221,,354,ĠGarland:0.0051;itar:0.0050;ĠFlore:0.0044;ĠArd:0.0026;Ġturrets:0.0025,Ġinvisible:0.0037;itar:0.0026;ĠPont:0.0024;Ġimperfect:0.0024;ĠId:0.0018
unbelievable,multi_token_by_design,4,3,540,able,,"""",layer_5,ĠGarland,0.022602,2366,,431,Ġlong,0.002582,1826,,42,ĠGarland:0.0226;Ġmine:0.0145;ĠRoma:0.0125;itar:0.0123;Ġsc:0.0095,Ġlong:0.0026;Ġholy:0.0023;Ġat:0.0018;Ġdisc:0.0018;Ġkind:0.0017
unbelievable,multi_token_by_design,4,3,540,able,,"""",layer_11,Ġart,0.037898,9394,,477,Ġeyewitness,0.007324,8687,,129,Ġart:0.0379;Ġdream:0.0280;Ġeyewitness:0.0219;Ġruined:0.0162;Ġhorror:0.0156,Ġeyewitness:0.0073;ĠInstant:0.0064;Ġhorror:0.0064;Ġevidence:0.0055;Ġdream:0.0054
unbelievable,multi_token_by_design,4,3,540,able,,"""",layer_16,Ġhorror,0.898512,18857,,391,Ġhorror,0.153795,18367,,156,Ġhorror:0.8985;Ġshit:0.0270;Ġart:0.0075;Ġhorrors:0.0069;Ġcoincidence:0.0042,Ġhorror:0.1538;Ġshit:0.0173;Ġcoincidence:0.0095;Ġamount:0.0085;Ġfan:0.0070
unbelievable,multi_token_by_design,4,3,540,able,,"""",layer_21,Ġhorror,0.788719,7139,,43,Ġhorror,0.088412,5665,,19,Ġhorror:0.7887;Ġamount:0.1685;Ġlove:0.0122;Ġfan:0.0070;Ġcoincidence:0.0062,Ġhorror:0.0884;Ġamount:0.0539;Ġcoincidence:0.0121;Ġfan:0.0105;Ġlove:0.0103
unbelievable,multi_token_by_design,4,3,540,able,,"""",layer_27,Ġamount,0.870815,3990,,7,Ġamount,0.053335,2891,,10,Ġamount:0.8708;Ġcoincidence:0.0955;Ġlove:0.0152;Ġbeauty:0.0114;Ġhorror:0.0041,Ġamount:0.0533;Ġcoincidence:0.0272;_:0.0153;Ġamounts:0.0145;Ġhorror:0.0114
unbelievable,multi_token_by_design,4,3,540,able,,"""",layer_32,"""",0.726138,5622,,1,"""",0.032813,4023,,1,""":0.7261;Ġbeauty:0.1412;Ġcoincidence:0.0744;Ġamount:0.0397;Ġlove:0.0167",""":0.0328;!:0.0223;Ġcoincidence:0.0207;Ġamount:0.0178;_:0.0159"
unbelievable,multi_token_by_design,4,3,540,able,,"""",layer_37,"""",0.999996,4159,,1,"""",0.165531,2554,,1,""":1.0000;!:0.0000;Ġcoincidence:0.0000;,"":0.0000;Ġbeauty:0.0000",""":0.1655;!:0.0507;!"":0.0401;,"":0.0336;""::0.0299"
unbelievable,multi_token_by_design,4,3,540,able,,"""",layer_39,"""",1.0,6415,,1,"""",0.304968,4332,,1,""":1.0000;,"":0.0000;!"":0.0000;!:0.0000;Ġstory:0.0000",""":0.3050;,"":0.0597;!"":0.0570;!:0.0480;."":0.0274"
unbelievable,multi_token_by_design,4,3,540,able,,"""",layer_41,"""",1.0,6048,,1,"""",0.23711,4011,,1,""":1.0000;,"":0.0000;.:0.0000;!:0.0000;Ġstory:0.0000",""":0.2371;!:0.0629;,"":0.0614;!"":0.0395;.:0.0386"
unbelievable,multi_token_by_design,4,3,540,able,,"""",layer_43,"""",0.999995,6659,,1,"""",0.208817,4458,,1,""":1.0000;.:0.0000;,"":0.0000;!:0.0000;,:0.0000",""":0.2088;.:0.0773;!:0.0760;,"":0.0684;."":0.0428"
unbelievable,multi_token_by_design,4,3,540,able,,"""",layer_45,"""",0.999971,7640,,1,"""",0.207163,6095,,1,""":1.0000;.:0.0000;,:0.0000;,"":0.0000;':0.0000",""":0.2072;.:0.0989;,"":0.0525;."":0.0478;,:0.0449"
unbelievable,multi_token_by_design,4,3,540,able,,"""",layer_47,"""",0.989887,6287,,1,"""",0.153856,5595,,1,""":0.9899;.:0.0085;,:0.0016;':0.0000;,"":0.0000",""":0.1539;.:0.1168;,:0.0633;."":0.0521;,"":0.0474"
unbelievable,multi_token_by_design,4,3,540,able,,"""",layer_48,"""",0.997022,5136,,1,"""",0.18551,4382,,1,""":0.9970;.:0.0028;,:0.0002;':0.0000;,"":0.0000",""":0.1855;.:0.1256;,:0.0632;."":0.0618;,"":0.0569"
unbelievable,multi_token_by_design,4,3,540,able,,"""",final_logits,"""",0.18551,4382,,1,,,,,,""":0.1855;.:0.1256;,:0.0632;."":0.0618;,"":0.0569",
biotechnology,multi_token_by_design,2,0,8482,bi,31201,-,emb,bi,0.000901,1,4486,49511,bi,1.0,1,4696,48328,bi:0.0009;Bi:0.0001;biology:0.0001;Ġbi:0.0001;ĠBi:0.0001,bi:1.0000;Bi:0.0000;biology:0.0000;ĠBi:0.0000;Ġbi:0.0000
biotechnology,multi_token_by_design,2,0,8482,bi,31201,-,layer_1,omedical,0.013687,8,58,3137,ochem,0.037383,4,15,642,omedical:0.0137;ographer:0.0134;plane:0.0116;ochemistry:0.0108;ya:0.0104,ochem:0.0374;omedical:0.0245;ochemistry:0.0158;bi:0.0155;ographer:0.0105
biotechnology,multi_token_by_design,2,0,8482,bi,31201,-,layer_2,omedical,0.146133,16,63,531,ochem,0.031248,11,15,114,omedical:0.1461;ographer:0.0649;oc:0.0584;cro:0.0481;ya:0.0426,ochem:0.0312;omedical:0.0309;oc:0.0232;omed:0.0112;ographer:0.0081
biotechnology,multi_token_by_design,2,0,8482,bi,31201,-,layer_5,omedical,0.679185,75,18,301,omedical,0.071916,85,9,99,omedical:0.6792;ometric:0.1204;ographer:0.0571;omed:0.0230;oc:0.0159,omedical:0.0719;ochem:0.0460;oc:0.0226;omed:0.0225;ometric:0.0192
biotechnology,multi_token_by_design,2,0,8482,bi,31201,-,layer_11,://,1.0,2690,17884,45618,Ġand,0.000147,662,28315,10,://:1.0000;clips:0.0000;:{:0.0000;Ġ'/:0.0000;wcsstore:0.0000,"Ġand:0.0001;Ġthat:0.0001;.:0.0001;,:0.0001;;:0.0001"
biotechnology,multi_token_by_design,2,0,8482,bi,31201,-,layer_16,://,1.0,3320,19696,46819,Ġand,0.00014,1069,34989,15,://:1.0000;clips:0.0000;:{:0.0000;wcsstore:0.0000;Ġ'/:0.0000,"Ġand:0.0001;Ġthat:0.0001;.:0.0001;;:0.0001;,:0.0001"
biotechnology,multi_token_by_design,2,0,8482,bi,31201,-,layer_21,://,1.0,3429,19669,47239,Ġand,0.000136,1070,35697,19,://:1.0000;clips:0.0000;:{:0.0000;):0.0000;(:0.0000,"Ġand:0.0001;;:0.0001;Ġthat:0.0001;.:0.0001;,:0.0001"
biotechnology,multi_token_by_design,2,0,8482,bi,31201,-,layer_27,://,1.0,3423,20007,47011,Ġand,0.000152,1317,36519,18,://:1.0000;clips:0.0000;:{:0.0000;):0.0000;(:0.0000,"Ġand:0.0002;Ġthat:0.0001;,:0.0001;.:0.0001;;:0.0001"
biotechnology,multi_token_by_design,2,0,8482,bi,31201,-,layer_32,://,1.0,3411,20320,46632,Ġand,0.000172,1546,37156,15,://:1.0000;clips:0.0000;):0.0000;%:0.0000;*:0.0000,"Ġand:0.0002;,:0.0002;Ġthat:0.0002;.:0.0002;;:0.0002"
biotechnology,multi_token_by_design,2,0,8482,bi,31201,-,layer_37,://,1.0,3300,20725,46018,Ġand,0.000194,1591,37706,14,://:1.0000;clips:0.0000;):0.0000;%:0.0000;*:0.0000,"Ġand:0.0002;,:0.0002;Ġthat:0.0002;.:0.0002;;:0.0002"
biotechnology,multi_token_by_design,2,0,8482,bi,31201,-,layer_39,://,1.0,3251,20837,45636,Ġand,0.000206,1637,37877,14,://:1.0000;clips:0.0000;):0.0000;%:0.0000;*:0.0000,"Ġand:0.0002;,:0.0002;.:0.0002;Ġthat:0.0002;;:0.0002"
biotechnology,multi_token_by_design,2,0,8482,bi,31201,-,layer_41,://,1.0,3197,20806,44962,Ġand,0.000228,1751,37803,14,://:1.0000;clips:0.0000;:{:0.0000;Ġ'/:0.0000;$:0.0000,"Ġand:0.0002;,:0.0002;.:0.0002;Ġthat:0.0002;;:0.0002"
biotechnology,multi_token_by_design,2,0,8482,bi,31201,-,layer_43,://,1.0,3099,20239,43867,Ġand,0.000271,1876,36743,11,://:1.0000;clips:0.0000;Ġanyway:0.0000;Ġ'/:0.0000;:{:0.0000,"Ġand:0.0003;,:0.0003;.:0.0003;Ġthat:0.0003;;:0.0002"
biotechnology,multi_token_by_design,2,0,8482,bi,31201,-,layer_45,://,1.0,2544,18229,38923,",",0.000457,2030,31538,7,://:1.0000;clips:0.0000;Ġanyway:0.0000;Ġ'/:0.0000;:{:0.0000,",:0.0005;Ġand:0.0004;.:0.0004;Ġthat:0.0004;Ġto:0.0003"
biotechnology,multi_token_by_design,2,0,8482,bi,31201,-,layer_47,.,0.671261,3702,644,2,.,0.126938,2257,363,3,".:0.6713;-:0.1953;,:0.1201;Ġand:0.0071;Ċ:0.0031",".:0.1269;,:0.0938;-:0.0859;Ġand:0.0434;Ġof:0.0290"
biotechnology,multi_token_by_design,2,0,8482,bi,31201,-,layer_48,-,0.934948,1023,78,1,-,0.063884,387,19,1,"-:0.9349;.:0.0348;,:0.0259;Ġand:0.0015;Ġof:0.0013","-:0.0639;ological:0.0421;.:0.0407;,:0.0273;/:0.0213"
biotechnology,multi_token_by_design,2,0,8482,bi,31201,-,final_logits,-,0.063884,387,19,1,,,,,,"-:0.0639;ological:0.0421;.:0.0407;,:0.0273;/:0.0213",
biotechnology,multi_token_by_design,2,1,31201,otechnology,,",",emb,otechnology,0.000292,1,,50255,otechnology,1.0,1,,50254,otechnology:0.0003;otech:0.0001;û:0.0001;ĠRandomRedditor:0.0001;Ą:0.0001,otechnology:1.0000;otech:0.0000;û:0.0000;ĠRandomRedditor:0.0000;Ą:0.0000
biotechnology,multi_token_by_design,2,1,31201,otechnology,,",",layer_1,Ġadvancements,0.015832,70,,2343,Ġadvancements,0.039535,50,,758,Ġadvancements:0.0158;Ġfertilizer:0.0144;Ġlaboratories:0.0104;Ġlabs:0.0092;Ġcompanies:0.0068,Ġadvancements:0.0395;Ġfertilizer:0.0275;Ġlaboratories:0.0235;Ġlabs:0.0157;Ġfirms:0.0135
biotechnology,multi_token_by_design,2,1,31201,otechnology,,",",layer_2,Ġadvancements,0.062388,144,,523,Ġadvancements,0.029254,68,,177,Ġadvancements:0.0624;Ġcompanies:0.0419;Ġlabs:0.0288;ĠTransfer:0.0284;ĠCenter:0.0228,Ġadvancements:0.0293;Ġcompanies:0.0174;ĠTransfer:0.0166;Ġadvances:0.0162;ĠCenter:0.0135
biotechnology,multi_token_by_design,2,1,31201,otechnology,,",",layer_5,Ġcompanies,0.270054,87,,99,Ġtransfer,0.024456,28,,46,Ġcompanies:0.2701;Ġresearch:0.1625;Ġtransfer:0.1296;ĠTransfer:0.0856;Ġcompany:0.0636,Ġtransfer:0.0245;Ġresearch:0.0182;Ġcompanies:0.0181;ĠTransfer:0.0179;Ġcompany:0.0116
biotechnology,multi_token_by_design,2,1,31201,otechnology,,",",layer_11,Ġtransfer,0.314875,1158,,75,Ġtransfer,0.075129,457,,65,Ġtransfer:0.3149;Ġresearch:0.2622;Ġcompanies:0.1305;ĠTransfer:0.1215;Ġcompany:0.0622,Ġtransfer:0.0751;ĠTransfer:0.0443;Ġresearch:0.0412;Ġcompanies:0.0251;Ġcompany:0.0205
biotechnology,multi_token_by_design,2,1,31201,otechnology,,",",layer_16,Ġcompanies,0.442561,1226,,66,Ġcompanies,0.048527,445,,59,Ġcompanies:0.4426;Ġresearch:0.3371;Ġtechnology:0.0496;Ġcompany:0.0479;Ġtransfer:0.0370,Ġcompanies:0.0485;Ġresearch:0.0481;Ġtransfer:0.0398;ĠTransfer:0.0269;Ġtechnologies:0.0221
biotechnology,multi_token_by_design,2,1,31201,otechnology,,",",layer_21,Ġcompanies,0.235167,1547,,35,Ġtechnologies,0.044018,417,,45,Ġcompanies:0.2352;Ġresearch:0.2247;Ġtechnology:0.2013;Ġtechnologies:0.1989;Ġindustry:0.0717,Ġtechnologies:0.0440;Ġcompanies:0.0223;Ġresearch:0.0218;Ġtechnology:0.0198;Ġfirms:0.0161
biotechnology,multi_token_by_design,2,1,31201,otechnology,,",",layer_27,Ġindustry,0.492544,860,,28,Ġtechnologies,0.063771,182,,53,Ġindustry:0.4925;Ġcompanies:0.3506;Ġresearch:0.0752;Ġtechnologies:0.0391;Ġtechnology:0.0288,Ġtechnologies:0.0638;Ġcompanies:0.0478;Ġindustry:0.0461;Ġfirms:0.0403;Ġresearch:0.0280
biotechnology,multi_token_by_design,2,1,31201,otechnology,,",",layer_32,Ġindustry,0.933016,1479,,14,Ġindustry,0.090677,277,,18,Ġindustry:0.9330;Ġcompanies:0.0663;Ġresearch:0.0006;Ġcompany:0.0001;Ġplant:0.0000,Ġindustry:0.0907;Ġcompanies:0.0626;Ġfirms:0.0509;Ġtechnologies:0.0247;Ġplants:0.0246
biotechnology,multi_token_by_design,2,1,31201,otechnology,,",",layer_37,Ġindustry,0.99802,1311,,6,Ġindustry,0.128826,279,,14,Ġindustry:0.9980;Ġcompanies:0.0010;Ġresearch:0.0009;Ġtechnology:0.0000;Ġplant:0.0000,Ġindustry:0.1288;Ġcompanies:0.0554;Ġfirms:0.0451;Ġresearch:0.0424;Ġtechnologies:0.0397
biotechnology,multi_token_by_design,2,1,31201,otechnology,,",",layer_39,Ġindustry,0.994406,712,,6,Ġindustry,0.151285,171,,13,Ġindustry:0.9944;Ġcompanies:0.0040;Ġresearch:0.0016;Ġcompany:0.0000;Ġtechnology:0.0000,Ġindustry:0.1513;Ġcompanies:0.0866;Ġresearch:0.0594;Ġfirms:0.0454;Ġtechnologies:0.0319
biotechnology,multi_token_by_design,2,1,31201,otechnology,,",",layer_41,Ġindustry,0.997711,857,,6,Ġindustry,0.198372,200,,14,Ġindustry:0.9977;Ġcompanies:0.0019;Ġresearch:0.0003;Ġcompany:0.0000;Ġtechnology:0.0000,Ġindustry:0.1984;Ġcompanies:0.1091;Ġresearch:0.0674;Ġfirms:0.0431;Ġcompany:0.0233
biotechnology,multi_token_by_design,2,1,31201,otechnology,,",",layer_43,Ġindustry,0.989244,1422,,5,Ġindustry,0.203388,313,,6,"Ġindustry:0.9892;Ġcompanies:0.0107;Ġresearch:0.0000;Ġcompany:0.0000;,:0.0000",Ġindustry:0.2034;Ġcompanies:0.1483;Ġresearch:0.0510;Ġcompany:0.0463;Ġfirms:0.0450
biotechnology,multi_token_by_design,2,1,31201,otechnology,,",",layer_45,",",0.892237,3393,,1,Ġindustry,0.098472,784,,3,",:0.8922;Ġindustry:0.0919;Ġcompanies:0.0117;Ġand:0.0041;Ġcompany:0.0000","Ġindustry:0.0985;Ġcompanies:0.0967;,:0.0801;Ġand:0.0617;Ġcompany:0.0426"
biotechnology,multi_token_by_design,2,1,31201,otechnology,,",",layer_47,",",0.998925,6066,,1,",",0.108775,1807,,1,",:0.9989;Ġand:0.0011;.:0.0000;Ġis:0.0000;-:0.0000",",:0.1088;Ġand:0.0785;.:0.0616;Ġcompanies:0.0421;Ġindustry:0.0348"
biotechnology,multi_token_by_design,2,1,31201,otechnology,,",",layer_48,",",0.999817,6639,,1,",",0.131727,2297,,1,",:0.9998;Ġand:0.0002;.:0.0000;Ġis:0.0000;-:0.0000",",:0.1317;.:0.0814;Ġand:0.0807;Ġis:0.0362;Ġcompanies:0.0314"
biotechnology,multi_token_by_design,2,1,31201,otechnology,,",",final_logits,",",0.131727,2297,,1,,,,,,",:0.1317;.:0.0814;Ġand:0.0807;Ġis:0.0362;Ġcompanies:0.0314",
.,punctuation,1,0,13,.,,Ċ,emb,.,4.7e-05,1,,46,.,1.0,1,,44,".:0.0000;,:0.0000;;:0.0000;!:0.0000;Ġand:0.0000",".:1.0000;,:0.0000;;:0.0000;Ġand:0.0000;!:0.0000"
.,punctuation,1,0,13,.,,Ċ,layer_1,ĠGarland,0.002994,220,,383,ĠThe,0.001317,6,,9,ĠGarland:0.0030;ĠArd:0.0029;ĠClay:0.0020;ĠCONC:0.0016;ĠFlore:0.0016,ĠThe:0.0013;ĠI:0.0011;ĠAs:0.0008;ĠArch:0.0007;ĠA:0.0006
.,punctuation,1,0,13,.,,Ċ,layer_2,ĠGarland,0.016324,67,,129,ĠI,0.001981,4,,8,ĠGarland:0.0163;ĠArd:0.0093;ĠClay:0.0075;ĠCap:0.0072;ĠCONC:0.0071,"ĠI:0.0020;ĠThe:0.0014;Ġ"":0.0012;.:0.0008;ĠHe:0.0007"
.,punctuation,1,0,13,.,,Ċ,layer_5,ĠI,0.030734,65,,33,ĠI,0.002531,25,,6,"ĠI:0.0307;Ġ"":0.0182;ĠCONC:0.0118;Ġofficial:0.0100;ĠThe:0.0081","ĠI:0.0025;Ġ"":0.0024;ĠHe:0.0016;ĠThe:0.0016;ĠFr:0.0011"
.,punctuation,1,0,13,.,,Ċ,layer_11,://,1.0,26140,,39240,Ġand,0.000145,2,,5,://:1.0000;clips:0.0000;wcsstore:0.0000;:{:0.0000;Ġ'/:0.0000,"Ġand:0.0001;.:0.0001;Ġthat:0.0001;,:0.0001;Ċ:0.0001"
.,punctuation,1,0,13,.,,Ċ,layer_16,://,1.0,28695,,41902,Ġand,0.000137,2,,7,://:1.0000;clips:0.0000;:{:0.0000;wcsstore:0.0000;Ġ'/:0.0000,"Ġand:0.0001;.:0.0001;Ġthat:0.0001;;:0.0001;,:0.0001"
.,punctuation,1,0,13,.,,Ċ,layer_21,://,1.0,29921,,42712,Ġand,0.000133,3,,7,://:1.0000;clips:0.0000;wcsstore:0.0000;:{:0.0000;Ġ'/:0.0000,"Ġand:0.0001;;:0.0001;.:0.0001;Ġthat:0.0001;,:0.0001"
.,punctuation,1,0,13,.,,Ċ,layer_27,://,1.0,28677,,42159,Ġand,0.00015,3,,6,://:1.0000;clips:0.0000;:{:0.0000;wcsstore:0.0000;$:0.0000,"Ġand:0.0001;Ġthat:0.0001;.:0.0001;,:0.0001;;:0.0001"
.,punctuation,1,0,13,.,,Ċ,layer_32,://,1.0,27145,,41368,Ġand,0.000169,4,,6,://:1.0000;clips:0.0000;:{:0.0000;wcsstore:0.0000;$:0.0000,"Ġand:0.0002;,:0.0002;Ġthat:0.0002;.:0.0002;;:0.0002"
.,punctuation,1,0,13,.,,Ċ,layer_37,://,1.0,25016,,40104,Ġand,0.000192,3,,6,://:1.0000;clips:0.0000;:{:0.0000;Ġ'/:0.0000;$:0.0000,"Ġand:0.0002;,:0.0002;.:0.0002;Ġthat:0.0002;;:0.0002"
.,punctuation,1,0,13,.,,Ċ,layer_39,://,1.0,23874,,39451,Ġand,0.000205,3,,6,://:1.0000;clips:0.0000;:{:0.0000;Ġ'/:0.0000;$:0.0000,"Ġand:0.0002;,:0.0002;.:0.0002;Ġthat:0.0002;;:0.0002"
.,punctuation,1,0,13,.,,Ċ,layer_41,://,1.0,22076,,38416,Ġand,0.000228,3,,6,://:1.0000;clips:0.0000;Ġ'/:0.0000;:{:0.0000;Ġanyway:0.0000,"Ġand:0.0002;,:0.0002;.:0.0002;Ġthat:0.0002;;:0.0002"
.,punctuation,1,0,13,.,,Ċ,layer_43,://,1.0,19204,,36423,Ġand,0.000273,3,,6,://:1.0000;clips:0.0000;Ġanyway:0.0000;Ġ'/:0.0000;:{:0.0000,"Ġand:0.0003;,:0.0003;.:0.0003;Ġthat:0.0003;;:0.0002"
.,punctuation,1,0,13,.,,Ċ,layer_45,://,1.0,11591,,27679,",",0.00047,3,,5,://:1.0000;Ġanyway:0.0000;clips:0.0000;Ġ'/:0.0000;:{:0.0000,",:0.0005;Ġand:0.0005;.:0.0005;Ġthat:0.0004;Ċ:0.0004"
.,punctuation,1,0,13,.,,Ċ,layer_47,Ċ,0.98316,7,,1,Ċ,0.137638,11,,1,"Ċ:0.9832;Ġ"":0.0164;ĠThe:0.0004;ĠI:0.0001;Ġ(:0.0000","Ċ:0.1376;Ġ"":0.0342;ĠThe:0.0284;ĠI:0.0164;Ġ(:0.0125"
.,punctuation,1,0,13,.,,Ċ,layer_48,Ċ,0.999921,175,,1,Ċ,0.231654,437,,1,"Ċ:0.9999;Ġ"":0.0001;ĠThe:0.0000;ĠI:0.0000;ĠIt:0.0000","Ċ:0.2317;ĠThe:0.0516;ĠIt:0.0244;ĠI:0.0228;Ġ"":0.0226"
.,punctuation,1,0,13,.,,Ċ,final_logits,Ċ,0.231654,437,,1,,,,,,"Ċ:0.2317;ĠThe:0.0516;ĠIt:0.0244;ĠI:0.0228;Ġ"":0.0226",
",",punctuation,1,0,11,",",,Ġand,emb,",",5.3e-05,1,,2,",",1.0,1,,2,",:0.0001;Ġand:0.0000;.:0.0000;-:0.0000;Ġ(:0.0000",",:1.0000;Ġand:0.0000;.:0.0000;Ġin:0.0000;Ġ(:0.0000"
",",punctuation,1,0,11,",",,Ġand,layer_1,ĠGarland,0.001507,2065,,272,Ġand,0.001468,17,,1,ĠGarland:0.0015;ĠCONC:0.0010;Ġdrill:0.0010;ĠArd:0.0009;Ġcrochet:0.0009,Ġand:0.0015;Ġbut:0.0010;Ġhowever:0.0009;Ġincluding:0.0009;Ġespecially:0.0008
",",punctuation,1,0,11,",",,Ġand,layer_2,Ġright,0.004684,565,,25,Ġand,0.002657,15,,1,Ġright:0.0047;Ġscrap:0.0043;ĠGarland:0.0041;Ġdrill:0.0036;Ġsand:0.0033,Ġand:0.0027;Ġbut:0.0016;Ġincluding:0.0012;Ġright:0.0011;Ġwhich:0.0010
",",punctuation,1,0,11,",",,Ġand,layer_5,Ġbecause,0.063355,948,,8,Ġand,0.003046,68,,1,Ġbecause:0.0634;Ġofficial:0.0196;Ġincluding:0.0157;Ġbut:0.0154;Ġwhich:0.0135,Ġand:0.0030;Ġbut:0.0030;Ġincluding:0.0018;Ġwhich:0.0016;Ġhowever:0.0016
",",punctuation,1,0,11,",",,Ġand,layer_11,://,1.0,45285,,40118,Ġand,0.000158,4,,1,://:1.0000;clips:0.0000;:{:0.0000;Ġ'/:0.0000;wcsstore:0.0000,"Ġand:0.0002;Ġthat:0.0001;.:0.0001;,:0.0001;Ġbecause:0.0001"
",",punctuation,1,0,11,",",,Ġand,layer_16,://,1.0,46410,,42478,Ġand,0.000143,5,,1,://:1.0000;clips:0.0000;:{:0.0000;wcsstore:0.0000;Ġ'/:0.0000,"Ġand:0.0001;Ġthat:0.0001;.:0.0001;;:0.0001;,:0.0001"
",",punctuation,1,0,11,",",,Ġand,layer_21,://,1.0,46823,,43230,Ġand,0.000138,5,,1,://:1.0000;clips:0.0000;:{:0.0000;wcsstore:0.0000;Ġ'/:0.0000,"Ġand:0.0001;Ġthat:0.0001;;:0.0001;.:0.0001;,:0.0001"
",",punctuation,1,0,11,",",,Ġand,layer_27,://,1.0,46372,,42532,Ġand,0.000155,3,,1,://:1.0000;clips:0.0000;:{:0.0000;wcsstore:0.0000;Ġ'/:0.0000,"Ġand:0.0002;Ġthat:0.0002;,:0.0001;.:0.0001;;:0.0001"
",",punctuation,1,0,11,",",,Ġand,layer_32,://,1.0,45813,,41525,Ġand,0.000175,3,,1,://:1.0000;clips:0.0000;:{:0.0000;Ġ'/:0.0000;$:0.0000,"Ġand:0.0002;Ġthat:0.0002;,:0.0002;.:0.0002;;:0.0002"
",",punctuation,1,0,11,",",,Ġand,layer_37,://,1.0,44949,,40071,Ġand,0.000199,3,,1,://:1.0000;clips:0.0000;:{:0.0000;Ġ'/:0.0000;$:0.0000,"Ġand:0.0002;Ġthat:0.0002;,:0.0002;.:0.0002;;:0.0002"
",",punctuation,1,0,11,",",,Ġand,layer_39,://,1.0,44468,,39320,Ġand,0.000212,3,,1,://:1.0000;clips:0.0000;Ġ'/:0.0000;:{:0.0000;$:0.0000,"Ġand:0.0002;Ġthat:0.0002;,:0.0002;.:0.0002;;:0.0002"
",",punctuation,1,0,11,",",,Ġand,layer_41,://,1.0,43697,,38124,Ġand,0.000238,2,,1,://:1.0000;clips:0.0000;Ġ'/:0.0000;:{:0.0000;Ġanyway:0.0000,"Ġand:0.0002;,:0.0002;Ġthat:0.0002;.:0.0002;;:0.0002"
",",punctuation,1,0,11,",",,Ġand,layer_43,://,1.0,42377,,35952,Ġand,0.000288,2,,1,://:1.0000;clips:0.0000;Ġanyway:0.0000;Ġ'/:0.0000;:{:0.0000,"Ġand:0.0003;,:0.0003;Ġthat:0.0003;.:0.0003;;:0.0002"
",",punctuation,1,0,11,",",,Ġand,layer_45,://,1.0,35943,,27018,Ġand,0.000514,2,,1,://:1.0000;Ġanyway:0.0000;clips:0.0000;Ġ'/:0.0000;:{:0.0000,"Ġand:0.0005;,:0.0005;.:0.0004;Ġthat:0.0004;Ġto:0.0003"
",",punctuation,1,0,11,",",,Ġand,layer_47,Ġthe,0.8833,13,,2,Ġand,0.051469,11,,1,"Ġthe:0.8833;Ġand:0.0769;Ġ"":0.0222;Ġa:0.0155;Ġthat:0.0012","Ġand:0.0515;Ġthe:0.0493;Ġa:0.0243;Ġ"":0.0195;Ġin:0.0147"
",",punctuation,1,0,11,",",,Ġand,layer_48,Ġthe,0.70212,43,,2,Ġand,0.087471,74,,1,"Ġthe:0.7021;Ġand:0.2971;Ġa:0.0004;Ġ"":0.0003;ĠI:0.0001",Ġand:0.0875;Ġthe:0.0507;Ġbut:0.0407;Ġwhich:0.0210;ĠI:0.0182
",",punctuation,1,0,11,",",,Ġand,final_logits,Ġand,0.087471,74,,1,,,,,,Ġand:0.0875;Ġthe:0.0507;Ġbut:0.0407;Ġwhich:0.0210;ĠI:0.0182,
!,punctuation,1,0,0,!,,Ċ,emb,!,6.7e-05,1,,689,!,0.999835,1,,380,!:0.0001;!!:0.0001;!!!:0.0001;!::0.0001;!.:0.0001,!:0.9998;!!:0.0001;!!!:0.0000;!::0.0000;!.:0.0000
!,punctuation,1,0,0,!,,Ċ,layer_1,ĠArd,0.007223,2995,,612,ĠArd,0.00158,249,,19,ĠArd:0.0072;Ġgag:0.0022;ĠClay:0.0021;ĠGarland:0.0019;Ġcrochet:0.0017,ĠArd:0.0016;ĠYou:0.0013;ĠLet:0.0012;ĠI:0.0012;ĠSur:0.0009
!,punctuation,1,0,0,!,,Ċ,layer_2,ĠArd,0.029154,755,,62,ĠI,0.004837,91,,4,ĠArd:0.0292;Ġgag:0.0152;Ġcrochet:0.0082;ĠI:0.0067;ĠDrill:0.0050,ĠI:0.0048;ĠYou:0.0032;ĠLet:0.0021;Ċ:0.0016;ĠGod:0.0016
!,punctuation,1,0,0,!,,Ċ,layer_5,ĠI,0.076523,452,,3,ĠI,0.008205,210,,2,ĠI:0.0765;ĠYou:0.0290;Ċ:0.0213;ĊĊ:0.0200;ĠPAN:0.0159,ĠI:0.0082;Ċ:0.0048;ĊĊ:0.0045;ĠYou:0.0041;ĠGod:0.0038
!,punctuation,1,0,0,!,,Ċ,layer_11,://,1.0,20799,,38756,Ġand,0.000149,271,,4,://:1.0000;clips:0.0000;wcsstore:0.0000;:{:0.0000;Ġ'/:0.0000,"Ġand:0.0001;Ġthat:0.0001;.:0.0001;Ċ:0.0001;,:0.0001"
!,punctuation,1,0,0,!,,Ċ,layer_16,://,1.0,22034,,41659,Ġand,0.000139,266,,7,://:1.0000;clips:0.0000;wcsstore:0.0000;:{:0.0000;Ġ'/:0.0000,"Ġand:0.0001;;:0.0001;Ġthat:0.0001;.:0.0001;,:0.0001"
!,punctuation,1,0,0,!,,Ċ,layer_21,://,1.0,22762,,42485,;,0.000135,273,,7,://:1.0000;clips:0.0000;wcsstore:0.0000;:{:0.0000;$:0.0000,";:0.0001;Ġand:0.0001;Ġthat:0.0001;.:0.0001;,:0.0001"
!,punctuation,1,0,0,!,,Ċ,layer_27,://,1.0,21825,,41932,Ġand,0.000152,205,,6,://:1.0000;clips:0.0000;wcsstore:0.0000;:{:0.0000;$:0.0000,"Ġand:0.0002;Ġthat:0.0001;;:0.0001;.:0.0001;,:0.0001"
!,punctuation,1,0,0,!,,Ċ,layer_32,://,1.0,20688,,41162,Ġand,0.000171,165,,6,://:1.0000;clips:0.0000;wcsstore:0.0000;:{:0.0000;$:0.0000,"Ġand:0.0002;Ġthat:0.0002;,:0.0002;.:0.0002;;:0.0002"
!,punctuation,1,0,0,!,,Ċ,layer_37,://,1.0,19056,,39874,Ġand,0.000194,141,,6,://:1.0000;clips:0.0000;:{:0.0000;):0.0000;(:0.0000,"Ġand:0.0002;,:0.0002;Ġthat:0.0002;.:0.0002;;:0.0002"
!,punctuation,1,0,0,!,,Ċ,layer_39,://,1.0,18238,,39238,Ġand,0.000206,131,,6,://:1.0000;clips:0.0000;Ġ'/:0.0000;:{:0.0000;$:0.0000,"Ġand:0.0002;,:0.0002;.:0.0002;Ġthat:0.0002;;:0.0002"
!,punctuation,1,0,0,!,,Ċ,layer_41,://,1.0,16936,,38185,Ġand,0.00023,118,,6,://:1.0000;clips:0.0000;Ġ'/:0.0000;:{:0.0000;$:0.0000,"Ġand:0.0002;,:0.0002;.:0.0002;Ġthat:0.0002;;:0.0002"
!,punctuation,1,0,0,!,,Ċ,layer_43,://,1.0,14775,,36114,Ġand,0.000275,97,,6,://:1.0000;clips:0.0000;Ġanyway:0.0000;Ġ'/:0.0000;:{:0.0000,"Ġand:0.0003;,:0.0003;.:0.0003;Ġthat:0.0003;;:0.0002"
!,punctuation,1,0,0,!,,Ċ,layer_45,://,1.0,9646,,27333,",",0.000473,74,,5,://:1.0000;Ġanyway:0.0000;clips:0.0000;Ġ'/:0.0000;:{:0.0000,",:0.0005;Ġand:0.0005;.:0.0005;Ġthat:0.0004;Ċ:0.0004"
!,punctuation,1,0,0,!,,Ċ,layer_47,Ċ,0.999924,21,,1,Ċ,0.273548,16,,1,"Ċ:0.9999;ĠI:0.0000;Ġ"":0.0000;ĠThe:0.0000;.:0.0000",Ċ:0.2735;ĠI:0.0287;Ġ(:0.0234;ĠThe:0.0198;.:0.0190
!,punctuation,1,0,0,!,,Ċ,layer_48,Ċ,0.999896,120,,1,Ċ,0.244923,66,,1,"Ċ:0.9999;ĠI:0.0001;ĠThe:0.0000;Ġ"":0.0000;ĊĊ:0.0000",Ċ:0.2449;ĠI:0.0453;ĊĊ:0.0325;<|endoftext|>:0.0302;ĠThe:0.0251
!,punctuation,1,0,0,!,,Ċ,final_logits,Ċ,0.244923,66,,1,,,,,,Ċ:0.2449;ĠI:0.0453;ĊĊ:0.0325;<|endoftext|>:0.0302;ĠThe:0.0251,
?,punctuation,1,0,30,?,,Ċ,emb,?,7e-05,1,,290,?,0.999996,1,,177,"?:0.0001;?::0.0001;?!:0.0001;?),:0.0001;?"":0.0001","?:1.0000;?!:0.0000;?::0.0000;?"":0.0000;?':0.0000"
?,punctuation,1,0,30,?,,Ċ,layer_1,ĠArd,0.006507,7314,,638,ĠArd,0.001266,3793,,8,ĠArd:0.0065;Ġcrochet:0.0020;ĠClay:0.0017;ĠDrupal:0.0012;otted:0.0011,ĠArd:0.0013;ĠI:0.0011;ĠLet:0.0011;ĠWell:0.0010;ĠA:0.0008
?,punctuation,1,0,30,?,,Ċ,layer_2,ĠArd,0.031753,2564,,67,ĠI,0.004644,1409,,6,ĠArd:0.0318;ĠI:0.0063;ĠDrupal:0.0058;Ġscrap:0.0038;Ġcrochet:0.0034,ĠI:0.0046;ĠWell:0.0023;ĠLet:0.0021;ĠA:0.0018;ĠWhat:0.0018
?,punctuation,1,0,30,?,,Ċ,layer_5,ĠWell,0.057012,1525,,13,ĠWell,0.015316,1738,,13,ĠWell:0.0570;ĠI:0.0533;ĠYes:0.0261;ĠWond:0.0219;ĠArd:0.0212,ĠWell:0.0153;ĠWhat:0.0076;ĠI:0.0065;ĠYes:0.0060;ĠWhy:0.0057
?,punctuation,1,0,30,?,,Ċ,layer_11,://,1.0,5549,,38903,Ġand,0.000148,13,,4,://:1.0000;clips:0.0000;wcsstore:0.0000;:{:0.0000;Ġ'/:0.0000,"Ġand:0.0001;Ġthat:0.0001;.:0.0001;Ċ:0.0001;,:0.0001"
?,punctuation,1,0,30,?,,Ċ,layer_16,://,1.0,6249,,41746,Ġand,0.000139,14,,7,://:1.0000;clips:0.0000;wcsstore:0.0000;:{:0.0000;Ġ'/:0.0000,"Ġand:0.0001;;:0.0001;Ġthat:0.0001;.:0.0001;,:0.0001"
?,punctuation,1,0,30,?,,Ċ,layer_21,://,1.0,6703,,42569,;,0.000135,12,,7,://:1.0000;clips:0.0000;wcsstore:0.0000;:{:0.0000;$:0.0000,";:0.0001;Ġand:0.0001;Ġthat:0.0001;.:0.0001;,:0.0001"
?,punctuation,1,0,30,?,,Ċ,layer_27,://,1.0,6074,,41995,Ġand,0.000151,14,,6,://:1.0000;clips:0.0000;:{:0.0000;wcsstore:0.0000;$:0.0000,"Ġand:0.0002;Ġthat:0.0001;;:0.0001;,:0.0001;.:0.0001"
?,punctuation,1,0,30,?,,Ċ,layer_32,://,1.0,5481,,41212,Ġand,0.000171,13,,6,://:1.0000;clips:0.0000;):0.0000;%:0.0000;*:0.0000,"Ġand:0.0002;Ġthat:0.0002;,:0.0002;.:0.0002;;:0.0002"
?,punctuation,1,0,30,?,,Ċ,layer_37,://,1.0,4744,,39933,Ġand,0.000193,14,,6,://:1.0000;clips:0.0000;):0.0000;%:0.0000;*:0.0000,"Ġand:0.0002;,:0.0002;Ġthat:0.0002;.:0.0002;;:0.0002"
?,punctuation,1,0,30,?,,Ċ,layer_39,://,1.0,4364,,39307,Ġand,0.000205,14,,6,://:1.0000;clips:0.0000;):0.0000;%:0.0000;*:0.0000,"Ġand:0.0002;,:0.0002;.:0.0002;Ġthat:0.0002;;:0.0002"
?,punctuation,1,0,30,?,,Ċ,layer_41,://,1.0,3850,,38273,Ġand,0.000229,14,,6,://:1.0000;clips:0.0000;Ġ'/:0.0000;:{:0.0000;$:0.0000,"Ġand:0.0002;,:0.0002;.:0.0002;Ġthat:0.0002;;:0.0002"
?,punctuation,1,0,30,?,,Ċ,layer_43,://,1.0,3102,,36202,Ġand,0.000274,14,,6,://:1.0000;clips:0.0000;Ġanyway:0.0000;Ġ'/:0.0000;:{:0.0000,"Ġand:0.0003;,:0.0003;.:0.0003;Ġthat:0.0003;;:0.0002"
?,punctuation,1,0,30,?,,Ċ,layer_45,://,1.0,1556,,27442,",",0.000479,16,,5,://:1.0000;Ġanyway:0.0000;clips:0.0000;Ġ'/:0.0000;.(:0.0000,",:0.0005;Ġand:0.0005;.:0.0005;Ġthat:0.0004;Ċ:0.0004"
?,punctuation,1,0,30,?,,Ċ,layer_47,Ċ,0.999851,16,,1,Ċ,0.240161,23,,1,"Ċ:0.9999;ĠI:0.0001;Ġ"":0.0000;ĠThe:0.0000;.:0.0000",Ċ:0.2402;ĠI:0.0252;.:0.0182;ĠThe:0.0176;Ġ(:0.0151
?,punctuation,1,0,30,?,,Ċ,layer_48,Ċ,0.999931,142,,1,Ċ,0.271311,122,,1,"Ċ:0.9999;ĠI:0.0001;ĠThe:0.0000;Ġ"":0.0000;ĠIt:0.0000",Ċ:0.2713;ĠI:0.0344;ĠThe:0.0240;ĠWhat:0.0213;ĊĊ:0.0206
?,punctuation,1,0,30,?,,Ċ,final_logits,Ċ,0.271311,122,,1,,,,,,Ċ:0.2713;ĠI:0.0344;ĠThe:0.0240;ĠWhat:0.0213;ĊĊ:0.0206,
;,punctuation,1,0,26,;,,Ġand,emb,;,5.4e-05,1,,60,;,1.0,1,,35,";:0.0001;.;:0.0000;;"":0.0000;Ġ;:0.0000;%;:0.0000",";:1.0000;.;:0.0000;;"":0.0000;Ġ;:0.0000;%;:0.0000"
;,punctuation,1,0,26,;,,Ġand,layer_1,ĠFlore,0.001412,5581,,506,Ġand,0.000815,1552,,1,ĠFlore:0.0014;Reilly:0.0011;ĠGarland:0.0011;ĠCap:0.0011;ĠArd:0.0009,Ġand:0.0008;ĠIrwin:0.0007;Ċ:0.0007;ĊĊ:0.0007;ĠThe:0.0007
;,punctuation,1,0,26,;,,Ġand,layer_2,ĠFlore,0.012615,5727,,218,ĠI,0.001512,2882,,5,ĠFlore:0.0126;ĠCap:0.0059;ĠGarland:0.0050;Reilly:0.0047;ĠNationals:0.0033,ĠI:0.0015;Ġotherwise:0.0014;Ċ:0.0013;Ġhowever:0.0012;Ġand:0.0011
;,punctuation,1,0,26,;,,Ġand,layer_5,Ġ},0.11205,4184,,16,Ġ},0.005645,5447,,4,Ġ}:0.1121;amps:0.0450;ĠCap:0.0144;Ġ//:0.0135;ĠI:0.0124,Ġ}:0.0056;Ċ:0.0032;amps:0.0032;Ġand:0.0030;Ġotherwise:0.0030
;,punctuation,1,0,26,;,,Ġand,layer_11,://,1.0,491,,39985,Ġand,0.000159,6,,1,://:1.0000;clips:0.0000;wcsstore:0.0000;:{:0.0000;Ġ'/:0.0000,"Ġand:0.0002;Ġthat:0.0001;,:0.0001;.:0.0001;Ċ:0.0001"
;,punctuation,1,0,26,;,,Ġand,layer_16,://,1.0,494,,42364,Ġand,0.000145,5,,1,://:1.0000;clips:0.0000;wcsstore:0.0000;:{:0.0000;Ġ'/:0.0000,"Ġand:0.0001;Ġthat:0.0001;,:0.0001;.:0.0001;;:0.0001"
;,punctuation,1,0,26,;,,Ġand,layer_21,://,1.0,539,,43122,Ġand,0.00014,3,,1,://:1.0000;clips:0.0000;wcsstore:0.0000;:{:0.0000;Ġ'/:0.0000,"Ġand:0.0001;Ġthat:0.0001;;:0.0001;.:0.0001;,:0.0001"
;,punctuation,1,0,26,;,,Ġand,layer_27,://,1.0,454,,42419,Ġand,0.000157,5,,1,://:1.0000;clips:0.0000;:{:0.0000;wcsstore:0.0000;Ġ'/:0.0000,"Ġand:0.0002;Ġthat:0.0002;,:0.0001;.:0.0001;;:0.0001"
;,punctuation,1,0,26,;,,Ġand,layer_32,://,1.0,368,,41404,Ġand,0.000177,5,,1,://:1.0000;clips:0.0000;:{:0.0000;wcsstore:0.0000;Ġ'/:0.0000,"Ġand:0.0002;Ġthat:0.0002;,:0.0002;.:0.0002;;:0.0002"
;,punctuation,1,0,26,;,,Ġand,layer_37,://,1.0,284,,39969,Ġand,0.000201,5,,1,://:1.0000;clips:0.0000;:{:0.0000;Ġ'/:0.0000;$:0.0000,"Ġand:0.0002;,:0.0002;Ġthat:0.0002;.:0.0002;;:0.0002"
;,punctuation,1,0,26,;,,Ġand,layer_39,://,1.0,238,,39240,Ġand,0.000214,5,,1,://:1.0000;clips:0.0000;Ġ'/:0.0000;:{:0.0000;$:0.0000,"Ġand:0.0002;,:0.0002;Ġthat:0.0002;.:0.0002;;:0.0002"
;,punctuation,1,0,26,;,,Ġand,layer_41,://,1.0,186,,38040,Ġand,0.000239,5,,1,://:1.0000;clips:0.0000;Ġ'/:0.0000;:{:0.0000;Ġanyway:0.0000,"Ġand:0.0002;,:0.0002;Ġthat:0.0002;.:0.0002;;:0.0002"
;,punctuation,1,0,26,;,,Ġand,layer_43,://,1.0,130,,35857,Ġand,0.000289,5,,1,://:1.0000;clips:0.0000;Ġanyway:0.0000;Ġ'/:0.0000;:{:0.0000,"Ġand:0.0003;,:0.0003;Ġthat:0.0003;.:0.0003;;:0.0002"
;,punctuation,1,0,26,;,,Ġand,layer_45,://,1.0,54,,27110,Ġand,0.000511,9,,1,://:1.0000;Ġanyway:0.0000;clips:0.0000;Ġ'/:0.0000;:{:0.0000,"Ġand:0.0005;,:0.0005;.:0.0004;Ġthat:0.0004;Ċ:0.0004"
;,punctuation,1,0,26,;,,Ġand,layer_47,Ċ,0.665879,101,,3,Ċ,0.06728,98,,2,"Ċ:0.6659;Ġthe:0.2402;Ġand:0.0800;Ġ"":0.0041;Ġthat:0.0033","Ċ:0.0673;Ġand:0.0547;Ġthe:0.0408;,:0.0256;Ġa:0.0162"
;,punctuation,1,0,26,;,,Ġand,layer_48,Ġthe,0.538836,1569,,3,Ġand,0.073989,544,,1,"Ġthe:0.5388;Ċ:0.2352;Ġand:0.2245;Ġa:0.0006;Ġ"":0.0003",Ġand:0.0740;Ċ:0.0584;Ġthe:0.0461;Ġit:0.0290;Ġbut:0.0211
;,punctuation,1,0,26,;,,Ġand,final_logits,Ġand,0.073989,544,,1,,,,,,Ġand:0.0740;Ċ:0.0584;Ġthe:0.0461;Ġit:0.0290;Ġbut:0.0211,
:,punctuation,1,0,25,:,,Ċ,emb,:,6e-05,1,,37,:,1.0,1,,38,"::0.0001;:"":0.0000;Ġ::0.0000;:[:0.0000;:-:0.0000","::1.0000;:"":0.0000;Ġ::0.0000;:[:0.0000;:-:0.0000"
:,punctuation,1,0,25,:,,Ċ,layer_1,ĠGarland,0.001094,871,,377,"Ġ""",0.001599,13,,8,ĠGarland:0.0011;Ġdrill:0.0011;Ġcrochet:0.0010;ĠClay:0.0009;ĠSAF:0.0009,"Ġ"":0.0016;ĠThe:0.0014;ĠI:0.0012;Ġa:0.0008;ĠA:0.0008"
:,punctuation,1,0,25,:,,Ċ,layer_2,ĠCap,0.006722,233,,225,"Ġ""",0.002497,8,,21,ĠCap:0.0067;ĠSAF:0.0061;Ġscrap:0.0046;ĠPh:0.0043;ĠDrill:0.0038,"Ġ"":0.0025;ĠI:0.0024;Ġa:0.0018;ĠThe:0.0017;ĠA:0.0012"
:,punctuation,1,0,25,:,,Ċ,layer_5,Ġbecause,0.0234,387,,60,"Ġ""",0.003953,83,,12,"Ġbecause:0.0234;Ġ"":0.0183;Ġwhat:0.0154;Ġmy:0.0149;ĠModern:0.0085","Ġ"":0.0040;Ġa:0.0022;ĠI:0.0018;ĠThe:0.0017;ĠWhat:0.0014"
:,punctuation,1,0,25,:,,Ċ,layer_11,://,1.0,30286,,39738,Ġand,0.000144,11,,7,://:1.0000;clips:0.0000;:{:0.0000;wcsstore:0.0000;Ġ'/:0.0000,"Ġand:0.0001;Ġthat:0.0001;.:0.0001;,:0.0001;://:0.0001"
:,punctuation,1,0,25,:,,Ċ,layer_16,://,1.0,32237,,42078,Ġand,0.000137,12,,8,://:1.0000;clips:0.0000;:{:0.0000;wcsstore:0.0000;Ġ'/:0.0000,"Ġand:0.0001;Ġthat:0.0001;.:0.0001;;:0.0001;,:0.0001"
:,punctuation,1,0,25,:,,Ċ,layer_21,://,1.0,33245,,42852,;,0.000133,12,,8,://:1.0000;clips:0.0000;:{:0.0000;wcsstore:0.0000;Ġ'/:0.0000,";:0.0001;Ġand:0.0001;Ġthat:0.0001;.:0.0001;,:0.0001"
:,punctuation,1,0,25,:,,Ċ,layer_27,://,1.0,32057,,42315,Ġand,0.000149,12,,7,://:1.0000;clips:0.0000;:{:0.0000;wcsstore:0.0000;$:0.0000,"Ġand:0.0001;Ġthat:0.0001;.:0.0001;,:0.0001;;:0.0001"
:,punctuation,1,0,25,:,,Ċ,layer_32,://,1.0,30790,,41531,Ġand,0.000168,11,,7,://:1.0000;clips:0.0000;:{:0.0000;):0.0000;(:0.0000,"Ġand:0.0002;Ġthat:0.0002;,:0.0002;.:0.0002;;:0.0002"
:,punctuation,1,0,25,:,,Ċ,layer_37,://,1.0,28966,,40288,Ġand,0.000191,11,,6,://:1.0000;clips:0.0000;:{:0.0000;):0.0000;(:0.0000,"Ġand:0.0002;,:0.0002;Ġthat:0.0002;.:0.0002;;:0.0002"
:,punctuation,1,0,25,:,,Ċ,layer_39,://,1.0,28075,,39652,Ġand,0.000203,11,,6,://:1.0000;clips:0.0000;:{:0.0000;Ġ'/:0.0000;$:0.0000,"Ġand:0.0002;,:0.0002;.:0.0002;Ġthat:0.0002;;:0.0002"
:,punctuation,1,0,25,:,,Ċ,layer_41,://,1.0,26690,,38661,Ġand,0.000226,10,,6,://:1.0000;clips:0.0000;Ġ'/:0.0000;:{:0.0000;$:0.0000,"Ġand:0.0002;,:0.0002;.:0.0002;Ġthat:0.0002;;:0.0002"
:,punctuation,1,0,25,:,,Ċ,layer_43,://,1.0,24342,,36747,Ġand,0.00027,9,,6,://:1.0000;clips:0.0000;Ġ'/:0.0000;Ġanyway:0.0000;:{:0.0000,"Ġand:0.0003;,:0.0003;.:0.0003;Ġthat:0.0003;;:0.0002"
:,punctuation,1,0,25,:,,Ċ,layer_45,://,1.0,16784,,28634,",",0.000461,9,,5,://:1.0000;Ġanyway:0.0000;clips:0.0000;Ġ'/:0.0000;:{:0.0000,",:0.0005;Ġand:0.0005;.:0.0004;Ġthat:0.0004;Ċ:0.0004"
:,punctuation,1,0,25,:,,Ċ,layer_47,Ċ,0.708803,17,,1,Ċ,0.078588,15,,1,"Ċ:0.7088;Ġ"":0.2883;Ġthe:0.0022;ĠThe:0.0003;Ġa:0.0003","Ċ:0.0786;Ġ"":0.0405;ĠThe:0.0165;Ġthe:0.0159;Ġa:0.0120"
:,punctuation,1,0,25,:,,Ċ,layer_48,Ċ,0.659459,108,,1,Ċ,0.090271,166,,1,"Ċ:0.6595;Ġ"":0.3403;ĠThe:0.0002;Ġthe:0.0000;ĠI:0.0000","Ċ:0.0903;Ġ"":0.0411;ĠThe:0.0279;00:0.0184;ĠI:0.0110"
:,punctuation,1,0,25,:,,Ċ,final_logits,Ċ,0.090271,166,,1,,,,,,"Ċ:0.0903;Ġ"":0.0411;ĠThe:0.0279;00:0.0184;ĠI:0.0110",
',punctuation,1,0,6,',,Ġand,emb,',0.000103,1,,339,',1.0,1,,210,"':0.0001;',:0.0001;'-:0.0001;']:0.0001;'.:0.0001","':1.0000;',:0.0000;'-:0.0000;']:0.0000;'.:0.0000"
',punctuation,1,0,6,',,Ġand,layer_1,Reilly,0.00378,3635,,541,Reilly,0.003404,262,,7,Reilly:0.0038;Brien:0.0016;Ġbackstage:0.0014;Keefe:0.0014;milo:0.0014,Reilly:0.0034;Brien:0.0020;Ġrec:0.0017;Neill:0.0011;Ġparticular:0.0009
',punctuation,1,0,6,',,Ġand,layer_2,Reilly,0.033768,5326,,242,Reilly,0.003063,1299,,14,Reilly:0.0338;Brien:0.0134;Ġofficial:0.0081;Keefe:0.0077;Ġdrill:0.0065,Reilly:0.0031;Brien:0.0026;Ġofficial:0.0023;Ġthing:0.0017;Ġpro:0.0016
',punctuation,1,0,6,',,Ġand,layer_5,Reilly,0.91546,8408,,123,Reilly,0.021932,3665,,22,Reilly:0.9155;Brien:0.0478;Ġworth:0.0060;Donnell:0.0037;Sullivan:0.0020,Reilly:0.0219;Brien:0.0081;Ġworth:0.0072;Neill:0.0041;Ġhands:0.0033
',punctuation,1,0,6,',,Ġand,layer_11,://,1.0,42068,,40360,Ġand,0.000154,756,,1,://:1.0000;clips:0.0000;:{:0.0000;Ġ'/:0.0000;wcsstore:0.0000,"Ġand:0.0002;Ġthat:0.0001;.:0.0001;,:0.0001;;:0.0001"
',punctuation,1,0,6,',,Ġand,layer_16,://,1.0,43129,,42497,Ġand,0.000143,820,,1,://:1.0000;clips:0.0000;:{:0.0000;wcsstore:0.0000;Ġ'/:0.0000,"Ġand:0.0001;Ġthat:0.0001;.:0.0001;;:0.0001;,:0.0001"
',punctuation,1,0,6,',,Ġand,layer_21,://,1.0,43474,,43227,Ġand,0.000138,862,,1,://:1.0000;clips:0.0000;:{:0.0000;wcsstore:0.0000;$:0.0000,"Ġand:0.0001;Ġthat:0.0001;;:0.0001;.:0.0001;,:0.0001"
',punctuation,1,0,6,',,Ġand,layer_27,://,1.0,43121,,42563,Ġand,0.000154,682,,1,://:1.0000;clips:0.0000;:{:0.0000;):0.0000;(:0.0000,"Ġand:0.0002;Ġthat:0.0002;.:0.0001;,:0.0001;;:0.0001"
',punctuation,1,0,6,',,Ġand,layer_32,://,1.0,42603,,41569,Ġand,0.000174,491,,1,://:1.0000;clips:0.0000;:{:0.0000;):0.0000;(:0.0000,"Ġand:0.0002;Ġthat:0.0002;,:0.0002;.:0.0002;;:0.0002"
',punctuation,1,0,6,',,Ġand,layer_37,://,1.0,41634,,40183,Ġand,0.000196,358,,1,://:1.0000;clips:0.0000;):0.0000;%:0.0000;*:0.0000,"Ġand:0.0002;,:0.0002;Ġthat:0.0002;.:0.0002;;:0.0002"
',punctuation,1,0,6,',,Ġand,layer_39,://,1.0,41147,,39461,Ġand,0.000209,308,,1,://:1.0000;clips:0.0000;Ġ'/:0.0000;):0.0000;(:0.0000,"Ġand:0.0002;,:0.0002;Ġthat:0.0002;.:0.0002;;:0.0002"
',punctuation,1,0,6,',,Ġand,layer_41,://,1.0,40316,,38339,Ġand,0.000232,244,,1,://:1.0000;clips:0.0000;Ġ'/:0.0000;:{:0.0000;$:0.0000,"Ġand:0.0002;,:0.0002;.:0.0002;Ġthat:0.0002;;:0.0002"
',punctuation,1,0,6,',,Ġand,layer_43,://,1.0,38828,,36309,Ġand,0.000277,196,,1,://:1.0000;clips:0.0000;Ġanyway:0.0000;Ġ'/:0.0000;:{:0.0000,"Ġand:0.0003;,:0.0003;.:0.0003;Ġthat:0.0003;;:0.0002"
',punctuation,1,0,6,',,Ġand,layer_45,://,1.0,33162,,28417,Ġand,0.000464,120,,1,://:1.0000;Ġanyway:0.0000;clips:0.0000;Ġ'/:0.0000;.(:0.0000,"Ġand:0.0005;,:0.0004;.:0.0004;Ġthat:0.0004;Ġto:0.0003"
',punctuation,1,0,6,',,Ġand,layer_47,Ċ,0.772769,17,,2,Ċ,0.03416,22,,2,"Ċ:0.7728;Ġand:0.1245;Ġ"":0.0304;.:0.0263;Ġthe:0.0136","Ċ:0.0342;Ġand:0.0283;.:0.0191;Ġ(:0.0172;,:0.0152"
',punctuation,1,0,6,',,Ġand,layer_48,Ġand,0.676269,44,,1,Ġand,0.030889,56,,1,"Ġand:0.6763;Ċ:0.3023;Ġ(:0.0052;Ġ"":0.0050;Ġin:0.0046","Ġand:0.0309;Ċ:0.0202;Ġ(:0.0120;Ġ,:0.0114;Ġin:0.0100"
',punctuation,1,0,6,',,Ġand,final_logits,Ġand,0.030889,56,,1,,,,,,"Ġand:0.0309;Ċ:0.0202;Ġ(:0.0120;Ġ,:0.0114;Ġin:0.0100",
"""",punctuation,1,0,1,"""",,I,emb,"""",6.8e-05,1,,83,"""",1.0,1,,83,""":0.0001;""[:0.0000;""(:0.0000;""':0.0000;""-:0.0000",""":1.0000;""[:0.0000;""(:0.0000;""':0.0000;""-:0.0000"
"""",punctuation,1,0,1,"""",,I,layer_1,Ġpl,0.000978,630,,257,"/""",0.001947,8,,9,Ġpl:0.0010;Reilly:0.0009;Ġdrill:0.0008;Ġbackstage:0.0007;Ġtrademark:0.0007,"/"":0.0019;Ġand:0.0015;Ġ(:0.0015;ĠâĢĶ:0.0011;Ġpl:0.0011"
"""",punctuation,1,0,1,"""",,I,layer_2,ĠItemLevel,0.013365,1888,,494,"/""",0.002399,201,,55,ĠItemLevel:0.0134;Ġdrill:0.0073;Ġscrap:0.0061;Ġlaw:0.0056;ĠFlore:0.0050,"/"":0.0024;Ġand:0.0021;Ġ(:0.0018;ĠâĢĶ:0.0014;ĠItemLevel:0.0014"
"""",punctuation,1,0,1,"""",,I,layer_5,Ġscrap,0.025403,2394,,37,Ġtri,0.003499,745,,5,Ġscrap:0.0254;Ġofficial:0.0191;Ġlaw:0.0190;ĠItemLevel:0.0167;Ġmort:0.0125,"Ġtri:0.0035;Ġ"":0.0028;Ġspecial:0.0025;We:0.0020;I:0.0018"
"""",punctuation,1,0,1,"""",,I,layer_11,://,1.0,40973,,42267,Ġand,0.000155,192,,2890,://:1.0000;clips:0.0000;wcsstore:0.0000;:{:0.0000;Ġ'/:0.0000,"Ġand:0.0002;Ġthat:0.0002;.:0.0001;,:0.0001;;:0.0001"
"""",punctuation,1,0,1,"""",,I,layer_16,://,1.0,42262,,43894,Ġand,0.000142,197,,5070,://:1.0000;clips:0.0000;:{:0.0000;wcsstore:0.0000;Ġ'/:0.0000,"Ġand:0.0001;Ġthat:0.0001;.:0.0001;;:0.0001;,:0.0001"
"""",punctuation,1,0,1,"""",,I,layer_21,://,1.0,42724,,44337,Ġand,0.000138,203,,5816,://:1.0000;clips:0.0000;wcsstore:0.0000;:{:0.0000;$:0.0000,"Ġand:0.0001;Ġthat:0.0001;;:0.0001;.:0.0001;,:0.0001"
"""",punctuation,1,0,1,"""",,I,layer_27,://,1.0,42317,,44293,Ġand,0.000155,172,,5600,://:1.0000;clips:0.0000;:{:0.0000;wcsstore:0.0000;$:0.0000,"Ġand:0.0002;Ġthat:0.0002;,:0.0001;.:0.0001;;:0.0001"
"""",punctuation,1,0,1,"""",,I,layer_32,://,1.0,41786,,44125,Ġand,0.000175,145,,5175,://:1.0000;clips:0.0000;:{:0.0000;wcsstore:0.0000;$:0.0000,"Ġand:0.0002;Ġthat:0.0002;,:0.0002;.:0.0002;;:0.0002"
"""",punctuation,1,0,1,"""",,I,layer_37,://,1.0,40771,,43725,Ġand,0.000198,126,,4457,://:1.0000;clips:0.0000;:{:0.0000;):0.0000;(:0.0000,"Ġand:0.0002;Ġthat:0.0002;,:0.0002;.:0.0002;;:0.0002"
"""",punctuation,1,0,1,"""",,I,layer_39,://,1.0,40264,,43441,Ġand,0.000211,124,,4078,://:1.0000;clips:0.0000;:{:0.0000;):0.0000;(:0.0000,"Ġand:0.0002;Ġthat:0.0002;,:0.0002;.:0.0002;;:0.0002"
"""",punctuation,1,0,1,"""",,I,layer_41,://,1.0,39475,,43001,Ġand,0.000235,113,,3456,://:1.0000;clips:0.0000;:{:0.0000;Ġ'/:0.0000;$:0.0000,"Ġand:0.0002;Ġthat:0.0002;,:0.0002;.:0.0002;;:0.0002"
"""",punctuation,1,0,1,"""",,I,layer_43,://,1.0,37949,,41943,Ġand,0.000282,94,,2348,://:1.0000;clips:0.0000;Ġanyway:0.0000;:{:0.0000;Ġ'/:0.0000,"Ġand:0.0003;,:0.0003;Ġthat:0.0003;.:0.0003;;:0.0002"
"""",punctuation,1,0,1,"""",,I,layer_45,://,1.0,31812,,37728,Ġand,0.000483,70,,856,://:1.0000;Ġanyway:0.0000;clips:0.0000;:{:0.0000;.(:0.0000,"Ġand:0.0005;,:0.0005;.:0.0004;Ġthat:0.0004;Ġto:0.0003"
"""",punctuation,1,0,1,"""",,I,layer_47,Ċ,0.681511,15,,9,Ċ,0.048085,16,,6,"Ċ:0.6815;Ġ"":0.2142;Ġand:0.0751;Ġ(:0.0109;Ġin:0.0048","Ċ:0.0481;Ġand:0.0372;Ġ(:0.0279;Ġ"":0.0214;Ġin:0.0212"
"""",punctuation,1,0,1,"""",,I,layer_48,Ġand,0.592317,47,,5,I,0.059891,65,,1,"Ġand:0.5923;Ġ"":0.2775;Ċ:0.0527;The:0.0262;I:0.0189",I:0.0599;We:0.0386;Ġand:0.0384;The:0.0357;It:0.0294
"""",punctuation,1,0,1,"""",,I,final_logits,I,0.059891,65,,1,,,,,,I:0.0599;We:0.0386;Ġand:0.0384;The:0.0357;It:0.0294,
(,punctuation,1,0,7,(,,1,emb,(,0.000116,1,,112,(,1.0,1,,89,(:0.0001;((:0.0001;([:0.0001;(-:0.0001;(*:0.0001,(:1.0000;((:0.0000;(-:0.0000;([:0.0000;(*:0.0000
(,punctuation,1,0,7,(,,1,layer_1,ĠGarland,0.002055,2094,,2251,rough,0.001787,34,,138,ĠGarland:0.0021;rough:0.0014;âĢ¦):0.0011;especially:0.0010;milo:0.0010,rough:0.0018;aka:0.0015;also:0.0012;pictured:0.0012;formerly:0.0011
(,punctuation,1,0,7,(,,1,layer_2,âĢ¦),0.034672,2044,,982,aka,0.002099,96,,83,âĢ¦):0.0347;edited:0.0178;aka:0.0078;?):0.0072;ĠGarland:0.0065,"aka:0.0021;*):0.0020;also:0.0019;s:0.0017;Ġ"":0.0015"
(,punctuation,1,0,7,(,,1,layer_5,milo,0.111947,2067,,119,s,0.008729,207,,17,milo:0.1119;Ġdef:0.1042;s:0.0324;Ġlaw:0.0281;aka:0.0270,"s:0.0087;Ġdef:0.0056;Ġ"":0.0030;a:0.0029;SourceFile:0.0023"
(,punctuation,1,0,7,(,,1,layer_11,://,1.0,44429,,34567,Ġand,0.00015,419,,817,://:1.0000;clips:0.0000;:{:0.0000;wcsstore:0.0000;Ġ'/:0.0000,"Ġand:0.0002;.:0.0001;Ġthat:0.0001;,:0.0001;://:0.0001"
(,punctuation,1,0,7,(,,1,layer_16,://,1.0,45324,,36535,Ġand,0.000141,411,,1089,://:1.0000;clips:0.0000;:{:0.0000;wcsstore:0.0000;Ġ'/:0.0000,"Ġand:0.0001;;:0.0001;.:0.0001;Ġthat:0.0001;,:0.0001"
(,punctuation,1,0,7,(,,1,layer_21,://,1.0,45604,,37188,Ġand,0.000137,414,,1153,://:1.0000;clips:0.0000;:{:0.0000;wcsstore:0.0000;$:0.0000,"Ġand:0.0001;;:0.0001;.:0.0001;Ġthat:0.0001;,:0.0001"
(,punctuation,1,0,7,(,,1,layer_27,://,1.0,45406,,36867,Ġand,0.000153,328,,1061,://:1.0000;clips:0.0000;:{:0.0000;):0.0000;(:0.0000,"Ġand:0.0002;Ġthat:0.0001;,:0.0001;.:0.0001;;:0.0001"
(,punctuation,1,0,7,(,,1,layer_32,://,1.0,45097,,36279,Ġand,0.000172,271,,890,://:1.0000;clips:0.0000;):0.0000;%:0.0000;*:0.0000,"Ġand:0.0002;,:0.0002;Ġthat:0.0002;.:0.0002;;:0.0002"
(,punctuation,1,0,7,(,,1,layer_37,://,1.0,44557,,35302,Ġand,0.000195,214,,709,://:1.0000;clips:0.0000;):0.0000;%:0.0000;*:0.0000,"Ġand:0.0002;,:0.0002;.:0.0002;Ġthat:0.0002;;:0.0002"
(,punctuation,1,0,7,(,,1,layer_39,://,1.0,44195,,34676,Ġand,0.000207,200,,620,://:1.0000;clips:0.0000;):0.0000;%:0.0000;*:0.0000,"Ġand:0.0002;,:0.0002;.:0.0002;Ġthat:0.0002;;:0.0002"
(,punctuation,1,0,7,(,,1,layer_41,://,1.0,43801,,33590,Ġand,0.00023,187,,502,://:1.0000;clips:0.0000;Ġ'/:0.0000;:{:0.0000;$:0.0000,"Ġand:0.0002;,:0.0002;.:0.0002;Ġthat:0.0002;;:0.0002"
(,punctuation,1,0,7,(,,1,layer_43,://,1.0,43050,,31783,Ġand,0.000273,155,,339,://:1.0000;clips:0.0000;Ġ'/:0.0000;Ġanyway:0.0000;:{:0.0000,"Ġand:0.0003;,:0.0003;.:0.0003;Ġthat:0.0002;;:0.0002"
(,punctuation,1,0,7,(,,1,layer_45,://,1.0,39338,,25266,",",0.000455,116,,172,://:1.0000;clips:0.0000;Ġanyway:0.0000;Ġ'/:0.0000;:{:0.0000,",:0.0005;Ġand:0.0004;.:0.0004;Ġthat:0.0004;Ċ:0.0003"
(,punctuation,1,0,7,(,,1,layer_47,Ċ,0.589456,31,,4,Ċ,0.039859,23,,2,"Ċ:0.5895;Ġ"":0.3244;s:0.0705;1:0.0080;.:0.0032","Ċ:0.0399;1:0.0293;s:0.0262;2:0.0209;Ġ"":0.0205"
(,punctuation,1,0,7,(,,1,layer_48,s,0.970308,46,,4,1,0.039918,65,,1,"s:0.9703;Ġ"":0.0157;a:0.0093;1:0.0029;Ċ:0.0009",1:0.0399;s:0.0356;a:0.0318;2:0.0302;3:0.0215
(,punctuation,1,0,7,(,,1,final_logits,1,0.039918,65,,1,,,,,,1:0.0399;s:0.0356;a:0.0318;2:0.0302;3:0.0215,
),punctuation,1,0,8,),,Ċ,emb,),6e-05,1,,720,),0.999996,1,,437,"):0.0001;),:0.0000;)"":0.0000;?):0.0000;),"":0.0000","):1.0000;),:0.0000;)"":0.0000;?):0.0000;),"":0.0000"
),punctuation,1,0,8,),,Ċ,layer_1,Ġcrochet,0.001649,509,,912,Ġ{,0.000551,65,,5,Ġcrochet:0.0016;ĠGarland:0.0015;milo:0.0013;ĠArd:0.0010;Ġbombshell:0.0009,Ġ{:0.0006;Ġand:0.0005;Ġexcept:0.0005;ĊĊ:0.0005;Ċ:0.0004
),punctuation,1,0,8,),,Ċ,layer_2,Ġcrochet,0.005534,761,,698,Ġlit,0.000996,425,,27,Ġcrochet:0.0055;Ġbombshell:0.0049;ĠGarland:0.0049;ĠNationals:0.0047;ĠArd:0.0039,Ġlit:0.0010;Ġ=>:0.0008;Ġcx:0.0007;Ġand:0.0007;Ġpresented:0.0007
),punctuation,1,0,8,),,Ċ,layer_5,Ġdef,0.035693,302,,66,Ġdef,0.00203,412,,5,Ġdef:0.0357;Ġ=>:0.0127;Reilly:0.0118;ombs:0.0108;ĠPassed:0.0105,Ġdef:0.0020;Ġ=>:0.0013;ĠJune:0.0013;Ġand:0.0013;Ċ:0.0011
),punctuation,1,0,8,),,Ċ,layer_11,://,1.0,12956,,39623,Ġand,0.000153,35,,5,://:1.0000;clips:0.0000;:{:0.0000;wcsstore:0.0000;Ġ'/:0.0000,"Ġand:0.0002;Ġthat:0.0001;.:0.0001;,:0.0001;Ċ:0.0001"
),punctuation,1,0,8,),,Ċ,layer_16,://,1.0,14657,,42039,Ġand,0.000142,35,,7,://:1.0000;clips:0.0000;:{:0.0000;wcsstore:0.0000;Ġ'/:0.0000,"Ġand:0.0001;Ġthat:0.0001;;:0.0001;.:0.0001;,:0.0001"
),punctuation,1,0,8,),,Ċ,layer_21,://,1.0,15497,,42797,Ġand,0.000137,39,,7,://:1.0000;clips:0.0000;:{:0.0000;wcsstore:0.0000;Ġ'/:0.0000,"Ġand:0.0001;Ġthat:0.0001;;:0.0001;.:0.0001;,:0.0001"
),punctuation,1,0,8,),,Ċ,layer_27,://,1.0,14833,,42232,Ġand,0.000155,38,,7,://:1.0000;clips:0.0000;:{:0.0000;wcsstore:0.0000;Ġ'/:0.0000,"Ġand:0.0002;Ġthat:0.0002;,:0.0001;;:0.0001;.:0.0001"
),punctuation,1,0,8,),,Ċ,layer_32,://,1.0,13869,,41451,Ġand,0.000174,38,,6,://:1.0000;clips:0.0000;:{:0.0000;wcsstore:0.0000;$:0.0000,"Ġand:0.0002;Ġthat:0.0002;,:0.0002;.:0.0002;;:0.0002"
),punctuation,1,0,8,),,Ċ,layer_37,://,1.0,12568,,40211,Ġand,0.000198,35,,6,://:1.0000;clips:0.0000;:{:0.0000;Ġ'/:0.0000;$:0.0000,"Ġand:0.0002;Ġthat:0.0002;,:0.0002;.:0.0002;;:0.0002"
),punctuation,1,0,8,),,Ċ,layer_39,://,1.0,11936,,39578,Ġand,0.000211,35,,6,://:1.0000;clips:0.0000;:{:0.0000;Ġ'/:0.0000;$:0.0000,"Ġand:0.0002;,:0.0002;Ġthat:0.0002;.:0.0002;;:0.0002"
),punctuation,1,0,8,),,Ċ,layer_41,://,1.0,10944,,38596,Ġand,0.000235,33,,6,://:1.0000;clips:0.0000;:{:0.0000;Ġ'/:0.0000;Ġanyway:0.0000,"Ġand:0.0002;,:0.0002;Ġthat:0.0002;.:0.0002;;:0.0002"
),punctuation,1,0,8,),,Ċ,layer_43,://,1.0,9526,,36699,Ġand,0.000283,32,,6,://:1.0000;clips:0.0000;Ġ'/:0.0000;Ġanyway:0.0000;:{:0.0000,"Ġand:0.0003;,:0.0003;Ġthat:0.0003;.:0.0003;;:0.0002"
),punctuation,1,0,8,),,Ċ,layer_45,://,1.0,5752,,28623,Ġand,0.00049,32,,5,://:1.0000;Ġanyway:0.0000;clips:0.0000;Ġ'/:0.0000;:{:0.0000,"Ġand:0.0005;,:0.0005;.:0.0004;Ġthat:0.0004;Ċ:0.0004"
),punctuation,1,0,8,),,Ċ,layer_47,Ċ,0.992816,54,,1,Ċ,0.114167,52,,1,"Ċ:0.9928;Ġand:0.0055;Ġthe:0.0006;Ġ"":0.0005;.:0.0002","Ċ:0.1142;Ġand:0.0440;Ġ(:0.0204;,:0.0199;Ġto:0.0193"
),punctuation,1,0,8,),,Ċ,layer_48,Ċ,0.998192,206,,1,Ċ,0.143165,155,,1,Ċ:0.9982;Ġand:0.0018;Ġ(:0.0000;Ġthe:0.0000;Ġis:0.0000,Ċ:0.1432;Ġand:0.0472;Ġ(:0.0250;Ġis:0.0147;Ġin:0.0144
),punctuation,1,0,8,),,Ċ,final_logits,Ċ,0.143165,155,,1,,,,,,Ċ:0.1432;Ġand:0.0472;Ġ(:0.0250;Ġis:0.0147;Ġin:0.0144,
—,punctuation,1,0,960,âĢĶ,,and,emb,âĢĶ,0.000105,1,,2194,âĢĶ,0.999971,1,,1046,"âĢĶ:0.0001;âĢĶ"":0.0001;""âĢĶ:0.0001;)âĢĶ:0.0001;âĢĶ-:0.0001","âĢĶ:1.0000;âĢĶ"":0.0000;""âĢĶ:0.0000;)âĢĶ:0.0000;âĢĶ-:0.0000"
—,punctuation,1,0,960,âĢĶ,,and,layer_1,especially,0.002821,3522,,101,especially,0.002846,154,,4,especially:0.0028;cro:0.0014;ĠGarland:0.0013;ĠFlore:0.0011;reve:0.0010,especially:0.0028;we:0.0017;specific:0.0016;and:0.0015;a:0.0014
—,punctuation,1,0,960,âĢĶ,,and,layer_2,especially,0.05605,4542,,28,places,0.006077,700,,6,especially:0.0560;places:0.0278;specific:0.0132;anything:0.0078;rough:0.0062,places:0.0061;especially:0.0057;specific:0.0057;whether:0.0040;which:0.0034
—,punctuation,1,0,960,âĢĶ,,and,layer_5,especially,0.686592,19395,,7,and,0.016721,11931,,1,especially:0.6866;places:0.0436;rough:0.0293;which:0.0264;sometimes:0.0162,and:0.0167;especially:0.0155;which:0.0115;even:0.0113;that:0.0104
—,punctuation,1,0,960,âĢĶ,,and,layer_11,://,1.0,37841,,30701,Ġand,0.000153,8264,,129,://:1.0000;clips:0.0000;:{:0.0000;wcsstore:0.0000;Ġ'/:0.0000,"Ġand:0.0002;Ġthat:0.0001;.:0.0001;,:0.0001;Ċ:0.0001"
—,punctuation,1,0,960,âĢĶ,,and,layer_16,://,1.0,37686,,34843,Ġand,0.000141,7137,,366,://:1.0000;clips:0.0000;:{:0.0000;wcsstore:0.0000;Ġ'/:0.0000,"Ġand:0.0001;Ġthat:0.0001;.:0.0001;,:0.0001;;:0.0001"
—,punctuation,1,0,960,âĢĶ,,and,layer_21,://,1.0,37939,,35836,Ġand,0.000136,7136,,450,://:1.0000;clips:0.0000;:{:0.0000;wcsstore:0.0000;Ġ'/:0.0000,"Ġand:0.0001;Ġthat:0.0001;;:0.0001;.:0.0001;,:0.0001"
—,punctuation,1,0,960,âĢĶ,,and,layer_27,://,1.0,37063,,35800,Ġand,0.000154,5176,,457,://:1.0000;clips:0.0000;:{:0.0000;wcsstore:0.0000;$:0.0000,"Ġand:0.0002;Ġthat:0.0002;,:0.0001;.:0.0001;;:0.0001"
—,punctuation,1,0,960,âĢĶ,,and,layer_32,://,1.0,36020,,35514,Ġand,0.000173,3809,,445,://:1.0000;clips:0.0000;:{:0.0000;):0.0000;(:0.0000,"Ġand:0.0002;Ġthat:0.0002;,:0.0002;.:0.0002;;:0.0002"
—,punctuation,1,0,960,âĢĶ,,and,layer_37,://,1.0,34671,,34779,Ġand,0.000196,2694,,400,://:1.0000;clips:0.0000;:{:0.0000;):0.0000;(:0.0000,"Ġand:0.0002;,:0.0002;Ġthat:0.0002;.:0.0002;;:0.0002"
—,punctuation,1,0,960,âĢĶ,,and,layer_39,://,1.0,33785,,34229,Ġand,0.000208,2236,,371,://:1.0000;clips:0.0000;:{:0.0000;Ġ'/:0.0000;$:0.0000,"Ġand:0.0002;,:0.0002;Ġthat:0.0002;.:0.0002;;:0.0002"
—,punctuation,1,0,960,âĢĶ,,and,layer_41,://,1.0,32569,,33486,Ġand,0.000232,1731,,327,://:1.0000;clips:0.0000;:{:0.0000;Ġanyway:0.0000;Ġ'/:0.0000,"Ġand:0.0002;,:0.0002;Ġthat:0.0002;.:0.0002;;:0.0002"
—,punctuation,1,0,960,âĢĶ,,and,layer_43,://,1.0,30053,,31889,Ġand,0.000277,1060,,243,://:1.0000;clips:0.0000;Ġanyway:0.0000;:{:0.0000;Ġ'/:0.0000,"Ġand:0.0003;,:0.0003;.:0.0003;Ġthat:0.0003;;:0.0002"
—,punctuation,1,0,960,âĢĶ,,and,layer_45,://,1.0,24091,,25283,Ġand,0.000469,402,,142,://:1.0000;clips:0.0000;Ġanyway:0.0000;.(:0.0000;:{:0.0000,"Ġand:0.0005;,:0.0005;.:0.0004;Ġthat:0.0004;Ċ:0.0003"
—,punctuation,1,0,960,âĢĶ,,and,layer_47,Ċ,0.827564,89,,2,Ċ,0.03667,84,,2,"Ċ:0.8276;and:0.1296;Ġand:0.0123;a:0.0108;Ġ"":0.0053",Ċ:0.0367;and:0.0358;a:0.0231;the:0.0206;Ġand:0.0186
—,punctuation,1,0,960,âĢĶ,,and,layer_48,and,0.950572,429,,1,and,0.092771,469,,1,and:0.9506;Ċ:0.0404;the:0.0054;a:0.0035;or:0.0001,and:0.0928;the:0.0506;a:0.0318;but:0.0245;which:0.0217
—,punctuation,1,0,960,âĢĶ,,and,final_logits,and,0.092771,469,,1,,,,,,and:0.0928;the:0.0506;a:0.0318;but:0.0245;which:0.0217,
…,punctuation,1,0,1399,âĢ¦,,Ċ,emb,âĢ¦,0.000133,1,,1187,âĢ¦,0.999993,1,,454,"âĢ¦:0.0001;âĢ¦):0.0001;âĢ¦.:0.0001;âĢ¦"":0.0001;âĢ¦]:0.0001","âĢ¦:1.0000;âĢ¦):0.0000;âĢ¦.:0.0000;âĢ¦"":0.0000;âĢ¦]:0.0000"
…,punctuation,1,0,1399,âĢ¦,,Ċ,layer_1,oops,0.001505,397,,1117,oops,0.00149,142,,50,oops:0.0015;Ġgag:0.0013;Ġcrochet:0.0011;Ġfilibuster:0.0011;ĠCA:0.0010,"oops:0.0015;ĠFine:0.0014;Ġuh:0.0012;wait:0.0010;ĠâĢ¦"":0.0010"
…,punctuation,1,0,1399,âĢ¦,,Ċ,layer_2,oops,0.0148,183,,108,ĠI,0.002248,157,,7,oops:0.0148;Ġgag:0.0082;rum:0.0077;ĠArd:0.0067;ĠDrupal:0.0054,ĠI:0.0022;oops:0.0019;ĠâĢ¦:0.0016;ĠWhat:0.0015;wait:0.0015
…,punctuation,1,0,1399,âĢ¦,,Ċ,layer_5,well,0.150674,3841,,69,well,0.010448,3665,,15,well:0.1507;tall:0.1250;wait:0.0901;we:0.0394;opp:0.0265,well:0.0104;we:0.0073;wait:0.0071;some:0.0048;ĠRead:0.0038
…,punctuation,1,0,1399,âĢ¦,,Ċ,layer_11,://,1.0,40085,,39164,Ġand,0.000155,2222,,5,://:1.0000;clips:0.0000;:{:0.0000;wcsstore:0.0000;Ġ'/:0.0000,"Ġand:0.0002;Ġthat:0.0001;,:0.0001;.:0.0001;Ċ:0.0001"
…,punctuation,1,0,1399,âĢ¦,,Ċ,layer_16,://,1.0,41093,,41861,Ġand,0.000142,2229,,6,://:1.0000;clips:0.0000;:{:0.0000;wcsstore:0.0000;Ġ'/:0.0000,"Ġand:0.0001;Ġthat:0.0001;;:0.0001;.:0.0001;,:0.0001"
…,punctuation,1,0,1399,âĢ¦,,Ċ,layer_21,://,1.0,41622,,42670,Ġand,0.000137,2347,,6,://:1.0000;clips:0.0000;:{:0.0000;wcsstore:0.0000;Ġ'/:0.0000,"Ġand:0.0001;Ġthat:0.0001;;:0.0001;.:0.0001;,:0.0001"
…,punctuation,1,0,1399,âĢ¦,,Ċ,layer_27,://,1.0,41124,,42097,Ġand,0.000154,1738,,6,://:1.0000;clips:0.0000;:{:0.0000;wcsstore:0.0000;$:0.0000,"Ġand:0.0002;Ġthat:0.0002;,:0.0001;.:0.0001;;:0.0001"
…,punctuation,1,0,1399,âĢ¦,,Ċ,layer_32,://,1.0,40419,,41289,Ġand,0.000174,1258,,6,://:1.0000;clips:0.0000;:{:0.0000;wcsstore:0.0000;$:0.0000,"Ġand:0.0002;Ġthat:0.0002;,:0.0002;.:0.0002;;:0.0002"
…,punctuation,1,0,1399,âĢ¦,,Ċ,layer_37,://,1.0,39273,,40000,Ġand,0.000197,870,,6,://:1.0000;clips:0.0000;:{:0.0000;):0.0000;(:0.0000,"Ġand:0.0002;,:0.0002;Ġthat:0.0002;.:0.0002;;:0.0002"
…,punctuation,1,0,1399,âĢ¦,,Ċ,layer_39,://,1.0,38614,,39379,Ġand,0.00021,714,,6,://:1.0000;clips:0.0000;:{:0.0000;Ġ'/:0.0000;$:0.0000,"Ġand:0.0002;,:0.0002;Ġthat:0.0002;.:0.0002;;:0.0002"
…,punctuation,1,0,1399,âĢ¦,,Ċ,layer_41,://,1.0,37777,,38328,Ġand,0.000234,574,,6,://:1.0000;clips:0.0000;:{:0.0000;Ġanyway:0.0000;Ġ'/:0.0000,"Ġand:0.0002;,:0.0002;Ġthat:0.0002;.:0.0002;;:0.0002"
…,punctuation,1,0,1399,âĢ¦,,Ċ,layer_43,://,1.0,36054,,36300,Ġand,0.000281,390,,6,://:1.0000;clips:0.0000;Ġanyway:0.0000;:{:0.0000;Ġ'/:0.0000,"Ġand:0.0003;,:0.0003;.:0.0003;Ġthat:0.0003;;:0.0002"
…,punctuation,1,0,1399,âĢ¦,,Ċ,layer_45,://,1.0,30279,,27945,Ġand,0.000486,199,,5,://:1.0000;Ġanyway:0.0000;clips:0.0000;.(:0.0000;:{:0.0000,"Ġand:0.0005;,:0.0005;.:0.0004;Ġthat:0.0004;Ċ:0.0004"
…,punctuation,1,0,1399,âĢ¦,,Ċ,layer_47,Ċ,0.996837,57,,1,Ċ,0.131932,40,,1,"Ċ:0.9968;Ġand:0.0011;Ġthe:0.0011;,:0.0003;.:0.0003","Ċ:0.1319;Ġand:0.0372;,:0.0297;.:0.0251;Ġthe:0.0199"
…,punctuation,1,0,1399,âĢ¦,,Ċ,layer_48,Ċ,0.999758,180,,1,Ċ,0.16727,132,,1,"Ċ:0.9998;ĠI:0.0002;Ġand:0.0000;Ġthe:0.0000;Ġ"":0.0000",Ċ:0.1673;ĠI:0.0345;Ġand:0.0205;<|endoftext|>:0.0142;ĠThe:0.0140
…,punctuation,1,0,1399,âĢ¦,,Ċ,final_logits,Ċ,0.16727,132,,1,,,,,,Ċ:0.1673;ĠI:0.0345;Ġand:0.0205;<|endoftext|>:0.0142;ĠThe:0.0140,
@,symbol,1,0,31,@,,gmail,emb,@,0.000342,1,,335,@,1.0,1,,319,"@:0.0003;@#:0.0001;Ġ@:0.0001;Ġ""@:0.0001;@@:0.0001","@:1.0000;Ġ@:0.0000;@#:0.0000;Ġ""@:0.0000;@@:0.0000"
@,symbol,1,0,31,@,,gmail,layer_1,milo,0.002529,267,,130,gmail,0.004341,4,,1,milo:0.0025;bleacher:0.0013;ĠBernstein:0.0013;fab:0.0013;ĠArd:0.0012,gmail:0.0043;pn:0.0033;hillary:0.0029;@:0.0021;pat:0.0020
@,symbol,1,0,31,@,,gmail,layer_2,media,0.013849,919,,13,gmail,0.017789,104,,1,media:0.0138;prison:0.0129;bleacher:0.0110;gran:0.0103;ĠClay:0.0081,gmail:0.0178;tw:0.0074;pn:0.0055;media:0.0032;tim:0.0030
@,symbol,1,0,31,@,,gmail,layer_5,gmail,0.320934,1503,,1,gmail,0.077918,473,,1,gmail:0.3209;bleacher:0.1252;hillary:0.0915;media:0.0712;president:0.0505,gmail:0.0779;realDonaldTrump:0.0090;pn:0.0068;bart:0.0066;Ġnews:0.0056
@,symbol,1,0,31,@,,gmail,layer_11,://,1.0,5709,,3234,://,0.000155,120,,1974,://:1.0000;clips:0.0000;wcsstore:0.0000;:{:0.0000;Ġ'/:0.0000,"://:0.0002;.:0.0001;Ġand:0.0001;,:0.0001;Ġthat:0.0001"
@,symbol,1,0,31,@,,gmail,layer_16,://,1.0,6519,,4255,.,0.000137,158,,5914,://:1.0000;clips:0.0000;:{:0.0000;wcsstore:0.0000;Ġ'/:0.0000,.:0.0001;Ġand:0.0001;://:0.0001;;:0.0001;Ġthat:0.0001
@,symbol,1,0,31,@,,gmail,layer_21,://,1.0,6814,,4371,;,0.000133,165,,6675,://:1.0000;clips:0.0000;wcsstore:0.0000;:{:0.0000;$:0.0000,;:0.0001;.:0.0001;Ġand:0.0001;://:0.0001;Ġthat:0.0001
@,symbol,1,0,31,@,,gmail,layer_27,://,1.0,6616,,4376,Ġand,0.000149,179,,7479,://:1.0000;clips:0.0000;:{:0.0000;):0.0000;(:0.0000,"Ġand:0.0001;.:0.0001;;:0.0001;,:0.0001;Ġthat:0.0001"
@,symbol,1,0,31,@,,gmail,layer_32,://,1.0,6283,,4388,Ġand,0.000167,190,,8232,://:1.0000;clips:0.0000;):0.0000;%:0.0000;*:0.0000,"Ġand:0.0002;.:0.0002;,:0.0002;Ġthat:0.0002;;:0.0002"
@,symbol,1,0,31,@,,gmail,layer_37,://,1.0,5812,,4367,Ġand,0.000189,176,,8623,://:1.0000;clips:0.0000;):0.0000;%:0.0000;*:0.0000,"Ġand:0.0002;.:0.0002;,:0.0002;Ġthat:0.0002;;:0.0002"
@,symbol,1,0,31,@,,gmail,layer_39,://,1.0,5589,,4338,Ġand,0.0002,174,,8702,://:1.0000;clips:0.0000;):0.0000;%:0.0000;*:0.0000,"Ġand:0.0002;.:0.0002;,:0.0002;Ġthat:0.0002;;:0.0002"
@,symbol,1,0,31,@,,gmail,layer_41,://,1.0,5284,,4208,Ġand,0.000222,172,,8543,://:1.0000;clips:0.0000;:{:0.0000;):0.0000;(:0.0000,"Ġand:0.0002;.:0.0002;,:0.0002;Ġthat:0.0002;;:0.0002"
@,symbol,1,0,31,@,,gmail,layer_43,://,1.0,4659,,3800,.,0.000266,173,,7347,://:1.0000;clips:0.0000;:{:0.0000;Ġanyway:0.0000;Ġ'/:0.0000,".:0.0003;,:0.0003;Ġand:0.0003;Ġthat:0.0002;;:0.0002"
@,symbol,1,0,31,@,,gmail,layer_45,://,1.0,3045,,2531,.,0.000453,149,,4107,://:1.0000;clips:0.0000;Ġanyway:0.0000;:{:0.0000;.(:0.0000,".:0.0005;,:0.0004;Ġand:0.0004;Ġthat:0.0003;;:0.0003"
@,symbol,1,0,31,@,,gmail,layer_47,.,0.773364,64,,40,.,0.03327,47,,18,".:0.7734;Ċ:0.0977;s:0.0709;-:0.0349;"":0.0060",.:0.0333;s:0.0180;Ċ:0.0164;-:0.0151;_:0.0128
@,symbol,1,0,31,@,,gmail,layer_48,s,0.783166,78,,5,gmail,0.102287,52,,1,s:0.7832;.:0.0957;t:0.0596;d:0.0139;gmail:0.0125,gmail:0.1023;d:0.0157;t:0.0149;s:0.0110;g:0.0100
@,symbol,1,0,31,@,,gmail,final_logits,gmail,0.102287,52,,1,,,,,,gmail:0.1023;d:0.0157;t:0.0149;s:0.0110;g:0.0100,
#,symbol,1,0,2,#,,define,emb,#,0.000306,1,,2284,#,1.0,1,,2425,#:0.0003;##:0.0001;/#:0.0001;.#:0.0001;#$:0.0001,#:1.0000;##:0.0000;/#:0.0000;.#:0.0000;#$:0.0000
#,symbol,1,0,2,#,,define,layer_1,milo,0.002698,251,,208,endif,0.001659,7,,9,milo:0.0027;cro:0.0024;Ġdrill:0.0014;ĠGarland:0.0012;ĠCatalonia:0.0012,endif:0.0017;OTHER:0.0016;.#:0.0016;@#:0.0016;twitter:0.0015
#,symbol,1,0,2,#,,define,layer_2,cro,0.021605,516,,18,define,0.002976,37,,1,cro:0.0216;Ġdrill:0.0161;Ġscrap:0.0060;Ġcrochet:0.0051;Ġflip:0.0046,define:0.0030;endif:0.0026;OTHER:0.0026;Ġflip:0.0025;ĠI:0.0016
#,symbol,1,0,2,#,,define,layer_5,define,0.855423,1330,,1,define,0.112121,470,,1,define:0.8554;endif:0.0890;Ġdrill:0.0061;OTHER:0.0035;Ġnews:0.0028,define:0.1121;endif:0.0384;Ġnews:0.0051;OTHER:0.0034;DIV:0.0032
#,symbol,1,0,2,#,,define,layer_11,://,1.0,27864,,398,Ġand,0.000147,3227,,238,://:1.0000;clips:0.0000;wcsstore:0.0000;:{:0.0000;Ġ'/:0.0000,"Ġand:0.0001;.:0.0001;Ġthat:0.0001;;:0.0001;,:0.0001"
#,symbol,1,0,2,#,,define,layer_16,://,1.0,28968,,552,;,0.00014,3493,,677,://:1.0000;clips:0.0000;wcsstore:0.0000;:{:0.0000;Ġ'/:0.0000,";:0.0001;Ġand:0.0001;.:0.0001;Ġthat:0.0001;,:0.0001"
#,symbol,1,0,2,#,,define,layer_21,://,1.0,29220,,556,;,0.000138,3434,,699,://:1.0000;clips:0.0000;wcsstore:0.0000;:{:0.0000;$:0.0000,";:0.0001;Ġand:0.0001;.:0.0001;Ġthat:0.0001;,:0.0001"
#,symbol,1,0,2,#,,define,layer_27,://,1.0,29015,,553,Ġand,0.000152,3328,,861,://:1.0000;clips:0.0000;wcsstore:0.0000;:{:0.0000;$:0.0000,"Ġand:0.0002;;:0.0002;Ġthat:0.0001;.:0.0001;,:0.0001"
#,symbol,1,0,2,#,,define,layer_32,://,1.0,28591,,550,Ġand,0.000171,3102,,1085,://:1.0000;clips:0.0000;:{:0.0000;wcsstore:0.0000;$:0.0000,"Ġand:0.0002;Ġthat:0.0002;,:0.0002;.:0.0002;;:0.0002"
#,symbol,1,0,2,#,,define,layer_37,://,1.0,27816,,547,Ġand,0.000194,2733,,1281,://:1.0000;clips:0.0000;:{:0.0000;wcsstore:0.0000;$:0.0000,"Ġand:0.0002;,:0.0002;.:0.0002;Ġthat:0.0002;;:0.0002"
#,symbol,1,0,2,#,,define,layer_39,://,1.0,27443,,538,Ġand,0.000206,2587,,1318,://:1.0000;clips:0.0000;:{:0.0000;wcsstore:0.0000;$:0.0000,"Ġand:0.0002;,:0.0002;.:0.0002;Ġthat:0.0002;;:0.0002"
#,symbol,1,0,2,#,,define,layer_41,://,1.0,26866,,521,Ġand,0.000229,2364,,1422,://:1.0000;clips:0.0000;:{:0.0000;Ġ'/:0.0000;wcsstore:0.0000,"Ġand:0.0002;,:0.0002;.:0.0002;Ġthat:0.0002;;:0.0002"
#,symbol,1,0,2,#,,define,layer_43,://,1.0,25578,,435,Ġand,0.000274,1954,,1313,://:1.0000;clips:0.0000;:{:0.0000;Ġanyway:0.0000;Ġ'/:0.0000,"Ġand:0.0003;,:0.0003;.:0.0003;Ġthat:0.0003;;:0.0002"
#,symbol,1,0,2,#,,define,layer_45,://,1.0,21094,,228,",",0.00047,1144,,828,://:1.0000;Ġanyway:0.0000;:{:0.0000;clips:0.0000;Ġ'/:0.0000,",:0.0005;.:0.0005;Ġand:0.0005;Ġthat:0.0004;;:0.0003"
#,symbol,1,0,2,#,,define,layer_47,.,0.540157,73,,137,.,0.051507,52,,46,".:0.5402;Ċ:0.4371;,:0.0103;::0.0054;-:0.0020",".:0.0515;Ċ:0.0430;::0.0262;,:0.0232;1:0.0213"
#,symbol,1,0,2,#,,define,layer_48,Ċ,0.976759,36,,52,define,0.029706,16,,1,"Ċ:0.9768;1:0.0103;.:0.0042;Ġ#:0.0024;Ġ"":0.0020",define:0.0297;1:0.0272;Ċ:0.0170;Ġ#:0.0151;4:0.0139
#,symbol,1,0,2,#,,define,final_logits,define,0.029706,16,,1,,,,,,define:0.0297;1:0.0272;Ċ:0.0170;Ġ#:0.0151;4:0.0139,
$,symbol,1,0,3,$,,1,emb,$,0.000287,1,,3585,$,1.0,1,,2366,"$:0.0003;$,:0.0002;$.:0.0001;Â£:0.0001;.$:0.0001","$:1.0000;$,:0.0000;$.:0.0000;Â£:0.0000;.$:0.0000"
$,symbol,1,0,3,$,,1,layer_1,ADA,0.001715,287,,2147,($,0.003709,16,,182,ADA:0.0017;prem:0.0011;ĠFlake:0.0010;iston:0.0010;milo:0.0009,($:0.0037;300:0.0030;160:0.0029;800:0.0029;150:0.0026
$,symbol,1,0,3,$,,1,layer_2,ADA,0.025382,245,,1690,($,0.015982,22,,257,ADA:0.0254;($:0.0209;Ġtrademark:0.0080;Ġwire:0.0068;5000:0.0056,($:0.0160;5000:0.0040;300:0.0035;150:0.0026;100:0.0026
$,symbol,1,0,3,$,,1,layer_5,5000,0.32388,174,,258,5000,0.011624,41,,51,5000:0.3239;($:0.0683;1000:0.0589;300:0.0431;Ġwire:0.0381,5000:0.0116;500:0.0100;300:0.0082;100:0.0070;150:0.0069
$,symbol,1,0,3,$,,1,layer_11,://,1.0,25594,,34784,Ġand,0.000144,3470,,821,://:1.0000;clips:0.0000;wcsstore:0.0000;:{:0.0000;Ġ'/:0.0000,"Ġand:0.0001;://:0.0001;.:0.0001;,:0.0001;Ġthat:0.0001"
$,symbol,1,0,3,$,,1,layer_16,://,1.0,26825,,36631,Ġand,0.000138,4269,,1093,://:1.0000;clips:0.0000;:{:0.0000;wcsstore:0.0000;Ġ'/:0.0000,"Ġand:0.0001;;:0.0001;.:0.0001;Ġthat:0.0001;,:0.0001"
$,symbol,1,0,3,$,,1,layer_21,://,1.0,27036,,37247,;,0.000135,4247,,1157,://:1.0000;clips:0.0000;:{:0.0000;wcsstore:0.0000;$:0.0000,";:0.0001;Ġand:0.0001;.:0.0001;Ġthat:0.0001;,:0.0001"
$,symbol,1,0,3,$,,1,layer_27,://,1.0,26764,,36948,Ġand,0.000151,4032,,1062,://:1.0000;clips:0.0000;:{:0.0000;wcsstore:0.0000;$:0.0000,"Ġand:0.0002;;:0.0001;Ġthat:0.0001;,:0.0001;.:0.0001"
$,symbol,1,0,3,$,,1,layer_32,://,1.0,26336,,36317,Ġand,0.00017,3768,,884,://:1.0000;clips:0.0000;:{:0.0000;):0.0000;(:0.0000,"Ġand:0.0002;,:0.0002;Ġthat:0.0002;.:0.0002;;:0.0002"
$,symbol,1,0,3,$,,1,layer_37,://,1.0,25697,,35335,Ġand,0.000192,3372,,707,://:1.0000;clips:0.0000;:{:0.0000;):0.0000;(:0.0000,"Ġand:0.0002;,:0.0002;.:0.0002;Ġthat:0.0002;;:0.0002"
$,symbol,1,0,3,$,,1,layer_39,://,1.0,25332,,34702,Ġand,0.000204,3170,,611,://:1.0000;clips:0.0000;:{:0.0000;):0.0000;(:0.0000,"Ġand:0.0002;,:0.0002;.:0.0002;Ġthat:0.0002;;:0.0002"
$,symbol,1,0,3,$,,1,layer_41,://,1.0,24671,,33636,Ġand,0.000227,2844,,477,://:1.0000;clips:0.0000;:{:0.0000;Ġ'/:0.0000;$:0.0000,"Ġand:0.0002;,:0.0002;.:0.0002;Ġthat:0.0002;;:0.0002"
$,symbol,1,0,3,$,,1,layer_43,://,1.0,23331,,31773,Ġand,0.000271,2301,,318,://:1.0000;clips:0.0000;:{:0.0000;Ġ'/:0.0000;Ġanyway:0.0000,"Ġand:0.0003;,:0.0003;.:0.0003;Ġthat:0.0002;;:0.0002"
$,symbol,1,0,3,$,,1,layer_45,://,1.0,18683,,25153,",",0.00045,1199,,158,://:1.0000;clips:0.0000;:{:0.0000;Ġanyway:0.0000;Ġ'/:0.0000,",:0.0005;Ġand:0.0004;.:0.0004;Ġthat:0.0004;Ġto:0.0003"
$,symbol,1,0,3,$,,1,layer_47,Ċ,0.835727,54,,3,1,0.037563,33,,1,"Ċ:0.8357;.:0.0784;1:0.0361;Ġ"":0.0170;,:0.0112",1:0.0376;Ċ:0.0371;.:0.0275;2:0.0214;Ġ(:0.0178
$,symbol,1,0,3,$,,1,layer_48,Ċ,0.856223,58,,2,1,0.04929,20,,1,"Ċ:0.8562;1:0.1241;Ġ"":0.0105;Ġ(:0.0034;2:0.0022",1:0.0493;2:0.0269;5:0.0179;0:0.0178;3:0.0170
$,symbol,1,0,3,$,,1,final_logits,1,0.04929,20,,1,,,,,,1:0.0493;2:0.0269;5:0.0179;0:0.0178;3:0.0170,
%,symbol,1,0,4,%,,Ġof,emb,%,0.000114,1,,41532,%,1.0,1,,35520,"%:0.0001;%"":0.0001;%,:0.0001;%-:0.0001;%.:0.0001","%:1.0000;%,:0.0000;%"":0.0000;%-:0.0000;%.:0.0000"
%,symbol,1,0,4,%,,Ġof,layer_1,Ġscrap,0.002844,493,,1808,Ġpa,0.001348,21,,83,Ġscrap:0.0028;SPONSORED:0.0014;Ġpa:0.0014;ĠGarland:0.0014;Ġdelegate:0.0011,Ġpa:0.0013;Ġscrap:0.0013;ĠDPR:0.0012;Ġbit:0.0011;ĠWR:0.0011
%,symbol,1,0,4,%,,Ġof,layer_2,Ġscrap,0.020912,258,,367,Ġless,0.002795,44,,31,Ġscrap:0.0209;Ġpa:0.0077;Ġbit:0.0067;Ġrun:0.0060;ĠCap:0.0057,Ġless:0.0028;Ġbit:0.0027;Ġhope:0.0024;Ġchance:0.0022;Ġcatch:0.0020
%,symbol,1,0,4,%,,Ġof,layer_5,Ġscrap,0.04372,215,,264,Ġless,0.006668,126,,74,Ġscrap:0.0437;Ġdeal:0.0428;Ġincrease:0.0329;kh:0.0271;Ġequ:0.0266,Ġless:0.0067;Ġchance:0.0054;Ġpercent:0.0038;Ġincrease:0.0036;Ġdeal:0.0030
%,symbol,1,0,4,%,,Ġof,layer_11,://,1.0,12420,,38136,Ġand,0.00015,447,,11,://:1.0000;clips:0.0000;wcsstore:0.0000;:{:0.0000;Ġ'/:0.0000,"Ġand:0.0002;Ġthat:0.0001;.:0.0001;,:0.0001;;:0.0001"
%,symbol,1,0,4,%,,Ġof,layer_16,://,1.0,13713,,40386,Ġand,0.000141,533,,14,://:1.0000;clips:0.0000;:{:0.0000;wcsstore:0.0000;Ġ'/:0.0000,"Ġand:0.0001;Ġthat:0.0001;;:0.0001;.:0.0001;,:0.0001"
%,symbol,1,0,4,%,,Ġof,layer_21,://,1.0,14239,,41140,Ġand,0.000136,577,,14,://:1.0000;clips:0.0000;:{:0.0000;wcsstore:0.0000;Ġ'/:0.0000,"Ġand:0.0001;;:0.0001;Ġthat:0.0001;.:0.0001;,:0.0001"
%,symbol,1,0,4,%,,Ġof,layer_27,://,1.0,13904,,40267,Ġand,0.000153,567,,11,://:1.0000;clips:0.0000;:{:0.0000;wcsstore:0.0000;$:0.0000,"Ġand:0.0002;Ġthat:0.0002;;:0.0001;,:0.0001;.:0.0001"
%,symbol,1,0,4,%,,Ġof,layer_32,://,1.0,13308,,39234,Ġand,0.000173,501,,11,://:1.0000;clips:0.0000;:{:0.0000;wcsstore:0.0000;$:0.0000,"Ġand:0.0002;Ġthat:0.0002;,:0.0002;.:0.0002;;:0.0002"
%,symbol,1,0,4,%,,Ġof,layer_37,://,1.0,12487,,37759,Ġand,0.000195,449,,11,://:1.0000;clips:0.0000;:{:0.0000;Ġ'/:0.0000;$:0.0000,"Ġand:0.0002;,:0.0002;Ġthat:0.0002;.:0.0002;;:0.0002"
%,symbol,1,0,4,%,,Ġof,layer_39,://,1.0,12039,,36996,Ġand,0.000207,424,,9,://:1.0000;clips:0.0000;:{:0.0000;Ġ'/:0.0000;$:0.0000,"Ġand:0.0002;,:0.0002;Ġthat:0.0002;.:0.0002;;:0.0002"
%,symbol,1,0,4,%,,Ġof,layer_41,://,1.0,11306,,35758,Ġand,0.000231,366,,9,://:1.0000;clips:0.0000;:{:0.0000;Ġ'/:0.0000;Ġanyway:0.0000,"Ġand:0.0002;,:0.0002;.:0.0002;Ġthat:0.0002;;:0.0002"
%,symbol,1,0,4,%,,Ġof,layer_43,://,1.0,10201,,33391,Ġand,0.000276,313,,7,://:1.0000;clips:0.0000;Ġanyway:0.0000;Ġ'/:0.0000;:{:0.0000,"Ġand:0.0003;,:0.0003;.:0.0003;Ġthat:0.0003;;:0.0002"
%,symbol,1,0,4,%,,Ġof,layer_45,://,1.0,7107,,24637,Ġand,0.000461,269,,5,://:1.0000;Ġanyway:0.0000;clips:0.0000;Ġ'/:0.0000;:{:0.0000,"Ġand:0.0005;,:0.0005;.:0.0004;Ġthat:0.0004;Ġof:0.0004"
%,symbol,1,0,4,%,,Ġof,layer_47,Ġof,0.905973,153,,1,Ġof,0.1065,138,,1,Ġof:0.9060;Ċ:0.0785;.:0.0059;Ġand:0.0032;Ġin:0.0017,Ġof:0.1065;Ċ:0.0474;Ġin:0.0304;Ġand:0.0277;Ġ(:0.0270
%,symbol,1,0,4,%,,Ġof,layer_48,Ġof,0.960008,104,,1,Ġof,0.142354,35,,1,Ġof:0.9600;Ċ:0.0379;Ġin:0.0011;Ġ(:0.0006;Ġand:0.0002,Ġof:0.1424;Ċ:0.0395;Ġin:0.0218;Ġ(:0.0211;Ġ0:0.0211
%,symbol,1,0,4,%,,Ġof,final_logits,Ġof,0.142354,35,,1,,,,,,Ġof:0.1424;Ċ:0.0395;Ġin:0.0218;Ġ(:0.0211;Ġ0:0.0211,
~,symbol,1,0,93,~,,Ċ,emb,~,0.00048,1,,45611,~,1.0,1,,40237,~:0.0005;~~:0.0001;Ġ~:0.0001;~~~~:0.0001;=~:0.0001,~:1.0000;~~:0.0000;Ġ~:0.0000;~~~~:0.0000;=~:0.0000
~,symbol,1,0,93,~,,Ċ,layer_1,ĠGarland,0.001391,8,,3878,~,0.006771,1,,988,ĠGarland:0.0014;0200:0.0012;cro:0.0011;ĠOsh:0.0010;Ġautomate:0.0007,~:0.0068;=~=~:0.0031;Ġ~:0.0026;0200:0.0026;LOAD:0.0017
~,symbol,1,0,93,~,,Ċ,layer_2,ĠGarland,0.040589,1329,,1051,COR,0.001629,205,,235,ĠGarland:0.0406;ĠArd:0.0061;plates:0.0052;ĠPRESS:0.0043;Ġorganise:0.0038,COR:0.0016;]::0.0016;Ġ~:0.0014;Ġseas:0.0013;=~=~:0.0012
~,symbol,1,0,93,~,,Ċ,layer_5,>[,0.10641,1166,,648,COR,0.003707,354,,143,>[:0.1064;3000:0.0301;:\:0.0170;PLA:0.0147;ĠPRESS:0.0138,COR:0.0037;3000:0.0024;Ġ~:0.0023;Ġseas:0.0022;=~=~:0.0021
~,symbol,1,0,93,~,,Ċ,layer_11,://,1.0,12260,,40186,Ġand,0.000145,756,,7,://:1.0000;clips:0.0000;wcsstore:0.0000;:{:0.0000;Ġ'/:0.0000,"Ġand:0.0001;Ġthat:0.0001;.:0.0001;,:0.0001;;:0.0001"
~,symbol,1,0,93,~,,Ċ,layer_16,://,1.0,12672,,42281,;,0.000138,746,,7,://:1.0000;clips:0.0000;:{:0.0000;wcsstore:0.0000;Ġ'/:0.0000,";:0.0001;Ġand:0.0001;Ġthat:0.0001;.:0.0001;,:0.0001"
~,symbol,1,0,93,~,,Ċ,layer_21,://,1.0,12962,,42965,;,0.000136,725,,7,://:1.0000;clips:0.0000;wcsstore:0.0000;:{:0.0000;$:0.0000,";:0.0001;Ġand:0.0001;Ġthat:0.0001;.:0.0001;,:0.0001"
~,symbol,1,0,93,~,,Ċ,layer_27,://,1.0,12728,,42429,Ġand,0.00015,751,,7,://:1.0000;clips:0.0000;:{:0.0000;wcsstore:0.0000;$:0.0000,"Ġand:0.0002;;:0.0001;Ġthat:0.0001;,:0.0001;.:0.0001"
~,symbol,1,0,93,~,,Ċ,layer_32,://,1.0,12309,,41670,Ġand,0.000169,722,,7,://:1.0000;clips:0.0000;:{:0.0000;):0.0000;(:0.0000,"Ġand:0.0002;,:0.0002;Ġthat:0.0002;.:0.0002;;:0.0002"
~,symbol,1,0,93,~,,Ċ,layer_37,://,1.0,11694,,40457,Ġand,0.000192,654,,7,://:1.0000;clips:0.0000;:{:0.0000;):0.0000;(:0.0000,"Ġand:0.0002;,:0.0002;.:0.0002;Ġthat:0.0002;;:0.0002"
~,symbol,1,0,93,~,,Ċ,layer_39,://,1.0,11391,,39864,Ġand,0.000204,635,,7,://:1.0000;clips:0.0000;:{:0.0000;):0.0000;(:0.0000,"Ġand:0.0002;,:0.0002;.:0.0002;Ġthat:0.0002;;:0.0002"
~,symbol,1,0,93,~,,Ċ,layer_41,://,1.0,10904,,38932,Ġand,0.000227,594,,7,://:1.0000;clips:0.0000;:{:0.0000;Ġ'/:0.0000;$:0.0000,"Ġand:0.0002;,:0.0002;.:0.0002;Ġthat:0.0002;;:0.0002"
~,symbol,1,0,93,~,,Ċ,layer_43,://,1.0,10073,,37138,",",0.000272,539,,7,://:1.0000;clips:0.0000;Ġ'/:0.0000;:{:0.0000;Ġanyway:0.0000,",:0.0003;Ġand:0.0003;.:0.0003;Ġthat:0.0002;;:0.0002"
~,symbol,1,0,93,~,,Ċ,layer_45,://,1.0,7360,,29801,",",0.000475,393,,7,://:1.0000;clips:0.0000;Ġanyway:0.0000;:{:0.0000;Ġ'/:0.0000,",:0.0005;Ġand:0.0004;.:0.0004;Ġthat:0.0004;Ġto:0.0003"
~,symbol,1,0,93,~,,Ċ,layer_47,Ċ,0.842299,198,,1,Ċ,0.063256,91,,1,"Ċ:0.8423;.:0.0623;-:0.0492;,:0.0428;"":0.0017","Ċ:0.0633;.:0.0489;,:0.0396;-:0.0343;"":0.0239"
~,symbol,1,0,93,~,,Ċ,layer_48,Ċ,0.955814,132,,1,Ċ,0.045189,32,,1,"Ċ:0.9558;-:0.0422;,:0.0015;.:0.0002;Ġ(:0.0001",Ċ:0.0452;-:0.0225;1:0.0198;0:0.0153;.:0.0133
~,symbol,1,0,93,~,,Ċ,final_logits,Ċ,0.045189,32,,1,,,,,,Ċ:0.0452;-:0.0225;1:0.0198;0:0.0153;.:0.0133,
 ,whitespace,1,0,220,Ġ,,Âł,emb,Ġ,0.000277,1,,3,Ġ,1.0,1,,3,Ġ:0.0003;ĠÂł:0.0001;Âł:0.0001;ĠÂłĠÂł:0.0001;ĠÂłÂł:0.0001,Ġ:1.0000;ĠÂł:0.0000;Âł:0.0000;ĠÂłĠÂł:0.0000;ĠÂłÂł:0.0000
 ,whitespace,1,0,220,Ġ,,Âł,layer_1,Ġ,0.003005,1,,3,Ġ,0.035799,1,,2,Ġ:0.0030;idden:0.0019;Âł:0.0019;ãĢİ:0.0016;ĠCA:0.0015,Ġ:0.0358;Âł:0.0257;ÃĤ:0.0054;------------------------:0.0029;ãĢİ:0.0029
 ,whitespace,1,0,220,Ġ,,Âł,layer_2,Âł,0.044472,2,,1,Âł,0.042676,2,,1,Âł:0.0445;Ġ:0.0275;ãĢİ:0.0266;idden:0.0169;iced:0.0140,Âł:0.0427;Ġ:0.0232;iced:0.0083;------------:0.0063;ãĢİ:0.0050
 ,whitespace,1,0,220,Ġ,,Âł,layer_5,Âł,0.652801,7,,1,Âł,0.133296,4,,1,Âł:0.6528;iced:0.1088;------------:0.0662;---------------:0.0293;Ġte:0.0148,Âł:0.1333;iced:0.0165;------------:0.0133;Ġ:0.0117;------------------------:0.0087
 ,whitespace,1,0,220,Ġ,,Âł,layer_11,://,1.0,37058,,42214,.,0.00015,194,,842,://:1.0000;clips:0.0000;:{:0.0000;wcsstore:0.0000;Ġ'/:0.0000,".:0.0001;,:0.0001;Ġand:0.0001;;:0.0001;Ġthat:0.0001"
 ,whitespace,1,0,220,Ġ,,Âł,layer_16,://,1.0,40219,,44773,;,0.00014,429,,2804,://:1.0000;clips:0.0000;:{:0.0000;wcsstore:0.0000;Ġ'/:0.0000,";:0.0001;.:0.0001;Ġand:0.0001;,:0.0001;Ġthat:0.0001"
 ,whitespace,1,0,220,Ġ,,Âł,layer_21,://,1.0,41100,,45424,;,0.000138,537,,3812,://:1.0000;clips:0.0000;:{:0.0000;):0.0000;(:0.0000,";:0.0001;.:0.0001;Ġand:0.0001;,:0.0001;Ġthat:0.0001"
 ,whitespace,1,0,220,Ġ,,Âł,layer_27,://,1.0,40664,,45305,Ġand,0.00015,427,,3414,://:1.0000;clips:0.0000;):0.0000;%:0.0000;*:0.0000,"Ġand:0.0002;,:0.0001;.:0.0001;;:0.0001;Ġthat:0.0001"
 ,whitespace,1,0,220,Ġ,,Âł,layer_32,://,1.0,40056,,45024,",",0.00017,341,,2855,://:1.0000;clips:0.0000;):0.0000;%:0.0000;*:0.0000,",:0.0002;Ġand:0.0002;.:0.0002;Ġthat:0.0002;;:0.0002"
 ,whitespace,1,0,220,Ġ,,Âł,layer_37,://,1.0,39015,,44380,",",0.000193,256,,2111,://:1.0000;clips:0.0000;):0.0000;%:0.0000;*:0.0000,",:0.0002;Ġand:0.0002;.:0.0002;Ġthat:0.0002;;:0.0002"
 ,whitespace,1,0,220,Ġ,,Âł,layer_39,://,1.0,38443,,44020,",",0.000205,220,,1776,://:1.0000;clips:0.0000;):0.0000;%:0.0000;*:0.0000,",:0.0002;Ġand:0.0002;.:0.0002;Ġthat:0.0002;;:0.0002"
 ,whitespace,1,0,220,Ġ,,Âł,layer_41,://,1.0,37551,,43519,",",0.000229,187,,1404,://:1.0000;clips:0.0000;):0.0000;%:0.0000;*:0.0000,",:0.0002;Ġand:0.0002;.:0.0002;Ġthat:0.0002;;:0.0002"
 ,whitespace,1,0,220,Ġ,,Âł,layer_43,://,1.0,35842,,42234,",",0.000277,146,,815,://:1.0000;clips:0.0000;Ġanyway:0.0000;:{:0.0000;Ġ'/:0.0000,",:0.0003;.:0.0003;Ġand:0.0003;Ġthat:0.0002;;:0.0002"
 ,whitespace,1,0,220,Ġ,,Âł,layer_45,://,1.0,28643,,36636,",",0.000478,75,,257,://:1.0000;Ġanyway:0.0000;clips:0.0000;:{:0.0000;.(:0.0000,",:0.0005;.:0.0005;Ġand:0.0004;Ġthat:0.0004;Ġto:0.0003"
 ,whitespace,1,0,220,Ġ,,Âł,layer_47,Âł,0.897569,2,,1,Âł,0.127936,2,,1,"Âł:0.8976;Ġ:0.0859;.:0.0133;Ċ:0.0019;,:0.0011","Âł:0.1279;Ġ:0.0994;.:0.0597;,:0.0363;Ċ:0.0316"
 ,whitespace,1,0,220,Ġ,,Âł,layer_48,Âł,0.99993,2,,1,Âł,0.429558,2,,1,Âł:0.9999;Ġ:0.0001;????:0.0000;~~:0.0000;ê:0.0000,Âł:0.4296;Ġ:0.0240;????:0.0212;î:0.0172;iced:0.0124
 ,whitespace,1,0,220,Ġ,,Âł,final_logits,Âł,0.429558,2,,1,,,,,,Âł:0.4296;Ġ:0.0240;????:0.0212;î:0.0172;iced:0.0124,
"
",whitespace,1,0,198,Ċ,,Ċ,emb,Ċ,5.6e-05,1,,1,Ċ,1.0,1,,1,Ċ:0.0001;ĊĊ:0.0000;<|endoftext|>:0.0000;ĠThe:0.0000;ĠThis:0.0000,Ċ:1.0000;ĊĊ:0.0000;<|endoftext|>:0.0000;ĠThe:0.0000;ĠThis:0.0000
"
",whitespace,1,0,198,Ċ,,Ċ,layer_1,Ġdrill,0.001219,16,,16,Ċ,0.002825,1,,1,Ġdrill:0.0012;ĠFlore:0.0009;ĠGarland:0.0009;Ġcrochet:0.0008;ĠArd:0.0008,Ċ:0.0028;ĊĊ:0.0007;Ġand:0.0007;Ġclose:0.0006;ĠI:0.0006
"
",whitespace,1,0,198,Ċ,,Ċ,layer_2,Ġscrap,0.004615,21,,21,Ċ,0.001484,1,,1,Ġscrap:0.0046;Ġdrill:0.0036;Ġclose:0.0031;Ġpolice:0.0029;Ġbackstage:0.0028,"Ċ:0.0015;Ġ"":0.0010;Ġclose:0.0010;ĠI:0.0009;Ġand:0.0009"
"
",whitespace,1,0,198,Ċ,,Ċ,layer_5,Ġprofessional,0.013489,8,,8,Ċ,0.001249,1,,1,Ġprofessional:0.0135;Ġlaw:0.0106;PLA:0.0089;Ġscrap:0.0086;Ġhard:0.0079,"Ċ:0.0012;Ġ"":0.0010;Ġprofessional:0.0009;Ġgood:0.0008;"":0.0008"
"
",whitespace,1,0,198,Ċ,,Ċ,layer_11,://,1.0,39092,,39092,Ġand,0.000144,5,,5,://:1.0000;clips:0.0000;:{:0.0000;wcsstore:0.0000;Ġ'/:0.0000,"Ġand:0.0001;Ġthat:0.0001;.:0.0001;,:0.0001;Ċ:0.0001"
"
",whitespace,1,0,198,Ċ,,Ċ,layer_16,://,1.0,41818,,41818,Ġand,0.000137,6,,6,://:1.0000;clips:0.0000;:{:0.0000;wcsstore:0.0000;Ġ'/:0.0000,"Ġand:0.0001;;:0.0001;Ġthat:0.0001;.:0.0001;,:0.0001"
"
",whitespace,1,0,198,Ċ,,Ċ,layer_21,://,1.0,42625,,42625,;,0.000134,6,,6,://:1.0000;clips:0.0000;:{:0.0000;wcsstore:0.0000;$:0.0000,";:0.0001;Ġand:0.0001;Ġthat:0.0001;.:0.0001;,:0.0001"
"
",whitespace,1,0,198,Ċ,,Ċ,layer_27,://,1.0,42068,,42068,Ġand,0.00015,6,,6,://:1.0000;clips:0.0000;:{:0.0000;wcsstore:0.0000;$:0.0000,"Ġand:0.0001;Ġthat:0.0001;;:0.0001;,:0.0001;.:0.0001"
"
",whitespace,1,0,198,Ċ,,Ċ,layer_32,://,1.0,41270,,41270,Ġand,0.000169,6,,6,://:1.0000;clips:0.0000;:{:0.0000;):0.0000;(:0.0000,"Ġand:0.0002;,:0.0002;Ġthat:0.0002;.:0.0002;;:0.0002"
"
",whitespace,1,0,198,Ċ,,Ċ,layer_37,://,1.0,40014,,40014,Ġand,0.000192,6,,6,://:1.0000;clips:0.0000;:{:0.0000;):0.0000;(:0.0000,"Ġand:0.0002;,:0.0002;Ġthat:0.0002;.:0.0002;;:0.0002"
"
",whitespace,1,0,198,Ċ,,Ċ,layer_39,://,1.0,39371,,39371,Ġand,0.000204,6,,6,://:1.0000;clips:0.0000;:{:0.0000;):0.0000;(:0.0000,"Ġand:0.0002;,:0.0002;.:0.0002;Ġthat:0.0002;;:0.0002"
"
",whitespace,1,0,198,Ċ,,Ċ,layer_41,://,1.0,38350,,38350,Ġand,0.000227,6,,6,://:1.0000;clips:0.0000;:{:0.0000;Ġ'/:0.0000;Ġanyway:0.0000,"Ġand:0.0002;,:0.0002;.:0.0002;Ġthat:0.0002;;:0.0002"
"
",whitespace,1,0,198,Ċ,,Ċ,layer_43,://,1.0,36304,,36304,",",0.000272,6,,6,://:1.0000;clips:0.0000;Ġanyway:0.0000;:{:0.0000;Ġ'/:0.0000,",:0.0003;Ġand:0.0003;.:0.0003;Ġthat:0.0003;;:0.0002"
"
",whitespace,1,0,198,Ċ,,Ċ,layer_45,://,1.0,27771,,27771,",",0.000476,5,,5,://:1.0000;clips:0.0000;Ġanyway:0.0000;:{:0.0000;.(:0.0000,",:0.0005;Ġand:0.0005;.:0.0005;Ġthat:0.0004;Ċ:0.0004"
"
",whitespace,1,0,198,Ċ,,Ċ,layer_47,Ċ,0.998828,1,,1,Ċ,0.118069,1,,1,"Ċ:0.9988;"":0.0009;The:0.0003;-:0.0000;.:0.0000","Ċ:0.1181;"":0.0490;The:0.0324;In:0.0120;A:0.0113"
"
",whitespace,1,0,198,Ċ,,Ċ,layer_48,Ċ,1.0,1,,1,Ċ,0.503155,1,,1,"Ċ:1.0000;The:0.0000;"":0.0000;In:0.0000;-:0.0000","Ċ:0.5032;The:0.0389;"":0.0341;In:0.0105;A:0.0073"
"
",whitespace,1,0,198,Ċ,,Ċ,final_logits,Ċ,0.503155,1,,1,,,,,,"Ċ:0.5032;The:0.0389;"":0.0341;In:0.0105;A:0.0073",
	,whitespace,1,0,197,ĉ,,on,emb,rawdownload,0.018501,2,,49645,rawdownload,0.043668,2,,49599,rawdownload:0.0185;ĉ:0.0181;Ĕ:0.0181;ā:0.0180;embedreportprint:0.0179,rawdownload:0.0437;ĉ:0.0357;Ĕ:0.0313;embedreportprint:0.0306;ā:0.0304
	,whitespace,1,0,197,ĉ,,on,layer_1,ĉ,0.029971,1,,11226,ĉ,0.028826,1,,9238,ĉ:0.0300;ď:0.0281;embedreportprint:0.0275;ğ:0.0258;Ĉ:0.0249,ĉ:0.0288;embedreportprint:0.0269;Ā:0.0233;ĠRandomRedditor:0.0229;ğ:0.0223
	,whitespace,1,0,197,ĉ,,on,layer_2,CHA,0.179379,5,,1986,embedreportprint,0.018345,2,,2172,CHA:0.1794;embedreportprint:0.0230;ď:0.0216;ġ:0.0202;ĉ:0.0195,embedreportprint:0.0183;ĉ:0.0179;Ā:0.0177;ĠRandomRedditor:0.0155;ď:0.0155
	,whitespace,1,0,197,ĉ,,on,layer_5,CHA,0.560525,37402,,214,ment,0.025189,33196,,280,CHA:0.5605;ment:0.1317;Ġtech:0.0186;ĠCoun:0.0175;Ġfl:0.0127,ment:0.0252;CHA:0.0153;ĠCoun:0.0083;Ġtech:0.0082;ĠReborn:0.0062
	,whitespace,1,0,197,ĉ,,on,layer_11,://,1.0,40737,,42309,",",0.000155,50216,,1752,://:1.0000;clips:0.0000;wcsstore:0.0000;:{:0.0000;Ġ'/:0.0000,",:0.0002;Ġand:0.0002;;:0.0001;Ġthat:0.0001;.:0.0001"
	,whitespace,1,0,197,ĉ,,on,layer_16,://,1.0,35295,,44101,;,0.000144,50215,,2881,://:1.0000;clips:0.0000;:{:0.0000;wcsstore:0.0000;Ġ'/:0.0000,";:0.0001;Ġand:0.0001;,:0.0001;Ġthat:0.0001;.:0.0001"
	,whitespace,1,0,197,ĉ,,on,layer_21,://,1.0,31610,,44594,;,0.000141,50216,,3294,://:1.0000;clips:0.0000;:{:0.0000;wcsstore:0.0000;Ġ'/:0.0000,";:0.0001;Ġand:0.0001;,:0.0001;Ġthat:0.0001;.:0.0001"
	,whitespace,1,0,197,ĉ,,on,layer_27,://,1.0,34807,,44585,Ġand,0.000157,50216,,3248,://:1.0000;clips:0.0000;:{:0.0000;wcsstore:0.0000;$:0.0000,"Ġand:0.0002;,:0.0002;;:0.0002;Ġthat:0.0002;.:0.0001"
	,whitespace,1,0,197,ĉ,,on,layer_32,://,1.0,38238,,44438,Ġand,0.000178,50216,,3063,://:1.0000;clips:0.0000;:{:0.0000;):0.0000;(:0.0000,"Ġand:0.0002;,:0.0002;Ġthat:0.0002;;:0.0002;.:0.0002"
	,whitespace,1,0,197,ĉ,,on,layer_37,://,1.0,42790,,44050,",",0.000201,50216,,2617,://:1.0000;clips:0.0000;:{:0.0000;):0.0000;(:0.0000,",:0.0002;Ġand:0.0002;Ġthat:0.0002;.:0.0002;;:0.0002"
	,whitespace,1,0,197,ĉ,,on,layer_39,://,1.0,44505,,43784,",",0.000215,50216,,2376,://:1.0000;clips:0.0000;:{:0.0000;Ġ'/:0.0000;$:0.0000,",:0.0002;Ġand:0.0002;Ġthat:0.0002;.:0.0002;;:0.0002"
	,whitespace,1,0,197,ĉ,,on,layer_41,://,1.0,46645,,43468,",",0.00024,50216,,2031,://:1.0000;clips:0.0000;:{:0.0000;Ġ'/:0.0000;Ġanyway:0.0000,",:0.0002;Ġand:0.0002;.:0.0002;Ġthat:0.0002;;:0.0002"
	,whitespace,1,0,197,ĉ,,on,layer_43,://,1.0,48741,,42795,",",0.000293,50213,,1508,://:1.0000;clips:0.0000;Ġanyway:0.0000;Ġ'/:0.0000;:{:0.0000,",:0.0003;Ġand:0.0003;.:0.0003;Ġthat:0.0003;;:0.0002"
	,whitespace,1,0,197,ĉ,,on,layer_45,://,1.0,50131,,39830,",",0.000533,50211,,797,://:1.0000;clips:0.0000;Ġanyway:0.0000;.(:0.0000;Ġ'/:0.0000,",:0.0005;Ġand:0.0005;.:0.0005;Ġthat:0.0004;;:0.0004"
	,whitespace,1,0,197,ĉ,,on,layer_47,",",0.308726,50216,,31,",",0.104644,50231,,20,",:0.3087;.:0.2602;-:0.1731;;:0.0940;Ġof:0.0917",",:0.1046;-:0.0728;.:0.0488;Ġof:0.0419;"":0.0204"
	,whitespace,1,0,197,ĉ,,on,layer_48,opter,0.215939,30404,,6,on,0.048902,48243,,1,opter:0.2159;kl:0.1244;pp:0.0859;val:0.0529;hene:0.0452,on:0.0489;pp:0.0423;he:0.0252;kl:0.0170;ak:0.0170
	,whitespace,1,0,197,ĉ,,on,final_logits,on,0.048902,48243,,1,,,,,,on:0.0489;pp:0.0423;he:0.0252;kl:0.0170;ak:0.0170,
's,subword_fragment,1,0,338,'s,,Ġa,emb,'s,5.8e-05,1,,571,'s,1.0,1,,430,'s:0.0001;ÃŃs:0.0000;Ġis:0.0000;Ġhas:0.0000;Â´:0.0000,'s:1.0000;ÃŃs:0.0000;Ġis:0.0000;Ġhas:0.0000;Â´:0.0000
's,subword_fragment,1,0,338,'s,,Ġa,layer_1,ĠSAF,0.001285,1959,,865,Ġofficial,0.001356,180,,17,ĠSAF:0.0013;Ġofficial:0.0013;ĠArd:0.0011;Ġdrill:0.0010;Ġbackstage:0.0009,Ġofficial:0.0014;Ġmain:0.0011;Ġnot:0.0010;Ġrec:0.0009;Ġclose:0.0009
's,subword_fragment,1,0,338,'s,,Ġa,layer_2,Ġofficial,0.019589,1998,,156,Ġofficial,0.003284,589,,13,Ġofficial:0.0196;Ġdrill:0.0051;Ġposter:0.0047;Ġtrademark:0.0039;ĠSAF:0.0037,Ġofficial:0.0033;Ġnot:0.0019;Ġmain:0.0018;Ġgot:0.0015;Ġposition:0.0015
's,subword_fragment,1,0,338,'s,,Ġa,layer_5,Ġofficial,0.213604,2829,,118,Ġofficial,0.007632,1544,,26,Ġofficial:0.2136;Ġposition:0.0330;Ġlatest:0.0281;Ġworth:0.0210;Ġinternal:0.0118,Ġofficial:0.0076;Ġlatest:0.0076;Ġposition:0.0048;Ġoriginal:0.0042;Ġmain:0.0034
's,subword_fragment,1,0,338,'s,,Ġa,layer_11,://,1.0,36666,,44553,Ġand,0.000144,45,,32,://:1.0000;clips:0.0000;:{:0.0000;Ġ'/:0.0000;wcsstore:0.0000,"Ġand:0.0001;Ġthat:0.0001;.:0.0001;,:0.0001;Ġbecause:0.0001"
's,subword_fragment,1,0,338,'s,,Ġa,layer_16,://,1.0,38555,,45965,Ġand,0.000137,49,,42,://:1.0000;clips:0.0000;:{:0.0000;wcsstore:0.0000;Ġ'/:0.0000,"Ġand:0.0001;Ġthat:0.0001;.:0.0001;;:0.0001;,:0.0001"
's,subword_fragment,1,0,338,'s,,Ġa,layer_21,://,1.0,39272,,46462,;,0.000133,47,,48,://:1.0000;clips:0.0000;:{:0.0000;wcsstore:0.0000;$:0.0000,";:0.0001;Ġand:0.0001;Ġthat:0.0001;.:0.0001;,:0.0001"
's,subword_fragment,1,0,338,'s,,Ġa,layer_27,://,1.0,38475,,45977,Ġand,0.00015,41,,36,://:1.0000;clips:0.0000;:{:0.0000;):0.0000;(:0.0000,"Ġand:0.0002;Ġthat:0.0001;.:0.0001;,:0.0001;;:0.0001"
's,subword_fragment,1,0,338,'s,,Ġa,layer_32,://,1.0,37509,,45452,Ġand,0.000169,34,,29,://:1.0000;clips:0.0000;):0.0000;%:0.0000;*:0.0000,"Ġand:0.0002;Ġthat:0.0002;,:0.0002;.:0.0002;;:0.0002"
's,subword_fragment,1,0,338,'s,,Ġa,layer_37,://,1.0,36247,,44655,Ġand,0.000192,34,,28,://:1.0000;clips:0.0000;):0.0000;%:0.0000;*:0.0000,"Ġand:0.0002;,:0.0002;Ġthat:0.0002;.:0.0002;;:0.0002"
's,subword_fragment,1,0,338,'s,,Ġa,layer_39,://,1.0,35628,,44142,Ġand,0.000204,33,,27,://:1.0000;clips:0.0000;):0.0000;%:0.0000;*:0.0000,"Ġand:0.0002;,:0.0002;.:0.0002;Ġthat:0.0002;;:0.0002"
's,subword_fragment,1,0,338,'s,,Ġa,layer_41,://,1.0,34557,,43425,Ġand,0.000227,32,,24,://:1.0000;clips:0.0000;Ġ'/:0.0000;Ġanyway:0.0000;:{:0.0000,"Ġand:0.0002;,:0.0002;.:0.0002;Ġthat:0.0002;;:0.0002"
's,subword_fragment,1,0,338,'s,,Ġa,layer_43,://,1.0,32770,,42004,Ġand,0.000271,29,,21,://:1.0000;clips:0.0000;Ġanyway:0.0000;Ġ'/:0.0000;:{:0.0000,"Ġand:0.0003;,:0.0003;.:0.0003;Ġthat:0.0003;;:0.0002"
's,subword_fragment,1,0,338,'s,,Ġa,layer_45,://,1.0,26089,,35301,",",0.000467,28,,17,://:1.0000;Ġanyway:0.0000;clips:0.0000;Ġ'/:0.0000;.(:0.0000,",:0.0005;Ġand:0.0005;.:0.0004;Ġthat:0.0004;Ġto:0.0003"
's,subword_fragment,1,0,338,'s,,Ġa,layer_47,Ġa,0.735865,126,,1,Ġa,0.042896,96,,1,"Ġa:0.7359;Ġthe:0.2452;Ġ"":0.0107;Ġnot:0.0056;.:0.0009","Ġa:0.0429;Ġthe:0.0304;Ġnot:0.0172;Ġ"":0.0130;,:0.0127"
's,subword_fragment,1,0,338,'s,,Ġa,layer_48,Ġa,0.904501,326,,1,Ġa,0.042627,505,,1,"Ġa:0.9045;Ġthe:0.0902;Ġnot:0.0032;Ġ"":0.0020;Ġfirst:0.0000",Ġa:0.0426;Ġnot:0.0280;Ġthe:0.0202;Ġjust:0.0086;Ġan:0.0071
's,subword_fragment,1,0,338,'s,,Ġa,final_logits,Ġa,0.042627,505,,1,,,,,,Ġa:0.0426;Ġnot:0.0280;Ġthe:0.0202;Ġjust:0.0086;Ġan:0.0071,
n't,subword_fragment,2,0,77,n,470,.,emb,n,0.000153,1,5216,18850,n,1.0,1,4429,16522,n:0.0002;nb:0.0001;nu:0.0001;ns:0.0001;nr:0.0001,n:1.0000;nb:0.0000;nu:0.0000;ns:0.0000;nr:0.0000
n't,subword_fragment,2,0,77,n,470,.,layer_1,ahi,0.001733,978,315,4159,oth,0.002337,58,22,1716,ahi:0.0017;apolis:0.0017;ab:0.0016;cro:0.0015;oth:0.0013,oth:0.0023;ips:0.0019;asty:0.0016;atur:0.0016;ab:0.0016
n't,subword_fragment,2,0,77,n,470,.,layer_2,cro,0.031399,532,22,706,'t,0.00337,50,1,218,cro:0.0314;ab:0.0157;ahi:0.0111;ast:0.0101;apolis:0.0077,'t:0.0034;asty:0.0029;ast:0.0023;ips:0.0021;ighth:0.0019
n't,subword_fragment,2,0,77,n,470,.,layer_5,'t,0.196381,1390,1,772,'t,0.011833,313,1,298,'t:0.1964;autical:0.1048;cro:0.0929;oth:0.0429;asty:0.0381,'t:0.0118;asty:0.0064;odes:0.0041;ag:0.0036;ives:0.0034
n't,subword_fragment,2,0,77,n,470,.,layer_11,://,1.0,35359,1093,25848,.,0.000146,1809,22,1,://:1.0000;clips:0.0000;:{:0.0000;Ġ'/:0.0000;wcsstore:0.0000,".:0.0001;Ġand:0.0001;,:0.0001;Ġthat:0.0001;;:0.0001"
n't,subword_fragment,2,0,77,n,470,.,layer_16,://,1.0,36835,1391,28345,Ġand,0.000139,2040,34,2,://:1.0000;clips:0.0000;:{:0.0000;wcsstore:0.0000;Ġ'/:0.0000,"Ġand:0.0001;.:0.0001;;:0.0001;,:0.0001;Ġthat:0.0001"
n't,subword_fragment,2,0,77,n,470,.,layer_21,://,1.0,37443,1510,29517,;,0.000137,2131,31,3,://:1.0000;clips:0.0000;:{:0.0000;wcsstore:0.0000;$:0.0000,";:0.0001;Ġand:0.0001;.:0.0001;,:0.0001;Ġthat:0.0001"
n't,subword_fragment,2,0,77,n,470,.,layer_27,://,1.0,37213,1397,28349,Ġand,0.000152,1952,36,3,://:1.0000;clips:0.0000;:{:0.0000;):0.0000;(:0.0000,"Ġand:0.0002;,:0.0002;.:0.0001;Ġthat:0.0001;;:0.0001"
n't,subword_fragment,2,0,77,n,470,.,layer_32,://,1.0,36718,1298,26842,Ġand,0.000171,1727,42,3,://:1.0000;clips:0.0000;:{:0.0000;):0.0000;(:0.0000,"Ġand:0.0002;,:0.0002;.:0.0002;Ġthat:0.0002;;:0.0002"
n't,subword_fragment,2,0,77,n,470,.,layer_37,://,1.0,35817,1147,24743,",",0.000194,1417,42,3,://:1.0000;clips:0.0000;:{:0.0000;):0.0000;(:0.0000,",:0.0002;Ġand:0.0002;.:0.0002;Ġthat:0.0002;;:0.0002"
n't,subword_fragment,2,0,77,n,470,.,layer_39,://,1.0,35272,1056,23631,",",0.000207,1262,44,3,://:1.0000;clips:0.0000;:{:0.0000;):0.0000;(:0.0000,",:0.0002;Ġand:0.0002;.:0.0002;Ġthat:0.0002;;:0.0002"
n't,subword_fragment,2,0,77,n,470,.,layer_41,://,1.0,34461,936,21897,",",0.000231,1062,48,3,://:1.0000;clips:0.0000;:{:0.0000;Ġ'/:0.0000;$:0.0000,",:0.0002;Ġand:0.0002;.:0.0002;Ġthat:0.0002;;:0.0002"
n't,subword_fragment,2,0,77,n,470,.,layer_43,://,1.0,33049,761,19104,",",0.000279,790,49,3,://:1.0000;clips:0.0000;Ġ'/:0.0000;:{:0.0000;Ġanyway:0.0000,",:0.0003;Ġand:0.0003;.:0.0003;Ġthat:0.0002;;:0.0002"
n't,subword_fragment,2,0,77,n,470,.,layer_45,://,1.0,28557,404,11942,",",0.000484,447,46,2,://:1.0000;clips:0.0000;Ġanyway:0.0000;:{:0.0000;Ġ'/:0.0000,",:0.0005;.:0.0005;Ġand:0.0004;Ġthat:0.0004;;:0.0003"
n't,subword_fragment,2,0,77,n,470,.,layer_47,.,0.700368,53,50,1,.,0.112275,39,18,1,".:0.7004;,:0.2907;-:0.0054;Ċ:0.0016;Ġand:0.0008",".:0.1123;,:0.1040;-:0.0309;Ġand:0.0218;Ċ:0.0205"
n't,subword_fragment,2,0,77,n,470,.,layer_48,.,0.598593,55,32,1,.,0.044968,62,5,1,".:0.5986;,:0.3157;-:0.0734;/:0.0044;):0.0023",".:0.0450;,:0.0270;):0.0195;/:0.0171;'t:0.0169"
n't,subword_fragment,2,0,77,n,470,.,final_logits,.,0.044968,62,5,1,,,,,,".:0.0450;,:0.0270;):0.0195;/:0.0171;'t:0.0169",
n't,subword_fragment,2,1,470,'t,,Ġyou,emb,'t,0.000101,1,,34024,'t,1.0,1,,27446,'t:0.0001;NOT:0.0000;Â´:0.0000;`:0.0000;etsk:0.0000,'t:1.0000;Â´:0.0000;NOT:0.0000;`:0.0000;nt:0.0000
n't,subword_fragment,2,1,470,'t,,Ġyou,layer_1,Ġnecessarily,0.001869,12344,,957,Ġnecessarily,0.048712,4397,,428,Ġnecessarily:0.0019;Ġreally:0.0013;Ġeven:0.0011;Ġcropped:0.0009;ĠArd:0.0007,Ġnecessarily:0.0487;Ġreally:0.0260;Ġeven:0.0228;Ġsee:0.0098;Ġexactly:0.0077
n't,subword_fragment,2,1,470,'t,,Ġyou,layer_2,Ġnecessarily,0.031427,19722,,889,Ġnecessarily,0.040925,8789,,356,Ġnecessarily:0.0314;Ġreally:0.0164;Ġeven:0.0103;ĠArd:0.0077;Ġquite:0.0050,Ġnecessarily:0.0409;Ġreally:0.0241;Ġeven:0.0186;Ġsee:0.0074;Ġquite:0.0068
n't,subword_fragment,2,1,470,'t,,Ġyou,layer_5,Ġnecessarily,0.289959,30191,,514,Ġnecessarily,0.056554,17465,,248,Ġnecessarily:0.2900;Ġeven:0.0966;Ġreally:0.0395;Ġg:0.0249;Ġmind:0.0229,Ġnecessarily:0.0566;Ġeven:0.0237;Ġreally:0.0128;Ġquite:0.0079;Ġmind:0.0065
n't,subword_fragment,2,1,470,'t,,Ġyou,layer_11,Ġnecessarily,0.267156,33938,,768,Ġnecessarily,0.057349,23333,,481,Ġnecessarily:0.2672;Ġfly:0.1568;Ġeven:0.0509;Ġg:0.0469;Ġquite:0.0328,Ġnecessarily:0.0573;Ġeven:0.0183;Ġquite:0.0146;Ġreally:0.0101;Ġfly:0.0098
n't,subword_fragment,2,1,470,'t,,Ġyou,layer_16,Ġreally,0.289276,20543,,220,Ġreally,0.056056,11455,,143,Ġreally:0.2893;Ġeven:0.2743;Ġnecessarily:0.1005;Ġg:0.0968;Ġfly:0.0524,Ġreally:0.0561;Ġnecessarily:0.0450;Ġeven:0.0438;Ġquite:0.0191;Ġexactly:0.0135
n't,subword_fragment,2,1,470,'t,,Ġyou,layer_21,Ġreally,0.278388,19576,,236,Ġreally,0.032462,9201,,201,Ġreally:0.2784;Ġbeen:0.1646;theless:0.1012;Ġbe:0.0807;Ġquite:0.0587,Ġreally:0.0325;Ġnecessarily:0.0308;Ġquite:0.0223;Ġbeen:0.0179;Ġsure:0.0160
n't,subword_fragment,2,1,470,'t,,Ġyou,layer_27,Ġquite,0.749558,16215,,41,Ġquite,0.05702,7893,,51,Ġquite:0.7496;Ġreally:0.1380;Ġbeen:0.0499;Ġbe:0.0181;Ġalways:0.0179,Ġquite:0.0570;Ġreally:0.0273;Ġnecessarily:0.0272;aan:0.0143;Ġbeen:0.0139
n't,subword_fragment,2,1,470,'t,,Ġyou,layer_32,Ġreally,0.903316,7480,,9,Ġreally,0.068243,2799,,19,Ġreally:0.9033;Ġbe:0.0575;Ġquite:0.0320;Ġeven:0.0047;Ġalways:0.0006,Ġreally:0.0682;Ġquite:0.0622;Ġnecessarily:0.0297;Ġexactly:0.0270;Ġeven:0.0141
n't,subword_fragment,2,1,470,'t,,Ġyou,layer_37,Ġbe,0.846793,4363,,5,Ġreally,0.06641,1693,,4,Ġbe:0.8468;Ġeven:0.0846;Ġreally:0.0528;ĠI:0.0129;Ġyou:0.0027,Ġreally:0.0664;Ġeven:0.0411;Ġquite:0.0247;Ġyou:0.0233;Ġexactly:0.0180
n't,subword_fragment,2,1,470,'t,,Ġyou,layer_39,Ġbe,0.52994,4023,,2,Ġyou,0.065793,1667,,1,Ġbe:0.5299;Ġyou:0.4174;ĠI:0.0481;Ġeven:0.0023;Ġreally:0.0016,Ġyou:0.0658;Ġreally:0.0549;Ġeven:0.0343;Ġit:0.0297;Ġthey:0.0290
n't,subword_fragment,2,1,470,'t,,Ġyou,layer_41,Ġbe,0.816669,3261,,2,Ġyou,0.05627,1387,,1,Ġbe:0.8167;Ġyou:0.0900;ĠI:0.0841;Ġit:0.0071;Ġeven:0.0018,Ġyou:0.0563;Ġit:0.0467;Ġreally:0.0423;Ġeven:0.0368;Ġthey:0.0338
n't,subword_fragment,2,1,470,'t,,Ġyou,layer_43,Ġyou,0.760702,2240,,1,Ġyou,0.096071,1017,,1,Ġyou:0.7607;Ġbe:0.1416;ĠI:0.0961;Ġit:0.0015;Ġwe:0.0000,Ġyou:0.0961;Ġit:0.0543;Ġthey:0.0381;Ġeven:0.0347;Ġreally:0.0346
n't,subword_fragment,2,1,470,'t,,Ġyou,layer_45,Ġbe,0.538391,1789,,2,Ġyou,0.085914,851,,1,Ġbe:0.5384;Ġyou:0.4134;ĠI:0.0464;Ġit:0.0019;Ġwe:0.0000,Ġyou:0.0859;Ġit:0.0552;ĠI:0.0332;Ġthey:0.0293;Ġbe:0.0286
n't,subword_fragment,2,1,470,'t,,Ġyou,layer_47,Ġbe,0.653299,1450,,2,Ġyou,0.055587,625,,1,Ġbe:0.6533;Ġyou:0.2516;ĠI:0.0660;Ġit:0.0256;Ġthe:0.0035,Ġyou:0.0556;Ġit:0.0475;Ġbe:0.0270;ĠI:0.0265;Ġthey:0.0224
n't,subword_fragment,2,1,470,'t,,Ġyou,layer_48,Ġbe,0.720875,1228,,2,Ġyou,0.061801,540,,1,Ġbe:0.7209;Ġyou:0.1745;ĠI:0.0572;Ġit:0.0294;Ġthe:0.0180,Ġyou:0.0618;Ġit:0.0543;Ġbe:0.0341;ĠI:0.0321;Ġthey:0.0249
n't,subword_fragment,2,1,470,'t,,Ġyou,final_logits,Ġyou,0.061801,540,,1,,,,,,Ġyou:0.0618;Ġit:0.0543;Ġbe:0.0341;ĠI:0.0321;Ġthey:0.0249,
ing,subword_fragment,1,0,278,ing,,Ġthe,emb,ing,0.000152,1,,34395,ing,1.0,1,,27730,ing:0.0002;ING:0.0001;ed:0.0001;ingo:0.0000;inging:0.0000,ing:1.0000;ING:0.0000;ed:0.0000;ingo:0.0000;ingly:0.0000
ing,subword_fragment,1,0,278,ing,,Ġthe,layer_1,ĠArd,0.002111,2733,,493,Ġparticular,0.001066,331,,4,ĠArd:0.0021;ĠGarland:0.0014;ĠFlore:0.0012;ĠClay:0.0010;rail:0.0009,Ġparticular:0.0011;her:0.0006;old:0.0006;Ġthe:0.0006;rab:0.0006
ing,subword_fragment,1,0,278,ing,,Ġthe,layer_2,Ġmine,0.005343,3067,,62,Ġthe,0.001393,1149,,1,Ġmine:0.0053;ĠArd:0.0052;Ġmaster:0.0046;ĠGarland:0.0033;Ġdrill:0.0032,Ġthe:0.0014;Ġa:0.0013;Ġparticular:0.0013;Ġthat:0.0011;Ġon:0.0010
ing,subword_fragment,1,0,278,ing,,Ġthe,layer_5,Ġyour,0.04398,2672,,28,Ġthe,0.002075,1293,,1,Ġyour:0.0440;Ġmine:0.0406;old:0.0217;PLA:0.0205;milo:0.0121,Ġthe:0.0021;Ġyour:0.0020;Ġa:0.0020;ham:0.0015;Ġconcerns:0.0014
ing,subword_fragment,1,0,278,ing,,Ġthe,layer_11,://,1.0,34017,,44947,Ġand,0.000145,338,,28,://:1.0000;clips:0.0000;:{:0.0000;wcsstore:0.0000;Ġ'/:0.0000,"Ġand:0.0001;Ġthat:0.0001;.:0.0001;,:0.0001;;:0.0001"
ing,subword_fragment,1,0,278,ing,,Ġthe,layer_16,://,1.0,35641,,46221,Ġand,0.000138,373,,29,://:1.0000;clips:0.0000;:{:0.0000;wcsstore:0.0000;Ġ'/:0.0000,"Ġand:0.0001;Ġthat:0.0001;.:0.0001;,:0.0001;;:0.0001"
ing,subword_fragment,1,0,278,ing,,Ġthe,layer_21,://,1.0,36276,,46669,Ġand,0.000134,381,,29,://:1.0000;clips:0.0000;:{:0.0000;wcsstore:0.0000;$:0.0000,"Ġand:0.0001;Ġthat:0.0001;;:0.0001;.:0.0001;,:0.0001"
ing,subword_fragment,1,0,278,ing,,Ġthe,layer_27,://,1.0,35858,,46190,Ġand,0.000151,320,,25,://:1.0000;clips:0.0000;:{:0.0000;):0.0000;(:0.0000,"Ġand:0.0002;Ġthat:0.0001;,:0.0001;.:0.0001;;:0.0001"
ing,subword_fragment,1,0,278,ing,,Ġthe,layer_32,://,1.0,35331,,45666,Ġand,0.00017,299,,22,://:1.0000;clips:0.0000;:{:0.0000;):0.0000;(:0.0000,"Ġand:0.0002;Ġthat:0.0002;,:0.0002;.:0.0002;;:0.0002"
ing,subword_fragment,1,0,278,ing,,Ġthe,layer_37,://,1.0,34464,,44876,Ġand,0.000193,263,,20,://:1.0000;clips:0.0000;:{:0.0000;):0.0000;(:0.0000,"Ġand:0.0002;,:0.0002;Ġthat:0.0002;.:0.0002;;:0.0002"
ing,subword_fragment,1,0,278,ing,,Ġthe,layer_39,://,1.0,33938,,44383,Ġand,0.000205,251,,19,://:1.0000;clips:0.0000;:{:0.0000;):0.0000;(:0.0000,"Ġand:0.0002;,:0.0002;.:0.0002;Ġthat:0.0002;;:0.0002"
ing,subword_fragment,1,0,278,ing,,Ġthe,layer_41,://,1.0,33230,,43667,Ġand,0.000228,230,,19,://:1.0000;clips:0.0000;:{:0.0000;Ġ'/:0.0000;$:0.0000,"Ġand:0.0002;,:0.0002;.:0.0002;Ġthat:0.0002;;:0.0002"
ing,subword_fragment,1,0,278,ing,,Ġthe,layer_43,://,1.0,32145,,42341,Ġand,0.000272,213,,15,://:1.0000;clips:0.0000;Ġanyway:0.0000;:{:0.0000;Ġ'/:0.0000,"Ġand:0.0003;,:0.0003;.:0.0003;Ġthat:0.0003;;:0.0002"
ing,subword_fragment,1,0,278,ing,,Ġthe,layer_45,://,1.0,28128,,36079,",",0.000471,200,,11,://:1.0000;Ġanyway:0.0000;clips:0.0000;:{:0.0000;Ġ'/:0.0000,",:0.0005;Ġand:0.0005;.:0.0004;Ġthat:0.0004;Ġto:0.0003"
ing,subword_fragment,1,0,278,ing,,Ġthe,layer_47,Ġthe,0.843255,274,,1,",",0.06983,215,,2,"Ġthe:0.8433;,:0.0901;.:0.0319;Ġa:0.0203;Ġand:0.0111",",:0.0698;Ġthe:0.0646;.:0.0516;Ġand:0.0418;Ġa:0.0299"
ing,subword_fragment,1,0,278,ing,,Ġthe,layer_48,Ġthe,0.98197,166,,1,Ġthe,0.067586,136,,1,"Ġthe:0.9820;,:0.0120;Ġa:0.0043;Ġand:0.0007;.:0.0006","Ġthe:0.0676;,:0.0437;.:0.0339;Ġand:0.0254;Ġa:0.0243"
ing,subword_fragment,1,0,278,ing,,Ġthe,final_logits,Ġthe,0.067586,136,,1,,,,,,"Ġthe:0.0676;,:0.0437;.:0.0339;Ġand:0.0254;Ġa:0.0243",
pre,subword_fragment,1,0,3866,pre,,-,emb,pre,0.000334,1,,47280,pre,1.0,1,,42484,pre:0.0003;Pre:0.0001;PRE:0.0001;ĠPre:0.0001;ĠPRE:0.0001,pre:1.0000;Pre:0.0000;PRE:0.0000;ĠPre:0.0000;ĠPRE:0.0000
pre,subword_fragment,1,0,3866,pre,,-,layer_1,fab,0.011143,8,,4050,pre,0.017976,1,,771,fab:0.0111;edited:0.0056;occupied:0.0046;hend:0.0046;leck:0.0044,pre:0.0180;cedented:0.0104;ferred:0.0102;pared:0.0081;vious:0.0077
pre,subword_fragment,1,0,3866,pre,,-,layer_2,pared,0.056101,12,,398,pared,0.024123,13,,91,pared:0.0561;vention:0.0557;vis:0.0554;viously:0.0492;fab:0.0472,pared:0.0241;viously:0.0223;ferred:0.0215;cedented:0.0212;vention:0.0210
pre,subword_fragment,1,0,3866,pre,,-,layer_5,pared,0.575942,34,,222,pared,0.107086,26,,44,pared:0.5759;viously:0.1580;fab:0.0654;vention:0.0450;cise:0.0281,pared:0.1071;viously:0.0774;ferred:0.0726;vious:0.0457;cedented:0.0433
pre,subword_fragment,1,0,3866,pre,,-,layer_11,://,1.0,5707,,45199,Ġand,0.000154,572,,9,://:1.0000;clips:0.0000;:{:0.0000;Ġ'/:0.0000;wcsstore:0.0000,"Ġand:0.0002;,:0.0001;Ġthat:0.0001;.:0.0001;;:0.0001"
pre,subword_fragment,1,0,3866,pre,,-,layer_16,://,1.0,7097,,46640,Ġand,0.000144,1279,,12,://:1.0000;clips:0.0000;:{:0.0000;wcsstore:0.0000;Ġ'/:0.0000,"Ġand:0.0001;;:0.0001;,:0.0001;Ġthat:0.0001;.:0.0001"
pre,subword_fragment,1,0,3866,pre,,-,layer_21,://,1.0,7593,,47100,Ġand,0.000139,1483,,15,://:1.0000;clips:0.0000;:{:0.0000;wcsstore:0.0000;$:0.0000,"Ġand:0.0001;;:0.0001;,:0.0001;Ġthat:0.0001;.:0.0001"
pre,subword_fragment,1,0,3866,pre,,-,layer_27,://,1.0,7536,,46866,Ġand,0.000156,1654,,15,://:1.0000;clips:0.0000;:{:0.0000;):0.0000;(:0.0000,"Ġand:0.0002;,:0.0002;Ġthat:0.0001;;:0.0001;.:0.0001"
pre,subword_fragment,1,0,3866,pre,,-,layer_32,://,1.0,7398,,46477,Ġand,0.000175,1760,,16,://:1.0000;clips:0.0000;):0.0000;%:0.0000;*:0.0000,"Ġand:0.0002;,:0.0002;Ġthat:0.0002;.:0.0002;;:0.0002"
pre,subword_fragment,1,0,3866,pre,,-,layer_37,://,1.0,7077,,45828,Ġand,0.000197,1770,,14,://:1.0000;clips:0.0000;):0.0000;%:0.0000;*:0.0000,"Ġand:0.0002;,:0.0002;.:0.0002;Ġthat:0.0002;;:0.0002"
pre,subword_fragment,1,0,3866,pre,,-,layer_39,://,1.0,6864,,45417,Ġand,0.000209,1707,,12,://:1.0000;clips:0.0000;):0.0000;%:0.0000;*:0.0000,"Ġand:0.0002;,:0.0002;.:0.0002;Ġthat:0.0002;;:0.0002"
pre,subword_fragment,1,0,3866,pre,,-,layer_41,://,1.0,6523,,44730,Ġand,0.000232,1616,,10,://:1.0000;clips:0.0000;Ġ'/:0.0000;:{:0.0000;Ġanyway:0.0000,"Ġand:0.0002;,:0.0002;.:0.0002;Ġthat:0.0002;;:0.0002"
pre,subword_fragment,1,0,3866,pre,,-,layer_43,://,1.0,5950,,43546,",",0.000276,1391,,8,://:1.0000;clips:0.0000;Ġanyway:0.0000;Ġ'/:0.0000;:{:0.0000,",:0.0003;Ġand:0.0003;.:0.0003;Ġthat:0.0002;;:0.0002"
pre,subword_fragment,1,0,3866,pre,,-,layer_45,://,1.0,4602,,38092,",",0.000468,951,,5,://:1.0000;clips:0.0000;Ġanyway:0.0000;Ġ'/:0.0000;:{:0.0000,",:0.0005;Ġand:0.0004;.:0.0004;Ġthat:0.0004;-:0.0003"
pre,subword_fragment,1,0,3866,pre,,-,layer_47,-,0.99713,128,,1,-,0.282638,107,,1,"-:0.9971;,:0.0014;.:0.0014;Ġand:0.0000;/:0.0000","-:0.2826;,:0.0541;.:0.0439;/:0.0146;Ġand:0.0141"
pre,subword_fragment,1,0,3866,pre,,-,layer_48,-,0.999206,27,,1,-,0.210405,25,,1,-:0.9992;cedented:0.0007;c:0.0000;ter:0.0000;vent:0.0000,-:0.2104;cedented:0.0849;cision:0.0551;pared:0.0545;vent:0.0382
pre,subword_fragment,1,0,3866,pre,,-,final_logits,-,0.210405,25,,1,,,,,,-:0.2104;cedented:0.0849;cision:0.0551;pared:0.0545;vent:0.0382,
 SolidGoldMagikarp,glitch_token,1,0,43453,ĠSolidGoldMagikarp,,Ġat,emb,ĠSolidGoldMagikarp,0.000104,1,,50235,ĠSolidGoldMagikarp,0.70229,1,,50235,ĠSolidGoldMagikarp:0.0001;reportprint:0.0001;rawdownload:0.0001;đ:0.0001;ú:0.0001,ĠSolidGoldMagikarp:0.7023;reportprint:0.0083;ú:0.0070;rawdownload:0.0069;û:0.0067
 SolidGoldMagikarp,glitch_token,1,0,43453,ĠSolidGoldMagikarp,,Ġat,layer_1,oux,0.015429,5284,,16627,ĠBarker,0.00231,3796,,3055,oux:0.0154;ĠACL:0.0124;Ġranc:0.0121;urion:0.0101;Ġace:0.0076,ĠBarker:0.0023;Ġace:0.0021;ĠTara:0.0018;ĠED:0.0014;ĠBaal:0.0014
 SolidGoldMagikarp,glitch_token,1,0,43453,ĠSolidGoldMagikarp,,Ġat,layer_2,ĠGrace,0.055933,4511,,4401,ĠED,0.0032,3758,,212,ĠGrace:0.0559;Ġranc:0.0329;Ġcoal:0.0234;ĠED:0.0209;Ġdelegate:0.0181,ĠED:0.0032;ĠBarker:0.0021;ĠGrace:0.0018;Ġcoal:0.0013;ĠCarol:0.0012
 SolidGoldMagikarp,glitch_token,1,0,43453,ĠSolidGoldMagikarp,,Ġat,layer_5,Ġcoal,0.189092,1766,,312,ĠBarker,0.009213,2397,,9,Ġcoal:0.1891;ĠBarker:0.0468;Ġcx:0.0395;Ġwa:0.0262;milo:0.0177,"ĠBarker:0.0092;Ġcoal:0.0038;ium:0.0023;Ġshrine:0.0023;=""#:0.0023"
 SolidGoldMagikarp,glitch_token,1,0,43453,ĠSolidGoldMagikarp,,Ġat,layer_11,://,1.0,4861,,46973,Ġthat,0.000156,12064,,378,://:1.0000;clips:0.0000;:{:0.0000;wcsstore:0.0000;Ġ'/:0.0000,"Ġthat:0.0002;Ġand:0.0002;,:0.0002;;:0.0001;.:0.0001"
 SolidGoldMagikarp,glitch_token,1,0,43453,ĠSolidGoldMagikarp,,Ġat,layer_16,://,1.0,5553,,47747,Ġthat,0.000145,15668,,552,://:1.0000;clips:0.0000;:{:0.0000;wcsstore:0.0000;Ġ'/:0.0000,"Ġthat:0.0001;Ġand:0.0001;;:0.0001;,:0.0001;.:0.0001"
 SolidGoldMagikarp,glitch_token,1,0,43453,ĠSolidGoldMagikarp,,Ġat,layer_21,://,1.0,5656,,47980,Ġthat,0.000141,16007,,637,://:1.0000;clips:0.0000;:{:0.0000;wcsstore:0.0000;$:0.0000,"Ġthat:0.0001;Ġand:0.0001;;:0.0001;,:0.0001;.:0.0001"
 SolidGoldMagikarp,glitch_token,1,0,43453,ĠSolidGoldMagikarp,,Ġat,layer_27,://,1.0,5718,,47712,Ġthat,0.000158,16972,,364,://:1.0000;clips:0.0000;:{:0.0000;wcsstore:0.0000;$:0.0000,"Ġthat:0.0002;Ġand:0.0002;,:0.0002;;:0.0002;.:0.0001"
 SolidGoldMagikarp,glitch_token,1,0,43453,ĠSolidGoldMagikarp,,Ġat,layer_32,://,1.0,5687,,47378,Ġand,0.000179,17503,,250,://:1.0000;clips:0.0000;:{:0.0000;):0.0000;(:0.0000,"Ġand:0.0002;Ġthat:0.0002;,:0.0002;;:0.0002;.:0.0002"
 SolidGoldMagikarp,glitch_token,1,0,43453,ĠSolidGoldMagikarp,,Ġat,layer_37,://,1.0,5634,,46845,Ġand,0.000203,17803,,175,://:1.0000;clips:0.0000;:{:0.0000;):0.0000;(:0.0000,"Ġand:0.0002;,:0.0002;Ġthat:0.0002;.:0.0002;;:0.0002"
 SolidGoldMagikarp,glitch_token,1,0,43453,ĠSolidGoldMagikarp,,Ġat,layer_39,://,1.0,5627,,46582,Ġand,0.000217,18085,,150,://:1.0000;clips:0.0000;:{:0.0000;):0.0000;(:0.0000,"Ġand:0.0002;,:0.0002;Ġthat:0.0002;.:0.0002;;:0.0002"
 SolidGoldMagikarp,glitch_token,1,0,43453,ĠSolidGoldMagikarp,,Ġat,layer_41,://,1.0,5617,,45995,Ġand,0.000242,18564,,128,://:1.0000;clips:0.0000;:{:0.0000;Ġ'/:0.0000;Ġanyway:0.0000,"Ġand:0.0002;,:0.0002;Ġthat:0.0002;.:0.0002;;:0.0002"
 SolidGoldMagikarp,glitch_token,1,0,43453,ĠSolidGoldMagikarp,,Ġat,layer_43,://,1.0,5434,,44905,",",0.000294,18587,,97,://:1.0000;clips:0.0000;:{:0.0000;Ġanyway:0.0000;Ġ'/:0.0000,",:0.0003;Ġand:0.0003;Ġthat:0.0003;.:0.0003;;:0.0002"
 SolidGoldMagikarp,glitch_token,1,0,43453,ĠSolidGoldMagikarp,,Ġat,layer_45,://,1.0,4733,,40337,",",0.000538,17773,,41,://:1.0000;:{:0.0000;Ġanyway:0.0000;clips:0.0000;Ġ'/:0.0000,",:0.0005;Ġand:0.0005;.:0.0005;Ġthat:0.0004;::0.0004"
 SolidGoldMagikarp,glitch_token,1,0,43453,ĠSolidGoldMagikarp,,Ġat,layer_47,Ġat,0.461573,1783,,1,",",0.121075,6807,,2,"Ġat:0.4616;::0.3476;.:0.0798;,:0.0487;Ġthat:0.0435",",:0.1211;Ġat:0.1204;::0.1044;.:0.0645;Ġand:0.0544"
 SolidGoldMagikarp,glitch_token,1,0,43453,ĠSolidGoldMagikarp,,Ġat,layer_48,Ġat,0.973624,2885,,1,Ġat,0.496225,4667,,1,"Ġat:0.9736;::0.0217;Ġ(:0.0017;Ġin:0.0009;,:0.0007","Ġat:0.4962;::0.1302;Ġ(:0.0385;,:0.0298;Ġin:0.0261"
 SolidGoldMagikarp,glitch_token,1,0,43453,ĠSolidGoldMagikarp,,Ġat,final_logits,Ġat,0.496225,4667,,1,,,,,,"Ġat:0.4962;::0.1302;Ġ(:0.0385;,:0.0298;Ġin:0.0261",
 petertodd,glitch_token,1,0,37444,Ġpetertodd,,:,emb,Ġpetertodd,0.000128,1,,50217,Ġpetertodd,1.0,1,,50208,Ġpetertodd:0.0001;rawdownload:0.0001;Ĕ:0.0001;reportprint:0.0001;ù:0.0001,Ġpetertodd:1.0000;rawdownload:0.0000;Ĕ:0.0000;reportprint:0.0000;Ĝ:0.0000
 petertodd,glitch_token,1,0,37444,Ġpetertodd,,:,layer_1,ĠBoone,0.011719,104,,5477,ĠSawyer,0.004422,24,,936,ĠBoone:0.0117;ĠFitzgerald:0.0093;Ġstripe:0.0087;ĠSawyer:0.0079;iston:0.0058,ĠSawyer:0.0044;ĠPax:0.0043;azi:0.0033;ĠFitzgerald:0.0026;ĠBarker:0.0022
 petertodd,glitch_token,1,0,37444,Ġpetertodd,,:,layer_2,Ġbend,0.021764,108,,486,Ġsource,0.002778,45,,38,Ġbend:0.0218;Ġstack:0.0213;ĠAra:0.0186;Ġposter:0.0184;ĠFitzgerald:0.0133,Ġsource:0.0028;ĠPax:0.0025;ĠMellon:0.0023;Ġwh:0.0022;Ġcircum:0.0018
 petertodd,glitch_token,1,0,37444,Ġpetertodd,,:,layer_5,ĠSatoshi,0.133208,24,,46,Ġproposal,0.008889,31,,8,ĠSatoshi:0.1332;Ġhello:0.1264;coin:0.0962;Ġproposal:0.0862;Hash:0.0583,Ġproposal:0.0089;ĠSatoshi:0.0078;ĠMellon:0.0077;Ġsource:0.0074;Ġhello:0.0060
 petertodd,glitch_token,1,0,37444,Ġpetertodd,,:,layer_11,://,1.0,5627,,26845,Ġand,0.000151,7904,,5,://:1.0000;clips:0.0000;wcsstore:0.0000;:{:0.0000;Ġ'/:0.0000,"Ġand:0.0002;Ġthat:0.0001;,:0.0001;;:0.0001;::0.0001"
 petertodd,glitch_token,1,0,37444,Ġpetertodd,,:,layer_16,://,1.0,6886,,30257,;,0.000143,12426,,7,://:1.0000;clips:0.0000;wcsstore:0.0000;:{:0.0000;Ġ'/:0.0000,";:0.0001;Ġand:0.0001;Ġthat:0.0001;,:0.0001;.:0.0001"
 petertodd,glitch_token,1,0,37444,Ġpetertodd,,:,layer_21,://,1.0,7102,,31448,;,0.00014,12967,,7,://:1.0000;clips:0.0000;wcsstore:0.0000;:{:0.0000;$:0.0000,";:0.0001;Ġthat:0.0001;Ġand:0.0001;,:0.0001;.:0.0001"
 petertodd,glitch_token,1,0,37444,Ġpetertodd,,:,layer_27,://,1.0,7113,,30357,Ġand,0.000154,13508,,6,://:1.0000;clips:0.0000;:{:0.0000;wcsstore:0.0000;$:0.0000,"Ġand:0.0002;Ġthat:0.0002;;:0.0002;,:0.0002;.:0.0001"
 petertodd,glitch_token,1,0,37444,Ġpetertodd,,:,layer_32,://,1.0,7006,,29115,Ġand,0.000174,13637,,6,://:1.0000;clips:0.0000;:{:0.0000;):0.0000;(:0.0000,"Ġand:0.0002;,:0.0002;Ġthat:0.0002;;:0.0002;.:0.0002"
 petertodd,glitch_token,1,0,37444,Ġpetertodd,,:,layer_37,://,1.0,6836,,27296,",",0.000198,13544,,6,://:1.0000;clips:0.0000;):0.0000;%:0.0000;*:0.0000,",:0.0002;Ġand:0.0002;Ġthat:0.0002;.:0.0002;;:0.0002"
 petertodd,glitch_token,1,0,37444,Ġpetertodd,,:,layer_39,://,1.0,6747,,26364,",",0.000212,13489,,6,://:1.0000;clips:0.0000;):0.0000;%:0.0000;*:0.0000,",:0.0002;Ġand:0.0002;Ġthat:0.0002;.:0.0002;;:0.0002"
 petertodd,glitch_token,1,0,37444,Ġpetertodd,,:,layer_41,://,1.0,6582,,24787,",",0.000237,13398,,6,://:1.0000;clips:0.0000;:{:0.0000;):0.0000;(:0.0000,",:0.0002;Ġand:0.0002;.:0.0002;Ġthat:0.0002;;:0.0002"
 petertodd,glitch_token,1,0,37444,Ġpetertodd,,:,layer_43,://,1.0,6129,,21939,",",0.000289,12392,,6,://:1.0000;clips:0.0000;:{:0.0000;Ġanyway:0.0000;Ġ'/:0.0000,",:0.0003;Ġand:0.0003;.:0.0003;Ġthat:0.0003;;:0.0002"
 petertodd,glitch_token,1,0,37444,Ġpetertodd,,:,layer_45,://,1.0,4868,,13575,",",0.000524,8863,,5,://:1.0000;Ġanyway:0.0000;:{:0.0000;clips:0.0000;Ġaddr:0.0000,",:0.0005;Ġand:0.0005;.:0.0005;Ġthat:0.0004;::0.0004"
 petertodd,glitch_token,1,0,37444,Ġpetertodd,,:,layer_47,:,0.980194,516,,1,:,0.34995,465,,1,"::0.9802;,:0.0101;.:0.0094;Ċ:0.0001;>:0.0001","::0.3500;,:0.1200;.:0.0811;Ġ(:0.0297;Ċ:0.0218"
 petertodd,glitch_token,1,0,37444,Ġpetertodd,,:,layer_48,:,0.973074,230,,1,:,0.430663,103,,1,"::0.9731;>:0.0264;,:0.0003;.:0.0001;Ġ"":0.0001","::0.4307;>:0.2945;]:0.0183;.:0.0177;,:0.0170"
 petertodd,glitch_token,1,0,37444,Ġpetertodd,,:,final_logits,:,0.430663,103,,1,,,,,,"::0.4307;>:0.2945;]:0.0183;.:0.0177;,:0.0170",
 ,control_byte,1,0,188,Ā,,on,emb,rawdownload,0.018489,20,,49646,rawdownload,0.043887,16,,49603,rawdownload:0.0185;Ĕ:0.0181;đ:0.0179;ā:0.0179;embedreportprint:0.0179,rawdownload:0.0439;Ĕ:0.0311;embedreportprint:0.0303;ā:0.0298;đ:0.0296
 ,control_byte,1,0,188,Ā,,on,layer_1,ĉ,0.029054,6,,11219,ĉ,0.028091,3,,9213,ĉ:0.0291;ď:0.0281;embedreportprint:0.0274;ğ:0.0259;Ĉ:0.0248,ĉ:0.0281;embedreportprint:0.0268;Ā:0.0246;ĠRandomRedditor:0.0227;ğ:0.0224
 ,control_byte,1,0,188,Ā,,on,layer_2,CHA,0.147844,4,,2077,Ā,0.018463,1,,2220,CHA:0.1478;embedreportprint:0.0237;ď:0.0224;Ā:0.0218;ġ:0.0208,Ā:0.0185;embedreportprint:0.0180;ĉ:0.0173;ď:0.0153;ĠRandomRedditor:0.0152
 ,control_byte,1,0,188,Ā,,on,layer_5,CHA,0.513035,37135,,212,ment,0.017902,33943,,274,CHA:0.5130;ment:0.0969;ĠCoun:0.0246;Ġtech:0.0225;Ġfl:0.0154,ment:0.0179;CHA:0.0144;ĠCoun:0.0089;Ġtech:0.0084;ĠReborn:0.0058
 ,control_byte,1,0,188,Ā,,on,layer_11,://,1.0,41401,,42305,",",0.000155,50221,,1741,://:1.0000;clips:0.0000;wcsstore:0.0000;:{:0.0000;Ġ'/:0.0000,",:0.0002;Ġand:0.0002;;:0.0001;Ġthat:0.0001;.:0.0001"
 ,control_byte,1,0,188,Ā,,on,layer_16,://,1.0,36295,,44102,;,0.000144,50234,,2861,://:1.0000;clips:0.0000;:{:0.0000;wcsstore:0.0000;Ġ'/:0.0000,";:0.0001;Ġand:0.0001;,:0.0001;Ġthat:0.0001;.:0.0001"
 ,control_byte,1,0,188,Ā,,on,layer_21,://,1.0,32779,,44594,;,0.000141,50235,,3284,://:1.0000;clips:0.0000;:{:0.0000;wcsstore:0.0000;Ġ'/:0.0000,";:0.0001;Ġand:0.0001;,:0.0001;Ġthat:0.0001;.:0.0001"
 ,control_byte,1,0,188,Ā,,on,layer_27,://,1.0,35938,,44585,Ġand,0.000157,50236,,3238,://:1.0000;clips:0.0000;:{:0.0000;wcsstore:0.0000;$:0.0000,"Ġand:0.0002;,:0.0002;;:0.0002;Ġthat:0.0002;.:0.0001"
 ,control_byte,1,0,188,Ā,,on,layer_32,://,1.0,39209,,44434,Ġand,0.000178,50237,,3049,://:1.0000;clips:0.0000;:{:0.0000;):0.0000;(:0.0000,"Ġand:0.0002;,:0.0002;Ġthat:0.0002;;:0.0002;.:0.0002"
 ,control_byte,1,0,188,Ā,,on,layer_37,://,1.0,43451,,44051,",",0.000201,50234,,2620,://:1.0000;clips:0.0000;:{:0.0000;):0.0000;(:0.0000,",:0.0002;Ġand:0.0002;Ġthat:0.0002;.:0.0002;;:0.0002"
 ,control_byte,1,0,188,Ā,,on,layer_39,://,1.0,45076,,43783,",",0.000215,50234,,2374,://:1.0000;clips:0.0000;:{:0.0000;Ġ'/:0.0000;$:0.0000,",:0.0002;Ġand:0.0002;Ġthat:0.0002;.:0.0002;;:0.0002"
 ,control_byte,1,0,188,Ā,,on,layer_41,://,1.0,47001,,43464,",",0.000241,50234,,2028,://:1.0000;clips:0.0000;:{:0.0000;Ġ'/:0.0000;Ġanyway:0.0000,",:0.0002;Ġand:0.0002;.:0.0002;Ġthat:0.0002;;:0.0002"
 ,control_byte,1,0,188,Ā,,on,layer_43,://,1.0,48899,,42788,",",0.000294,50225,,1511,://:1.0000;clips:0.0000;Ġanyway:0.0000;Ġ'/:0.0000;:{:0.0000,",:0.0003;Ġand:0.0003;.:0.0003;Ġthat:0.0003;;:0.0002"
 ,control_byte,1,0,188,Ā,,on,layer_45,://,1.0,50157,,39819,",",0.000535,50215,,795,://:1.0000;clips:0.0000;Ġanyway:0.0000;.(:0.0000;Ġ'/:0.0000,",:0.0005;Ġand:0.0005;.:0.0005;Ġthat:0.0004;;:0.0004"
 ,control_byte,1,0,188,Ā,,on,layer_47,",",0.289841,50201,,31,",",0.099959,50202,,20,",:0.2898;.:0.2256;-:0.2129;;:0.0978;Ġof:0.0936",",:0.1000;-:0.0769;.:0.0455;Ġof:0.0411;"":0.0212"
 ,control_byte,1,0,188,Ā,,on,layer_48,opter,0.314616,27145,,7,on,0.046132,46784,,1,opter:0.3146;kl:0.1232;val:0.0621;pp:0.0562;ja:0.0377,on:0.0461;pp:0.0359;he:0.0190;val:0.0190;kl:0.0175
 ,control_byte,1,0,188,Ā,,on,final_logits,on,0.046132,46784,,1,,,,,,on:0.0461;pp:0.0359;he:0.0190;val:0.0190;kl:0.0175,
<|reserved_special_token_0|>,reserved_special,12,0,27,<,91,br,emb,<,0.000306,1,173,12438,<,1.0,1,100,11433,<:0.0003;<?:0.0001;.<:0.0001;Ġ<:0.0001;<<:0.0001,<:1.0000;.<:0.0000;<?:0.0000;Ġ<:0.0000;<<:0.0000
<|reserved_special_token_0|>,reserved_special,12,0,27,<,91,br,layer_1,ĠClay,0.002014,220,18392,18,span,0.005307,4,11572,3,ĠClay:0.0020;ĠPL:0.0013;script:0.0013;mail:0.0012;iston:0.0011,span:0.0053;mail:0.0037;br:0.0032;<:0.0031;Ġ<:0.0025
<|reserved_special_token_0|>,reserved_special,12,0,27,<,91,br,layer_2,ĠClay,0.021031,518,11585,5,span,0.007313,23,6403,2,ĠClay:0.0210;script:0.0142;mail:0.0081;bright:0.0069;br:0.0065,span:0.0073;br:0.0056;Ġ<:0.0054;1000:0.0034;mail:0.0033
<|reserved_special_token_0|>,reserved_special,12,0,27,<,91,br,layer_5,div,0.476468,189,8994,3,br,0.05299,22,5223,1,div:0.4765;span:0.2165;br:0.1895;script:0.0363;><:0.0064,br:0.0530;span:0.0401;div:0.0342;><:0.0073;Ġbr:0.0050
<|reserved_special_token_0|>,reserved_special,12,0,27,<,91,br,layer_11,://,1.0,20378,19116,33494,Ġand,0.000149,1324,2861,7945,://:1.0000;clips:0.0000;wcsstore:0.0000;:{:0.0000;Ġ'/:0.0000,"Ġand:0.0001;,:0.0001;://:0.0001;.:0.0001;;:0.0001"
<|reserved_special_token_0|>,reserved_special,12,0,27,<,91,br,layer_16,://,1.0,21743,19223,36235,Ġand,0.000141,1708,2514,13268,://:1.0000;clips:0.0000;wcsstore:0.0000;:{:0.0000;Ġ'/:0.0000,"Ġand:0.0001;;:0.0001;,:0.0001;.:0.0001;Ġthat:0.0001"
<|reserved_special_token_0|>,reserved_special,12,0,27,<,91,br,layer_21,://,1.0,21982,19339,36996,;,0.000139,1713,2498,15141,://:1.0000;clips:0.0000;wcsstore:0.0000;:{:0.0000;$:0.0000,";:0.0001;Ġand:0.0001;,:0.0001;.:0.0001;Ġthat:0.0001"
<|reserved_special_token_0|>,reserved_special,12,0,27,<,91,br,layer_27,://,1.0,21563,18839,37289,Ġand,0.000153,1615,2252,16027,://:1.0000;clips:0.0000;:{:0.0000;wcsstore:0.0000;$:0.0000,"Ġand:0.0002;;:0.0001;,:0.0001;Ġthat:0.0001;.:0.0001"
<|reserved_special_token_0|>,reserved_special,12,0,27,<,91,br,layer_32,://,1.0,21008,18293,37388,Ġand,0.000172,1474,2065,16254,://:1.0000;clips:0.0000;):0.0000;%:0.0000;*:0.0000,"Ġand:0.0002;,:0.0002;Ġthat:0.0002;.:0.0002;;:0.0002"
<|reserved_special_token_0|>,reserved_special,12,0,27,<,91,br,layer_37,://,1.0,20204,17577,37190,Ġand,0.000194,1305,1802,15857,://:1.0000;clips:0.0000;):0.0000;%:0.0000;*:0.0000,"Ġand:0.0002;,:0.0002;.:0.0002;Ġthat:0.0002;;:0.0002"
<|reserved_special_token_0|>,reserved_special,12,0,27,<,91,br,layer_39,://,1.0,19692,17201,36977,Ġand,0.000206,1205,1692,15340,://:1.0000;clips:0.0000;):0.0000;%:0.0000;*:0.0000,"Ġand:0.0002;,:0.0002;.:0.0002;Ġthat:0.0002;;:0.0002"
<|reserved_special_token_0|>,reserved_special,12,0,27,<,91,br,layer_41,://,1.0,18947,16550,36504,",",0.00023,1086,1520,14183,://:1.0000;clips:0.0000;:{:0.0000;):0.0000;(:0.0000,",:0.0002;Ġand:0.0002;.:0.0002;Ġthat:0.0002;;:0.0002"
<|reserved_special_token_0|>,reserved_special,12,0,27,<,91,br,layer_43,://,1.0,17369,15321,35462,",",0.000277,842,1245,11901,://:1.0000;clips:0.0000;:{:0.0000;Ġanyway:0.0000;Ġ'/:0.0000,",:0.0003;Ġand:0.0003;.:0.0003;Ġthat:0.0002;;:0.0002"
<|reserved_special_token_0|>,reserved_special,12,0,27,<,91,br,layer_45,://,1.0,12736,11973,31155,",",0.000472,441,825,6452,://:1.0000;clips:0.0000;Ġanyway:0.0000;:{:0.0000;Ġ'/:0.0000,",:0.0005;Ġand:0.0004;.:0.0004;Ġthat:0.0004;;:0.0003"
<|reserved_special_token_0|>,reserved_special,12,0,27,<,91,br,layer_47,Ċ,0.58703,25,340,40,Ċ,0.024885,15,135,36,"Ċ:0.5870;-:0.1627;.:0.1273;,:0.0577;Ġ"":0.0330","Ċ:0.0249;.:0.0213;>:0.0200;-:0.0199;,:0.0174"
<|reserved_special_token_0|>,reserved_special,12,0,27,<,91,br,layer_48,-,0.470806,50,504,9,br,0.018923,15,206,1,"-:0.4708;Ċ:0.2058;Ġ"":0.0836;p:0.0741;s:0.0648",br:0.0189;div:0.0163;string:0.0150;p:0.0125;>:0.0123
<|reserved_special_token_0|>,reserved_special,12,0,27,<,91,br,final_logits,br,0.018923,15,206,1,,,,,,br:0.0189;div:0.0163;string:0.0150;p:0.0125;>:0.0123,
<|reserved_special_token_0|>,reserved_special,12,1,91,|,411,>,emb,|,0.000269,1,20245,119,|,1.0,1,18458,50,|:0.0003;||:0.0001;-|:0.0001;)|:0.0001;Ġ|:0.0001,|:1.0000;||:0.0000;-|:0.0000;)|:0.0000;Ġ|:0.0000
<|reserved_special_token_0|>,reserved_special,12,1,91,|,411,>,layer_1,Ġ|,0.001315,27,11623,4496,Ġ|,0.081909,8,13208,963,Ġ|:0.0013;cffffcc:0.0012;Â§:0.0007;ĠRibbon:0.0006;ĠPhoto:0.0006,Ġ|:0.0819;cffffcc:0.0357;ĠFound:0.0064;Â§:0.0051;ĠReached:0.0050
<|reserved_special_token_0|>,reserved_special,12,1,91,|,411,>,layer_2,ĠSilver,0.007562,207,16090,861,cffffcc,0.015707,49,18558,40,ĠSilver:0.0076;ĠDrill:0.0071;cffffcc:0.0067;ĠArchitects:0.0067;ĠGarland:0.0065,"cffffcc:0.0157;Ġ|:0.0155;]:0.0128;ĠSilver:0.0057;]"":0.0040"
<|reserved_special_token_0|>,reserved_special,12,1,91,|,411,>,layer_5,],0.200704,224,17148,18,],0.055429,55,21754,4,]:0.2007;cffffcc:0.1053;Ġanarchist:0.0650;!]:0.0514;Ġrust:0.0330,"]:0.0554;cffffcc:0.0329;],:0.0146;>:0.0139;>]:0.0120"
<|reserved_special_token_0|>,reserved_special,12,1,91,|,411,>,layer_11,],0.607501,292,14018,3,],0.246075,122,15002,3,]:0.6075;>]:0.2089;>:0.0372;>(:0.0344;><:0.0326,]:0.2461;><:0.1557;>:0.1073;>]:0.0854;>(:0.0561
<|reserved_special_token_0|>,reserved_special,12,1,91,|,411,>,layer_16,],0.577278,225,5864,2,>,0.274377,92,7073,1,"]:0.5773;>:0.3018;>[:0.0838;>]:0.0119;],:0.0064",">:0.2744;]:0.2093;>[:0.0638;>,:0.0398;>(:0.0313"
<|reserved_special_token_0|>,reserved_special,12,1,91,|,411,>,layer_21,>,0.981641,207,1393,1,>,0.539804,72,2331,1,>:0.9816;]:0.0107;>]:0.0066;>[:0.0007;>(:0.0002,>:0.5398;]:0.0641;>]:0.0515;>[:0.0310;>(:0.0278
<|reserved_special_token_0|>,reserved_special,12,1,91,|,411,>,layer_27,>,0.999978,71,724,1,>,0.758413,37,1604,1,>:1.0000;>]:0.0000;]:0.0000;<:0.0000;><:0.0000,>:0.7584;><:0.0295;>]:0.0226;<:0.0214;]:0.0154
<|reserved_special_token_0|>,reserved_special,12,1,91,|,411,>,layer_32,>,0.999101,14,965,1,>,0.631025,9,2425,1,>:0.9991;<:0.0008;Ġ|:0.0001;t:0.0000;r:0.0000,>:0.6310;<:0.0921;Ġ|:0.0352;><:0.0263;-|:0.0073
<|reserved_special_token_0|>,reserved_special,12,1,91,|,411,>,layer_37,>,0.869037,44,1019,1,>,0.383701,12,2935,1,>:0.8690;Ġ|:0.1308;Ġc:0.0001;Ċ:0.0001;<:0.0000,>:0.3837;Ġ|:0.1180;><:0.0360;<:0.0329;]:0.0184
<|reserved_special_token_0|>,reserved_special,12,1,91,|,411,>,layer_39,Ġ|,0.603777,34,1572,2,>,0.29331,10,4967,1,"Ġ|:0.6038;>:0.3944;Ċ:0.0016;Ġc:0.0002;Ġ"":0.0000",>:0.2933;Ġ|:0.1426;><:0.0273;-|:0.0271;<:0.0255
<|reserved_special_token_0|>,reserved_special,12,1,91,|,411,>,layer_41,>,0.46639,43,1225,1,>,0.239435,8,4039,1,">:0.4664;Ġ|:0.4541;Ċ:0.0774;Ġc:0.0018;Ġ"":0.0002",>:0.2394;Ġ|:0.1030;]:0.0296;<:0.0274;><:0.0244
<|reserved_special_token_0|>,reserved_special,12,1,91,|,411,>,layer_43,Ċ,0.979163,38,945,3,>,0.174415,3,2690,1,"Ċ:0.9792;Ġ|:0.0150;>:0.0036;Ġ"":0.0020;-:0.0001",>:0.1744;Ġ|:0.0955;|:0.0353;<:0.0270;]:0.0250
<|reserved_special_token_0|>,reserved_special,12,1,91,|,411,>,layer_45,Ċ,0.998414,75,845,7,>,0.122269,3,2204,1,"Ċ:0.9984;Ġ"":0.0010;-:0.0006;,:0.0000;Ġ':0.0000",>:0.1223;Ġ|:0.0706;|:0.0334;]:0.0288;<:0.0278
<|reserved_special_token_0|>,reserved_special,12,1,91,|,411,>,layer_47,Ċ,0.999581,104,657,11,>,0.081688,5,1561,1,"Ċ:0.9996;-:0.0002;Ġ"":0.0002;,:0.0000;Ġ':0.0000",>:0.0817;Ġ|:0.0337;]:0.0251;Ċ:0.0237;|:0.0235
<|reserved_special_token_0|>,reserved_special,12,1,91,|,411,>,layer_48,Ċ,0.999391,94,487,9,>,0.080612,4,1133,1,"Ċ:0.9994;-:0.0004;Ġ"":0.0002;,:0.0000;Ġ':0.0000",>:0.0806;Ġ|:0.0284;<:0.0267;|:0.0265;]:0.0256
<|reserved_special_token_0|>,reserved_special,12,1,91,|,411,>,final_logits,>,0.080612,4,1133,1,,,,,,>:0.0806;Ġ|:0.0284;<:0.0267;|:0.0265;]:0.0256,
<|reserved_special_token_0|>,reserved_special,12,2,411,res,8520,|,emb,res,0.000631,1,8988,24201,res,1.0,1,9193,21094,res:0.0006;RES:0.0001;Res:0.0001;resh:0.0001;resp:0.0001,res:1.0000;RES:0.0000;Res:0.0000;resh:0.0000;resp:0.0000
<|reserved_special_token_0|>,reserved_special,12,2,411,res,8520,|,layer_1,lease,0.004872,6,50,10250,lease,0.062195,7,14,6270,lease:0.0049;istance:0.0030;erve:0.0027;olute:0.0024;olutely:0.0021,lease:0.0622;erve:0.0462;cence:0.0456;olute:0.0447;istance:0.0440
<|reserved_special_token_0|>,reserved_special,12,2,411,res,8520,|,layer_2,olve,0.098913,148,61,721,olve,0.088395,99,12,242,olve:0.0989;istance:0.0604;erve:0.0393;lease:0.0374;olute:0.0334,olve:0.0884;olute:0.0581;istance:0.0535;erve:0.0489;olved:0.0419
<|reserved_special_token_0|>,reserved_special,12,2,411,res,8520,|,layer_5,olve,0.277318,1316,71,115,olute,0.082994,1036,11,41,olve:0.2773;istance:0.2602;olute:0.1515;istor:0.0724;olved:0.0421,olute:0.0830;ervation:0.0704;istance:0.0561;olve:0.0531;olved:0.0379
<|reserved_special_token_0|>,reserved_special,12,2,411,res,8520,|,layer_11,istance,0.802491,948,26,10,ervation,0.316024,854,9,7,istance:0.8025;ervation:0.1425;olved:0.0295;olve:0.0101;idents:0.0096,ervation:0.3160;istance:0.2097;olved:0.0911;idents:0.0261;olve:0.0253
<|reserved_special_token_0|>,reserved_special,12,2,411,res,8520,|,layer_16,ervation,0.680626,782,54,7,ervation,0.260412,997,12,5,ervation:0.6806;olved:0.1255;istance:0.1110;olute:0.0467;olve:0.0130,ervation:0.2604;olved:0.0982;olute:0.0603;istance:0.0401;|:0.0357
<|reserved_special_token_0|>,reserved_special,12,2,411,res,8520,|,layer_21,olute,0.480572,777,28,6,olute,0.160858,1402,8,5,olute:0.4806;istance:0.4793;olved:0.0180;ervation:0.0065;olve:0.0061,olute:0.1609;istance:0.1028;olved:0.0776;ervation:0.0645;|:0.0493
<|reserved_special_token_0|>,reserved_special,12,2,411,res,8520,|,layer_27,istance,0.98892,3769,11,6,istance,0.263584,6738,4,7,istance:0.9889;olved:0.0055;olute:0.0028;olve:0.0017;idency:0.0003,istance:0.2636;olved:0.1260;olute:0.0690;erved:0.0604;ervation:0.0568
<|reserved_special_token_0|>,reserved_special,12,2,411,res,8520,|,layer_32,olute,0.371985,7905,9,4,olved,0.15644,13100,6,2,olute:0.3720;istance:0.2324;olved:0.2298;|:0.0778;erve:0.0438,olved:0.1564;|:0.1172;istance:0.1084;erve:0.1045;olute:0.1025
<|reserved_special_token_0|>,reserved_special,12,2,411,res,8520,|,layer_37,olve,0.419397,5382,8,3,olved,0.168324,9847,5,3,olve:0.4194;olved:0.2303;|:0.1619;erve:0.1543;olves:0.0252,olved:0.1683;erve:0.1411;|:0.1385;olve:0.1199;erved:0.0854
<|reserved_special_token_0|>,reserved_special,12,2,411,res,8520,|,layer_39,|,0.969279,6516,7,1,|,0.255857,12120,3,1,|:0.9693;olved:0.0098;cue:0.0090;olve:0.0068;erve:0.0048,|:0.2559;olved:0.1140;erved:0.1126;erve:0.0926;olve:0.0708
<|reserved_special_token_0|>,reserved_special,12,2,411,res,8520,|,layer_41,cue,0.715031,3937,8,2,|,0.21877,8498,4,1,cue:0.7150;|:0.2771;erve:0.0068;ume:0.0009;olve:0.0001,|:0.2188;cue:0.1817;erve:0.1250;erved:0.0913;olved:0.0526
<|reserved_special_token_0|>,reserved_special,12,2,411,res,8520,|,layer_43,|,0.995212,2243,5,1,|,0.292662,5197,2,1,|:0.9952;cue:0.0037;erve:0.0009;ume:0.0001;erved:0.0000,|:0.2927;erved:0.1437;erve:0.1094;cue:0.0790;olve:0.0367
<|reserved_special_token_0|>,reserved_special,12,2,411,res,8520,|,layer_45,|,0.996694,1126,13,1,|,0.262173,2851,2,1,"|:0.9967;.:0.0013;[:0.0007;-:0.0005;,:0.0002",|:0.2622;erved:0.1113;erve:0.0991;ume:0.0355;cue:0.0351
<|reserved_special_token_0|>,reserved_special,12,2,411,res,8520,|,layer_47,.,0.742452,585,104,10,|,0.137328,1415,8,1,".:0.7425;,:0.2562;-:0.0012;on:0.0001;):0.0000","|:0.1373;.:0.0624;ize:0.0395;):0.0355;,:0.0272"
<|reserved_special_token_0|>,reserved_special,12,2,411,res,8520,|,layer_48,.,0.96809,517,66,8,|,0.144355,1363,8,1,".:0.9681;,:0.0317;):0.0001;-:0.0001;Ċ:0.0000",|:0.1444;ize:0.0630;.:0.0478;erve:0.0318;):0.0307
<|reserved_special_token_0|>,reserved_special,12,2,411,res,8520,|,final_logits,|,0.144355,1363,8,1,,,,,,|:0.1444;ize:0.0630;.:0.0478;erve:0.0318;):0.0307,
<|reserved_special_token_0|>,reserved_special,12,3,8520,erved,62,|,emb,erved,0.000873,1,45403,33919,erved,1.0,1,44074,30347,erved:0.0009;erving:0.0001;erves:0.0001;erve:0.0001;ervation:0.0001,erved:1.0000;erving:0.0000;erves:0.0000;erve:0.0000;ervation:0.0000
<|reserved_special_token_0|>,reserved_special,12,3,8520,erved,62,|,layer_1,erved,0.003002,1,26853,3375,erved,0.381592,1,17436,1502,erved:0.0030;aura:0.0013;ĠIndependence:0.0010;ĠReserved:0.0010;ĠRect:0.0010,erved:0.3816;ĠReserved:0.0055;aura:0.0044;Ġreserved:0.0042;iery:0.0037
<|reserved_special_token_0|>,reserved_special,12,3,8520,erved,62,|,layer_2,aura,0.021919,497,10112,2219,Ġreserved,0.012046,32,3705,855,aura:0.0219;Ġboundary:0.0095;Ġjoint:0.0087;ĠIndependence:0.0087;Ġreserved:0.0074,Ġreserved:0.0120;aura:0.0099;Ġboundary:0.0091;Ġexclusive:0.0078;Ġexclusively:0.0073
<|reserved_special_token_0|>,reserved_special,12,3,8520,erved,62,|,layer_5,ĠFree,0.168449,1655,1979,2321,ĠFree,0.034729,127,308,870,ĠFree:0.1684;Ġwall:0.0860;ĠMana:0.0480;Ġboundary:0.0445;Ġcorners:0.0167,ĠFree:0.0347;Ġwall:0.0115;ĠMana:0.0093;Ġfree:0.0067;Ġboundary:0.0062
<|reserved_special_token_0|>,reserved_special,12,3,8520,erved,62,|,layer_11,Ġseats,0.472497,729,395,532,Ġseats,0.037602,57,66,163,Ġseats:0.4725;ĠReserved:0.3594;Ġseating:0.0494;Ġreservation:0.0221;Ġwall:0.0217,Ġseats:0.0376;ĠReserved:0.0321;ĠMana:0.0115;ĠFree:0.0097;Ġwall:0.0097
<|reserved_special_token_0|>,reserved_special,12,3,8520,erved,62,|,layer_16,Ġseats,0.676367,1101,34,120,Ġseats,0.043876,64,7,34,Ġseats:0.6764;ĠReserved:0.2082;Ġspaces:0.0348;Ġreserved:0.0335;Ġseating:0.0312,Ġseats:0.0439;ĠReserved:0.0337;Ġreserved:0.0324;Ġspaces:0.0282;]:0.0089
<|reserved_special_token_0|>,reserved_special,12,3,8520,erved,62,|,layer_21,Ġwords,0.298141,3646,7,62,Ġspaces,0.035022,273,2,16,Ġwords:0.2981;Ġspaces:0.2868;ĠReserved:0.1535;Ġseating:0.1408;Ġseats:0.0762,Ġspaces:0.0350;_:0.0318;ĠReserved:0.0242;Ġwords:0.0163;Ġseats:0.0146
<|reserved_special_token_0|>,reserved_special,12,3,8520,erved,62,|,layer_27,Ġspaces,0.495536,4104,2,5,_,0.075681,419,1,2,Ġspaces:0.4955;_:0.2103;Ġspace:0.1457;Ġwords:0.0843;|:0.0216,_:0.0757;|:0.0602;Ġspaces:0.0365;=:0.0302;Ġspace:0.0215
<|reserved_special_token_0|>,reserved_special,12,3,8520,erved,62,|,layer_32,|,0.981241,15072,2,1,|,0.404187,2727,2,1,|:0.9812;_:0.0169;Ġwords:0.0015;(:0.0002;Ġ|:0.0001,|:0.4042;_:0.0909;Ġ|:0.0287;=:0.0219;(:0.0095
<|reserved_special_token_0|>,reserved_special,12,3,8520,erved,62,|,layer_37,|,0.99646,22237,2,1,|,0.593425,5693,3,1,|:0.9965;_:0.0024;Ġ|:0.0011;Ġwords:0.0001;-:0.0000,|:0.5934;Ġ|:0.0783;_:0.0775;]:0.0099;}:0.0080
<|reserved_special_token_0|>,reserved_special,12,3,8520,erved,62,|,layer_39,|,0.987044,22469,2,1,|,0.591038,5572,2,1,|:0.9870;_:0.0127;Ġ|:0.0002;-:0.0000;Ġwords:0.0000,|:0.5910;_:0.1068;Ġ|:0.0557;||:0.0073;=:0.0062
<|reserved_special_token_0|>,reserved_special,12,3,8520,erved,62,|,layer_41,|,0.979783,24645,2,1,|,0.636849,6438,2,1,|:0.9798;_:0.0201;-:0.0001;Ġ|:0.0000;Ġwords:0.0000,|:0.6368;_:0.1097;Ġ|:0.0457;||:0.0077;=:0.0063
<|reserved_special_token_0|>,reserved_special,12,3,8520,erved,62,|,layer_43,|,0.994387,26810,3,1,|,0.675109,8330,2,1,|:0.9944;-:0.0037;_:0.0017;Ġ|:0.0002;Ġfor:0.0000,|:0.6751;_:0.0618;Ġ|:0.0584;-:0.0091;||:0.0074
<|reserved_special_token_0|>,reserved_special,12,3,8520,erved,62,|,layer_45,-,0.998794,30131,2,3,|,0.394838,11174,2,1,"-:0.9988;_:0.0012;|:0.0000;Ġfor:0.0000;,:0.0000",|:0.3948;_:0.1185;Ġ|:0.0577;-:0.0391;Ġfor:0.0185
<|reserved_special_token_0|>,reserved_special,12,3,8520,erved,62,|,layer_47,-,0.999993,26740,3,7,|,0.201097,11241,2,1,"-:1.0000;Ġfor:0.0000;_:0.0000;,:0.0000;Ċ:0.0000",|:0.2011;_:0.0974;-:0.0891;Ġfor:0.0451;Ġ|:0.0365
<|reserved_special_token_0|>,reserved_special,12,3,8520,erved,62,|,layer_48,-,0.999981,21390,2,7,|,0.18876,10353,2,1,"-:1.0000;_:0.0000;Ġfor:0.0000;,:0.0000;Ċ:0.0000",|:0.1888;_:0.1020;-:0.0794;Ġ|:0.0401;Ġfor:0.0322
<|reserved_special_token_0|>,reserved_special,12,3,8520,erved,62,|,final_logits,|,0.18876,10353,2,1,,,,,,|:0.1888;_:0.1020;-:0.0794;Ġ|:0.0401;Ġfor:0.0322,
<|reserved_special_token_0|>,reserved_special,12,4,62,_,20887,for,emb,_,9.2e-05,1,6448,1619,_,1.0,1,6417,1272,_:0.0001;__:0.0000;_(:0.0000;_{:0.0000;_.:0.0000,_:1.0000;__:0.0000;_(:0.0000;_{:0.0000;_.:0.0000
<|reserved_special_token_0|>,reserved_special,12,4,62,_,20887,for,layer_1,advertisement,0.001045,813,521,32,H,0.013525,239,268,18,advertisement:0.0010;Ga:0.0007;black:0.0006;H:0.0006;Ġmag:0.0005,H:0.0135;S:0.0099;N:0.0094;D:0.0087;B:0.0072
<|reserved_special_token_0|>,reserved_special,12,4,62,_,20887,for,layer_2,black,0.004029,2979,692,65,sub,0.005073,747,238,22,black:0.0040;advertisement:0.0033;here:0.0031;Ġjoint:0.0030;sub:0.0024,sub:0.0051;S:0.0047;H:0.0046;f:0.0040;hash:0.0039
<|reserved_special_token_0|>,reserved_special,12,4,62,_,20887,for,layer_5,advertisement,0.071164,3816,1736,234,sub,0.004892,765,532,81,advertisement:0.0712;Ġjoint:0.0225;Ġcampaign:0.0178;sub:0.0137;ĠGarland:0.0132,sub:0.0049;]:0.0043;Ġs:0.0041;Ġcampaign:0.0024;hash:0.0022
<|reserved_special_token_0|>,reserved_special,12,4,62,_,20887,for,layer_11,sub,0.169193,10796,155,9,sub,0.032528,4815,111,7,sub:0.1692;advertisement:0.0889;minimum:0.0531;pressed:0.0507;cur:0.0452,sub:0.0325;minimum:0.0315;header:0.0183;hash:0.0175;type:0.0121
<|reserved_special_token_0|>,reserved_special,12,4,62,_,20887,for,layer_16,header,0.169921,16831,305,2,header,0.03692,9334,207,3,header:0.1699;for:0.1567;ch:0.1416;minimum:0.0703;out:0.0616,header:0.0369;minimum:0.0292;for:0.0174;category:0.0148;sub:0.0106
<|reserved_special_token_0|>,reserved_special,12,4,62,_,20887,for,layer_21,for,0.836371,9733,103,1,for,0.05346,5342,62,1,for:0.8364;pro:0.1145;header:0.0103;fields:0.0054;by:0.0035,for:0.0535;header:0.0304;category:0.0276;minimum:0.0200;pro:0.0186
<|reserved_special_token_0|>,reserved_special,12,4,62,_,20887,for,layer_27,for,0.912394,6465,150,1,for,0.069365,3690,84,1,for:0.9124;until:0.0460;field:0.0172;fields:0.0106;pro:0.0083,for:0.0694;category:0.0309;until:0.0203;hash:0.0202;field:0.0156
<|reserved_special_token_0|>,reserved_special,12,4,62,_,20887,for,layer_32,for,0.941154,4390,173,1,for,0.083603,3104,100,1,for:0.9412;Ġspace:0.0381;until:0.0145;by:0.0019;resources:0.0009,for:0.0836;area:0.0318;category:0.0293;capacity:0.0249;resources:0.0245
<|reserved_special_token_0|>,reserved_special,12,4,62,_,20887,for,layer_37,Ġspace,0.999617,2534,395,2,Ġspace,0.192706,1846,173,2,Ġspace:0.9996;for:0.0002;space:0.0001;Ġtime:0.0000;in:0.0000,Ġspace:0.1927;for:0.0480;space:0.0377;bytes:0.0198;Ġfor:0.0108
<|reserved_special_token_0|>,reserved_special,12,4,62,_,20887,for,layer_39,Ġspace,0.999904,1965,287,3,Ġspace,0.238615,1474,117,3,Ġspace:0.9999;space:0.0001;for:0.0000;Ġtime:0.0000;in:0.0000,Ġspace:0.2386;space:0.0515;for:0.0243;bytes:0.0201;capacity:0.0184
<|reserved_special_token_0|>,reserved_special,12,4,62,_,20887,for,layer_41,Ġspace,0.999899,1471,387,3,Ġspace,0.215305,1195,154,3,Ġspace:0.9999;space:0.0001;for:0.0000;Ġword:0.0000;in:0.0000,Ġspace:0.2153;space:0.0570;for:0.0310;bytes:0.0174;until:0.0116
<|reserved_special_token_0|>,reserved_special,12,4,62,_,20887,for,layer_43,Ġspace,0.999998,977,850,3,Ġspace,0.254024,869,342,3,Ġspace:1.0000;space:0.0000;for:0.0000;Ġfor:0.0000;-:0.0000,Ġspace:0.2540;space:0.0350;for:0.0322;bytes:0.0152;Ġfor:0.0147
<|reserved_special_token_0|>,reserved_special,12,4,62,_,20887,for,layer_45,Ġspace,0.998732,252,736,3,Ġspace,0.044578,296,328,2,Ġspace:0.9987;Ġfor:0.0006;for:0.0005;space:0.0001;in:0.0000,Ġspace:0.0446;for:0.0278;bytes:0.0251;space:0.0234;value:0.0232
<|reserved_special_token_0|>,reserved_special,12,4,62,_,20887,for,layer_47,for,0.505503,201,426,1,for,0.041211,347,239,1,for:0.5055;ch:0.3285;Ġspace:0.1083;space:0.0486;Ġfor:0.0054,for:0.0412;space:0.0366;value:0.0366;ch:0.0215;key:0.0205
<|reserved_special_token_0|>,reserved_special,12,4,62,_,20887,for,layer_48,for,0.788236,114,321,1,for,0.044114,233,254,1,for:0.7882;ch:0.2087;space:0.0011;b:0.0010;op:0.0005,for:0.0441;value:0.0335;ch:0.0243;address:0.0197;space:0.0196
<|reserved_special_token_0|>,reserved_special,12,4,62,_,20887,for,final_logits,for,0.044114,233,254,1,,,,,,for:0.0441;value:0.0335;ch:0.0243;address:0.0197;space:0.0196,
<|reserved_special_token_0|>,reserved_special,12,5,20887,special,62,_,emb,special,0.000453,1,40578,40578,special,1.0,1,36757,36757,special:0.0005;Special:0.0001;ĠSPECIAL:0.0001;Ġspecial:0.0001;ĠSpecial:0.0001,special:1.0000;Special:0.0000;ĠSPECIAL:0.0000;Ġspecial:0.0000;ĠSpecial:0.0000
<|reserved_special_token_0|>,reserved_special,12,5,20887,special,62,_,layer_1,ties,0.062759,26,13118,13118,ties,0.680501,18,6346,6346,ties:0.0628;ised:0.0151;ities:0.0063;izations:0.0059;ty:0.0054,ties:0.6805;ised:0.0736;ty:0.0259;Ġspecial:0.0226;izations:0.0193
<|reserved_special_token_0|>,reserved_special,12,5,20887,special,62,_,layer_2,ties,0.598505,796,7114,7114,ties,0.381157,432,2947,2947,ties:0.5985;ised:0.0453;ities:0.0288;Ġspecial:0.0114;izations:0.0091,ties:0.3812;ised:0.0503;ities:0.0359;Ġspecial:0.0331;izations:0.0137
<|reserved_special_token_0|>,reserved_special,12,5,20887,special,62,_,layer_5,ties,0.837911,9245,1874,1874,ties,0.198847,6208,400,400,ties:0.8379;ised:0.1165;ty:0.0066;ities:0.0034;ized:0.0032,ties:0.1988;ised:0.0728;ty:0.0287;ized:0.0147;izations:0.0112
<|reserved_special_token_0|>,reserved_special,12,5,20887,special,62,_,layer_11,ties,0.790845,28102,155,155,ties,0.287501,23886,24,24,ties:0.7908;ities:0.1833;ised:0.0201;ty:0.0009;ity:0.0008,ties:0.2875;ities:0.1845;ised:0.0514;ty:0.0244;ized:0.0159
<|reserved_special_token_0|>,reserved_special,12,5,20887,special,62,_,layer_16,ities,0.962328,33104,62,62,ities,0.368311,29987,15,15,ities:0.9623;ties:0.0162;ists:0.0076;ised:0.0057;ized:0.0042,ities:0.3683;ties:0.0553;ized:0.0496;ised:0.0359;ists:0.0314
<|reserved_special_token_0|>,reserved_special,12,5,20887,special,62,_,layer_21,ities,0.81707,32073,14,14,ities,0.464558,28217,13,13,ities:0.8171;ties:0.1823;ists:0.0002;ised:0.0002;ist:0.0001,ities:0.4646;ties:0.2059;ised:0.0263;izations:0.0253;ization:0.0244
<|reserved_special_token_0|>,reserved_special,12,5,20887,special,62,_,layer_27,ties,0.998447,20560,13,13,ties,0.615813,15633,10,10,ties:0.9984;ities:0.0015;ized:0.0000;ised:0.0000;izations:0.0000,ties:0.6158;ities:0.1600;izations:0.0446;ized:0.0436;ised:0.0280
<|reserved_special_token_0|>,reserved_special,12,5,20887,special,62,_,layer_32,ties,0.754968,18374,2,2,_,0.36283,13909,1,1,ties:0.7550;_:0.1647;ities:0.0693;ized:0.0101;izations:0.0007,_:0.3628;ties:0.1398;ities:0.1285;ized:0.1180;izations:0.0791
<|reserved_special_token_0|>,reserved_special,12,5,20887,special,62,_,layer_37,_,0.992378,17475,1,1,_,0.613503,13678,1,1,_:0.9924;ized:0.0070;ties:0.0006;ization:0.0000;ities:0.0000,_:0.6135;ized:0.1459;ization:0.0442;ties:0.0360;izations:0.0295
<|reserved_special_token_0|>,reserved_special,12,5,20887,special,62,_,layer_39,_,0.999098,11367,1,1,_,0.669948,8389,1,1,_:0.9991;ized:0.0008;ties:0.0001;ty:0.0000;s:0.0000,_:0.6699;ized:0.1126;ty:0.0458;ties:0.0340;ization:0.0309
<|reserved_special_token_0|>,reserved_special,12,5,20887,special,62,_,layer_41,s,0.995092,12477,2,2,_,0.438188,9322,1,1,s:0.9951;_:0.0049;ized:0.0000;ties:0.0000;ty:0.0000,_:0.4382;s:0.2854;ized:0.0881;ization:0.0339;ty:0.0306
<|reserved_special_token_0|>,reserved_special,12,5,20887,special,62,_,layer_43,s,0.999304,14588,2,2,_,0.380187,11183,1,1,s:0.9993;_:0.0007;ized:0.0000;-:0.0000;ization:0.0000,_:0.3802;s:0.3280;ized:0.1176;ization:0.0273;izations:0.0215
<|reserved_special_token_0|>,reserved_special,12,5,20887,special,62,_,layer_45,s,0.995471,12121,2,2,_,0.553596,9267,1,1,s:0.9955;_:0.0045;-:0.0000;ized:0.0000;::0.0000,_:0.5536;s:0.2820;ized:0.0213;ty:0.0094;ization:0.0091
<|reserved_special_token_0|>,reserved_special,12,5,20887,special,62,_,layer_47,s,0.999989,10346,2,2,s,0.401784,7948,2,2,s:1.0000;_:0.0000;-:0.0000;::0.0000;Ċ:0.0000,s:0.4018;_:0.3403;::0.0210;ized:0.0178;Ġ|:0.0144
<|reserved_special_token_0|>,reserved_special,12,5,20887,special,62,_,layer_48,s,0.999959,8764,2,2,_,0.383324,6878,1,1,s:1.0000;_:0.0000;Ċ:0.0000;::0.0000;-:0.0000,_:0.3833;s:0.3463;::0.0229;Ġ|:0.0155;Ċ:0.0105
<|reserved_special_token_0|>,reserved_special,12,5,20887,special,62,_,final_logits,_,0.383325,6878,1,1,,,,,,_:0.3833;s:0.3463;::0.0229;Ġ|:0.0155;Ċ:0.0105,
<|reserved_special_token_0|>,reserved_special,12,6,62,_,30001,values,emb,_,9.2e-05,1,1240,2270,_,1.0,1,1461,2124,_:0.0001;__:0.0000;_(:0.0000;_{:0.0000;_.:0.0000,_:1.0000;__:0.0000;_(:0.0000;_{:0.0000;_.:0.0000
<|reserved_special_token_0|>,reserved_special,12,6,62,_,30001,values,layer_1,advertisement,0.000626,871,3690,7807,S,0.013011,251,2354,6796,advertisement:0.0006;Ga:0.0006;black:0.0005;Ġmag:0.0005;new:0.0005,S:0.0130;free:0.0110;N:0.0099;H:0.0084;D:0.0082
<|reserved_special_token_0|>,reserved_special,12,6,62,_,30001,values,layer_2,black,0.00352,3204,3193,5850,S,0.005302,801,1366,4192,black:0.0035;Ġjoint:0.0035;Ġmag:0.0028;fram:0.0026;rail:0.0021,S:0.0053;sub:0.0049;H:0.0039;f:0.0034;id:0.0034
<|reserved_special_token_0|>,reserved_special,12,6,62,_,30001,values,layer_5,advertisement,0.017404,5194,4902,9987,Ġs,0.005227,1189,1481,6796,advertisement:0.0174;Ġmag:0.0168;Ġcampaign:0.0160;Ġjoint:0.0149;Ġs:0.0142,Ġs:0.0052;sub:0.0047;]:0.0040;id:0.0029;name:0.0026
<|reserved_special_token_0|>,reserved_special,12,6,62,_,30001,values,layer_11,type,0.64276,12768,930,3998,type,0.093172,5597,311,2566,type:0.6428;ch:0.0700;sub:0.0327;mode:0.0192;pattern:0.0106,type:0.0932;mode:0.0171;sub:0.0170;]:0.0129;category:0.0115
<|reserved_special_token_0|>,reserved_special,12,6,62,_,30001,values,layer_16,type,0.361168,15169,2153,2798,type,0.037028,7944,668,1841,type:0.3612;purpose:0.2029;ch:0.1532;ex:0.0340;Ġgame:0.0323,type:0.0370;ch:0.0089;purpose:0.0079;name:0.0071;ex:0.0064
<|reserved_special_token_0|>,reserved_special,12,6,62,_,30001,values,layer_21,purpose,0.85111,15379,1134,243,type,0.024806,8939,411,176,purpose:0.8511;type:0.0435;ex:0.0234;character:0.0171;types:0.0144,type:0.0248;purpose:0.0197;types:0.0152;character:0.0125;ex:0.0112
<|reserved_special_token_0|>,reserved_special,12,6,62,_,30001,values,layer_27,purpose,0.912677,6551,1073,19,types,0.082828,3795,368,19,purpose:0.9127;types:0.0711;ties:0.0140;fields:0.0011;type:0.0003,types:0.0828;purpose:0.0601;ties:0.0286;type:0.0188;category:0.0179
<|reserved_special_token_0|>,reserved_special,12,6,62,_,30001,values,layer_32,purpose,0.562144,3486,519,62,ty,0.058549,2270,176,52,purpose:0.5621;ties:0.3818;ty:0.0425;types:0.0097;names:0.0026,ty:0.0585;ties:0.0585;types:0.0463;purpose:0.0456;category:0.0224
<|reserved_special_token_0|>,reserved_special,12,6,62,_,30001,values,layer_37,names,0.878982,1063,219,65,names,0.081071,767,57,47,names:0.8790;purpose:0.0944;types:0.0094;ty:0.0052;Ġattention:0.0037,names:0.0811;types:0.0406;purpose:0.0287;ty:0.0240;resources:0.0226
<|reserved_special_token_0|>,reserved_special,12,6,62,_,30001,values,layer_39,types,0.355269,1229,196,46,types,0.074375,967,54,33,types:0.3553;ty:0.2367;names:0.2160;purpose:0.1273;type:0.0245,types:0.0744;names:0.0465;ty:0.0427;type:0.0386;character:0.0240
<|reserved_special_token_0|>,reserved_special,12,6,62,_,30001,values,layer_41,t,0.251032,1277,181,37,char,0.066576,1099,51,25,t:0.2510;names:0.1958;character:0.1672;types:0.1092;s:0.0689,char:0.0666;types:0.0447;names:0.0382;character:0.0361;type:0.0324
<|reserved_special_token_0|>,reserved_special,12,6,62,_,30001,values,layer_43,names,0.213106,854,233,23,char,0.056191,903,54,12,names:0.2131;in:0.2038;p:0.1767;Ġcharacters:0.1068;ty:0.0924,char:0.0562;names:0.0444;types:0.0280;key:0.0245;ty:0.0238
<|reserved_special_token_0|>,reserved_special,12,6,62,_,30001,values,layer_45,in,0.38784,458,217,13,names,0.059772,620,53,7,in:0.3878;p:0.3366;t:0.1246;names:0.0884;ch:0.0331,names:0.0598;keys:0.0582;key:0.0356;character:0.0289;char:0.0221
<|reserved_special_token_0|>,reserved_special,12,6,62,_,30001,values,layer_47,ch,0.84042,708,187,3,values,0.064352,1162,61,1,ch:0.8404;p:0.0971;values:0.0315;c:0.0280;names:0.0014,values:0.0644;keys:0.0623;names:0.0406;value:0.0252;ch:0.0242
<|reserved_special_token_0|>,reserved_special,12,6,62,_,30001,values,layer_48,ch,0.866778,494,100,3,values,0.064382,910,33,1,ch:0.8668;c:0.0942;values:0.0292;look:0.0086;p:0.0006,values:0.0644;look:0.0523;ch:0.0362;keys:0.0325;names:0.0285
<|reserved_special_token_0|>,reserved_special,12,6,62,_,30001,values,final_logits,values,0.064382,910,33,1,,,,,,values:0.0644;look:0.0523;ch:0.0362;keys:0.0325;names:0.0285,
<|reserved_special_token_0|>,reserved_special,12,7,30001,token,62,|,emb,token,0.000723,1,38621,30716,token,1.0,1,35250,28422,token:0.0007;Token:0.0002;Ġtoken:0.0001;ĠToken:0.0001;Tokens:0.0001,token:1.0000;Token:0.0000;Ġtoken:0.0000;ĠToken:0.0000;Tokens:0.0000
<|reserved_special_token_0|>,reserved_special,12,7,30001,token,62,|,layer_1,izer,0.028086,16,1041,2783,izer,0.56065,14,279,1510,izer:0.0281;ized:0.0057;izers:0.0042;izing:0.0042;Ġtokens:0.0025,izer:0.5607;ized:0.0661;izing:0.0277;izers:0.0120;Ġtoken:0.0111
<|reserved_special_token_0|>,reserved_special,12,7,30001,token,62,|,layer_2,izer,0.133944,206,356,2306,izer,0.140055,127,66,1109,izer:0.1339;ized:0.0228;Ġhash:0.0227;Ġtoken:0.0140;izing:0.0137,izer:0.1401;ized:0.0403;Ġhash:0.0277;Ġtoken:0.0205;izing:0.0177
<|reserved_special_token_0|>,reserved_special,12,7,30001,token,62,|,layer_5,izer,0.311974,1934,85,643,izer,0.029296,1167,13,286,izer:0.3120;ized:0.1159;Ġpuzzle:0.0819;ize:0.0422;Ġhash:0.0365,izer:0.0293;ized:0.0284;Ġpuzzle:0.0193;ize:0.0173;Ġhash:0.0101
<|reserved_special_token_0|>,reserved_special,12,7,30001,token,62,|,layer_11,izer,0.732582,5109,22,433,izer,0.063209,2509,5,164,izer:0.7326;ized:0.0803;istics:0.0202;Ġkiller:0.0169;Ġelection:0.0130,izer:0.0632;ized:0.0304;istics:0.0242;ization:0.0130;_:0.0106
<|reserved_special_token_0|>,reserved_special,12,7,30001,token,62,|,layer_16,Ġsigning,0.322086,8194,6,682,istics,0.058675,3901,2,220,Ġsigning:0.3221;istics:0.2202;Ġg:0.0713;izer:0.0561;ized:0.0517,istics:0.0587;_:0.0287;ized:0.0170;izer:0.0165;Ġsigning:0.0119
<|reserved_special_token_0|>,reserved_special,12,7,30001,token,62,|,layer_21,_,0.911978,16671,1,433,_,0.124839,8340,1,120,_:0.9120;Ġg:0.0225;(:0.0203;Ġsigning:0.0109;istics:0.0086,_:0.1248;istics:0.0468;(:0.0174;::0.0094;Ġstring:0.0079
<|reserved_special_token_0|>,reserved_special,12,7,30001,token,62,|,layer_27,_,0.987461,22415,1,20,_,0.255699,12047,1,5,_:0.9875;(:0.0121;Ġg:0.0001;Ġargument:0.0001;Ċ:0.0001,_:0.2557;(:0.0331;:::0.0283;():0.0220;|:0.0146
<|reserved_special_token_0|>,reserved_special,12,7,30001,token,62,|,layer_32,_,0.999993,30416,1,2,_,0.678553,18888,1,2,_:1.0000;|:0.0000;(:0.0000;Ċ:0.0000;<:0.0000,_:0.6786;|:0.0895;:::0.0170;<:0.0141;Ġ|:0.0084
<|reserved_special_token_0|>,reserved_special,12,7,30001,token,62,|,layer_37,_,0.989136,21740,1,2,|,0.433543,10230,2,1,_:0.9891;|:0.0109;]:0.0000;:::0.0000;Ġ|:0.0000,|:0.4335;_:0.4122;:::0.0224;}:0.0118;Ġ|:0.0106
<|reserved_special_token_0|>,reserved_special,12,7,30001,token,62,|,layer_39,_,0.726129,21874,1,2,|,0.642283,10265,2,1,"_:0.7261;|:0.2739;Ġ|:0.0000;:::0.0000;Ġ"":0.0000",|:0.6423;_:0.2647;Ġ|:0.0198;:::0.0185;Ġ:::0.0032
<|reserved_special_token_0|>,reserved_special,12,7,30001,token,62,|,layer_41,|,0.993684,13289,2,1,|,0.775637,4814,2,1,"|:0.9937;_:0.0063;Ġ|:0.0000;,:0.0000;Ġ"":0.0000",|:0.7756;_:0.0915;Ġ|:0.0402;:::0.0118;]]:0.0062
<|reserved_special_token_0|>,reserved_special,12,7,30001,token,62,|,layer_43,_,0.736523,11069,1,2,|,0.618171,3800,2,1,"_:0.7365;|:0.2633;,:0.0001;Ġ|:0.0001;Ċ:0.0000",|:0.6182;_:0.1651;Ġ|:0.0577;:::0.0181;Ġ:::0.0088
<|reserved_special_token_0|>,reserved_special,12,7,30001,token,62,|,layer_45,_,0.952564,14746,1,5,|,0.355212,5788,2,1,"_:0.9526;Ġ"":0.0247;,:0.0225;Ċ:0.0002;|:0.0001","|:0.3552;_:0.2157;Ġ|:0.0705;:::0.0391;,:0.0271"
<|reserved_special_token_0|>,reserved_special,12,7,30001,token,62,|,layer_47,",",0.996113,15296,4,9,|,0.218915,6090,2,1,",:0.9961;Ġ"":0.0039;Ċ:0.0000;_:0.0000;.:0.0000","|:0.2189;_:0.1018;,:0.0832;Ġ|:0.0713;:::0.0334"
<|reserved_special_token_0|>,reserved_special,12,7,30001,token,62,|,layer_48,",",0.994619,13366,4,11,|,0.217546,5252,2,1,",:0.9946;Ġ"":0.0045;Ċ:0.0009;_:0.0000;Ġ|:0.0000","|:0.2175;_:0.0764;Ġ|:0.0741;,:0.0597;:::0.0383"
<|reserved_special_token_0|>,reserved_special,12,7,30001,token,62,|,final_logits,|,0.217547,5252,2,1,,,,,,"|:0.2175;_:0.0764;Ġ|:0.0741;,:0.0597;:::0.0383",
<|reserved_special_token_0|>,reserved_special,12,8,62,_,15,for,emb,_,9.2e-05,1,28,1619,_,1.0,1,29,1272,_:0.0001;__:0.0000;_(:0.0000;_{:0.0000;_.:0.0000,_:1.0000;__:0.0000;_(:0.0000;_{:0.0000;_.:0.0000
<|reserved_special_token_0|>,reserved_special,12,8,62,_,15,for,layer_1,advertisement,0.000707,685,1631,26,S,0.009823,181,843,9,advertisement:0.0007;block:0.0005;black:0.0005;destroy:0.0005;rec:0.0005,S:0.0098;N:0.0089;free:0.0076;Ġs:0.0071;wall:0.0060
<|reserved_special_token_0|>,reserved_special,12,8,62,_,15,for,layer_2,Ġjoint,0.004123,1574,1588,84,hash,0.005149,335,670,38,Ġjoint:0.0041;black:0.0026;block:0.0023;Ġmag:0.0022;Ġcampaign:0.0020,hash:0.0051;S:0.0049;sub:0.0043;id:0.0043;Ġs:0.0038
<|reserved_special_token_0|>,reserved_special,12,8,62,_,15,for,layer_5,Ġs,0.036211,1938,5098,372,Ġs,0.010683,300,2353,146,Ġs:0.0362;Ġmag:0.0287;Ġcampaign:0.0202;advertisement:0.0174;sub:0.0140,Ġs:0.0107;sub:0.0058;name:0.0031;Ġcampaign:0.0030;id:0.0028
<|reserved_special_token_0|>,reserved_special,12,8,62,_,15,for,layer_11,type,0.174069,8370,5778,38,type,0.037347,2942,3369,27,type:0.1741;header:0.1160;sub:0.0707;enabled:0.0329;pattern:0.0243,type:0.0373;header:0.0354;sub:0.0198;enabled:0.0140;hash:0.0098
<|reserved_special_token_0|>,reserved_special,12,8,62,_,15,for,layer_16,type,0.330733,6342,4060,5,type,0.046597,2297,2443,4,type:0.3307;enabled:0.1838;of:0.1031;id:0.0519;for:0.0515,type:0.0466;enabled:0.0352;header:0.0255;for:0.0161;of:0.0156
<|reserved_special_token_0|>,reserved_special,12,8,62,_,15,for,layer_21,desc,0.477292,2436,1623,5,type,0.095585,995,1144,5,desc:0.4773;type:0.4129;enabled:0.0603;types:0.0143;for:0.0100,type:0.0956;desc:0.0757;enabled:0.0473;types:0.0288;for:0.0205
<|reserved_special_token_0|>,reserved_special,12,8,62,_,15,for,layer_27,for,0.338205,1614,423,1,type,0.055544,895,432,3,for:0.3382;desc:0.3207;type:0.1952;of:0.0416;base:0.0307,type:0.0555;desc:0.0477;for:0.0454;class:0.0410;base:0.0328
<|reserved_special_token_0|>,reserved_special,12,8,62,_,15,for,layer_32,for,0.568721,1763,365,1,for,0.110068,1106,391,1,for:0.5687;of:0.4253;type:0.0038;here:0.0009;to:0.0004,for:0.1101;of:0.0738;type:0.0529;iterator:0.0366;class:0.0328
<|reserved_special_token_0|>,reserved_special,12,8,62,_,15,for,layer_37,of,0.788848,1123,198,2,of,0.053989,806,212,2,of:0.7888;for:0.2038;type:0.0028;s:0.0013;t:0.0010,of:0.0540;for:0.0537;type:0.0448;array:0.0337;string:0.0272
<|reserved_special_token_0|>,reserved_special,12,8,62,_,15,for,layer_39,for,0.951646,1287,124,1,for,0.068588,956,134,1,for:0.9516;of:0.0297;t:0.0114;s:0.0038;type:0.0006,for:0.0686;array:0.0341;type:0.0303;string:0.0267;types:0.0264
<|reserved_special_token_0|>,reserved_special,12,8,62,_,15,for,layer_41,for,0.46493,1027,58,1,for,0.03974,840,73,1,for:0.4649;t:0.4193;or:0.0374;1:0.0327;s:0.0160,for:0.0397;string:0.0335;class:0.0268;array:0.0241;t:0.0228
<|reserved_special_token_0|>,reserved_special,12,8,62,_,15,for,layer_43,or,0.859789,680,29,3,for,0.039719,677,40,1,or:0.8598;re:0.0599;for:0.0406;t:0.0201;in:0.0084,for:0.0397;or:0.0343;list:0.0301;name:0.0279;string:0.0259
<|reserved_special_token_0|>,reserved_special,12,8,62,_,15,for,layer_45,re,0.721719,330,15,4,for,0.039442,442,14,1,re:0.7217;t:0.1486;or:0.0476;for:0.0392;1:0.0326,for:0.0394;1:0.0348;re:0.0302;list:0.0301;t:0.0290
<|reserved_special_token_0|>,reserved_special,12,8,62,_,15,for,layer_47,or,0.542674,540,15,5,or,0.040373,937,17,2,or:0.5427;re:0.3504;t:0.0749;p:0.0248;for:0.0069,or:0.0404;for:0.0400;re:0.0371;name:0.0353;t:0.0347
<|reserved_special_token_0|>,reserved_special,12,8,62,_,15,for,layer_48,or,0.683506,530,16,4,for,0.038026,980,32,1,or:0.6835;p:0.1877;re:0.0903;for:0.0372;t:0.0010,for:0.0380;or:0.0360;name:0.0349;p:0.0303;list:0.0252
<|reserved_special_token_0|>,reserved_special,12,8,62,_,15,for,final_logits,for,0.038026,980,32,1,,,,,,for:0.0380;or:0.0360;name:0.0349;p:0.0303;list:0.0252,
<|reserved_special_token_0|>,reserved_special,12,9,15,0,91,|,emb,0,0.000138,1,6452,6452,0,1.0,1,5044,5044,0:0.0001;1:0.0001;5:0.0001;8:0.0000;00:0.0000,0:1.0000;1:0.0000;5:0.0000;8:0.0000;9:0.0000
<|reserved_special_token_0|>,reserved_special,12,9,15,0,91,|,layer_1,xb,0.001378,1231,2688,2688,xb,0.046216,351,967,967,xb:0.0014;xa:0.0012;âĢ³:0.0012;ADA:0.0010;xff:0.0008,xb:0.0462;âĢ³:0.0399;xff:0.0329;xa:0.0245;x:0.0130
<|reserved_special_token_0|>,reserved_special,12,9,15,0,91,|,layer_2,ADA,0.035307,5990,1708,1708,xb,0.014324,1842,320,320,ADA:0.0353;xb:0.0107;xa:0.0043;âĢ³:0.0029;ĠWHITE:0.0028,xb:0.0143;ADA:0.0108;xff:0.0045;x:0.0041;]=:0.0036
<|reserved_special_token_0|>,reserved_special,12,9,15,0,91,|,layer_5,xb,0.130781,17679,888,888,xb,0.012702,10719,130,130,xb:0.1308;xa:0.0470;ADA:0.0454;ĠIB:0.0299;âĢ³:0.0295,xb:0.0127;Ġwin:0.0069;Ġop:0.0061;x:0.0048;âĢ³:0.0047
<|reserved_special_token_0|>,reserved_special,12,9,15,0,91,|,layer_11,âĢ³,0.364516,24049,320,320,âĢ³,0.058367,16731,88,88,âĢ³:0.3645;xb:0.3365;âĢ²:0.1711;x:0.0783;xa:0.0079,âĢ³:0.0584;xb:0.0571;x:0.0570;âĢ²:0.0257;200000:0.0103
<|reserved_special_token_0|>,reserved_special,12,9,15,0,91,|,layer_16,xb,0.412792,23533,300,300,x,0.056306,18604,97,97,xb:0.4128;x:0.2483;âĢ²:0.1617;âĢ³:0.1420;xc:0.0041,x:0.0563;xb:0.0501;âĢ³:0.0282;âĢ²:0.0194;_:0.0142
<|reserved_special_token_0|>,reserved_special,12,9,15,0,91,|,layer_21,x,0.812896,19342,165,165,x,0.082524,15702,65,65,x:0.8129;âĢ²:0.1645;_:0.0087;xc:0.0059;xb:0.0044,x:0.0825;_:0.0543;âĢ²:0.0310;xc:0.0261;xd:0.0180
<|reserved_special_token_0|>,reserved_special,12,9,15,0,91,|,layer_27,âĢ²,0.667864,15806,5,5,_,0.144112,13136,5,5,âĢ²:0.6679;_:0.1669;x:0.1642;xc:0.0002;|:0.0002,_:0.1441;âĢ²:0.0571;x:0.0469;]]:0.0259;|:0.0193
<|reserved_special_token_0|>,reserved_special,12,9,15,0,91,|,layer_32,_,0.998193,15838,2,2,_,0.531585,14274,2,2,_:0.9982;|:0.0015;x:0.0003;âĢ²:0.0000;b:0.0000,_:0.5316;|:0.1359;x:0.0210;__:0.0157;âĢ²:0.0094
<|reserved_special_token_0|>,reserved_special,12,9,15,0,91,|,layer_37,_,0.991249,8141,2,2,_,0.381475,7531,2,2,_:0.9912;|:0.0087;x:0.0000;]:0.0000;Ċ:0.0000,_:0.3815;|:0.2501;]:0.0283;}:0.0182;<:0.0130
<|reserved_special_token_0|>,reserved_special,12,9,15,0,91,|,layer_39,_,0.975037,6619,2,2,|,0.350104,6033,1,1,_:0.9750;|:0.0250;Ċ:0.0000;]:0.0000;x:0.0000,"|:0.3501;_:0.3427;]:0.0232;}:0.0189;"":"":0.0121"
<|reserved_special_token_0|>,reserved_special,12,9,15,0,91,|,layer_41,_,0.558357,5541,2,2,|,0.454244,5335,1,1,_:0.5584;|:0.4415;Ċ:0.0001;x:0.0000;(:0.0000,|:0.4542;_:0.1791;Ġ|:0.0226;}:0.0191;]:0.0181
<|reserved_special_token_0|>,reserved_special,12,9,15,0,91,|,layer_43,|,0.606001,3676,1,1,|,0.490388,3816,1,1,"|:0.6060;_:0.3898;,:0.0029;Ċ:0.0010;(:0.0001",|:0.4904;_:0.1221;Ġ|:0.0354;]:0.0266;}:0.0164
<|reserved_special_token_0|>,reserved_special,12,9,15,0,91,|,layer_45,_,0.9989,1584,2,2,|,0.347955,1750,1,1,"_:0.9989;|:0.0008;,:0.0001;Ġ"":0.0001;Ċ:0.0001",|:0.3480;_:0.2290;]:0.0267;Ġ|:0.0226;(:0.0148
<|reserved_special_token_0|>,reserved_special,12,9,15,0,91,|,layer_47,_,0.949411,1402,10,10,|,0.195795,1838,1,1,"_:0.9494;,:0.0436;Ċ:0.0040;(:0.0017;Ġ"":0.0011","|:0.1958;_:0.1803;(:0.0358;,:0.0246;Ġ|:0.0220"
<|reserved_special_token_0|>,reserved_special,12,9,15,0,91,|,layer_48,_,0.995947,1282,8,8,|,0.213221,1824,1,1,"_:0.9959;Ċ:0.0019;(:0.0012;,:0.0009;Ġ"":0.0001",|:0.2132;_:0.1554;(:0.0309;<:0.0297;`:0.0266
<|reserved_special_token_0|>,reserved_special,12,9,15,0,91,|,final_logits,|,0.21322,1824,1,1,,,,,,|:0.2132;_:0.1554;(:0.0309;<:0.0297;`:0.0266,
<|reserved_special_token_0|>,reserved_special,12,10,91,|,29,],emb,|,0.000269,1,119,498,|,1.0,1,50,419,|:0.0003;||:0.0001;-|:0.0001;)|:0.0001;Ġ|:0.0001,|:1.0000;||:0.0000;-|:0.0000;)|:0.0000;Ġ|:0.0000
<|reserved_special_token_0|>,reserved_special,12,10,91,|,29,],layer_1,ĠFloating,0.000665,29,4387,2211,Ġ|,0.055396,8,820,626,ĠFloating:0.0007;cffffcc:0.0006;Ġ|:0.0005;ĠDrill:0.0005;fo:0.0005,Ġ|:0.0554;cffffcc:0.0240;ĠFloating:0.0119;ĠPhoto:0.0077;-|:0.0062
<|reserved_special_token_0|>,reserved_special,12,10,91,|,29,],layer_2,race,0.007088,1621,3760,260,Ġ|,0.012074,548,323,23,race:0.0071;ĠRibbon:0.0054;ĠDrill:0.0046;ĠFloating:0.0032;ĠArchitects:0.0032,Ġ|:0.0121;ĠPhoto:0.0067;cffffcc:0.0054;-|:0.0036;ĠFloating:0.0035
<|reserved_special_token_0|>,reserved_special,12,10,91,|,29,],layer_5,ĠDrill,0.030597,6447,3172,153,Ġ|,0.004848,2655,182,9,ĠDrill:0.0306;ĠFabric:0.0158;Ġrust:0.0158;ĠRibbon:0.0155;Ġscrapped:0.0139,Ġ|:0.0048;ĠPhoto:0.0035;Ġ':0.0031;cffffcc:0.0029;_:0.0028
<|reserved_special_token_0|>,reserved_special,12,10,91,|,29,],layer_11,>],0.114703,9875,1406,4,],0.022867,5761,182,1,>]:0.1147;ĠMedium:0.0998;ĠFloating:0.0865;]:0.0499;ĠUR:0.0304,"]:0.0229;>]:0.0216;],:0.0106;false:0.0072;Ġ|:0.0069"
<|reserved_special_token_0|>,reserved_special,12,10,91,|,29,],layer_16,ĠFloating,0.353418,8230,1021,16,Ġs,0.010796,3961,115,4,ĠFloating:0.3534;Ġs:0.1264;ĠMedium:0.0951;ĠRibbon:0.0268;Ġv:0.0267,Ġs:0.0108;1:0.0089;Ġ|:0.0081;]:0.0080;Ġ+:0.0076
<|reserved_special_token_0|>,reserved_special,12,10,91,|,29,],layer_21,Ġ...,0.39917,3369,64,4,Ġ|,0.040663,1256,10,3,Ġ...:0.3992;Ġs:0.2473;Ġ|:0.1217;]:0.0622;Ġ#:0.0461,Ġ|:0.0407;Ġ...:0.0347;]:0.0238;<:0.0143;Ġ----------------------------------------------------------------:0.0125
<|reserved_special_token_0|>,reserved_special,12,10,91,|,29,],layer_27,Ġ|,0.991963,954,12,3,Ġ|,0.280513,340,4,2,Ġ|:0.9920;Ġfalse:0.0028;]:0.0026;Ġ#:0.0013;<:0.0005,Ġ|:0.2805;]:0.0395;<:0.0377;>:0.0211;Ġ<:0.0209
<|reserved_special_token_0|>,reserved_special,12,10,91,|,29,],layer_32,Ġ|,0.99562,562,6,4,Ġ|,0.313884,155,3,4,Ġ|:0.9956;<:0.0030;Ċ:0.0007;]:0.0004;Ġ#:0.0002,Ġ|:0.3139;<:0.0964;>:0.0486;]:0.0357;Ġ<:0.0180
<|reserved_special_token_0|>,reserved_special,12,10,91,|,29,],layer_37,],0.999589,688,6,1,],0.425379,206,2,1,]:0.9996;Ċ:0.0003;Ġ|:0.0001;]':0.0000;}:0.0000,"]:0.4254;>:0.0619;],:0.0561;}:0.0522;]':0.0504"
<|reserved_special_token_0|>,reserved_special,12,10,91,|,29,],layer_39,],0.764652,690,8,1,],0.277984,173,4,1,]:0.7647;Ċ:0.2290;Ġ|:0.0062;Ġ#:0.0001;}:0.0001,"]:0.2780;Ġ|:0.0980;}:0.0571;>:0.0564;],:0.0333"
<|reserved_special_token_0|>,reserved_special,12,10,91,|,29,],layer_41,],0.970376,459,6,1,],0.398125,107,2,1,]:0.9704;Ċ:0.0296;Ġ|:0.0000;Ġ#:0.0000;):0.0000,"]:0.3981;>:0.0586;Ġ|:0.0503;],:0.0447;}:0.0361"
<|reserved_special_token_0|>,reserved_special,12,10,91,|,29,],layer_43,Ċ,0.990451,425,9,2,],0.219682,85,3,1,"Ċ:0.9905;]:0.0095;Ġ"":0.0000;Ġ|:0.0000;Ġ#:0.0000",]:0.2197;Ġ|:0.0652;>:0.0556;Ċ:0.0398;}:0.0353
<|reserved_special_token_0|>,reserved_special,12,10,91,|,29,],layer_45,Ċ,0.999884,579,11,2,],0.188338,131,4,1,"Ċ:0.9999;]:0.0001;Ġ"":0.0000;-:0.0000;,:0.0000",]:0.1883;Ċ:0.0547;Ġ|:0.0487;>:0.0482;}:0.0341
<|reserved_special_token_0|>,reserved_special,12,10,91,|,29,],layer_47,Ċ,1.0,747,19,3,],0.179121,193,3,1,"Ċ:1.0000;Ġ"":0.0000;]:0.0000;-:0.0000;,:0.0000","]:0.1791;Ċ:0.1168;>:0.0387;],:0.0283;Ġ|:0.0212"
<|reserved_special_token_0|>,reserved_special,12,10,91,|,29,],layer_48,Ċ,0.999998,623,10,2,],0.201154,201,3,1,"Ċ:1.0000;]:0.0000;Ġ"":0.0000;-:0.0000;,:0.0000","]:0.2012;Ċ:0.1058;>:0.0528;],:0.0282;}:0.0271"
<|reserved_special_token_0|>,reserved_special,12,10,91,|,29,],final_logits,],0.201154,201,3,1,,,,,,"]:0.2012;Ċ:0.1058;>:0.0528;],:0.0282;}:0.0271",
<|reserved_special_token_0|>,reserved_special,12,11,29,>,,|,emb,>,0.000222,1,,57,>,1.0,1,,54,">:0.0002;>"":0.0001;>.:0.0001;>,:0.0001;>):0.0001",">:1.0000;>"":0.0000;>.:0.0000;>,:0.0000;>):0.0000"
<|reserved_special_token_0|>,reserved_special,12,11,29,>,,|,layer_1,ĠCongratulations,0.000444,1351,,2772,ĠCongratulations,0.02441,102,,956,ĠCongratulations:0.0004;Ġdelighted:0.0004;ĠWise:0.0004;ĠDrill:0.0004;Ġorganisers:0.0003,ĠCongratulations:0.0244;Ġ<:0.0103;Ġ>:0.0046;ĠSecond:0.0042;Ġ{{:0.0036
<|reserved_special_token_0|>,reserved_special,12,11,29,>,,|,layer_2,ĠDrill,0.005644,9245,,562,ĠCongratulations,0.014688,1711,,136,ĠDrill:0.0056;ĠKyoto:0.0039;Ġdelighted:0.0028;ĠTiff:0.0026;ĠCongratulations:0.0026,ĠCongratulations:0.0147;Ġ<:0.0123;_>:0.0055;ĠVisit:0.0038;Ġ-:0.0028
<|reserved_special_token_0|>,reserved_special,12,11,29,>,,|,layer_5,Ġ<,0.012423,17172,,28,Ġ<,0.020313,3644,,2,Ġ<:0.0124;ĠDrill:0.0118;ĠClash:0.0111;Ġdelegate:0.0095;ĠThought:0.0095,Ġ<:0.0203;|:0.0041;=:0.0030;Ġ{{:0.0028;Ġid:0.0028
<|reserved_special_token_0|>,reserved_special,12,11,29,>,,|,layer_11,|,0.078874,37976,,1,Ġ<,0.029755,24702,,2,|:0.0789;Ġ<:0.0449;Ġswitch:0.0307;Ġsorry:0.0272;Ġag:0.0257,Ġ<:0.0298;|:0.0266;]::0.0071;Ġy:0.0066;Ġ<!--:0.0065
<|reserved_special_token_0|>,reserved_special,12,11,29,>,,|,layer_16,|,0.367409,19992,,1,|,0.048696,7335,,1,"|:0.3674;ĠNothing:0.0925;=]:0.0397;""}],"":0.0373;ï¸ı:0.0339",|:0.0487;=:0.0212;=]:0.0112;Ġ<!--:0.0083;&:0.0078
<|reserved_special_token_0|>,reserved_special,12,11,29,>,,|,layer_21,=,0.975463,3390,,2,=,0.294122,755,,2,=:0.9755;|:0.0168;Ġm:0.0052;=]:0.0005;Ġfield:0.0002,"=:0.2941;|:0.0611;="":0.0114;=]:0.0110;Ġ<:0.0100"
<|reserved_special_token_0|>,reserved_special,12,11,29,>,,|,layer_27,|,0.922111,7888,,1,|,0.384375,2818,,1,|:0.9221;=:0.0766;Ġfield:0.0008;Ġ<:0.0003;Ċ:0.0002,|:0.3844;=:0.1594;Ġ<:0.0202;:::0.0193;&:0.0116
<|reserved_special_token_0|>,reserved_special,12,11,29,>,,|,layer_32,|,0.999952,6355,,1,|,0.771948,2245,,1,|:1.0000;=:0.0000;:::0.0000;Ċ:0.0000;Ġ<:0.0000,|:0.7719;=:0.0453;:::0.0248;&:0.0083;Ġ<:0.0060
<|reserved_special_token_0|>,reserved_special,12,11,29,>,,|,layer_37,|,0.999983,3348,,1,|,0.818711,1206,,1,|:1.0000;Ċ:0.0000;Ġ<:0.0000;Ġ|:0.0000;Ġ$:0.0000,|:0.8187;Ġ|:0.0128;Ġ<:0.0118;=:0.0069;:::0.0066
<|reserved_special_token_0|>,reserved_special,12,11,29,>,,|,layer_39,|,0.999999,1710,,1,|,0.904463,608,,1,"|:1.0000;Ċ:0.0000;Ġ|:0.0000;Ġ<:0.0000;Ġ"":0.0000",|:0.9045;Ġ|:0.0233;Ġ<:0.0048;=:0.0031;Ċ:0.0030
<|reserved_special_token_0|>,reserved_special,12,11,29,>,,|,layer_41,|,0.999694,1387,,1,|,0.855631,496,,1,"|:0.9997;Ċ:0.0003;Ġ|:0.0000;Ġ<:0.0000;Ġ"":0.0000",|:0.8556;Ġ|:0.0357;Ġ<:0.0081;Ċ:0.0076;=:0.0047
<|reserved_special_token_0|>,reserved_special,12,11,29,>,,|,layer_43,Ċ,0.923114,1773,,2,|,0.704184,801,,1,"Ċ:0.9231;|:0.0769;Ġ"":0.0000;Ġ|:0.0000;=:0.0000",|:0.7042;Ġ|:0.0334;Ċ:0.0324;=:0.0199;Ġ<:0.0132
<|reserved_special_token_0|>,reserved_special,12,11,29,>,,|,layer_45,Ċ,0.999978,1716,,3,|,0.397532,880,,1,"Ċ:1.0000;Ġ"":0.0000;|:0.0000;Ġ(:0.0000;Ġ|:0.0000",|:0.3975;Ċ:0.0693;;:0.0557;Ġ|:0.0359;=:0.0221
<|reserved_special_token_0|>,reserved_special,12,11,29,>,,|,layer_47,Ċ,0.999998,1459,,5,|,0.220773,846,,1,"Ċ:1.0000;Ġ"":0.0000;Ġ(:0.0000;;:0.0000;|:0.0000",|:0.2208;Ċ:0.0975;;:0.0877;Ġ|:0.0359;=:0.0176
<|reserved_special_token_0|>,reserved_special,12,11,29,>,,|,layer_48,Ċ,1.0,1300,,4,|,0.264413,904,,1,"Ċ:1.0000;Ġ"":0.0000;;:0.0000;|:0.0000;Ġ(:0.0000",|:0.2644;Ċ:0.0970;;:0.0879;Ġ|:0.0349;=:0.0203
<|reserved_special_token_0|>,reserved_special,12,11,29,>,,|,final_logits,|,0.264413,904,,1,,,,,,|:0.2644;Ċ:0.0970;;:0.0879;Ġ|:0.0349;=:0.0203,
<|extra_0|>,reserved_special,7,0,27,<,91,br,emb,<,0.000306,1,173,12438,<,1.0,1,100,11433,<:0.0003;<?:0.0001;.<:0.0001;Ġ<:0.0001;<<:0.0001,<:1.0000;.<:0.0000;<?:0.0000;Ġ<:0.0000;<<:0.0000
<|extra_0|>,reserved_special,7,0,27,<,91,br,layer_1,ĠClay,0.002014,220,18392,18,span,0.005307,4,11572,3,ĠClay:0.0020;ĠPL:0.0013;script:0.0013;mail:0.0012;iston:0.0011,span:0.0053;mail:0.0037;br:0.0032;<:0.0031;Ġ<:0.0025
<|extra_0|>,reserved_special,7,0,27,<,91,br,layer_2,ĠClay,0.021031,518,11585,5,span,0.007313,23,6403,2,ĠClay:0.0210;script:0.0142;mail:0.0081;bright:0.0069;br:0.0065,span:0.0073;br:0.0056;Ġ<:0.0054;1000:0.0034;mail:0.0033
<|extra_0|>,reserved_special,7,0,27,<,91,br,layer_5,div,0.476468,189,8994,3,br,0.05299,22,5223,1,div:0.4765;span:0.2165;br:0.1895;script:0.0363;><:0.0064,br:0.0530;span:0.0401;div:0.0342;><:0.0073;Ġbr:0.0050
<|extra_0|>,reserved_special,7,0,27,<,91,br,layer_11,://,1.0,20378,19116,33494,Ġand,0.000149,1324,2861,7945,://:1.0000;clips:0.0000;wcsstore:0.0000;:{:0.0000;Ġ'/:0.0000,"Ġand:0.0001;,:0.0001;://:0.0001;.:0.0001;;:0.0001"
<|extra_0|>,reserved_special,7,0,27,<,91,br,layer_16,://,1.0,21743,19223,36235,Ġand,0.000141,1708,2514,13268,://:1.0000;clips:0.0000;wcsstore:0.0000;:{:0.0000;Ġ'/:0.0000,"Ġand:0.0001;;:0.0001;,:0.0001;.:0.0001;Ġthat:0.0001"
<|extra_0|>,reserved_special,7,0,27,<,91,br,layer_21,://,1.0,21982,19339,36996,;,0.000139,1713,2498,15141,://:1.0000;clips:0.0000;wcsstore:0.0000;:{:0.0000;$:0.0000,";:0.0001;Ġand:0.0001;,:0.0001;.:0.0001;Ġthat:0.0001"
<|extra_0|>,reserved_special,7,0,27,<,91,br,layer_27,://,1.0,21563,18839,37289,Ġand,0.000153,1615,2252,16027,://:1.0000;clips:0.0000;:{:0.0000;wcsstore:0.0000;$:0.0000,"Ġand:0.0002;;:0.0001;,:0.0001;Ġthat:0.0001;.:0.0001"
<|extra_0|>,reserved_special,7,0,27,<,91,br,layer_32,://,1.0,21008,18293,37388,Ġand,0.000172,1474,2065,16254,://:1.0000;clips:0.0000;):0.0000;%:0.0000;*:0.0000,"Ġand:0.0002;,:0.0002;Ġthat:0.0002;.:0.0002;;:0.0002"
<|extra_0|>,reserved_special,7,0,27,<,91,br,layer_37,://,1.0,20204,17577,37190,Ġand,0.000194,1305,1802,15857,://:1.0000;clips:0.0000;):0.0000;%:0.0000;*:0.0000,"Ġand:0.0002;,:0.0002;.:0.0002;Ġthat:0.0002;;:0.0002"
<|extra_0|>,reserved_special,7,0,27,<,91,br,layer_39,://,1.0,19692,17201,36977,Ġand,0.000206,1205,1692,15340,://:1.0000;clips:0.0000;):0.0000;%:0.0000;*:0.0000,"Ġand:0.0002;,:0.0002;.:0.0002;Ġthat:0.0002;;:0.0002"
<|extra_0|>,reserved_special,7,0,27,<,91,br,layer_41,://,1.0,18947,16550,36504,",",0.00023,1086,1520,14183,://:1.0000;clips:0.0000;:{:0.0000;):0.0000;(:0.0000,",:0.0002;Ġand:0.0002;.:0.0002;Ġthat:0.0002;;:0.0002"
<|extra_0|>,reserved_special,7,0,27,<,91,br,layer_43,://,1.0,17369,15321,35462,",",0.000277,842,1245,11901,://:1.0000;clips:0.0000;:{:0.0000;Ġanyway:0.0000;Ġ'/:0.0000,",:0.0003;Ġand:0.0003;.:0.0003;Ġthat:0.0002;;:0.0002"
<|extra_0|>,reserved_special,7,0,27,<,91,br,layer_45,://,1.0,12736,11973,31155,",",0.000472,441,825,6452,://:1.0000;clips:0.0000;Ġanyway:0.0000;:{:0.0000;Ġ'/:0.0000,",:0.0005;Ġand:0.0004;.:0.0004;Ġthat:0.0004;;:0.0003"
<|extra_0|>,reserved_special,7,0,27,<,91,br,layer_47,Ċ,0.58703,25,340,40,Ċ,0.024885,15,135,36,"Ċ:0.5870;-:0.1627;.:0.1273;,:0.0577;Ġ"":0.0330","Ċ:0.0249;.:0.0213;>:0.0200;-:0.0199;,:0.0174"
<|extra_0|>,reserved_special,7,0,27,<,91,br,layer_48,-,0.470806,50,504,9,br,0.018923,15,206,1,"-:0.4708;Ċ:0.2058;Ġ"":0.0836;p:0.0741;s:0.0648",br:0.0189;div:0.0163;string:0.0150;p:0.0125;>:0.0123
<|extra_0|>,reserved_special,7,0,27,<,91,br,final_logits,br,0.018923,15,206,1,,,,,,br:0.0189;div:0.0163;string:0.0150;p:0.0125;>:0.0123,
<|extra_0|>,reserved_special,7,1,91,|,26086,>,emb,|,0.000269,1,9011,119,|,1.0,1,8643,50,|:0.0003;||:0.0001;-|:0.0001;)|:0.0001;Ġ|:0.0001,|:1.0000;||:0.0000;-|:0.0000;)|:0.0000;Ġ|:0.0000
<|extra_0|>,reserved_special,7,1,91,|,26086,>,layer_1,Ġ|,0.001315,27,8977,4496,Ġ|,0.081909,8,7675,963,Ġ|:0.0013;cffffcc:0.0012;Â§:0.0007;ĠRibbon:0.0006;ĠPhoto:0.0006,Ġ|:0.0819;cffffcc:0.0357;ĠFound:0.0064;Â§:0.0051;ĠReached:0.0050
<|extra_0|>,reserved_special,7,1,91,|,26086,>,layer_2,ĠSilver,0.007562,207,21613,861,cffffcc,0.015707,49,19139,40,ĠSilver:0.0076;ĠDrill:0.0071;cffffcc:0.0067;ĠArchitects:0.0067;ĠGarland:0.0065,"cffffcc:0.0157;Ġ|:0.0155;]:0.0128;ĠSilver:0.0057;]"":0.0040"
<|extra_0|>,reserved_special,7,1,91,|,26086,>,layer_5,],0.200704,224,26384,18,],0.055429,55,24196,4,]:0.2007;cffffcc:0.1053;Ġanarchist:0.0650;!]:0.0514;Ġrust:0.0330,"]:0.0554;cffffcc:0.0329;],:0.0146;>:0.0139;>]:0.0120"
<|extra_0|>,reserved_special,7,1,91,|,26086,>,layer_11,],0.607501,292,28243,3,],0.246075,122,25180,3,]:0.6075;>]:0.2089;>:0.0372;>(:0.0344;><:0.0326,]:0.2461;><:0.1557;>:0.1073;>]:0.0854;>(:0.0561
<|extra_0|>,reserved_special,7,1,91,|,26086,>,layer_16,],0.577278,225,25621,2,>,0.274377,92,22279,1,"]:0.5773;>:0.3018;>[:0.0838;>]:0.0119;],:0.0064",">:0.2744;]:0.2093;>[:0.0638;>,:0.0398;>(:0.0313"
<|extra_0|>,reserved_special,7,1,91,|,26086,>,layer_21,>,0.981641,207,26769,1,>,0.539804,72,21801,1,>:0.9816;]:0.0107;>]:0.0066;>[:0.0007;>(:0.0002,>:0.5398;]:0.0641;>]:0.0515;>[:0.0310;>(:0.0278
<|extra_0|>,reserved_special,7,1,91,|,26086,>,layer_27,>,0.999978,71,11294,1,>,0.758413,37,7185,1,>:1.0000;>]:0.0000;]:0.0000;<:0.0000;><:0.0000,>:0.7584;><:0.0295;>]:0.0226;<:0.0214;]:0.0154
<|extra_0|>,reserved_special,7,1,91,|,26086,>,layer_32,>,0.999101,14,5790,1,>,0.631025,9,2892,1,>:0.9991;<:0.0008;Ġ|:0.0001;t:0.0000;r:0.0000,>:0.6310;<:0.0921;Ġ|:0.0352;><:0.0263;-|:0.0073
<|extra_0|>,reserved_special,7,1,91,|,26086,>,layer_37,>,0.869037,44,7964,1,>,0.383701,12,3361,1,>:0.8690;Ġ|:0.1308;Ġc:0.0001;Ċ:0.0001;<:0.0000,>:0.3837;Ġ|:0.1180;><:0.0360;<:0.0329;]:0.0184
<|extra_0|>,reserved_special,7,1,91,|,26086,>,layer_39,Ġ|,0.603777,34,12233,2,>,0.29331,10,5726,1,"Ġ|:0.6038;>:0.3944;Ċ:0.0016;Ġc:0.0002;Ġ"":0.0000",>:0.2933;Ġ|:0.1426;><:0.0273;-|:0.0271;<:0.0255
<|extra_0|>,reserved_special,7,1,91,|,26086,>,layer_41,>,0.46639,43,11275,1,>,0.239435,8,4996,1,">:0.4664;Ġ|:0.4541;Ċ:0.0774;Ġc:0.0018;Ġ"":0.0002",>:0.2394;Ġ|:0.1030;]:0.0296;<:0.0274;><:0.0244
<|extra_0|>,reserved_special,7,1,91,|,26086,>,layer_43,Ċ,0.979163,38,10527,3,>,0.174415,3,4631,1,"Ċ:0.9792;Ġ|:0.0150;>:0.0036;Ġ"":0.0020;-:0.0001",>:0.1744;Ġ|:0.0955;|:0.0353;<:0.0270;]:0.0250
<|extra_0|>,reserved_special,7,1,91,|,26086,>,layer_45,Ċ,0.998414,75,9243,7,>,0.122269,3,4135,1,"Ċ:0.9984;Ġ"":0.0010;-:0.0006;,:0.0000;Ġ':0.0000",>:0.1223;Ġ|:0.0706;|:0.0334;]:0.0288;<:0.0278
<|extra_0|>,reserved_special,7,1,91,|,26086,>,layer_47,Ċ,0.999581,104,8104,11,>,0.081688,5,3826,1,"Ċ:0.9996;-:0.0002;Ġ"":0.0002;,:0.0000;Ġ':0.0000",>:0.0817;Ġ|:0.0337;]:0.0251;Ċ:0.0237;|:0.0235
<|extra_0|>,reserved_special,7,1,91,|,26086,>,layer_48,Ċ,0.999391,94,5845,9,>,0.080612,4,2897,1,"Ċ:0.9994;-:0.0004;Ġ"":0.0002;,:0.0000;Ġ':0.0000",>:0.0806;Ġ|:0.0284;<:0.0267;|:0.0265;]:0.0256
<|extra_0|>,reserved_special,7,1,91,|,26086,>,final_logits,>,0.080612,4,2897,1,,,,,,>:0.0806;Ġ|:0.0284;<:0.0267;|:0.0265;]:0.0256,
<|extra_0|>,reserved_special,7,2,26086,extra,62,-,emb,extra,0.000621,1,41466,50229,extra,1.0,1,37987,50194,extra:0.0006;Extra:0.0001;ĠExtra:0.0001;ď:0.0001;Ę:0.0001,extra:1.0000;Extra:0.0000;ĠExtra:0.0000;Ġextra:0.0000;ď:0.0000
<|extra_0|>,reserved_special,7,2,26086,extra,62,-,layer_1,ordinary,0.338858,4,4227,14109,ordinary,0.995389,4,1291,5466,ordinary:0.3389;ense:0.0044;Ġordinary:0.0017;extra:0.0016;agna:0.0014,ordinary:0.9954;Ġordinary:0.0003;ense:0.0002;extra:0.0001;Ġval:0.0000
<|extra_0|>,reserved_special,7,2,26086,extra,62,-,layer_2,ordinary,0.919732,3084,557,5271,ordinary,0.937805,2889,90,1991,ordinary:0.9197;judicial:0.0020;Ġfanc:0.0013;ense:0.0010;Ġval:0.0008,ordinary:0.9378;judicial:0.0009;Ġordinary:0.0008;Ġval:0.0007;Ġbrief:0.0006
<|extra_0|>,reserved_special,7,2,26086,extra,62,-,layer_5,ordinary,0.97028,34278,100,869,ordinary,0.328873,34651,13,350,ordinary:0.9703;Ġgrid:0.0019;Ġbilling:0.0016;judicial:0.0014;Ġdropped:0.0011,ordinary:0.3289;Ġentry:0.0053;Ġroom:0.0043;Ġhidden:0.0042;Ġinspired:0.0036
<|extra_0|>,reserved_special,7,2,26086,extra,62,-,layer_11,ordinary,0.924309,40665,14,260,ordinary,0.206413,39343,8,191,ordinary:0.9243;judicial:0.0411;Ġhidden:0.0061;Ġgrid:0.0053;|:0.0042,ordinary:0.2064;judicial:0.0179;]:0.0173;=:0.0171;|:0.0153
<|extra_0|>,reserved_special,7,2,26086,extra,62,-,layer_16,judicial,0.559187,42005,12,94,>,0.045018,39915,9,119,judicial:0.5592;ordinary:0.1231;|:0.0962;]:0.0518;>):0.0445,>:0.0450;ordinary:0.0400;]:0.0389;}:0.0361;|:0.0336
<|extra_0|>,reserved_special,7,2,26086,extra,62,-,layer_21,judicial,0.557297,37511,4,28,ordinary,0.057372,33388,3,53,judicial:0.5573;ordinary:0.1645;|:0.1305;_:0.0962;=:0.0202,ordinary:0.0574;|:0.0450;_:0.0376;=:0.0361;judicial:0.0285
<|extra_0|>,reserved_special,7,2,26086,extra,62,-,layer_27,|,0.918652,33849,3,14,|,0.2246,28976,3,46,|:0.9187;ordinary:0.0395;_:0.0362;judicial:0.0053;>:0.0001,|:0.2246;ordinary:0.1230;_:0.0730;>:0.0427;judicial:0.0251
<|extra_0|>,reserved_special,7,2,26086,extra,62,-,layer_32,|,0.999395,23952,2,6,|,0.653979,17540,3,24,|:0.9994;_:0.0006;ordinary:0.0000;judicial:0.0000;(:0.0000,|:0.6540;ordinary:0.1018;_:0.0727;judicial:0.0188;>:0.0080
<|extra_0|>,reserved_special,7,2,26086,extra,62,-,layer_37,|,0.999999,16040,2,5,|,0.860332,10153,2,10,|:1.0000;_:0.0000;Ġ|:0.0000;-|:0.0000;-:0.0000,|:0.8603;_:0.0277;-|:0.0252;Ġ|:0.0108;ordinary:0.0086
<|extra_0|>,reserved_special,7,2,26086,extra,62,-,layer_39,|,0.999999,7113,2,3,|,0.867185,3378,2,10,|:1.0000;_:0.0000;-:0.0000;Ġ|:0.0000;-|:0.0000,|:0.8672;_:0.0280;-|:0.0207;Ġ|:0.0139;->:0.0044
<|extra_0|>,reserved_special,7,2,26086,extra,62,-,layer_41,|,0.999802,5467,2,3,|,0.746776,2233,2,7,|:0.9998;_:0.0002;-:0.0000;Ġ|:0.0000;(:0.0000,|:0.7468;_:0.0629;Ġ|:0.0168;-|:0.0166;)|:0.0101
<|extra_0|>,reserved_special,7,2,26086,extra,62,-,layer_43,|,0.991079,4709,3,2,|,0.729035,1800,2,4,"|:0.9911;-:0.0088;_:0.0001;Ġ"":0.0000;Ġ|:0.0000",|:0.7290;_:0.0499;Ġ|:0.0144;-:0.0134;)|:0.0102
<|extra_0|>,reserved_special,7,2,26086,extra,62,-,layer_45,-,0.999898,2316,2,1,|,0.435331,686,2,3,"-:0.9999;_:0.0001;|:0.0000;Ġ"":0.0000;,:0.0000",|:0.4353;_:0.1182;-:0.0625;Ġ|:0.0195;::0.0111
<|extra_0|>,reserved_special,7,2,26086,extra,62,-,layer_47,-,1.0,3468,2,1,|,0.159889,1102,3,2,"-:1.0000;_:0.0000;,:0.0000;::0.0000;Ġ"":0.0000",|:0.1599;-:0.1421;_:0.1029;::0.0294;->:0.0176
<|extra_0|>,reserved_special,7,2,26086,extra,62,-,layer_48,-,1.0,2321,2,1,-,0.120675,744,3,1,"-:1.0000;_:0.0000;,:0.0000;::0.0000;Ġ"":0.0000",-:0.1207;|:0.1170;_:0.0958;::0.0318;->:0.0228
<|extra_0|>,reserved_special,7,2,26086,extra,62,-,final_logits,-,0.120675,744,3,1,,,,,,-:0.1207;|:0.1170;_:0.0958;::0.0318;->:0.0228,
<|extra_0|>,reserved_special,7,3,62,_,15,info,emb,_,9.2e-05,1,28,45,_,1.0,1,29,40,_:0.0001;__:0.0000;_(:0.0000;_{:0.0000;_.:0.0000,_:1.0000;__:0.0000;_(:0.0000;_{:0.0000;_.:0.0000
<|extra_0|>,reserved_special,7,3,62,_,15,info,layer_1,advertisement,0.001749,1659,1104,2636,free,0.009648,506,559,1728,advertisement:0.0017;Ga:0.0008;black:0.0007;fram:0.0006;new:0.0006,free:0.0096;new:0.0080;H:0.0072;for:0.0064;O:0.0061
<|extra_0|>,reserved_special,7,3,62,_,15,info,layer_2,here,0.005198,2359,1134,1441,sub,0.006297,662,478,697,here:0.0052;black:0.0049;Ġjoint:0.0045;rail:0.0041;sub:0.0038,sub:0.0063;hash:0.0061;S:0.0044;f:0.0043;H:0.0043
<|extra_0|>,reserved_special,7,3,62,_,15,info,layer_5,advertisement,0.028433,2391,1967,2016,sub,0.005782,482,716,781,advertisement:0.0284;Ġs:0.0253;Ġmag:0.0252;sub:0.0230;here:0.0224,sub:0.0058;]:0.0056;Ġs:0.0054;hash:0.0043;name:0.0036
<|extra_0|>,reserved_special,7,3,62,_,15,info,layer_11,sub,0.167908,2345,186,373,type,0.025562,958,150,235,sub:0.1679;type:0.1374;ch:0.0812;pattern:0.0553;]:0.0408,"type:0.0256;]:0.0232;sub:0.0207;name:0.0200;],:0.0140"
<|extra_0|>,reserved_special,7,3,62,_,15,info,layer_16,t,0.173459,3379,203,210,name,0.027874,1668,219,115,t:0.1735;name:0.1422;id:0.1384;pro:0.0836;ch:0.0595,name:0.0279;]:0.0164;id:0.0131;t:0.0106;table:0.0100
<|extra_0|>,reserved_special,7,3,62,_,15,info,layer_21,id,0.668413,2450,187,12,name,0.028884,1328,221,6,id:0.6684;name:0.0862;pro:0.0437;hit:0.0394;argument:0.0219,name:0.0289;id:0.0269;text:0.0131;input:0.0106;resources:0.0105
<|extra_0|>,reserved_special,7,3,62,_,15,info,layer_27,id,0.386785,1499,257,19,name,0.040281,946,314,16,id:0.3868;name:0.2974;argument:0.1065;hit:0.0713;strength:0.0393,name:0.0403;output:0.0200;id:0.0183;input:0.0174;hit:0.0150
<|extra_0|>,reserved_special,7,3,62,_,15,info,layer_32,t,0.613292,569,282,3,|,0.030704,419,367,2,t:0.6133;argument:0.1115;info:0.0961;|:0.0437;name:0.0319,|:0.0307;info:0.0215;name:0.0203;param:0.0175;output:0.0174
<|extra_0|>,reserved_special,7,3,62,_,15,info,layer_37,t,0.501734,604,213,22,|,0.02574,459,240,7,"t:0.5017;Ġfield:0.1167;,:0.0643;argument:0.0528;Ġspace:0.0508",|:0.0257;argument:0.0204;page:0.0161;text:0.0153;output:0.0124
<|extra_0|>,reserved_special,7,3,62,_,15,info,layer_39,t,0.969358,410,271,65,|,0.047,317,303,26,"t:0.9694;Ġspace:0.0133;Ġ"":0.0048;s:0.0040;,:0.0036",|:0.0470;t:0.0240;page:0.0186;text:0.0128;check:0.0120
<|extra_0|>,reserved_special,7,3,62,_,15,info,layer_41,Ġspace,0.727464,618,232,65,|,0.033622,517,301,26,"Ġspace:0.7275;s:0.1260;t:0.1179;,:0.0090;Ġ"":0.0065",|:0.0336;Ġspace:0.0169;space:0.0157;page:0.0155;name:0.0126
<|extra_0|>,reserved_special,7,3,62,_,15,info,layer_43,Ġspace,0.708162,556,230,77,|,0.037407,512,295,19,"Ġspace:0.7082;s:0.1181;Ġ"":0.0909;t:0.0593;,:0.0186",|:0.0374;name:0.0231;Ġspace:0.0202;space:0.0194;page:0.0189
<|extra_0|>,reserved_special,7,3,62,_,15,info,layer_45,s,0.69311,239,86,79,|,0.031916,277,144,12,"s:0.6931;t:0.1314;Ġ"":0.0698;,:0.0589;Ċ:0.0433",|:0.0319;name:0.0216;page:0.0164;sub:0.0129;t:0.0126
<|extra_0|>,reserved_special,7,3,62,_,15,info,layer_47,s,0.952567,297,62,46,name,0.036678,678,141,7,s:0.9526;t:0.0361;op:0.0060;name:0.0026;Ċ:0.0011,name:0.0367;sub:0.0271;page:0.0155;op:0.0147;data:0.0139
<|extra_0|>,reserved_special,7,3,62,_,15,info,layer_48,s,0.516229,298,50,15,info,0.025169,789,140,1,s:0.5162;op:0.4134;t:0.0525;name:0.0078;p:0.0051,info:0.0252;name:0.0243;sub:0.0240;args:0.0180;value:0.0180
<|extra_0|>,reserved_special,7,3,62,_,15,info,final_logits,info,0.025169,789,140,1,,,,,,info:0.0252;name:0.0243;sub:0.0240;args:0.0180;value:0.0180,
<|extra_0|>,reserved_special,7,4,15,0,91,|,emb,0,0.000138,1,6452,6452,0,1.0,1,5044,5044,0:0.0001;1:0.0001;5:0.0001;8:0.0000;00:0.0000,0:1.0000;1:0.0000;5:0.0000;8:0.0000;9:0.0000
<|extra_0|>,reserved_special,7,4,15,0,91,|,layer_1,xb,0.001671,2029,1720,1720,xb,0.044699,608,498,498,xb:0.0017;xa:0.0015;âĢ³:0.0011;xff:0.0008;ADA:0.0008,xb:0.0447;xa:0.0260;âĢ³:0.0256;xff:0.0229;x:0.0149
<|extra_0|>,reserved_special,7,4,15,0,91,|,layer_2,ADA,0.036129,8135,596,596,xb,0.02057,3030,82,82,ADA:0.0361;xb:0.0202;NC:0.0051;xa:0.0050;ĠWHITE:0.0037,xb:0.0206;ADA:0.0073;]):0.0054;xff:0.0047;]=:0.0042
<|extra_0|>,reserved_special,7,4,15,0,91,|,layer_5,xb,0.233295,17269,42,42,xb,0.014483,10617,6,6,xb:0.2333;xa:0.0400;ADA:0.0282;Ġwin:0.0183;ĠIB:0.0120,xb:0.0145;Ġwin:0.0058;]=:0.0055;]):0.0042;]]:0.0042
<|extra_0|>,reserved_special,7,4,15,0,91,|,layer_11,xb,0.675495,18564,10,10,xb,0.047046,12386,4,4,xb:0.6755;x:0.1906;âĢ³:0.0319;]=:0.0208;kB:0.0046,xb:0.0470;x:0.0437;]=:0.0410;|:0.0124;âĢ³:0.0100
<|extra_0|>,reserved_special,7,4,15,0,91,|,layer_16,xb,0.502954,14267,9,9,x,0.049524,10483,6,6,xb:0.5030;x:0.4246;xc:0.0278;âĢ³:0.0095;Ġdelegate:0.0083,x:0.0495;xb:0.0475;xc:0.0326;]=:0.0233;)|:0.0228
<|extra_0|>,reserved_special,7,4,15,0,91,|,layer_21,x,0.996275,12250,2,2,x,0.181743,10087,2,2,x:0.9963;|:0.0021;_:0.0008;xc:0.0005;xb:0.0002,x:0.1817;|:0.0686;_:0.0526;xc:0.0333;)|:0.0166
<|extra_0|>,reserved_special,7,4,15,0,91,|,layer_27,x,0.505453,17207,2,2,|,0.371669,15991,1,1,x:0.5055;|:0.4893;_:0.0052;xc:0.0000;ÃĹ:0.0000,|:0.3717;x:0.1115;_:0.0860;)|:0.0337;xc:0.0185
<|extra_0|>,reserved_special,7,4,15,0,91,|,layer_32,|,0.880526,12890,1,1,|,0.604369,12716,1,1,|:0.8805;_:0.1139;x:0.0056;Ġ|:0.0000;b:0.0000,|:0.6044;_:0.1945;x:0.0349;->:0.0173;)|:0.0154
<|extra_0|>,reserved_special,7,4,15,0,91,|,layer_37,|,0.966647,5904,1,1,|,0.693854,5698,1,1,|:0.9666;_:0.0327;x:0.0006;Ġ|:0.0000;xff:0.0000,|:0.6939;_:0.1409;x:0.0215;xff:0.0133;Ġ|:0.0119
<|extra_0|>,reserved_special,7,4,15,0,91,|,layer_39,|,0.999542,2857,1,1,|,0.850175,2530,1,1,|:0.9995;_:0.0004;x:0.0000;Ġ|:0.0000;}:0.0000,|:0.8502;_:0.0689;Ġ|:0.0128;x:0.0110;)|:0.0049
<|extra_0|>,reserved_special,7,4,15,0,91,|,layer_41,|,0.999674,2020,1,1,|,0.826731,1823,1,1,"|:0.9997;_:0.0003;x:0.0000;Ġ|:0.0000;,:0.0000",|:0.8267;_:0.0619;Ġ|:0.0174;)|:0.0114;x:0.0107
<|extra_0|>,reserved_special,7,4,15,0,91,|,layer_43,|,0.984965,1277,1,1,|,0.715666,1174,1,1,"|:0.9850;_:0.0146;,:0.0003;x:0.0001;.:0.0000",|:0.7157;_:0.0905;Ġ|:0.0262;x:0.0150;)|:0.0129
<|extra_0|>,reserved_special,7,4,15,0,91,|,layer_45,_,0.892725,683,3,3,|,0.470025,722,1,1,"_:0.8927;,:0.0899;|:0.0108;.:0.0041;x:0.0025",|:0.4700;_:0.1572;Ġ|:0.0336;x:0.0276;.:0.0222
<|extra_0|>,reserved_special,7,4,15,0,91,|,layer_47,",",0.919322,613,9,9,|,0.254757,754,1,1,",:0.9193;.:0.0806;_:0.0001;-:0.0000;Ċ:0.0000","|:0.2548;_:0.1219;.:0.0842;,:0.0674;Ġ|:0.0345"
<|extra_0|>,reserved_special,7,4,15,0,91,|,layer_48,.,0.81665,545,7,7,|,0.28085,783,1,1,".:0.8167;,:0.1833;_:0.0001;x:0.0000;Ċ:0.0000","|:0.2808;_:0.0979;.:0.0963;,:0.0474;Ġ|:0.0415"
<|extra_0|>,reserved_special,7,4,15,0,91,|,final_logits,|,0.28085,783,1,1,,,,,,"|:0.2809;_:0.0979;.:0.0963;,:0.0474;Ġ|:0.0415",
<|extra_0|>,reserved_special,7,5,91,|,29,in,emb,|,0.000269,1,119,13216,|,1.0,1,50,10159,|:0.0003;||:0.0001;-|:0.0001;)|:0.0001;Ġ|:0.0001,|:1.0000;||:0.0000;-|:0.0000;)|:0.0000;Ġ|:0.0000
<|extra_0|>,reserved_special,7,5,91,|,29,in,layer_1,ĠFloating,0.000958,8,6287,3728,Ġ|,0.089299,4,1707,5472,ĠFloating:0.0010;Ġ|:0.0008;cffffcc:0.0008;Accessory:0.0005;ĠFabric:0.0005,Ġ|:0.0893;cffffcc:0.0358;ĠFloating:0.0195;|:0.0099;ĠLit:0.0054
<|extra_0|>,reserved_special,7,5,91,|,29,in,layer_2,race,0.01376,424,2514,2138,Ġ|,0.019937,98,187,4214,race:0.0138;Ġsunny:0.0064;ĠFloating:0.0059;ĠDrill:0.0054;Ġrust:0.0049,Ġ|:0.0199;cffffcc:0.0091;ĠPhoto:0.0057;ĠFloating:0.0049;]:0.0045
<|extra_0|>,reserved_special,7,5,91,|,29,in,layer_5,Ġrust,0.036144,1452,861,1419,Ġ|,0.011816,361,30,3042,Ġrust:0.0361;ĠDrill:0.0314;ĠNeutral:0.0228;ĠFabric:0.0160;ĠRibbon:0.0159,Ġ|:0.0118;]:0.0094;cffffcc:0.0089;ĠNeutral:0.0041;>]:0.0036
<|extra_0|>,reserved_special,7,5,91,|,29,in,layer_11,ĠMedium,0.289025,3781,257,1340,],0.031244,1968,32,2509,ĠMedium:0.2890;ĠRibbon:0.2398;>]:0.0921;]:0.0470;ĠFloating:0.0300,]:0.0312;>]:0.0252;ĠMedium:0.0164;1:0.0156;cffffcc:0.0152
<|extra_0|>,reserved_special,7,5,91,|,29,in,layer_16,ĠMedium,0.338005,3333,104,704,1,0.032487,1541,16,1763,ĠMedium:0.3380;1:0.2768;ĠRibbon:0.0827;ĠFound:0.0529;0:0.0335,1:0.0325;ĠFound:0.0166;Ġ|:0.0156;<:0.0136;>]:0.0126
<|extra_0|>,reserved_special,7,5,91,|,29,in,layer_21,Accessory,0.265637,2757,66,489,Ġ|,0.034619,1083,14,1503,Accessory:0.2656;1:0.2080;>]:0.1171;false:0.1140;Ġ|:0.0924,Ġ|:0.0346;DT:0.0308;>]:0.0253;<:0.0185;Accessory:0.0177
<|extra_0|>,reserved_special,7,5,91,|,29,in,layer_27,Ġ|,0.932198,2595,47,277,Ġ|,0.17002,1004,10,968,Ġ|:0.9322;false:0.0579;Ġfalse:0.0035;Ġ#:0.0024;r:0.0019,Ġ|:0.1700;false:0.0465;>]:0.0179;ĠFound:0.0156;<:0.0136
<|extra_0|>,reserved_special,7,5,91,|,29,in,layer_32,Ġ|,0.950247,4041,46,43,Ġ|,0.130792,1640,7,171,Ġ|:0.9502;r:0.0140;p:0.0095;Ġ#:0.0050;[:0.0046,Ġ|:0.1308;<:0.0346;extra:0.0236;false:0.0159;[:0.0148
<|extra_0|>,reserved_special,7,5,91,|,29,in,layer_37,Ġ|,0.386124,5913,65,10,Ġ|,0.065899,2193,9,35,Ġ|:0.3861;Ċ:0.2906;[:0.1353;Ġ#:0.0526;Ġ[:0.0449,Ġ|:0.0659;<:0.0261;[:0.0217;null:0.0202;extra:0.0168
<|extra_0|>,reserved_special,7,5,91,|,29,in,layer_39,Ċ,0.644626,5468,68,3,extra,0.064158,1923,8,23,Ċ:0.6446;extra:0.1976;in:0.0455;Ġ|:0.0374;[:0.0155,extra:0.0642;Ġ|:0.0401;<:0.0213;false:0.0204;null:0.0145
<|extra_0|>,reserved_special,7,5,91,|,29,in,layer_41,Ċ,0.979111,4172,59,2,extra,0.03471,1156,7,19,Ċ:0.9791;in:0.0071;[:0.0038;-:0.0032;Ġin:0.0013,extra:0.0347;Ġ|:0.0322;<:0.0240;[:0.0160;null:0.0146
<|extra_0|>,reserved_special,7,5,91,|,29,in,layer_43,Ċ,0.987741,4974,156,2,extra,0.028373,1432,15,9,Ċ:0.9877;in:0.0039;-:0.0031;Ġin:0.0027;ĠI:0.0018,extra:0.0284;<:0.0186;Ġ|:0.0161;[:0.0151;null:0.0148
<|extra_0|>,reserved_special,7,5,91,|,29,in,layer_45,Ċ,0.998575,3751,176,2,extra,0.025417,1113,21,6,Ċ:0.9986;in:0.0008;Ġ[:0.0002;-:0.0001;ĠI:0.0001,extra:0.0254;[:0.0250;Ċ:0.0249;Ġ[:0.0196;Ġ|:0.0132
<|extra_0|>,reserved_special,7,5,91,|,29,in,layer_47,Ċ,0.997527,1821,131,2,Ċ,0.075159,573,24,2,Ċ:0.9975;in:0.0024;ĠI:0.0000;Ġ[:0.0000;n:0.0000,Ċ:0.0752;in:0.0551;Ġ[:0.0378;n:0.0313;[:0.0280
<|extra_0|>,reserved_special,7,5,91,|,29,in,layer_48,Ċ,0.836186,1362,52,2,in,0.087811,675,18,1,Ċ:0.8362;in:0.1540;n:0.0098;Ġ[:0.0000;ĠI:0.0000,in:0.0878;n:0.0675;Ċ:0.0566;extra:0.0348;null:0.0303
<|extra_0|>,reserved_special,7,5,91,|,29,in,final_logits,in,0.087811,675,18,1,,,,,,in:0.0878;n:0.0675;Ċ:0.0566;extra:0.0348;null:0.0303,
<|extra_0|>,reserved_special,7,6,29,>,,|,emb,>,0.000222,1,,57,>,1.0,1,,54,">:0.0002;>"":0.0001;>.:0.0001;>,:0.0001;>):0.0001",">:1.0000;>"":0.0000;>.:0.0000;>,:0.0000;>):0.0000"
<|extra_0|>,reserved_special,7,6,29,>,,|,layer_1,Ġdelighted,0.000448,1007,,1342,Ġ<,0.024684,95,,460,Ġdelighted:0.0004;Ġ<:0.0004;ĠCongratulations:0.0004;Ġorganisers:0.0004;ĠWard:0.0004,Ġ<:0.0247;ĠCongratulations:0.0183;Ġ>:0.0075;Ġi:0.0056;_>:0.0047
<|extra_0|>,reserved_special,7,6,29,>,,|,layer_2,ĠDrill,0.008837,8367,,237,Ġ<,0.011489,1551,,54,ĠDrill:0.0088;ĠKyoto:0.0048;ĠThought:0.0029;ĠTiff:0.0028;Ġdelighted:0.0026,Ġ<:0.0115;ĠCongratulations:0.0110;_>:0.0079;Ġ{{:0.0034;Ġh:0.0032
<|extra_0|>,reserved_special,7,6,29,>,,|,layer_5,ĠDrill,0.034758,11221,,8,Ġ<,0.016837,1623,,2,ĠDrill:0.0348;ĠThought:0.0198;Ġj:0.0177;ĠClash:0.0151;Ġdelegate:0.0139,Ġ<:0.0168;|:0.0096;_>:0.0037;Ġ^:0.0033;Ġpe:0.0031
<|extra_0|>,reserved_special,7,6,29,>,,|,layer_11,|,0.113238,27408,,1,Ġ<,0.046907,14149,,2,|:0.1132;Ġ<:0.1042;ĠThought:0.0991;Ġy:0.0588;ĠI:0.0334,Ġ<:0.0469;|:0.0323;Ġy:0.0126;ĠI:0.0080;Ġ{::0.0070
<|extra_0|>,reserved_special,7,6,29,>,,|,layer_16,|,0.826702,10052,,1,|,0.099185,2994,,1,"|:0.8267;ĠNothing:0.0260;""}],"":0.0087;ĠStatus:0.0084;=:0.0072",|:0.0992;=:0.0202;Ġ<:0.0122;&:0.0081;]::0.0077
<|extra_0|>,reserved_special,7,6,29,>,,|,layer_21,=,0.639051,2335,,2,=,0.162001,557,,2,=:0.6391;|:0.3493;Ġm:0.0065;Ġ<:0.0006;Ġfield:0.0003,=:0.1620;|:0.1252;&:0.0118;]::0.0117;Ġ<:0.0114
<|extra_0|>,reserved_special,7,6,29,>,,|,layer_27,|,0.998346,5619,,1,|,0.606184,1877,,1,|:0.9983;=:0.0016;Ġfield:0.0000;Ġm:0.0000;Ġ-:0.0000,|:0.6062;=:0.0838;&:0.0094;Ġ<:0.0055;:::0.0045
<|extra_0|>,reserved_special,7,6,29,>,,|,layer_32,|,0.99999,4409,,1,|,0.862083,1256,,1,|:1.0000;=:0.0000;Ġfield:0.0000;Ġm:0.0000;+:0.0000,|:0.8621;=:0.0385;+:0.0037;:::0.0036;&:0.0026
<|extra_0|>,reserved_special,7,6,29,>,,|,layer_37,|,1.0,2098,,1,|,0.835968,544,,1,|:1.0000;Ċ:0.0000;Ġ|:0.0000;=:0.0000;Ġm:0.0000,|:0.8360;=:0.0138;Ġ|:0.0126;)|:0.0061;+:0.0053
<|extra_0|>,reserved_special,7,6,29,>,,|,layer_39,|,1.0,579,,1,|,0.885773,139,,1,|:1.0000;Ġ|:0.0000;=:0.0000;Ċ:0.0000;Ġextra:0.0000,|:0.8858;Ġ|:0.0215;=:0.0119;)|:0.0062;Ġ<:0.0028
<|extra_0|>,reserved_special,7,6,29,>,,|,layer_41,|,0.999975,722,,1,|,0.763338,171,,1,|:1.0000;Ġ|:0.0000;Ċ:0.0000;=:0.0000;Ġextra:0.0000,|:0.7633;Ġ|:0.0474;=:0.0193;)|:0.0070;Ġ<:0.0062
<|extra_0|>,reserved_special,7,6,29,>,,|,layer_43,|,0.997622,943,,1,|,0.720809,298,,1,"|:0.9976;Ċ:0.0024;Ġ|:0.0000;=:0.0000;Ġ"":0.0000",|:0.7208;Ġ|:0.0459;=:0.0376;Ċ:0.0071;Ġ<:0.0068
<|extra_0|>,reserved_special,7,6,29,>,,|,layer_45,Ċ,0.996722,768,,2,|,0.474757,258,,1,"Ċ:0.9967;|:0.0029;Ġ"":0.0004;Ġ(:0.0000;Ġ|:0.0000",|:0.4748;Ġ|:0.0526;=:0.0439;Ċ:0.0187;0:0.0115
<|extra_0|>,reserved_special,7,6,29,>,,|,layer_47,Ċ,0.999996,700,,5,|,0.230275,257,,1,"Ċ:1.0000;Ġ"":0.0000;Ġ(:0.0000;-:0.0000;|:0.0000",|:0.2303;Ġ|:0.0516;Ċ:0.0365;=:0.0286;0:0.0164
<|extra_0|>,reserved_special,7,6,29,>,,|,layer_48,Ċ,0.999999,637,,4,|,0.270506,284,,1,"Ċ:1.0000;Ġ"":0.0000;Ġ(:0.0000;|:0.0000;-:0.0000",|:0.2705;Ġ|:0.0455;Ċ:0.0339;=:0.0285;0:0.0195
<|extra_0|>,reserved_special,7,6,29,>,,|,final_logits,|,0.270506,284,,1,,,,,,|:0.2705;Ġ|:0.0455;Ċ:0.0339;=:0.0285;0:0.0195,
<unk>,unk_token,3,0,27,<,2954,br,emb,<,0.000306,1,21039,12438,<,1.0,1,18907,11433,<:0.0003;<?:0.0001;.<:0.0001;Ġ<:0.0001;<<:0.0001,<:1.0000;.<:0.0000;<?:0.0000;Ġ<:0.0000;<<:0.0000
<unk>,unk_token,3,0,27,<,2954,br,layer_1,ĠClay,0.002014,220,8402,18,span,0.005307,4,19042,3,ĠClay:0.0020;ĠPL:0.0013;script:0.0013;mail:0.0012;iston:0.0011,span:0.0053;mail:0.0037;br:0.0032;<:0.0031;Ġ<:0.0025
<unk>,unk_token,3,0,27,<,2954,br,layer_2,ĠClay,0.021031,518,8810,5,span,0.007313,23,19054,2,ĠClay:0.0210;script:0.0142;mail:0.0081;bright:0.0069;br:0.0065,span:0.0073;br:0.0056;Ġ<:0.0054;1000:0.0034;mail:0.0033
<unk>,unk_token,3,0,27,<,2954,br,layer_5,div,0.476468,189,14590,3,br,0.05299,22,25920,1,div:0.4765;span:0.2165;br:0.1895;script:0.0363;><:0.0064,br:0.0530;span:0.0401;div:0.0342;><:0.0073;Ġbr:0.0050
<unk>,unk_token,3,0,27,<,2954,br,layer_11,://,1.0,20378,6405,33494,Ġand,0.000149,1324,12656,7945,://:1.0000;clips:0.0000;wcsstore:0.0000;:{:0.0000;Ġ'/:0.0000,"Ġand:0.0001;,:0.0001;://:0.0001;.:0.0001;;:0.0001"
<unk>,unk_token,3,0,27,<,2954,br,layer_16,://,1.0,21743,6388,36235,Ġand,0.000141,1708,11982,13268,://:1.0000;clips:0.0000;wcsstore:0.0000;:{:0.0000;Ġ'/:0.0000,"Ġand:0.0001;;:0.0001;,:0.0001;.:0.0001;Ġthat:0.0001"
<unk>,unk_token,3,0,27,<,2954,br,layer_21,://,1.0,21982,6483,36996,;,0.000139,1713,11963,15141,://:1.0000;clips:0.0000;wcsstore:0.0000;:{:0.0000;$:0.0000,";:0.0001;Ġand:0.0001;,:0.0001;.:0.0001;Ġthat:0.0001"
<unk>,unk_token,3,0,27,<,2954,br,layer_27,://,1.0,21563,6532,37289,Ġand,0.000153,1615,12657,16027,://:1.0000;clips:0.0000;:{:0.0000;wcsstore:0.0000;$:0.0000,"Ġand:0.0002;;:0.0001;,:0.0001;Ġthat:0.0001;.:0.0001"
<unk>,unk_token,3,0,27,<,2954,br,layer_32,://,1.0,21008,6513,37388,Ġand,0.000172,1474,13197,16254,://:1.0000;clips:0.0000;):0.0000;%:0.0000;*:0.0000,"Ġand:0.0002;,:0.0002;Ġthat:0.0002;.:0.0002;;:0.0002"
<unk>,unk_token,3,0,27,<,2954,br,layer_37,://,1.0,20204,6460,37190,Ġand,0.000194,1305,13545,15857,://:1.0000;clips:0.0000;):0.0000;%:0.0000;*:0.0000,"Ġand:0.0002;,:0.0002;.:0.0002;Ġthat:0.0002;;:0.0002"
<unk>,unk_token,3,0,27,<,2954,br,layer_39,://,1.0,19692,6391,36977,Ġand,0.000206,1205,13636,15340,://:1.0000;clips:0.0000;):0.0000;%:0.0000;*:0.0000,"Ġand:0.0002;,:0.0002;.:0.0002;Ġthat:0.0002;;:0.0002"
<unk>,unk_token,3,0,27,<,2954,br,layer_41,://,1.0,18947,6270,36504,",",0.00023,1086,13626,14183,://:1.0000;clips:0.0000;:{:0.0000;):0.0000;(:0.0000,",:0.0002;Ġand:0.0002;.:0.0002;Ġthat:0.0002;;:0.0002"
<unk>,unk_token,3,0,27,<,2954,br,layer_43,://,1.0,17369,6113,35462,",",0.000277,842,13752,11901,://:1.0000;clips:0.0000;:{:0.0000;Ġanyway:0.0000;Ġ'/:0.0000,",:0.0003;Ġand:0.0003;.:0.0003;Ġthat:0.0002;;:0.0002"
<unk>,unk_token,3,0,27,<,2954,br,layer_45,://,1.0,12736,5972,31155,",",0.000472,441,14560,6452,://:1.0000;clips:0.0000;Ġanyway:0.0000;:{:0.0000;Ġ'/:0.0000,",:0.0005;Ġand:0.0004;.:0.0004;Ġthat:0.0004;;:0.0003"
<unk>,unk_token,3,0,27,<,2954,br,layer_47,Ċ,0.58703,25,15333,40,Ċ,0.024885,15,18121,36,"Ċ:0.5870;-:0.1627;.:0.1273;,:0.0577;Ġ"":0.0330","Ċ:0.0249;.:0.0213;>:0.0200;-:0.0199;,:0.0174"
<unk>,unk_token,3,0,27,<,2954,br,layer_48,-,0.470806,50,12729,9,br,0.018923,15,11426,1,"-:0.4708;Ċ:0.2058;Ġ"":0.0836;p:0.0741;s:0.0648",br:0.0189;div:0.0163;string:0.0150;p:0.0125;>:0.0123
<unk>,unk_token,3,0,27,<,2954,br,final_logits,br,0.018923,15,11426,1,,,,,,br:0.0189;div:0.0163;string:0.0150;p:0.0125;>:0.0123,
<unk>,unk_token,3,1,2954,unk,29,_,emb,unk,0.000921,1,33761,32623,unk,1.0,1,29793,28144,unk:0.0009;unks:0.0002;unker:0.0001;unky:0.0001;ď:0.0001,unk:1.0000;unks:0.0000;unker:0.0000;unky:0.0000;inking:0.0000
<unk>,unk_token,3,1,2954,unk,29,_,layer_1,unk,0.002987,1,33992,4810,unk,0.050414,1,22715,1412,unk:0.0030;Ġmerge:0.0020;ies:0.0013;aid:0.0013;ering:0.0012,unk:0.0504;ies:0.0182;ering:0.0175;Ġmerge:0.0124;aid:0.0114
<unk>,unk_token,3,1,2954,unk,29,_,layer_2,Ġmerge,0.018732,3,4700,1878,Ġmerge,0.007135,3,1152,458,Ġmerge:0.0187;Ġjoint:0.0069;unk:0.0068;Ġrace:0.0059;irted:0.0053,Ġmerge:0.0071;ering:0.0062;unk:0.0050;tion:0.0045;Ġmerged:0.0044
<unk>,unk_token,3,1,2954,unk,29,_,layer_5,Ġmerge,0.20731,640,236,157,Ġmerged,0.009084,842,23,15,Ġmerge:0.2073;Ġmine:0.1051;Ġmerged:0.0563;irted:0.0356;Ġtackled:0.0214,Ġmerged:0.0091;>::0.0087;Ġmerge:0.0074;ies:0.0058;ed:0.0049
<unk>,unk_token,3,1,2954,unk,29,_,layer_11,>:,0.785802,4837,11,22,>:,0.168055,5693,2,9,>::0.7858;Ġmerge:0.0689;ed:0.0194;>):0.0178;]:0.0114,">::0.1681;>:0.0430;]:0.0365;>):0.0249;>,:0.0233"
<unk>,unk_token,3,1,2954,unk,29,_,layer_16,>:,0.441175,2941,5,14,>:,0.152683,3272,2,9,>::0.4412;ed:0.1905;le:0.1268;ame:0.1181;>:0.0556,">::0.1527;>:0.1170;>,:0.0441;]:0.0347;ed:0.0337"
<unk>,unk_token,3,1,2954,unk,29,_,layer_21,ame,0.379999,1992,5,9,>,0.125918,1964,1,7,ame:0.3800;ed:0.2876;amed:0.2742;le:0.0370;>:0.0152,">:0.1259;ame:0.0700;ed:0.0564;amed:0.0522;>,:0.0416"
<unk>,unk_token,3,1,2954,unk,29,_,layer_27,ed,0.898125,3239,3,7,>,0.140062,3042,1,4,ed:0.8981;ame:0.0821;>:0.0102;le:0.0046;amed:0.0022,>:0.1401;ed:0.0784;ame:0.0584;_:0.0341;ild:0.0303
<unk>,unk_token,3,1,2954,unk,29,_,layer_32,ed,0.984707,4595,2,3,>,0.135542,4073,1,3,ed:0.9847;>:0.0059;_:0.0028;ame:0.0024;o:0.0018,>:0.1355;ed:0.0784;_:0.0558;ame:0.0326;irk:0.0280
<unk>,unk_token,3,1,2954,unk,29,_,layer_37,o,0.441973,5538,2,3,>,0.203353,4372,1,2,o:0.4420;>:0.2009;_:0.1655;le:0.1035;ed:0.0766,>:0.2034;_:0.0738;o:0.0347;irk:0.0299;ernel:0.0221
<unk>,unk_token,3,1,2954,unk,29,_,layer_39,_,0.532965,4742,4,1,>,0.14569,3394,1,2,_:0.5330;le:0.2820;o:0.1226;>:0.0303;ed:0.0145,>:0.1457;_:0.0926;ernel:0.0455;nown:0.0287;tion:0.0252
<unk>,unk_token,3,1,2954,unk,29,_,layer_41,_,0.855975,3663,9,1,_,0.096086,2445,2,1,_:0.8560;o:0.0643;ed:0.0293;le:0.0261;-:0.0085,_:0.0961;>:0.0902;ernel:0.0606;nown:0.0301;o:0.0194
<unk>,unk_token,3,1,2954,unk,29,_,layer_43,_,0.645466,6533,6,1,_,0.139349,4411,2,1,_:0.6455;ed:0.2629;-:0.0827;o:0.0082;i:0.0003,_:0.1393;>:0.1110;ed:0.0383;o:0.0218;ernel:0.0144
<unk>,unk_token,3,1,2954,unk,29,_,layer_45,ed,0.480394,3638,5,3,>,0.128121,1973,1,2,ed:0.4804;-:0.3511;_:0.1640;o:0.0042;>:0.0002,>:0.1281;_:0.1130;ed:0.0464;o:0.0233;-:0.0167
<unk>,unk_token,3,1,2954,unk,29,_,layer_47,-,0.916933,4778,7,2,_,0.183286,3463,2,1,-:0.9169;_:0.0808;ed:0.0023;r:0.0000;a:0.0000,_:0.1833;>:0.1069;-:0.0441;ed:0.0377;r:0.0170
<unk>,unk_token,3,1,2954,unk,29,_,layer_48,_,0.909096,3863,6,1,_,0.189112,3486,2,1,_:0.9091;-:0.0699;ed:0.0180;r:0.0012;t:0.0007,_:0.1891;>:0.1218;ed:0.0374;r:0.0343;now:0.0282
<unk>,unk_token,3,1,2954,unk,29,_,final_logits,_,0.189112,3486,2,1,,,,,,_:0.1891;>:0.1218;ed:0.0374;r:0.0343;now:0.0282,
<unk>,unk_token,3,2,29,>,,Ċ,emb,>,0.000222,1,,33088,>,1.0,1,,26001,">:0.0002;>"":0.0001;>.:0.0001;>,:0.0001;>):0.0001",">:1.0000;>"":0.0000;>.:0.0000;>,:0.0000;>):0.0000"
<unk>,unk_token,3,2,29,>,,Ċ,layer_1,Ġdelegate,0.000478,827,,361,Ġ<,0.017089,66,,106,Ġdelegate:0.0005;Ġ<:0.0005;ĠWard:0.0004;ĠUNCLASSIFIED:0.0004;ĠThought:0.0004,Ġ<:0.0171;Ġi:0.0062;_>:0.0041;Ġ>:0.0039;Ġh:0.0037
<unk>,unk_token,3,2,29,>,,Ċ,layer_2,ĠProgressive,0.004513,2974,,380,Ġ<,0.019345,270,,76,ĠProgressive:0.0045;ĠWard:0.0044;ĠDrill:0.0043;Ġ<:0.0034;ĠThought:0.0032,Ġ<:0.0193;ĠChanged:0.0048;Ġh:0.0040;_>:0.0039;ĠWard:0.0025
<unk>,unk_token,3,2,29,>,,Ċ,layer_5,ĠProgressive,0.144249,2190,,355,Ġ<,0.03138,63,,84,ĠProgressive:0.1442;Ġ<:0.0524;ĠGarrison:0.0338;Ġdelegate:0.0303;ĠDrill:0.0210,Ġ<:0.0314;_>:0.0048;]::0.0032;ĠProgressive:0.0031;ĠStone:0.0025
<unk>,unk_token,3,2,29,>,,Ċ,layer_11,Ġ<,0.572949,2447,,247,Ġ<,0.19627,317,,81,Ġ<:0.5729;ĠBourbon:0.0590;Ġj:0.0401;Ġm:0.0336;Ġh:0.0111,Ġ<:0.1963;Ġproto:0.0121;Ġm:0.0117;Ġ</:0.0089;Ġ>:0.0075
<unk>,unk_token,3,2,29,>,,Ċ,layer_16,Ġ<,0.249586,1234,,88,Ġ<,0.083257,157,,56,Ġ<:0.2496;Ġm:0.1494;Ġj:0.1052;ĠHello:0.0983;ĠBourbon:0.0693,Ġ<:0.0833;Ġproto:0.0209;ĠHello:0.0173;Ġ</:0.0156;Ġm:0.0150
<unk>,unk_token,3,2,29,>,,Ċ,layer_21,Ġm,0.790812,2654,,12,Ġ<,0.053776,404,,37,Ġm:0.7908;Ġ<:0.1103;Ġj:0.0405;ĠHello:0.0145;Ġb:0.0076,Ġ<:0.0538;Ġm:0.0191;:::0.0133;Ġproto:0.0116;Ġ>:0.0104
<unk>,unk_token,3,2,29,>,,Ċ,layer_27,Ġ<,0.68721,3178,,3,Ġ<,0.091411,617,,13,Ġ<:0.6872;Ġm:0.2880;Ċ:0.0174;Ġj:0.0027;:::0.0005,Ġ<:0.0914;Ġ</:0.0379;:::0.0268;Ġ\:0.0160;Ġ+#:0.0108
<unk>,unk_token,3,2,29,>,,Ċ,layer_32,Ġ<,0.849404,2688,,3,Ġ<,0.084105,569,,19,Ġ<:0.8494;Ġm:0.1022;Ċ:0.0443;Ġ(:0.0008;Ġj:0.0006,Ġ<:0.0841;Ġ</:0.0657;:::0.0371;Ġ\:0.0181;Ġ+#:0.0133
<unk>,unk_token,3,2,29,>,,Ċ,layer_37,Ġ<,0.942626,1689,,2,Ġ<,0.153184,399,,9,Ġ<:0.9426;Ċ:0.0572;Ġis:0.0001;Ġ#:0.0000;Ġm:0.0000,Ġ<:0.1532;Ġ</:0.0693;:::0.0385;Ġ+#:0.0144;Ġ\:0.0136
<unk>,unk_token,3,2,29,>,,Ċ,layer_39,Ġ<,0.934888,587,,2,Ġ<,0.252134,121,,6,"Ġ<:0.9349;Ċ:0.0651;Ġ(:0.0000;Ġis:0.0000;Ġ"":0.0000",Ġ<:0.2521;Ġ</:0.0784;:::0.0294;Ġ\:0.0194;Ġ>:0.0142
<unk>,unk_token,3,2,29,>,,Ċ,layer_41,Ċ,0.972365,717,,1,Ġ<,0.195537,150,,3,"Ċ:0.9724;Ġ<:0.0276;Ġ(:0.0000;Ġ"":0.0000;Ġis:0.0000",Ġ<:0.1955;Ġ</:0.0916;Ċ:0.0271;Ġ\:0.0213;:::0.0157
<unk>,unk_token,3,2,29,>,,Ċ,layer_43,Ċ,0.999961,650,,1,Ġ<,0.175232,150,,2,"Ċ:1.0000;Ġ<:0.0000;Ġ"":0.0000;Ġ(:0.0000;Ġis:0.0000","Ġ<:0.1752;Ċ:0.0557;Ġ</:0.0542;Ġ\:0.0167;Ġ,:0.0160"
<unk>,unk_token,3,2,29,>,,Ċ,layer_45,Ċ,0.999994,839,,1,Ġ<,0.094626,229,,2,"Ċ:1.0000;Ġ"":0.0000;Ġis:0.0000;Ġ(:0.0000;Ġand:0.0000","Ġ<:0.0946;Ċ:0.0664;Ġ,:0.0232;Ġ</:0.0200;Ġ::0.0181"
<unk>,unk_token,3,2,29,>,,Ċ,layer_47,Ċ,1.0,740,,1,Ċ,0.078817,256,,1,"Ċ:1.0000;Ġ"":0.0000;Ġ(:0.0000;Ġis:0.0000;Ġand:0.0000","Ċ:0.0788;Ġ<:0.0535;Ġ,:0.0240;Ġ(:0.0231;Ġis:0.0194"
<unk>,unk_token,3,2,29,>,,Ċ,layer_48,Ċ,1.0,662,,1,Ċ,0.082054,269,,1,"Ċ:1.0000;Ġ"":0.0000;Ġ(:0.0000;Ġis:0.0000;Ġand:0.0000","Ċ:0.0821;Ġ<:0.0661;Ġ,:0.0227;Ġ(:0.0190;Ġis:0.0185"
<unk>,unk_token,3,2,29,>,,Ċ,final_logits,Ċ,0.082054,269,,1,,,,,,"Ċ:0.0821;Ġ<:0.0661;Ġ,:0.0227;Ġ(:0.0190;Ġis:0.0185",
<|endoftext|>,special_bos,1,0,50256,<|endoftext|>,,The,emb,<|endoftext|>,7.3e-05,1,,420,<|endoftext|>,1.0,1,,366,<|endoftext|>:0.0001;Ċ:0.0000;ĊĊ:0.0000;Advertisements:0.0000;rawdownloadcloneembedreportprint:0.0000,<|endoftext|>:1.0000;Ċ:0.0000;ĊĊ:0.0000;Advertisements:0.0000;ĠLogged:0.0000
<|endoftext|>,special_bos,1,0,50256,<|endoftext|>,,The,layer_1,ĠFlore,0.003398,483,,546,Breaking,0.003048,8,,36,ĠFlore:0.0034;Lay:0.0015;Late:0.0013;ĠArd:0.0012;ĠâĢİ:0.0012,Breaking:0.0030;Insp:0.0024;Untitled:0.0018;Flo:0.0013;Posted:0.0012
<|endoftext|>,special_bos,1,0,50256,<|endoftext|>,,The,layer_2,ĠFlore,0.037309,1174,,266,Breaking,0.009067,36,,14,ĠFlore:0.0373;ĠDrill:0.0118;Breaking:0.0085;Late:0.0079;ĠSAF:0.0062,Breaking:0.0091;Photo:0.0022;Description:0.0022;Image:0.0014;Late:0.0013
<|endoftext|>,special_bos,1,0,50256,<|endoftext|>,,The,layer_5,Breaking,0.059806,2513,,7,Breaking,0.007474,539,,5,Breaking:0.0598;Photo:0.0322;Mod:0.0229;Ġfl:0.0187;Ġpolice:0.0160,Breaking:0.0075;Photo:0.0034;Description:0.0026;Get:0.0024;The:0.0024
<|endoftext|>,special_bos,1,0,50256,<|endoftext|>,,The,layer_11,://,1.0,35625,,40843,.,0.000136,195,,611,://:1.0000;clips:0.0000;:{:0.0000;wcsstore:0.0000;76561:0.0000,".:0.0001;Ġand:0.0001;;:0.0001;,:0.0001;://:0.0001"
<|endoftext|>,special_bos,1,0,50256,<|endoftext|>,,The,layer_16,://,1.0,37367,,43615,;,0.000137,219,,2095,://:1.0000;clips:0.0000;:{:0.0000;wcsstore:0.0000;Ġ'/:0.0000,";:0.0001;Ġand:0.0001;.:0.0001;Ġthat:0.0001;,:0.0001"
<|endoftext|>,special_bos,1,0,50256,<|endoftext|>,,The,layer_21,://,1.0,37930,,44094,;,0.000135,241,,2425,://:1.0000;clips:0.0000;:{:0.0000;wcsstore:0.0000;$:0.0000,";:0.0001;Ġand:0.0001;.:0.0001;Ġthat:0.0001;,:0.0001"
<|endoftext|>,special_bos,1,0,50256,<|endoftext|>,,The,layer_27,://,1.0,37632,,44045,Ġand,0.000146,223,,2311,://:1.0000;clips:0.0000;:{:0.0000;):0.0000;(:0.0000,"Ġand:0.0001;;:0.0001;.:0.0001;,:0.0001;Ġthat:0.0001"
<|endoftext|>,special_bos,1,0,50256,<|endoftext|>,,The,layer_32,://,1.0,37096,,43902,Ġand,0.000165,191,,2140,://:1.0000;clips:0.0000;):0.0000;%:0.0000;*:0.0000,"Ġand:0.0002;,:0.0002;.:0.0002;Ġthat:0.0002;;:0.0002"
<|endoftext|>,special_bos,1,0,50256,<|endoftext|>,,The,layer_37,://,1.0,36287,,43485,Ġand,0.000186,169,,1849,://:1.0000;clips:0.0000;):0.0000;%:0.0000;*:0.0000,"Ġand:0.0002;,:0.0002;.:0.0002;Ġthat:0.0002;;:0.0002"
<|endoftext|>,special_bos,1,0,50256,<|endoftext|>,,The,layer_39,://,1.0,35864,,43229,Ġand,0.000198,159,,1688,://:1.0000;clips:0.0000;):0.0000;%:0.0000;*:0.0000,"Ġand:0.0002;,:0.0002;.:0.0002;Ġthat:0.0002;;:0.0002"
<|endoftext|>,special_bos,1,0,50256,<|endoftext|>,,The,layer_41,://,1.0,35138,,42628,Ġand,0.000219,151,,1341,://:1.0000;clips:0.0000;):0.0000;%:0.0000;*:0.0000,"Ġand:0.0002;,:0.0002;.:0.0002;Ġthat:0.0002;;:0.0002"
<|endoftext|>,special_bos,1,0,50256,<|endoftext|>,,The,layer_43,://,1.0,33801,,41032,",",0.000261,138,,689,://:1.0000;clips:0.0000;:{:0.0000;Ġanyway:0.0000;.(:0.0000,",:0.0003;Ġand:0.0003;.:0.0003;Ġthat:0.0002;;:0.0002"
<|endoftext|>,special_bos,1,0,50256,<|endoftext|>,,The,layer_45,://,1.0,28862,,33297,",",0.000416,103,,130,://:1.0000;clips:0.0000;.(:0.0000;Ġanyway:0.0000;:{:0.0000,",:0.0004;.:0.0004;Ġand:0.0004;Ġthat:0.0003;Ċ:0.0003"
<|endoftext|>,special_bos,1,0,50256,<|endoftext|>,,The,layer_47,The,0.99997,952,,1,The,0.089433,2520,,1,The:1.0000;A:0.0000;In:0.0000;I:0.0000;This:0.0000,The:0.0894;A:0.0370;In:0.0234;I:0.0215;This:0.0198
<|endoftext|>,special_bos,1,0,50256,<|endoftext|>,,The,layer_48,The,0.999999,648,,1,The,0.068069,2329,,1,"The:1.0000;"":0.0000;A:0.0000;Ċ:0.0000;In:0.0000","The:0.0681;A:0.0243;"":0.0238;I:0.0173;In:0.0169"
<|endoftext|>,special_bos,1,0,50256,<|endoftext|>,,The,final_logits,The,0.068069,2329,,1,,,,,,"The:0.0681;A:0.0243;"":0.0238;I:0.0173;In:0.0169",
<|endoftext|>,special_eos,1,0,50256,<|endoftext|>,,The,emb,<|endoftext|>,7.3e-05,1,,420,<|endoftext|>,1.0,1,,366,<|endoftext|>:0.0001;Ċ:0.0000;ĊĊ:0.0000;Advertisements:0.0000;rawdownloadcloneembedreportprint:0.0000,<|endoftext|>:1.0000;Ċ:0.0000;ĊĊ:0.0000;Advertisements:0.0000;ĠLogged:0.0000
<|endoftext|>,special_eos,1,0,50256,<|endoftext|>,,The,layer_1,ĠFlore,0.003398,483,,546,Breaking,0.003048,8,,36,ĠFlore:0.0034;Lay:0.0015;Late:0.0013;ĠArd:0.0012;ĠâĢİ:0.0012,Breaking:0.0030;Insp:0.0024;Untitled:0.0018;Flo:0.0013;Posted:0.0012
<|endoftext|>,special_eos,1,0,50256,<|endoftext|>,,The,layer_2,ĠFlore,0.037309,1174,,266,Breaking,0.009067,36,,14,ĠFlore:0.0373;ĠDrill:0.0118;Breaking:0.0085;Late:0.0079;ĠSAF:0.0062,Breaking:0.0091;Photo:0.0022;Description:0.0022;Image:0.0014;Late:0.0013
<|endoftext|>,special_eos,1,0,50256,<|endoftext|>,,The,layer_5,Breaking,0.059806,2513,,7,Breaking,0.007474,539,,5,Breaking:0.0598;Photo:0.0322;Mod:0.0229;Ġfl:0.0187;Ġpolice:0.0160,Breaking:0.0075;Photo:0.0034;Description:0.0026;Get:0.0024;The:0.0024
<|endoftext|>,special_eos,1,0,50256,<|endoftext|>,,The,layer_11,://,1.0,35625,,40843,.,0.000136,195,,611,://:1.0000;clips:0.0000;:{:0.0000;wcsstore:0.0000;76561:0.0000,".:0.0001;Ġand:0.0001;;:0.0001;,:0.0001;://:0.0001"
<|endoftext|>,special_eos,1,0,50256,<|endoftext|>,,The,layer_16,://,1.0,37367,,43615,;,0.000137,219,,2095,://:1.0000;clips:0.0000;:{:0.0000;wcsstore:0.0000;Ġ'/:0.0000,";:0.0001;Ġand:0.0001;.:0.0001;Ġthat:0.0001;,:0.0001"
<|endoftext|>,special_eos,1,0,50256,<|endoftext|>,,The,layer_21,://,1.0,37930,,44094,;,0.000135,241,,2425,://:1.0000;clips:0.0000;:{:0.0000;wcsstore:0.0000;$:0.0000,";:0.0001;Ġand:0.0001;.:0.0001;Ġthat:0.0001;,:0.0001"
<|endoftext|>,special_eos,1,0,50256,<|endoftext|>,,The,layer_27,://,1.0,37632,,44045,Ġand,0.000146,223,,2311,://:1.0000;clips:0.0000;:{:0.0000;):0.0000;(:0.0000,"Ġand:0.0001;;:0.0001;.:0.0001;,:0.0001;Ġthat:0.0001"
<|endoftext|>,special_eos,1,0,50256,<|endoftext|>,,The,layer_32,://,1.0,37096,,43902,Ġand,0.000165,191,,2140,://:1.0000;clips:0.0000;):0.0000;%:0.0000;*:0.0000,"Ġand:0.0002;,:0.0002;.:0.0002;Ġthat:0.0002;;:0.0002"
<|endoftext|>,special_eos,1,0,50256,<|endoftext|>,,The,layer_37,://,1.0,36287,,43485,Ġand,0.000186,169,,1849,://:1.0000;clips:0.0000;):0.0000;%:0.0000;*:0.0000,"Ġand:0.0002;,:0.0002;.:0.0002;Ġthat:0.0002;;:0.0002"
<|endoftext|>,special_eos,1,0,50256,<|endoftext|>,,The,layer_39,://,1.0,35864,,43229,Ġand,0.000198,159,,1688,://:1.0000;clips:0.0000;):0.0000;%:0.0000;*:0.0000,"Ġand:0.0002;,:0.0002;.:0.0002;Ġthat:0.0002;;:0.0002"
<|endoftext|>,special_eos,1,0,50256,<|endoftext|>,,The,layer_41,://,1.0,35138,,42628,Ġand,0.000219,151,,1341,://:1.0000;clips:0.0000;):0.0000;%:0.0000;*:0.0000,"Ġand:0.0002;,:0.0002;.:0.0002;Ġthat:0.0002;;:0.0002"
<|endoftext|>,special_eos,1,0,50256,<|endoftext|>,,The,layer_43,://,1.0,33801,,41032,",",0.000261,138,,689,://:1.0000;clips:0.0000;:{:0.0000;Ġanyway:0.0000;.(:0.0000,",:0.0003;Ġand:0.0003;.:0.0003;Ġthat:0.0002;;:0.0002"
<|endoftext|>,special_eos,1,0,50256,<|endoftext|>,,The,layer_45,://,1.0,28862,,33297,",",0.000416,103,,130,://:1.0000;clips:0.0000;.(:0.0000;Ġanyway:0.0000;:{:0.0000,",:0.0004;.:0.0004;Ġand:0.0004;Ġthat:0.0003;Ċ:0.0003"
<|endoftext|>,special_eos,1,0,50256,<|endoftext|>,,The,layer_47,The,0.99997,952,,1,The,0.089433,2520,,1,The:1.0000;A:0.0000;In:0.0000;I:0.0000;This:0.0000,The:0.0894;A:0.0370;In:0.0234;I:0.0215;This:0.0198
<|endoftext|>,special_eos,1,0,50256,<|endoftext|>,,The,layer_48,The,0.999999,648,,1,The,0.068069,2329,,1,"The:1.0000;"":0.0000;A:0.0000;Ċ:0.0000;In:0.0000","The:0.0681;A:0.0243;"":0.0238;I:0.0173;In:0.0169"
<|endoftext|>,special_eos,1,0,50256,<|endoftext|>,,The,final_logits,The,0.068069,2329,,1,,,,,,"The:0.0681;A:0.0243;"":0.0238;I:0.0173;In:0.0169",
<|endoftext|>,special_unk,1,0,50256,<|endoftext|>,,The,emb,<|endoftext|>,7.3e-05,1,,420,<|endoftext|>,1.0,1,,366,<|endoftext|>:0.0001;Ċ:0.0000;ĊĊ:0.0000;Advertisements:0.0000;rawdownloadcloneembedreportprint:0.0000,<|endoftext|>:1.0000;Ċ:0.0000;ĊĊ:0.0000;Advertisements:0.0000;ĠLogged:0.0000
<|endoftext|>,special_unk,1,0,50256,<|endoftext|>,,The,layer_1,ĠFlore,0.003398,483,,546,Breaking,0.003048,8,,36,ĠFlore:0.0034;Lay:0.0015;Late:0.0013;ĠArd:0.0012;ĠâĢİ:0.0012,Breaking:0.0030;Insp:0.0024;Untitled:0.0018;Flo:0.0013;Posted:0.0012
<|endoftext|>,special_unk,1,0,50256,<|endoftext|>,,The,layer_2,ĠFlore,0.037309,1174,,266,Breaking,0.009067,36,,14,ĠFlore:0.0373;ĠDrill:0.0118;Breaking:0.0085;Late:0.0079;ĠSAF:0.0062,Breaking:0.0091;Photo:0.0022;Description:0.0022;Image:0.0014;Late:0.0013
<|endoftext|>,special_unk,1,0,50256,<|endoftext|>,,The,layer_5,Breaking,0.059806,2513,,7,Breaking,0.007474,539,,5,Breaking:0.0598;Photo:0.0322;Mod:0.0229;Ġfl:0.0187;Ġpolice:0.0160,Breaking:0.0075;Photo:0.0034;Description:0.0026;Get:0.0024;The:0.0024
<|endoftext|>,special_unk,1,0,50256,<|endoftext|>,,The,layer_11,://,1.0,35625,,40843,.,0.000136,195,,611,://:1.0000;clips:0.0000;:{:0.0000;wcsstore:0.0000;76561:0.0000,".:0.0001;Ġand:0.0001;;:0.0001;,:0.0001;://:0.0001"
<|endoftext|>,special_unk,1,0,50256,<|endoftext|>,,The,layer_16,://,1.0,37367,,43615,;,0.000137,219,,2095,://:1.0000;clips:0.0000;:{:0.0000;wcsstore:0.0000;Ġ'/:0.0000,";:0.0001;Ġand:0.0001;.:0.0001;Ġthat:0.0001;,:0.0001"
<|endoftext|>,special_unk,1,0,50256,<|endoftext|>,,The,layer_21,://,1.0,37930,,44094,;,0.000135,241,,2425,://:1.0000;clips:0.0000;:{:0.0000;wcsstore:0.0000;$:0.0000,";:0.0001;Ġand:0.0001;.:0.0001;Ġthat:0.0001;,:0.0001"
<|endoftext|>,special_unk,1,0,50256,<|endoftext|>,,The,layer_27,://,1.0,37632,,44045,Ġand,0.000146,223,,2311,://:1.0000;clips:0.0000;:{:0.0000;):0.0000;(:0.0000,"Ġand:0.0001;;:0.0001;.:0.0001;,:0.0001;Ġthat:0.0001"
<|endoftext|>,special_unk,1,0,50256,<|endoftext|>,,The,layer_32,://,1.0,37096,,43902,Ġand,0.000165,191,,2140,://:1.0000;clips:0.0000;):0.0000;%:0.0000;*:0.0000,"Ġand:0.0002;,:0.0002;.:0.0002;Ġthat:0.0002;;:0.0002"
<|endoftext|>,special_unk,1,0,50256,<|endoftext|>,,The,layer_37,://,1.0,36287,,43485,Ġand,0.000186,169,,1849,://:1.0000;clips:0.0000;):0.0000;%:0.0000;*:0.0000,"Ġand:0.0002;,:0.0002;.:0.0002;Ġthat:0.0002;;:0.0002"
<|endoftext|>,special_unk,1,0,50256,<|endoftext|>,,The,layer_39,://,1.0,35864,,43229,Ġand,0.000198,159,,1688,://:1.0000;clips:0.0000;):0.0000;%:0.0000;*:0.0000,"Ġand:0.0002;,:0.0002;.:0.0002;Ġthat:0.0002;;:0.0002"
<|endoftext|>,special_unk,1,0,50256,<|endoftext|>,,The,layer_41,://,1.0,35138,,42628,Ġand,0.000219,151,,1341,://:1.0000;clips:0.0000;):0.0000;%:0.0000;*:0.0000,"Ġand:0.0002;,:0.0002;.:0.0002;Ġthat:0.0002;;:0.0002"
<|endoftext|>,special_unk,1,0,50256,<|endoftext|>,,The,layer_43,://,1.0,33801,,41032,",",0.000261,138,,689,://:1.0000;clips:0.0000;:{:0.0000;Ġanyway:0.0000;.(:0.0000,",:0.0003;Ġand:0.0003;.:0.0003;Ġthat:0.0002;;:0.0002"
<|endoftext|>,special_unk,1,0,50256,<|endoftext|>,,The,layer_45,://,1.0,28862,,33297,",",0.000416,103,,130,://:1.0000;clips:0.0000;.(:0.0000;Ġanyway:0.0000;:{:0.0000,",:0.0004;.:0.0004;Ġand:0.0004;Ġthat:0.0003;Ċ:0.0003"
<|endoftext|>,special_unk,1,0,50256,<|endoftext|>,,The,layer_47,The,0.99997,952,,1,The,0.089433,2520,,1,The:1.0000;A:0.0000;In:0.0000;I:0.0000;This:0.0000,The:0.0894;A:0.0370;In:0.0234;I:0.0215;This:0.0198
<|endoftext|>,special_unk,1,0,50256,<|endoftext|>,,The,layer_48,The,0.999999,648,,1,The,0.068069,2329,,1,"The:1.0000;"":0.0000;A:0.0000;Ċ:0.0000;In:0.0000","The:0.0681;A:0.0243;"":0.0238;I:0.0173;In:0.0169"
<|endoftext|>,special_unk,1,0,50256,<|endoftext|>,,The,final_logits,The,0.068069,2329,,1,,,,,,"The:0.0681;A:0.0243;"":0.0238;I:0.0173;In:0.0169",
