word,category,n_tokens,pos,token_id,token,next_token_id,final_top1_token,probe,raw_top1,raw_top1_prob,raw_self_rank,raw_next_rank,raw_final1_rank,normed_top1,normed_top1_prob,normed_self_rank,normed_next_rank,normed_final1_rank,raw_top5,normed_top5
dog,common_noun,1,0,9703,dog,,",",emb,dog,0.811988,1,,50202,dog,1.0,1,,48101,dog:0.8120;dogs:0.0298;Dog:0.0018;ĠDogs:0.0003;ĠDog:0.0003,dog:1.0000;dogs:0.0000;Dog:0.0000;Ġdog:0.0000;ĠDogs:0.0000
dog,common_noun,1,0,9703,dog,,",",layer_1,",",0.588559,1219,,1,dog,0.020231,1,,4,",:0.5886;Ġthe:0.4113;Ġand:0.0001;.:0.0000;Ċ:0.0000","dog:0.0202;Ġand:0.0201;Ċ:0.0189;,:0.0168;Ġthe:0.0120"
dog,common_noun,1,0,9703,dog,,",",layer_2,",",0.973609,5803,,1,",",0.059117,3038,,1,",:0.9736;Ġthe:0.0264;-:0.0000;Ġand:0.0000;.:0.0000",",:0.0591;Ġthe:0.0436;Ġand:0.0387;Ċ:0.0295;.:0.0265"
dog,common_noun,1,0,9703,dog,,",",layer_3,Ġthe,0.930529,7611,,2,",",0.02801,10141,,1,"Ġthe:0.9305;,:0.0695;):0.0000;%:0.0000;*:0.0000",",:0.0280;Ġthe:0.0260;Ġand:0.0192;Ċ:0.0150;.:0.0147"
dog,common_noun,1,0,9703,dog,,",",layer_4,Ġthe,0.960305,7659,,2,",",0.028107,10540,,1,"Ġthe:0.9603;,:0.0397;):0.0000;%:0.0000;*:0.0000",",:0.0281;Ġthe:0.0263;Ġand:0.0191;Ċ:0.0151;.:0.0147"
dog,common_noun,1,0,9703,dog,,",",layer_5,Ġthe,0.967085,7724,,2,",",0.027858,10836,,1,"Ġthe:0.9671;,:0.0329;):0.0000;%:0.0000;*:0.0000",",:0.0279;Ġthe:0.0261;Ġand:0.0189;Ċ:0.0150;.:0.0146"
dog,common_noun,1,0,9703,dog,,",",layer_6,Ġthe,0.958615,7771,,2,",",0.027497,11082,,1,"Ġthe:0.9586;,:0.0414;):0.0000;%:0.0000;*:0.0000",",:0.0275;Ġthe:0.0257;Ġand:0.0187;Ċ:0.0148;.:0.0145"
dog,common_noun,1,0,9703,dog,,",",layer_7,Ġthe,0.938449,7827,,2,",",0.027375,11279,,1,"Ġthe:0.9384;,:0.0616;):0.0000;%:0.0000;*:0.0000",",:0.0274;Ġthe:0.0254;Ġand:0.0186;Ċ:0.0146;.:0.0144"
dog,common_noun,1,0,9703,dog,,",",layer_8,Ġthe,0.916203,7867,,2,",",0.02741,11369,,1,"Ġthe:0.9162;,:0.0838;):0.0000;%:0.0000;*:0.0000",",:0.0274;Ġthe:0.0253;Ġand:0.0186;Ċ:0.0146;.:0.0144"
dog,common_noun,1,0,9703,dog,,",",layer_9,Ġthe,0.855097,7909,,2,",",0.027666,11433,,1,"Ġthe:0.8551;,:0.1449;):0.0000;%:0.0000;*:0.0000",",:0.0277;Ġthe:0.0253;Ġand:0.0187;Ċ:0.0147;.:0.0146"
dog,common_noun,1,0,9703,dog,,",",layer_10,Ġthe,0.72899,7939,,2,",",0.02805,11516,,1,"Ġthe:0.7290;,:0.2710;):0.0000;%:0.0000;*:0.0000",",:0.0281;Ġthe:0.0253;Ġand:0.0188;.:0.0148;Ċ:0.0147"
dog,common_noun,1,0,9703,dog,,",",layer_11,",",0.643777,7983,,1,",",0.028762,11553,,1,",:0.6438;Ġthe:0.3562;):0.0000;%:0.0000;*:0.0000",",:0.0288;Ġthe:0.0254;Ġand:0.0192;.:0.0152;Ċ:0.0148"
dog,common_noun,1,0,9703,dog,,",",layer_12,",",0.999998,3846,,1,",",0.047116,1223,,1,",:1.0000;Ġthe:0.0000;.:0.0000;-:0.0000;Ġand:0.0000",",:0.0471;.:0.0448;Ġand:0.0268;Ċ:0.0216;-:0.0165"
dog,common_noun,1,0,9703,dog,,",",final_logits,",",0.047116,1223,,1,,,,,,",:0.0471;.:0.0448;Ġand:0.0268;Ċ:0.0216;-:0.0165",
table,common_noun,1,0,11487,table,,.,emb,table,0.94139,1,,50037,table,1.0,1,,45173,table:0.9414;TABLE:0.0020;Table:0.0005;Ġtable:0.0002;ĠTable:0.0002,table:1.0000;TABLE:0.0000;Table:0.0000;Ġtable:0.0000;ĠTable:0.0000
table,common_noun,1,0,11487,table,,.,layer_1,",",0.99952,2052,,3,",",0.041739,17,,4,",:0.9995;Ġthe:0.0005;.:0.0000;Ġand:0.0000;-:0.0000",",:0.0417;Ċ:0.0362;Ġ(:0.0228;.:0.0187;Ġand:0.0163"
table,common_noun,1,0,11487,table,,.,layer_2,",",0.999669,6181,,5,",",0.066365,3483,,5,",:0.9997;Ġthe:0.0003;-:0.0000;Ġand:0.0000;.:0.0000",",:0.0664;Ġthe:0.0385;Ġand:0.0355;Ċ:0.0354;.:0.0335"
table,common_noun,1,0,11487,table,,.,layer_3,",",0.866557,7453,,5,",",0.02894,9874,,5,",:0.8666;Ġthe:0.1334;):0.0000;%:0.0000;*:0.0000",",:0.0289;Ġthe:0.0254;Ġand:0.0188;Ċ:0.0158;.:0.0156"
table,common_noun,1,0,11487,table,,.,layer_4,",",0.793826,7499,,5,",",0.029004,10167,,5,",:0.7938;Ġthe:0.2062;):0.0000;%:0.0000;*:0.0000",",:0.0290;Ġthe:0.0257;Ġand:0.0189;Ċ:0.0158;.:0.0156"
table,common_noun,1,0,11487,table,,.,layer_5,",",0.758332,7529,,5,",",0.028697,10380,,5,",:0.7583;Ġthe:0.2417;):0.0000;%:0.0000;*:0.0000",",:0.0287;Ġthe:0.0255;Ġand:0.0187;Ċ:0.0156;.:0.0155"
table,common_noun,1,0,11487,table,,.,layer_6,",",0.794584,7548,,5,",",0.028295,10505,,5,",:0.7946;Ġthe:0.2054;):0.0000;%:0.0000;*:0.0000",",:0.0283;Ġthe:0.0251;Ġand:0.0184;Ċ:0.0154;.:0.0153"
table,common_noun,1,0,11487,table,,.,layer_7,",",0.841337,7572,,5,",",0.028158,10576,,5,",:0.8413;Ġthe:0.1587;):0.0000;%:0.0000;*:0.0000",",:0.0282;Ġthe:0.0249;Ġand:0.0183;Ċ:0.0152;.:0.0152"
table,common_noun,1,0,11487,table,,.,layer_8,",",0.889625,7572,,5,",",0.028194,10529,,4,",:0.8896;Ġthe:0.1104;):0.0000;%:0.0000;*:0.0000",",:0.0282;Ġthe:0.0248;Ġand:0.0183;.:0.0152;Ċ:0.0152"
table,common_noun,1,0,11487,table,,.,layer_9,",",0.942295,7588,,5,",",0.028467,10522,,4,",:0.9423;Ġthe:0.0577;):0.0000;%:0.0000;*:0.0000",",:0.0285;Ġthe:0.0247;Ġand:0.0184;.:0.0154;Ċ:0.0152"
table,common_noun,1,0,11487,table,,.,layer_10,",",0.974429,7596,,5,",",0.028863,10509,,4,",:0.9744;Ġthe:0.0256;):0.0000;%:0.0000;*:0.0000",",:0.0289;Ġthe:0.0248;Ġand:0.0186;.:0.0156;Ċ:0.0153"
table,common_noun,1,0,11487,table,,.,layer_11,",",0.994354,7614,,5,",",0.029596,10463,,4,",:0.9944;Ġthe:0.0056;):0.0000;%:0.0000;*:0.0000",",:0.0296;Ġthe:0.0249;Ġand:0.0189;.:0.0160;Ċ:0.0154"
table,common_noun,1,0,11487,table,,.,layer_12,",",0.999997,2972,,2,.,0.072083,897,,1,",:1.0000;.:0.0000;Ġthe:0.0000;-:0.0000;Ġand:0.0000",".:0.0721;,:0.0546;Ċ:0.0285;Ġand:0.0226;Ġof:0.0184"
table,common_noun,1,0,11487,table,,.,final_logits,.,0.072083,897,,1,,,,,,".:0.0721;,:0.0546;Ċ:0.0285;Ġand:0.0226;Ġof:0.0184",
water,common_noun,1,0,7050,water,,",",emb,water,0.6906,1,,50152,water,1.0,1,,48493,water:0.6906;waters:0.0048;Water:0.0021;ewater:0.0009;ĠWater:0.0004,water:1.0000;waters:0.0000;Water:0.0000;ewater:0.0000;Ġwater:0.0000
water,common_noun,1,0,7050,water,,",",layer_1,",",0.999444,1889,,1,",",0.038987,96,,1,",:0.9994;Ġthe:0.0006;Ġand:0.0000;.:0.0000;-:0.0000",",:0.0390;Ġand:0.0380;Ċ:0.0240;Ġwater:0.0133;.:0.0113"
water,common_noun,1,0,7050,water,,",",layer_2,",",0.99995,3093,,1,",",0.06914,2780,,1,",:1.0000;Ġthe:0.0000;-:0.0000;Ġand:0.0000;.:0.0000",",:0.0691;Ġand:0.0423;Ġthe:0.0392;Ċ:0.0301;.:0.0292"
water,common_noun,1,0,7050,water,,",",layer_3,",",0.976816,4649,,1,",",0.029212,5703,,1,",:0.9768;Ġthe:0.0232;):0.0000;%:0.0000;*:0.0000",",:0.0292;Ġthe:0.0254;Ġand:0.0196;Ċ:0.0151;.:0.0151"
water,common_noun,1,0,7050,water,,",",layer_4,",",0.958538,4652,,1,",",0.02923,5826,,1,",:0.9585;Ġthe:0.0415;):0.0000;%:0.0000;*:0.0000",",:0.0292;Ġthe:0.0257;Ġand:0.0195;Ċ:0.0152;.:0.0151"
water,common_noun,1,0,7050,water,,",",layer_5,",",0.946349,4679,,1,",",0.028913,5934,,1,",:0.9463;Ġthe:0.0537;):0.0000;%:0.0000;*:0.0000",",:0.0289;Ġthe:0.0256;Ġand:0.0193;Ċ:0.0151;.:0.0150"
water,common_noun,1,0,7050,water,,",",layer_6,",",0.951335,4697,,1,",",0.028486,5933,,1,",:0.9513;Ġthe:0.0487;):0.0000;%:0.0000;*:0.0000",",:0.0285;Ġthe:0.0252;Ġand:0.0190;Ċ:0.0149;.:0.0149"
water,common_noun,1,0,7050,water,,",",layer_7,",",0.967487,4704,,1,",",0.028343,5920,,1,",:0.9675;Ġthe:0.0325;):0.0000;%:0.0000;*:0.0000",",:0.0283;Ġthe:0.0249;Ġand:0.0189;.:0.0148;Ċ:0.0147"
water,common_noun,1,0,7050,water,,",",layer_8,",",0.976316,4713,,1,",",0.028388,5898,,1,",:0.9763;Ġthe:0.0237;):0.0000;%:0.0000;*:0.0000",",:0.0284;Ġthe:0.0248;Ġand:0.0189;.:0.0148;Ċ:0.0147"
water,common_noun,1,0,7050,water,,",",layer_9,",",0.988893,4720,,1,",",0.028658,5861,,1,",:0.9889;Ġthe:0.0111;):0.0000;%:0.0000;*:0.0000",",:0.0287;Ġthe:0.0248;Ġand:0.0190;.:0.0149;Ċ:0.0148"
water,common_noun,1,0,7050,water,,",",layer_10,",",0.995346,4706,,1,",",0.029055,5778,,1,",:0.9953;Ġthe:0.0047;):0.0000;%:0.0000;*:0.0000",",:0.0291;Ġthe:0.0248;Ġand:0.0192;.:0.0152;Ċ:0.0148"
water,common_noun,1,0,7050,water,,",",layer_11,",",0.999118,4688,,1,",",0.029796,5667,,1,",:0.9991;Ġthe:0.0009;):0.0000;%:0.0000;*:0.0000",",:0.0298;Ġthe:0.0249;Ġand:0.0195;.:0.0156;Ċ:0.0149"
water,common_noun,1,0,7050,water,,",",layer_12,",",1.0,2505,,1,",",0.059542,623,,1,",:1.0000;.:0.0000;Ġthe:0.0000;-:0.0000;Ġand:0.0000",",:0.0595;.:0.0479;Ġand:0.0303;-:0.0212;Ċ:0.0204"
water,common_noun,1,0,7050,water,,",",final_logits,",",0.059542,623,,1,,,,,,",:0.0595;.:0.0479;Ġand:0.0303;-:0.0212;Ċ:0.0204",
music,common_noun,1,0,28965,music,,.,emb,music,0.382967,1,,50205,music,1.0,1,,48535,music:0.3830;Music:0.0063;ĠMusic:0.0014;Ġmusic:0.0007;Song:0.0005,music:1.0000;Music:0.0000;ĠMusic:0.0000;Ġcorrid:0.0000;Ġmusic:0.0000
music,common_noun,1,0,28965,music,,.,layer_1,",",0.999927,11532,,3,",",0.042788,4575,,4,",:0.9999;Ġthe:0.0001;.:0.0000;Ġand:0.0000;-:0.0000",",:0.0428;Ċ:0.0285;Ġand:0.0228;.:0.0212;/:0.0133"
music,common_noun,1,0,28965,music,,.,layer_2,",",0.999958,11904,,5,",",0.069128,15542,,5,",:1.0000;Ġthe:0.0000;-:0.0000;Ġand:0.0000;.:0.0000",",:0.0691;Ġand:0.0390;Ċ:0.0365;Ġthe:0.0365;.:0.0334"
music,common_noun,1,0,28965,music,,.,layer_3,",",0.973987,13931,,5,",",0.02927,24838,,5,",:0.9740;Ġthe:0.0260;):0.0000;%:0.0000;*:0.0000",",:0.0293;Ġthe:0.0251;Ġand:0.0193;Ċ:0.0160;.:0.0157"
music,common_noun,1,0,28965,music,,.,layer_4,",",0.952364,13865,,5,",",0.029297,24891,,5,",:0.9524;Ġthe:0.0476;):0.0000;%:0.0000;*:0.0000",",:0.0293;Ġthe:0.0254;Ġand:0.0192;Ċ:0.0160;.:0.0157"
music,common_noun,1,0,28965,music,,.,layer_5,",",0.940408,13877,,5,",",0.028974,25097,,5,",:0.9404;Ġthe:0.0596;):0.0000;%:0.0000;*:0.0000",",:0.0290;Ġthe:0.0253;Ġand:0.0190;Ċ:0.0158;.:0.0155"
music,common_noun,1,0,28965,music,,.,layer_6,",",0.950296,13861,,5,",",0.028557,24991,,5,",:0.9503;Ġthe:0.0497;):0.0000;%:0.0000;*:0.0000",",:0.0286;Ġthe:0.0249;Ġand:0.0188;Ċ:0.0156;.:0.0154"
music,common_noun,1,0,28965,music,,.,layer_7,",",0.961956,13840,,5,",",0.028399,24735,,5,",:0.9620;Ġthe:0.0380;):0.0000;%:0.0000;*:0.0000",",:0.0284;Ġthe:0.0247;Ġand:0.0187;Ċ:0.0154;.:0.0153"
music,common_noun,1,0,28965,music,,.,layer_8,",",0.972461,13816,,5,",",0.028444,24430,,5,",:0.9725;Ġthe:0.0275;):0.0000;%:0.0000;*:0.0000",",:0.0284;Ġthe:0.0246;Ġand:0.0186;Ċ:0.0154;.:0.0153"
music,common_noun,1,0,28965,music,,.,layer_9,",",0.98661,13803,,5,",",0.02873,24225,,4,",:0.9866;Ġthe:0.0134;):0.0000;%:0.0000;*:0.0000",",:0.0287;Ġthe:0.0245;Ġand:0.0188;.:0.0154;Ċ:0.0154"
music,common_noun,1,0,28965,music,,.,layer_10,",",0.994011,13734,,5,",",0.029115,23856,,4,",:0.9940;Ġthe:0.0060;):0.0000;%:0.0000;*:0.0000",",:0.0291;Ġthe:0.0246;Ġand:0.0189;.:0.0157;Ċ:0.0155"
music,common_noun,1,0,28965,music,,.,layer_11,",",0.998652,13654,,5,",",0.029856,23161,,4,",:0.9987;Ġthe:0.0013;):0.0000;%:0.0000;*:0.0000",",:0.0299;Ġthe:0.0247;Ġand:0.0193;.:0.0161;Ċ:0.0156"
music,common_noun,1,0,28965,music,,.,layer_12,",",0.999996,7649,,2,.,0.085466,3700,,1,",:1.0000;.:0.0000;Ġthe:0.0000;-:0.0000;Ġand:0.0000",".:0.0855;,:0.0605;Ċ:0.0345;Ġand:0.0287;-:0.0189"
music,common_noun,1,0,28965,music,,.,final_logits,.,0.085466,3700,,1,,,,,,".:0.0855;,:0.0605;Ċ:0.0345;Ġand:0.0287;-:0.0189",
idea,common_noun,2,0,485,ide,64,",",emb,ide,0.809748,1,29838,37790,ide,1.0,1,16651,41657,ide:0.8097;ides:0.0117;IDE:0.0057;IDES:0.0017;ided:0.0010,ide:1.0000;ides:0.0000;IDE:0.0000;IDES:0.0000;iding:0.0000
idea,common_noun,2,0,485,ide,64,",",layer_1,Ġthe,0.724768,837,44,2,Ċ,0.036894,181,169,2,"Ġthe:0.7248;,:0.2752;Ġand:0.0000;.:0.0000;Ċ:0.0000","Ċ:0.0369;,:0.0293;Ġthe:0.0245;Ġand:0.0237;Ġof:0.0141"
idea,common_noun,2,0,485,ide,64,",",layer_2,",",0.755828,994,41,1,",",0.061943,967,90,1,",:0.7558;Ġthe:0.2442;-:0.0000;Ġand:0.0000;.:0.0000",",:0.0619;Ġthe:0.0517;Ġand:0.0384;Ċ:0.0321;.:0.0267"
idea,common_noun,2,0,485,ide,64,",",layer_3,Ġthe,0.990561,1488,55,2,",",0.028659,1541,121,1,"Ġthe:0.9906;,:0.0094;):0.0000;%:0.0000;*:0.0000",",:0.0287;Ġthe:0.0274;Ġand:0.0193;Ċ:0.0154;.:0.0148"
idea,common_noun,2,0,485,ide,64,",",layer_4,Ġthe,0.994547,1488,55,2,",",0.028676,1565,120,1,"Ġthe:0.9945;,:0.0055;):0.0000;%:0.0000;*:0.0000",",:0.0287;Ġthe:0.0275;Ġand:0.0192;Ċ:0.0155;.:0.0149"
idea,common_noun,2,0,485,ide,64,",",layer_5,Ġthe,0.99527,1490,55,2,",",0.028396,1585,120,1,"Ġthe:0.9953;,:0.0047;):0.0000;%:0.0000;*:0.0000",",:0.0284;Ġthe:0.0272;Ġand:0.0190;Ċ:0.0153;.:0.0148"
idea,common_noun,2,0,485,ide,64,",",layer_6,Ġthe,0.994365,1498,56,2,",",0.028003,1592,120,1,"Ġthe:0.9944;,:0.0056;):0.0000;%:0.0000;*:0.0000",",:0.0280;Ġthe:0.0268;Ġand:0.0188;Ċ:0.0151;.:0.0146"
idea,common_noun,2,0,485,ide,64,",",layer_7,Ġthe,0.991501,1499,56,2,",",0.027893,1577,120,1,"Ġthe:0.9915;,:0.0085;):0.0000;%:0.0000;*:0.0000",",:0.0279;Ġthe:0.0265;Ġand:0.0187;Ċ:0.0149;.:0.0146"
idea,common_noun,2,0,485,ide,64,",",layer_8,Ġthe,0.988296,1498,56,2,",",0.02794,1561,119,1,"Ġthe:0.9883;,:0.0117;):0.0000;%:0.0000;*:0.0000",",:0.0279;Ġthe:0.0263;Ġand:0.0187;Ċ:0.0149;.:0.0146"
idea,common_noun,2,0,485,ide,64,",",layer_9,Ġthe,0.978245,1500,56,2,",",0.028216,1546,119,1,"Ġthe:0.9782;,:0.0218;):0.0000;%:0.0000;*:0.0000",",:0.0282;Ġthe:0.0263;Ġand:0.0188;Ċ:0.0150;.:0.0147"
idea,common_noun,2,0,485,ide,64,",",layer_10,Ġthe,0.958489,1501,57,2,",",0.0286,1530,120,1,"Ġthe:0.9585;,:0.0415;):0.0000;%:0.0000;*:0.0000",",:0.0286;Ġthe:0.0264;Ġand:0.0189;Ċ:0.0151;.:0.0150"
idea,common_noun,2,0,485,ide,64,",",layer_11,Ġthe,0.874935,1497,57,2,",",0.029285,1517,119,1,"Ġthe:0.8749;,:0.1251;):0.0000;%:0.0000;*:0.0000",",:0.0293;Ġthe:0.0266;Ġand:0.0193;.:0.0154;Ċ:0.0151"
idea,common_noun,2,0,485,ide,64,",",layer_12,",",0.999495,940,36,1,",",0.049662,247,35,1,",:0.9995;Ġthe:0.0005;.:0.0000;-:0.0000;Ġand:0.0000",",:0.0497;.:0.0402;Ġand:0.0272;Ġof:0.0268;Ċ:0.0264"
idea,common_noun,2,0,485,ide,64,",",final_logits,",",0.049662,247,35,1,,,,,,",:0.0497;.:0.0402;Ġand:0.0272;Ġof:0.0268;Ċ:0.0264",
idea,common_noun,2,1,64,a,,",",emb,a,0.055212,1,,118,a,1.0,1,,47472,a:0.0552;i:0.0008;an:0.0006;e:0.0006;as:0.0004,a:1.0000;Ġoccas:0.0000;Ġdestro:0.0000;Ġtremend:0.0000;Ġchalleng:0.0000
idea,common_noun,2,1,64,a,,",",layer_1,",",0.582136,9,,1,que,0.101908,2,,20,",:0.5821;Ġthe:0.1913;-:0.0932;.:0.0704;Ġa:0.0455",que:0.1019;a:0.0329;ft:0.0123;str:0.0119;Ġa:0.0117
idea,common_noun,2,1,64,a,,",",layer_2,",",0.799935,17,,1,que,0.203697,39,,4,",:0.7999;.:0.0922;-:0.0875;'s:0.0069;::0.0048","que:0.2037;q:0.0906;Ġburst:0.0190;,:0.0182;ÂŃ:0.0167"
idea,common_noun,2,1,64,a,,",",layer_3,",",0.789258,67,,1,que,0.365827,289,,3,",:0.7893;.:0.1172;-:0.0660;'s:0.0167;::0.0077","que:0.3658;q:0.0299;,:0.0215;ik:0.0182;j:0.0176"
idea,common_noun,2,1,64,a,,",",layer_4,",",0.915572,162,,1,que,0.18966,975,,2,",:0.9156;.:0.0491;-:0.0159;'s:0.0126;::0.0062","que:0.1897;,:0.0688;::0.0579;'s:0.0523;.:0.0294"
idea,common_noun,2,1,64,a,,",",layer_5,",",0.987005,131,,1,",",0.113441,1314,,1,",:0.9870;.:0.0105;-:0.0019;'s:0.0003;::0.0002",",:0.1134;ik:0.0611;que:0.0597;::0.0544;'s:0.0481"
idea,common_noun,2,1,64,a,,",",layer_6,",",0.99615,107,,1,",",0.176477,1510,,1,",:0.9962;.:0.0035;-:0.0003;Ġand:0.0000;::0.0000",",:0.1765;::0.1406;'s:0.0820;.:0.0791;ĠTribe:0.0240"
idea,common_noun,2,1,64,a,,",",layer_7,",",0.999657,90,,1,",",0.321255,1195,,1,",:0.9997;.:0.0003;-:0.0000;Ġand:0.0000;'s:0.0000",",:0.3213;'s:0.1626;::0.1127;.:0.1058;Ġand:0.0215"
idea,common_noun,2,1,64,a,,",",layer_8,",",0.999992,84,,1,",",0.293167,970,,1,",:1.0000;-:0.0000;.:0.0000;Ġand:0.0000;'s:0.0000",",:0.2932;'s:0.2051;::0.0588;.:0.0574;Ġ(:0.0388"
idea,common_noun,2,1,64,a,,",",layer_9,",",1.0,88,,1,",",0.324888,1203,,1,",:1.0000;.:0.0000;-:0.0000;Ġand:0.0000;'s:0.0000",",:0.3249;'s:0.2921;.:0.0538;::0.0435;Ġ(:0.0354"
idea,common_noun,2,1,64,a,,",",layer_10,",",1.0,92,,1,",",0.396581,1383,,1,",:1.0000;.:0.0000;-:0.0000;Ġand:0.0000;'s:0.0000",",:0.3966;'s:0.2784;.:0.0398;::0.0381;Ġand:0.0311"
idea,common_noun,2,1,64,a,,",",layer_11,",",1.0,92,,1,",",0.260007,1073,,1,",:1.0000;.:0.0000;Ġand:0.0000;-:0.0000;Ġthe:0.0000",",:0.2600;'s:0.0934;.:0.0526;Ġand:0.0474;Ġ(:0.0354"
idea,common_noun,2,1,64,a,,",",layer_12,",",1.0,81,,1,",",0.133842,524,,1,",:1.0000;Ġthe:0.0000;-:0.0000;.:0.0000;Ġand:0.0000",",:0.1338;.:0.0465;'s:0.0424;Ġand:0.0328;Ġ(:0.0277"
idea,common_noun,2,1,64,a,,",",final_logits,",",0.133841,524,,1,,,,,,",:0.1338;.:0.0465;'s:0.0424;Ġand:0.0328;Ġ(:0.0277",
house,common_noun,1,0,4803,house,,",",emb,house,0.749421,1,,45589,house,1.0,1,,38041,house:0.7494;houses:0.0506;House:0.0011;HOU:0.0011;ĠHOUSE:0.0004,house:1.0000;houses:0.0000;House:0.0000;HOU:0.0000;ĠHOUSE:0.0000
house,common_noun,1,0,4803,house,,",",layer_1,",",0.999804,1244,,1,",",0.051899,28,,1,",:0.9998;Ġthe:0.0002;.:0.0000;Ġand:0.0000;-:0.0000",",:0.0519;Ġand:0.0318;.:0.0205;Ċ:0.0196;Ġof:0.0147"
house,common_noun,1,0,4803,house,,",",layer_2,",",0.999967,3064,,1,",",0.072697,1516,,1,",:1.0000;Ġthe:0.0000;-:0.0000;Ġand:0.0000;.:0.0000",",:0.0727;Ġand:0.0416;Ġthe:0.0401;.:0.0329;Ċ:0.0282"
house,common_noun,1,0,4803,house,,",",layer_3,",",0.978361,3461,,1,",",0.029541,3556,,1,",:0.9784;Ġthe:0.0216;):0.0000;%:0.0000;*:0.0000",",:0.0295;Ġthe:0.0256;Ġand:0.0195;.:0.0155;Ċ:0.0149"
house,common_noun,1,0,4803,house,,",",layer_4,",",0.961116,3481,,1,",",0.02953,3649,,1,",:0.9611;Ġthe:0.0389;):0.0000;%:0.0000;*:0.0000",",:0.0295;Ġthe:0.0259;Ġand:0.0195;.:0.0155;Ċ:0.0150"
house,common_noun,1,0,4803,house,,",",layer_5,",",0.949786,3494,,1,",",0.029186,3704,,1,",:0.9498;Ġthe:0.0502;):0.0000;%:0.0000;*:0.0000",",:0.0292;Ġthe:0.0257;Ġand:0.0192;.:0.0154;Ċ:0.0149"
house,common_noun,1,0,4803,house,,",",layer_6,",",0.958866,3496,,1,",",0.028756,3741,,1,",:0.9589;Ġthe:0.0411;):0.0000;%:0.0000;*:0.0000",",:0.0288;Ġthe:0.0253;Ġand:0.0190;.:0.0152;Ċ:0.0147"
house,common_noun,1,0,4803,house,,",",layer_7,",",0.974104,3499,,1,",",0.028628,3755,,1,",:0.9741;Ġthe:0.0259;):0.0000;%:0.0000;*:0.0000",",:0.0286;Ġthe:0.0251;Ġand:0.0189;.:0.0151;Ċ:0.0146"
house,common_noun,1,0,4803,house,,",",layer_8,",",0.981652,3501,,1,",",0.02865,3749,,1,",:0.9817;Ġthe:0.0183;):0.0000;%:0.0000;*:0.0000",",:0.0287;Ġthe:0.0249;Ġand:0.0188;.:0.0151;Ċ:0.0145"
house,common_noun,1,0,4803,house,,",",layer_9,",",0.991146,3510,,1,",",0.028927,3767,,1,",:0.9911;Ġthe:0.0089;):0.0000;%:0.0000;*:0.0000",",:0.0289;Ġthe:0.0249;Ġand:0.0190;.:0.0153;Ċ:0.0146"
house,common_noun,1,0,4803,house,,",",layer_10,",",0.996108,3517,,1,",",0.029337,3777,,1,",:0.9961;Ġthe:0.0039;):0.0000;%:0.0000;*:0.0000",",:0.0293;Ġthe:0.0249;Ġand:0.0191;.:0.0155;Ċ:0.0147"
house,common_noun,1,0,4803,house,,",",layer_11,",",0.999278,3512,,1,",",0.030095,3749,,1,",:0.9993;Ġthe:0.0007;):0.0000;%:0.0000;*:0.0000",",:0.0301;Ġthe:0.0251;Ġand:0.0195;.:0.0160;Ċ:0.0147"
house,common_noun,1,0,4803,house,,",",layer_12,",",1.0,1541,,1,",",0.0653,451,,1,",:1.0000;.:0.0000;Ġthe:0.0000;-:0.0000;Ġand:0.0000",",:0.0653;.:0.0567;Ġand:0.0317;Ġof:0.0253;-:0.0201"
house,common_noun,1,0,4803,house,,",",final_logits,",",0.0653,451,,1,,,,,,",:0.0653;.:0.0567;Ġand:0.0317;Ġof:0.0253;-:0.0201",
science,common_noun,1,0,16801,science,,.,emb,science,0.610598,1,,50194,science,1.0,1,,48480,science:0.6106;Science:0.0049;scientific:0.0026;scient:0.0020;Ġscience:0.0013,science:1.0000;Ġmathemat:0.0000;Science:0.0000;scientific:0.0000;Ġscience:0.0000
science,common_noun,1,0,16801,science,,.,layer_1,",",0.999238,5123,,4,Ġand,0.059806,149,,4,",:0.9992;Ġthe:0.0007;Ġand:0.0001;.:0.0000;Ċ:0.0000","Ġand:0.0598;Ċ:0.0584;,:0.0572;.:0.0278;Ġof:0.0223"
science,common_noun,1,0,16801,science,,.,layer_2,",",0.999928,11456,,5,",",0.074126,8214,,5,",:0.9999;Ġthe:0.0001;-:0.0000;Ġand:0.0000;.:0.0000",",:0.0741;Ġand:0.0463;Ġthe:0.0384;Ċ:0.0371;.:0.0353"
science,common_noun,1,0,16801,science,,.,layer_3,",",0.969843,15325,,5,",",0.029776,19367,,5,",:0.9698;Ġthe:0.0302;):0.0000;%:0.0000;*:0.0000",",:0.0298;Ġthe:0.0254;Ġand:0.0201;Ċ:0.0160;.:0.0158"
science,common_noun,1,0,16801,science,,.,layer_4,",",0.944267,15345,,5,",",0.029815,19758,,5,",:0.9443;Ġthe:0.0557;):0.0000;%:0.0000;*:0.0000",",:0.0298;Ġthe:0.0258;Ġand:0.0200;Ċ:0.0161;.:0.0159"
science,common_noun,1,0,16801,science,,.,layer_5,",",0.933628,15416,,5,",",0.029458,20137,,5,",:0.9336;Ġthe:0.0664;):0.0000;%:0.0000;*:0.0000",",:0.0295;Ġthe:0.0256;Ġand:0.0197;Ċ:0.0159;.:0.0157"
science,common_noun,1,0,16801,science,,.,layer_6,",",0.950903,15475,,5,",",0.029046,20344,,5,",:0.9509;Ġthe:0.0491;):0.0000;%:0.0000;*:0.0000",",:0.0290;Ġthe:0.0252;Ġand:0.0195;Ċ:0.0156;.:0.0155"
science,common_noun,1,0,16801,science,,.,layer_7,",",0.965964,15520,,5,",",0.028892,20514,,5,",:0.9660;Ġthe:0.0340;):0.0000;%:0.0000;*:0.0000",",:0.0289;Ġthe:0.0250;Ġand:0.0193;Ċ:0.0155;.:0.0154"
science,common_noun,1,0,16801,science,,.,layer_8,",",0.976513,15563,,5,",",0.028929,20577,,4,",:0.9765;Ġthe:0.0235;):0.0000;%:0.0000;*:0.0000",",:0.0289;Ġthe:0.0248;Ġand:0.0193;.:0.0154;Ċ:0.0154"
science,common_noun,1,0,16801,science,,.,layer_9,",",0.988304,15590,,5,",",0.029218,20523,,4,",:0.9883;Ġthe:0.0117;):0.0000;%:0.0000;*:0.0000",",:0.0292;Ġthe:0.0248;Ġand:0.0194;.:0.0156;Ċ:0.0155"
science,common_noun,1,0,16801,science,,.,layer_10,",",0.994959,15614,,5,",",0.029648,20563,,4,",:0.9950;Ġthe:0.0050;):0.0000;%:0.0000;*:0.0000",",:0.0296;Ġthe:0.0249;Ġand:0.0196;.:0.0158;Ċ:0.0156"
science,common_noun,1,0,16801,science,,.,layer_11,",",0.999106,15624,,5,",",0.030473,20413,,4,",:0.9991;Ġthe:0.0009;):0.0000;%:0.0000;*:0.0000",",:0.0305;Ġthe:0.0250;Ġand:0.0200;.:0.0163;Ċ:0.0156"
science,common_noun,1,0,16801,science,,.,layer_12,",",1.0,7474,,2,.,0.077417,3192,,1,",:1.0000;.:0.0000;-:0.0000;Ġthe:0.0000;Ġand:0.0000",".:0.0774;,:0.0760;Ġand:0.0397;Ġof:0.0358;Ċ:0.0326"
science,common_noun,1,0,16801,science,,.,final_logits,.,0.077417,3192,,1,,,,,,".:0.0774;,:0.0760;Ġand:0.0397;Ġof:0.0358;Ċ:0.0326",
coffee,common_noun,2,0,1073,co,5853,.,emb,co,0.311428,1,3544,40466,co,1.0,1,3927,45564,co:0.3114;CO:0.0017;Co:0.0015;coon:0.0009;cos:0.0008,co:1.0000;CO:0.0000;Co:0.0000;coon:0.0000;cos:0.0000
coffee,common_noun,2,0,1073,co,5853,.,layer_1,",",0.721313,275,17726,5,Ċ,0.027462,16,3234,5,",:0.7213;Ġthe:0.2786;Ġand:0.0001;-:0.0000;.:0.0000","Ċ:0.0275;Ġand:0.0230;,:0.0216;-:0.0157;.:0.0156"
coffee,common_noun,2,0,1073,co,5853,.,layer_2,",",0.995258,545,25160,5,",",0.065917,585,23128,4,",:0.9953;Ġthe:0.0047;-:0.0000;Ġand:0.0000;.:0.0000",",:0.0659;Ġthe:0.0425;Ġand:0.0388;.:0.0335;Ċ:0.0315"
coffee,common_noun,2,0,1073,co,5853,.,layer_3,Ġthe,0.627723,818,36396,5,",",0.028746,1271,41585,4,"Ġthe:0.6277;,:0.3723;):0.0000;%:0.0000;*:0.0000",",:0.0287;Ġthe:0.0258;Ġand:0.0190;.:0.0155;Ċ:0.0153"
coffee,common_noun,2,0,1073,co,5853,.,layer_4,Ġthe,0.73815,817,36412,5,",",0.028838,1291,41971,4,"Ġthe:0.7382;,:0.2618;):0.0000;%:0.0000;*:0.0000",",:0.0288;Ġthe:0.0261;Ġand:0.0190;.:0.0156;Ċ:0.0154"
coffee,common_noun,2,0,1073,co,5853,.,layer_5,Ġthe,0.757794,822,36502,5,",",0.028561,1303,42183,4,"Ġthe:0.7578;,:0.2422;):0.0000;%:0.0000;*:0.0000",",:0.0286;Ġthe:0.0259;Ġand:0.0188;.:0.0154;Ċ:0.0153"
coffee,common_noun,2,0,1073,co,5853,.,layer_6,Ġthe,0.703804,825,36606,5,",",0.028169,1308,42135,4,"Ġthe:0.7038;,:0.2962;):0.0000;%:0.0000;*:0.0000",",:0.0282;Ġthe:0.0254;Ġand:0.0186;.:0.0153;Ċ:0.0150"
coffee,common_noun,2,0,1073,co,5853,.,layer_7,Ġthe,0.607314,827,36722,5,",",0.028009,1303,42260,4,"Ġthe:0.6073;,:0.3927;):0.0000;%:0.0000;*:0.0000",",:0.0280;Ġthe:0.0251;Ġand:0.0184;.:0.0152;Ċ:0.0149"
coffee,common_noun,2,0,1073,co,5853,.,layer_8,Ġthe,0.511717,827,36863,5,",",0.028015,1301,42399,4,"Ġthe:0.5117;,:0.4883;):0.0000;%:0.0000;*:0.0000",",:0.0280;Ġthe:0.0250;Ġand:0.0184;.:0.0152;Ċ:0.0149"
coffee,common_noun,2,0,1073,co,5853,.,layer_9,",",0.665139,829,36966,5,",",0.028268,1300,42496,4,",:0.6651;Ġthe:0.3349;):0.0000;%:0.0000;*:0.0000",",:0.0283;Ġthe:0.0249;Ġand:0.0185;.:0.0153;Ċ:0.0149"
coffee,common_noun,2,0,1073,co,5853,.,layer_10,",",0.824638,830,37043,5,",",0.028662,1295,42581,4,",:0.8246;Ġthe:0.1754;):0.0000;%:0.0000;*:0.0000",",:0.0287;Ġthe:0.0249;Ġand:0.0187;.:0.0156;Ċ:0.0150"
coffee,common_noun,2,0,1073,co,5853,.,layer_11,",",0.963127,829,37063,5,",",0.029399,1283,42492,4,",:0.9631;Ġthe:0.0369;):0.0000;%:0.0000;*:0.0000",",:0.0294;Ġthe:0.0250;Ġand:0.0190;.:0.0161;Ċ:0.0151"
coffee,common_noun,2,0,1073,co,5853,.,layer_12,",",0.999993,493,26282,2,.,0.080948,176,8799,1,",:1.0000;.:0.0000;-:0.0000;Ġthe:0.0000;Ġand:0.0000",".:0.0809;,:0.0511;-:0.0413;Ċ:0.0235;Ġand:0.0202"
coffee,common_noun,2,0,1073,co,5853,.,final_logits,.,0.080948,176,8799,1,,,,,,".:0.0809;,:0.0511;-:0.0413;Ċ:0.0235;Ġand:0.0202",
coffee,common_noun,2,1,5853,ffee,,",",emb,ffee,0.979125,1,,50243,ffee,1.0,1,,49558,ffee:0.9791;ffe:0.0001;oldown:0.0000;resso:0.0000;ĸļ:0.0000,ffee:1.0000;ffe:0.0000;oldown:0.0000;Ġchalleng:0.0000;sembly:0.0000
coffee,common_noun,2,1,5853,ffee,,",",layer_1,",",0.700813,5,,1,ffee,0.999449,1,,29,",:0.7008;-:0.2124;Ġand:0.0514;.:0.0253;ffee:0.0075",ffee:0.9994;ffe:0.0002;Ġcoffee:0.0001;mint:0.0000;aster:0.0000
coffee,common_noun,2,1,5853,ffee,,",",layer_2,",",0.796989,9,,1,ffee,0.936567,1,,8,",:0.7970;-:0.1871;.:0.0103;Ġand:0.0039;/:0.0007",ffee:0.9366;ffe:0.0353;aster:0.0087;mint:0.0022;Ġcoffee:0.0020
coffee,common_noun,2,1,5853,ffee,,",",layer_3,",",0.980069,110,,1,ffee,0.479677,1,,9,",:0.9801;-:0.0101;.:0.0096;Ġand:0.0002;::0.0000",ffee:0.4797;ffe:0.1529;Ġcoffee:0.1067;ĠCoffee:0.0207;Ġbeans:0.0185
coffee,common_noun,2,1,5853,ffee,,",",layer_4,",",0.947175,125,,1,ffee,0.154852,1,,11,",:0.9472;.:0.0280;-:0.0245;/:0.0001;Ġand:0.0001",ffee:0.1549;Ġcoffee:0.1368;Ġbean:0.1336;cake:0.0773;Ġbeans:0.0736
coffee,common_noun,2,1,5853,ffee,,",",layer_5,",",0.988578,1209,,1,",",0.135552,23,,1,",:0.9886;-:0.0083;.:0.0031;Ġand:0.0000;::0.0000",",:0.1356;Ġbeans:0.1056;Ġbean:0.0643;Ġcoffee:0.0534;cake:0.0488"
coffee,common_noun,2,1,5853,ffee,,",",layer_6,",",0.99623,2876,,1,",",0.247733,67,,1,",:0.9962;-:0.0020;.:0.0017;Ġand:0.0000;/:0.0000",",:0.2477;.:0.0879;Ġand:0.0610;Ġbeans:0.0609;Ġbean:0.0593"
coffee,common_noun,2,1,5853,ffee,,",",layer_7,",",0.999463,4881,,1,",",0.337407,137,,1,",:0.9995;-:0.0003;.:0.0003;Ġand:0.0000;/:0.0000",",:0.3374;.:0.1102;Ġand:0.0739;-:0.0610;/:0.0441"
coffee,common_noun,2,1,5853,ffee,,",",layer_8,",",0.999555,10602,,1,",",0.351128,502,,1,",:0.9996;-:0.0004;.:0.0000;Ġand:0.0000;::0.0000",",:0.3511;-:0.2005;.:0.0881;Ġand:0.0819;/:0.0401"
coffee,common_noun,2,1,5853,ffee,,",",layer_9,",",0.999805,12281,,1,",",0.211988,497,,1,",:0.9998;-:0.0002;.:0.0000;Ġand:0.0000;/:0.0000",",:0.2120;-:0.1607;Ġand:0.0811;/:0.0724;.:0.0702"
coffee,common_noun,2,1,5853,ffee,,",",layer_10,",",0.99999,13787,,1,",",0.229642,575,,1,",:1.0000;-:0.0000;.:0.0000;Ġand:0.0000;Ġin:0.0000",",:0.2296;-:0.1251;.:0.1191;Ġand:0.0916;/:0.0337"
coffee,common_noun,2,1,5853,ffee,,",",layer_11,",",1.0,21166,,1,",",0.162966,750,,1,",:1.0000;-:0.0000;.:0.0000;Ġand:0.0000;Ġthe:0.0000",",:0.1630;Ġand:0.0825;.:0.0793;-:0.0764;/:0.0248"
coffee,common_noun,2,1,5853,ffee,,",",layer_12,",",1.0,32665,,1,",",0.103786,2671,,1,",:1.0000;Ġthe:0.0000;-:0.0000;.:0.0000;Ġand:0.0000",",:0.1038;.:0.0856;Ġand:0.0583;-:0.0483;Ċ:0.0309"
coffee,common_noun,2,1,5853,ffee,,",",final_logits,",",0.103786,2671,,1,,,,,,",:0.1038;.:0.0856;Ġand:0.0583;-:0.0483;Ċ:0.0309",
London,proper_noun,1,0,23421,London,,",",emb,London,0.265513,1,,50250,London,1.0,1,,49927,London:0.2655;Britain:0.0032;ĠLondon:0.0029;Scotland:0.0020;ONDON:0.0019,London:1.0000;ĠLondon:0.0000;Britain:0.0000;Ġmathemat:0.0000;Paris:0.0000
London,proper_noun,1,0,23421,London,,",",layer_1,",",0.999908,6746,,1,",",0.072295,990,,1,",:0.9999;Ġthe:0.0001;Ġand:0.0000;.:0.0000;-:0.0000",",:0.0723;Ġand:0.0437;Ċ:0.0251;.:0.0217;ĠNew:0.0128"
London,proper_noun,1,0,23421,London,,",",layer_2,",",0.999978,11088,,1,",",0.074826,9147,,1,",:1.0000;Ġthe:0.0000;-:0.0000;Ġand:0.0000;.:0.0000",",:0.0748;Ġand:0.0424;Ġthe:0.0410;Ċ:0.0310;.:0.0310"
London,proper_noun,1,0,23421,London,,",",layer_3,",",0.985768,15529,,1,",",0.029804,16868,,1,",:0.9858;Ġthe:0.0142;):0.0000;%:0.0000;*:0.0000",",:0.0298;Ġthe:0.0258;Ġand:0.0197;Ċ:0.0153;.:0.0153"
London,proper_noun,1,0,23421,London,,",",layer_4,",",0.973999,15549,,1,",",0.029782,17194,,1,",:0.9740;Ġthe:0.0260;):0.0000;%:0.0000;*:0.0000",",:0.0298;Ġthe:0.0261;Ġand:0.0196;Ċ:0.0153;.:0.0153"
London,proper_noun,1,0,23421,London,,",",layer_5,",",0.968716,15603,,1,",",0.029432,17369,,1,",:0.9687;Ġthe:0.0313;):0.0000;%:0.0000;*:0.0000",",:0.0294;Ġthe:0.0259;Ġand:0.0194;Ċ:0.0152;.:0.0152"
London,proper_noun,1,0,23421,London,,",",layer_6,",",0.97395,15662,,1,",",0.028989,17362,,1,",:0.9739;Ġthe:0.0261;):0.0000;%:0.0000;*:0.0000",",:0.0290;Ġthe:0.0255;Ġand:0.0191;.:0.0150;Ċ:0.0150"
London,proper_noun,1,0,23421,London,,",",layer_7,",",0.982461,15691,,1,",",0.028852,17256,,1,",:0.9825;Ġthe:0.0175;):0.0000;%:0.0000;*:0.0000",",:0.0289;Ġthe:0.0252;Ġand:0.0190;.:0.0150;Ċ:0.0148"
London,proper_noun,1,0,23421,London,,",",layer_8,",",0.987451,15727,,1,",",0.028869,17169,,1,",:0.9875;Ġthe:0.0125;):0.0000;%:0.0000;*:0.0000",",:0.0289;Ġthe:0.0251;Ġand:0.0189;.:0.0150;Ċ:0.0148"
London,proper_noun,1,0,23421,London,,",",layer_9,",",0.994456,15766,,1,",",0.029167,17072,,1,",:0.9945;Ġthe:0.0055;):0.0000;%:0.0000;*:0.0000",",:0.0292;Ġthe:0.0251;Ġand:0.0191;.:0.0151;Ċ:0.0149"
London,proper_noun,1,0,23421,London,,",",layer_10,",",0.997673,15757,,1,",",0.029583,16818,,1,",:0.9977;Ġthe:0.0023;):0.0000;%:0.0000;*:0.0000",",:0.0296;Ġthe:0.0251;Ġand:0.0192;.:0.0154;Ċ:0.0150"
London,proper_noun,1,0,23421,London,,",",layer_11,",",0.99964,15787,,1,",",0.030363,16722,,1,",:0.9996;Ġthe:0.0004;):0.0000;%:0.0000;*:0.0000",",:0.0304;Ġthe:0.0252;Ġand:0.0196;.:0.0158;Ċ:0.0150"
London,proper_noun,1,0,23421,London,,",",layer_12,",",1.0,8512,,1,",",0.081452,4638,,1,",:1.0000;.:0.0000;-:0.0000;Ġthe:0.0000;Ġand:0.0000",",:0.0815;.:0.0689;Ġand:0.0348;Ċ:0.0231;-:0.0194"
London,proper_noun,1,0,23421,London,,",",final_logits,",",0.081452,4638,,1,,,,,,",:0.0815;.:0.0689;Ġand:0.0348;Ċ:0.0231;-:0.0194",
Einstein,proper_noun,2,0,36,E,11962,.,emb,E,0.025537,1,19169,4282,E,1.0,1,13860,44823,E:0.0255;Es:0.0009;ĠE:0.0007;e:0.0007;EB:0.0005,E:1.0000;Es:0.0000;EB:0.0000;Ġmathemat:0.0000;Ġdestro:0.0000
Einstein,proper_noun,2,0,36,E,11962,.,layer_1,",",0.961207,112,39401,4,Ċ,0.038771,12,31237,6,",:0.9612;Ġthe:0.0386;-:0.0001;.:0.0000;Ċ:0.0000",Ċ:0.0388;ec:0.0297;eg:0.0196;g:0.0178;e:0.0123
Einstein,proper_noun,2,0,36,E,11962,.,layer_2,",",0.997315,215,30962,5,",",0.056659,184,37759,4,",:0.9973;Ġthe:0.0027;-:0.0000;Ġand:0.0000;.:0.0000",",:0.0567;Ċ:0.0393;Ġthe:0.0387;.:0.0325;Ġand:0.0297"
Einstein,proper_noun,2,0,36,E,11962,.,layer_3,",",0.52476,272,32740,5,",",0.027746,386,37275,5,",:0.5248;Ġthe:0.4752;):0.0000;%:0.0000;*:0.0000",",:0.0277;Ġthe:0.0252;Ġand:0.0179;Ċ:0.0161;.:0.0153"
Einstein,proper_noun,2,0,36,E,11962,.,layer_4,Ġthe,0.621713,274,32523,5,",",0.027869,395,36884,5,"Ġthe:0.6217;,:0.3783;):0.0000;%:0.0000;*:0.0000",",:0.0279;Ġthe:0.0255;Ġand:0.0180;Ċ:0.0161;.:0.0153"
Einstein,proper_noun,2,0,36,E,11962,.,layer_5,Ġthe,0.649412,275,32455,5,",",0.027652,398,36727,5,"Ġthe:0.6494;,:0.3506;):0.0000;%:0.0000;*:0.0000",",:0.0277;Ġthe:0.0253;Ġand:0.0179;Ċ:0.0159;.:0.0152"
Einstein,proper_noun,2,0,36,E,11962,.,layer_6,Ġthe,0.596433,275,32387,5,",",0.027293,402,36219,5,"Ġthe:0.5964;,:0.4036;):0.0000;%:0.0000;*:0.0000",",:0.0273;Ġthe:0.0249;Ġand:0.0176;Ċ:0.0156;.:0.0151"
Einstein,proper_noun,2,0,36,E,11962,.,layer_7,Ġthe,0.50708,276,32343,5,",",0.027174,404,35864,5,"Ġthe:0.5071;,:0.4929;):0.0000;%:0.0000;*:0.0000",",:0.0272;Ġthe:0.0247;Ġand:0.0175;Ċ:0.0154;.:0.0150"
Einstein,proper_noun,2,0,36,E,11962,.,layer_8,",",0.58166,276,32301,5,",",0.027213,404,35482,5,",:0.5817;Ġthe:0.4183;):0.0000;%:0.0000;*:0.0000",",:0.0272;Ġthe:0.0246;Ġand:0.0176;Ċ:0.0154;.:0.0150"
Einstein,proper_noun,2,0,36,E,11962,.,layer_9,",",0.740737,277,32252,5,",",0.027463,404,34935,5,",:0.7407;Ġthe:0.2593;):0.0000;%:0.0000;*:0.0000",",:0.0275;Ġthe:0.0245;Ġand:0.0177;Ċ:0.0154;.:0.0151"
Einstein,proper_noun,2,0,36,E,11962,.,layer_10,",",0.86813,278,32173,5,",",0.027819,400,34570,5,",:0.8681;Ġthe:0.1319;):0.0000;%:0.0000;*:0.0000",",:0.0278;Ġthe:0.0245;Ġand:0.0178;Ċ:0.0155;.:0.0154"
Einstein,proper_noun,2,0,36,E,11962,.,layer_11,",",0.968179,278,32015,5,",",0.028519,398,33722,4,",:0.9682;Ġthe:0.0318;):0.0000;%:0.0000;*:0.0000",",:0.0285;Ġthe:0.0246;Ġand:0.0181;.:0.0158;Ċ:0.0156"
Einstein,proper_noun,2,0,36,E,11962,.,layer_12,",",0.999992,199,22562,2,.,0.071153,63,7535,1,",:1.0000;.:0.0000;-:0.0000;Ġthe:0.0000;Ġand:0.0000",".:0.0712;,:0.0344;Ċ:0.0328;-:0.0301;::0.0128"
Einstein,proper_noun,2,0,36,E,11962,.,final_logits,.,0.071153,63,7535,1,,,,,,".:0.0712;,:0.0344;Ċ:0.0328;-:0.0301;::0.0128",
Einstein,proper_noun,2,1,11962,instein,,'s,emb,instein,0.979722,1,,49946,instein,1.0,1,,43873,instein:0.9797;enegger:0.0000;ĠFeinstein:0.0000;berman:0.0000;anyahu:0.0000,instein:1.0000;Ġmathemat:0.0000;Ġchalleng:0.0000;Ġdestro:0.0000;Ġcontrace:0.0000
Einstein,proper_noun,2,1,11962,instein,,'s,layer_1,",",0.487015,121,,6,instein,0.44044,1,,9,",:0.4870;Ġand:0.4371;-:0.0610;.:0.0063;Ċ:0.0031",instein:0.4404;enthal:0.3006;bard:0.0127;berg:0.0127;wald:0.0095
Einstein,proper_noun,2,1,11962,instein,,'s,layer_2,Ġand,0.475414,101,,4,enthal,0.536199,2,,5,"Ġand:0.4754;,:0.3660;-:0.1298;'s:0.0248;.:0.0013",enthal:0.5362;instein:0.2388;ĠObservatory:0.0228;berg:0.0189;'s:0.0174
Einstein,proper_noun,2,1,11962,instein,,'s,layer_3,",",0.693649,256,,4,enthal,0.412755,2,,3,",:0.6936;Ġand:0.1589;-:0.1029;'s:0.0423;.:0.0014",enthal:0.4128;instein:0.1957;'s:0.0610;berg:0.0339;ĠObservatory:0.0210
Einstein,proper_noun,2,1,11962,instein,,'s,layer_4,",",0.857646,221,,3,enthal,0.451176,3,,4,",:0.8576;-:0.0655;'s:0.0538;Ġand:0.0221;.:0.0008",enthal:0.4512;berg:0.1375;instein:0.0940;'s:0.0825;wald:0.0277
Einstein,proper_noun,2,1,11962,instein,,'s,layer_5,",",0.937132,597,,3,'s,0.24018,4,,1,",:0.9371;-:0.0474;'s:0.0086;Ġand:0.0065;.:0.0003",'s:0.2402;enthal:0.1252;berg:0.1082;instein:0.0511;ĠObservatory:0.0306
Einstein,proper_noun,2,1,11962,instein,,'s,layer_6,",",0.997054,1782,,4,'s,0.506707,16,,1,",:0.9971;-:0.0017;Ġand:0.0006;'s:0.0006;.:0.0001","'s:0.5067;,:0.0763;berg:0.0497;Ġand:0.0306;wald:0.0287"
Einstein,proper_noun,2,1,11962,instein,,'s,layer_7,",",0.999274,3595,,3,'s,0.667533,33,,1,",:0.9993;-:0.0007;'s:0.0000;Ġand:0.0000;.:0.0000","'s:0.6675;,:0.0978;berg:0.0444;Ġand:0.0245;-:0.0199"
Einstein,proper_noun,2,1,11962,instein,,'s,layer_8,",",0.999668,5823,,4,'s,0.814287,53,,1,",:0.9997;-:0.0003;Ġand:0.0000;'s:0.0000;.:0.0000","'s:0.8143;,:0.0435;berg:0.0204;Ġand:0.0201;Ġet:0.0185"
Einstein,proper_noun,2,1,11962,instein,,'s,layer_9,",",0.999989,8041,,4,'s,0.862144,152,,1,",:1.0000;-:0.0000;Ġand:0.0000;'s:0.0000;.:0.0000","'s:0.8621;,:0.0454;Ġand:0.0157;Ġet:0.0100;-:0.0077"
Einstein,proper_noun,2,1,11962,instein,,'s,layer_10,",",1.0,10432,,4,'s,0.857251,318,,1,",:1.0000;-:0.0000;Ġand:0.0000;'s:0.0000;.:0.0000","'s:0.8573;,:0.0500;Ġand:0.0171;Ġis:0.0072;-:0.0070"
Einstein,proper_noun,2,1,11962,instein,,'s,layer_11,",",1.0,17736,,6,'s,0.404758,548,,1,",:1.0000;-:0.0000;Ġand:0.0000;Ġthe:0.0000;.:0.0000","'s:0.4048;,:0.1575;Ġand:0.0528;::0.0372;Ġwas:0.0286"
Einstein,proper_noun,2,1,11962,instein,,'s,layer_12,",",1.0,33145,,12,'s,0.207952,2411,,1,",:1.0000;Ġthe:0.0000;-:0.0000;Ġand:0.0000;.:0.0000","'s:0.2080;,:0.1115;Ġand:0.0466;Ġwas:0.0450;Ġsaid:0.0330"
Einstein,proper_noun,2,1,11962,instein,,'s,final_logits,'s,0.207952,2411,,1,,,,,,"'s:0.2080;,:0.1115;Ġand:0.0466;Ġwas:0.0450;Ġsaid:0.0330",
Google,proper_noun,1,0,11708,Google,,.,emb,Google,0.114797,1,,50231,Google,1.0,1,,49199,Google:0.1148;google:0.0031;ĠGoogle:0.0030;Ġgoogle:0.0028;Microsoft:0.0010,Google:1.0000;ĠGoogle:0.0000;Ġgoogle:0.0000;google:0.0000;Microsoft:0.0000
Google,proper_noun,1,0,11708,Google,,.,layer_1,",",0.99424,1835,,5,Ċ,0.050791,20,,9,",:0.9942;Ġthe:0.0056;Ċ:0.0001;Ġand:0.0000;.:0.0000","Ċ:0.0508;,:0.0153;ĠKing:0.0109;Ġand:0.0104;g:0.0094"
Google,proper_noun,1,0,11708,Google,,.,layer_2,",",0.998535,6394,,5,",",0.058127,3734,,5,",:0.9985;Ġthe:0.0015;-:0.0000;Ġand:0.0000;.:0.0000",",:0.0581;Ċ:0.0412;Ġthe:0.0360;Ġand:0.0348;.:0.0270"
Google,proper_noun,1,0,11708,Google,,.,layer_3,Ġthe,0.550668,9739,,5,",",0.027585,10329,,5,"Ġthe:0.5507;,:0.4493;):0.0000;%:0.0000;*:0.0000",",:0.0276;Ġthe:0.0248;Ġand:0.0185;Ċ:0.0161;.:0.0146"
Google,proper_noun,1,0,11708,Google,,.,layer_4,Ġthe,0.679152,9765,,5,",",0.027801,10565,,5,"Ġthe:0.6792;,:0.3208;):0.0000;%:0.0000;*:0.0000",",:0.0278;Ġthe:0.0252;Ġand:0.0186;Ċ:0.0162;.:0.0147"
Google,proper_noun,1,0,11708,Google,,.,layer_5,Ġthe,0.709724,9824,,5,",",0.027589,10771,,5,"Ġthe:0.7097;,:0.2903;):0.0000;%:0.0000;*:0.0000",",:0.0276;Ġthe:0.0251;Ġand:0.0184;Ċ:0.0160;.:0.0146"
Google,proper_noun,1,0,11708,Google,,.,layer_6,Ġthe,0.657428,9887,,5,",",0.02724,10965,,5,"Ġthe:0.6574;,:0.3426;):0.0000;%:0.0000;*:0.0000",",:0.0272;Ġthe:0.0247;Ġand:0.0182;Ċ:0.0157;.:0.0145"
Google,proper_noun,1,0,11708,Google,,.,layer_7,Ġthe,0.560794,9940,,5,",",0.027121,11067,,5,"Ġthe:0.5608;,:0.4392;):0.0000;%:0.0000;*:0.0000",",:0.0271;Ġthe:0.0244;Ġand:0.0181;Ċ:0.0156;.:0.0144"
Google,proper_noun,1,0,11708,Google,,.,layer_8,",",0.509093,9975,,5,",",0.027131,11065,,5,",:0.5091;Ġthe:0.4909;):0.0000;%:0.0000;*:0.0000",",:0.0271;Ġthe:0.0243;Ġand:0.0181;Ċ:0.0155;.:0.0144"
Google,proper_noun,1,0,11708,Google,,.,layer_9,",",0.666117,9994,,5,",",0.027389,10996,,5,",:0.6661;Ġthe:0.3339;):0.0000;%:0.0000;*:0.0000",",:0.0274;Ġthe:0.0243;Ġand:0.0182;Ċ:0.0156;.:0.0145"
Google,proper_noun,1,0,11708,Google,,.,layer_10,",",0.813053,10022,,5,",",0.027766,10959,,5,",:0.8131;Ġthe:0.1869;):0.0000;%:0.0000;*:0.0000",",:0.0278;Ġthe:0.0243;Ġand:0.0183;Ċ:0.0157;.:0.0148"
Google,proper_noun,1,0,11708,Google,,.,layer_11,",",0.954837,10050,,5,",",0.028435,10918,,5,",:0.9548;Ġthe:0.0452;):0.0000;%:0.0000;*:0.0000",",:0.0284;Ġthe:0.0244;Ġand:0.0186;Ċ:0.0158;.:0.0152"
Google,proper_noun,1,0,11708,Google,,.,layer_12,",",0.999948,3770,,2,.,0.044315,1474,,1,",:0.9999;.:0.0001;-:0.0000;Ġthe:0.0000;Ġand:0.0000",".:0.0443;,:0.0401;Ċ:0.0388;Ġand:0.0214;Ġto:0.0205"
Google,proper_noun,1,0,11708,Google,,.,final_logits,.,0.044315,1474,,1,,,,,,".:0.0443;,:0.0401;Ċ:0.0388;Ġand:0.0214;Ġto:0.0205",
Tokyo,proper_noun,2,0,19042,Tok,8226,.,emb,Tok,0.946987,1,3823,50248,Tok,1.0,1,2079,49501,Tok:0.9470;ĠTok:0.0005;ĠTokyo:0.0003;Japan:0.0002;ĠOsaka:0.0002,Tok:1.0000;ĠTok:0.0000;ĠTokyo:0.0000;Japan:0.0000;Ġmathemat:0.0000
Tokyo,proper_noun,2,0,19042,Tok,8226,.,layer_1,",",0.999848,15287,2795,4,ens,0.024192,188,10,8,",:0.9998;Ġthe:0.0002;Ġand:0.0000;.:0.0000;Ċ:0.0000","ens:0.0242;,:0.0218;iy:0.0192;aku:0.0157;ite:0.0152"
Tokyo,proper_noun,2,0,19042,Tok,8226,.,layer_2,",",0.999959,38298,8545,5,",",0.06755,11965,2380,3,",:1.0000;Ġthe:0.0000;-:0.0000;Ġand:0.0000;.:0.0000",",:0.0675;Ġand:0.0331;.:0.0329;Ċ:0.0323;Ġthe:0.0315"
Tokyo,proper_noun,2,0,19042,Tok,8226,.,layer_3,",",0.970419,41101,9773,5,",",0.028871,33485,10361,4,",:0.9704;Ġthe:0.0296;):0.0000;%:0.0000;*:0.0000",",:0.0289;Ġthe:0.0241;Ġand:0.0184;.:0.0155;Ċ:0.0154"
Tokyo,proper_noun,2,0,19042,Tok,8226,.,layer_4,",",0.946275,41249,9845,5,",",0.028953,34397,10862,4,",:0.9463;Ġthe:0.0537;):0.0000;%:0.0000;*:0.0000",",:0.0290;Ġthe:0.0245;Ġand:0.0184;.:0.0155;Ċ:0.0155"
Tokyo,proper_noun,2,0,19042,Tok,8226,.,layer_5,",",0.932791,41292,9910,5,",",0.028638,34848,11268,4,",:0.9328;Ġthe:0.0672;):0.0000;%:0.0000;*:0.0000",",:0.0286;Ġthe:0.0245;Ġand:0.0183;.:0.0154;Ċ:0.0153"
Tokyo,proper_noun,2,0,19042,Tok,8226,.,layer_6,",",0.943282,41289,9935,5,",",0.028226,35143,11528,4,",:0.9433;Ġthe:0.0567;):0.0000;%:0.0000;*:0.0000",",:0.0282;Ġthe:0.0241;Ġand:0.0180;.:0.0152;Ċ:0.0150"
Tokyo,proper_noun,2,0,19042,Tok,8226,.,layer_7,",",0.959307,41278,9941,5,",",0.028062,35101,11599,4,",:0.9593;Ġthe:0.0407;):0.0000;%:0.0000;*:0.0000",",:0.0281;Ġthe:0.0238;Ġand:0.0180;.:0.0151;Ċ:0.0149"
Tokyo,proper_noun,2,0,19042,Tok,8226,.,layer_8,",",0.970902,41309,9958,5,",",0.028043,35214,11621,4,",:0.9709;Ġthe:0.0291;):0.0000;%:0.0000;*:0.0000",",:0.0280;Ġthe:0.0237;Ġand:0.0180;.:0.0151;Ċ:0.0148"
Tokyo,proper_noun,2,0,19042,Tok,8226,.,layer_9,",",0.986455,41318,9976,5,",",0.028312,35136,11617,4,",:0.9865;Ġthe:0.0135;):0.0000;%:0.0000;*:0.0000",",:0.0283;Ġthe:0.0236;Ġand:0.0181;.:0.0152;Ċ:0.0149"
Tokyo,proper_noun,2,0,19042,Tok,8226,.,layer_10,",",0.995065,41242,9963,5,",",0.028709,34492,11516,4,",:0.9951;Ġthe:0.0049;):0.0000;%:0.0000;*:0.0000",",:0.0287;Ġthe:0.0236;Ġand:0.0182;.:0.0155;Ċ:0.0150"
Tokyo,proper_noun,2,0,19042,Tok,8226,.,layer_11,",",0.999155,41173,9942,5,",",0.029415,33981,11296,4,",:0.9992;Ġthe:0.0008;):0.0000;%:0.0000;*:0.0000",",:0.0294;Ġthe:0.0237;Ġand:0.0185;.:0.0159;Ċ:0.0151"
Tokyo,proper_noun,2,0,19042,Tok,8226,.,layer_12,",",0.999987,14557,1969,2,.,0.05926,1889,189,1,",:1.0000;.:0.0000;Ġthe:0.0000;-:0.0000;Ġand:0.0000",".:0.0593;,:0.0362;Ċ:0.0166;-:0.0125;Ġand:0.0106"
Tokyo,proper_noun,2,0,19042,Tok,8226,.,final_logits,.,0.05926,1889,189,1,,,,,,".:0.0593;,:0.0363;Ċ:0.0166;-:0.0125;Ġand:0.0106",
Tokyo,proper_noun,2,1,8226,yo,,",",emb,yo,0.945324,1,,50245,yo,1.0,1,,48470,yo:0.9453;Yo:0.0001;yang:0.0001;Ġyo:0.0001;yu:0.0001,yo:1.0000;yang:0.0000;Yo:0.0000;yu:0.0000;Ġyo:0.0000
Tokyo,proper_noun,2,1,8226,yo,,",",layer_1,",",0.819368,13,,1,yo,0.975126,1,,4,",:0.8194;Ġand:0.0771;.:0.0594;-:0.0291;Ġin:0.0047","yo:0.9751;jin:0.0025;ichi:0.0009;,:0.0005;Ġand:0.0004"
Tokyo,proper_noun,2,1,8226,yo,,",",layer_2,",",0.972541,17,,1,yo,0.799254,1,,8,",:0.9725;-:0.0095;'s:0.0072;.:0.0067;Ġand:0.0038",yo:0.7993;jin:0.1109;ichi:0.0182;ji:0.0129;'s:0.0072
Tokyo,proper_noun,2,1,8226,yo,,",",layer_3,",",0.996307,48,,1,jin,0.512296,2,,7,",:0.9963;-:0.0024;.:0.0010;'s:0.0001;Ġand:0.0001",jin:0.5123;yo:0.3326;ji:0.0555;ichi:0.0211;ĠSquare:0.0095
Tokyo,proper_noun,2,1,8226,yo,,",",layer_4,",",0.979991,33,,1,jin,0.746866,2,,8,",:0.9800;-:0.0149;.:0.0039;'s:0.0010;Ġand:0.0002",jin:0.7469;yo:0.1013;ichi:0.0547;ji:0.0249;ĠSquare:0.0156
Tokyo,proper_noun,2,1,8226,yo,,",",layer_5,",",0.990666,262,,1,jin,0.432683,26,,3,",:0.9907;-:0.0075;.:0.0017;'s:0.0001;Ġand:0.0000","jin:0.4327;ĠSquare:0.0913;,:0.0448;ji:0.0378;'s:0.0332"
Tokyo,proper_noun,2,1,8226,yo,,",",layer_6,",",0.995128,420,,1,jin,0.149137,26,,2,",:0.9951;-:0.0044;.:0.0005;Ġand:0.0000;'s:0.0000","jin:0.1491;,:0.0931;'s:0.0599;ĠSquare:0.0447;ji:0.0409"
Tokyo,proper_noun,2,1,8226,yo,,",",layer_7,",",0.996646,631,,1,",",0.121722,66,,1,",:0.9966;-:0.0033;.:0.0000;'s:0.0000;Ġand:0.0000",",:0.1217;ĠPress:0.1059;'s:0.0869;ĠShin:0.0796;jin:0.0505"
Tokyo,proper_noun,2,1,8226,yo,,",",layer_8,",",0.997303,941,,1,",",0.137017,71,,1,",:0.9973;-:0.0027;.:0.0000;Ġand:0.0000;'s:0.0000",",:0.1370;ĠShin:0.1203;'s:0.0686;jin:0.0555;ĠCity:0.0493"
Tokyo,proper_noun,2,1,8226,yo,,",",layer_9,",",0.999691,1344,,1,",",0.228205,133,,1,",:0.9997;-:0.0003;.:0.0000;Ġand:0.0000;'s:0.0000",",:0.2282;'s:0.1023;ĠElectric:0.0727;-:0.0686;ĠCity:0.0685"
Tokyo,proper_noun,2,1,8226,yo,,",",layer_10,",",0.999576,2231,,1,",",0.194585,272,,1,",:0.9996;-:0.0004;.:0.0000;Ġand:0.0000;'s:0.0000",",:0.1946;ĠElectric:0.1223;-:0.1099;'s:0.0798;ĠCity:0.0544"
Tokyo,proper_noun,2,1,8226,yo,,",",layer_11,",",1.0,5936,,1,",",0.315725,1235,,1,",:1.0000;-:0.0000;.:0.0000;Ġand:0.0000;Ġthe:0.0000",",:0.3157;-:0.0652;'s:0.0511;::0.0409;.:0.0331"
Tokyo,proper_noun,2,1,8226,yo,,",",layer_12,",",1.0,8333,,1,",",0.145984,886,,1,",:1.0000;-:0.0000;Ġthe:0.0000;.:0.0000;Ġand:0.0000",",:0.1460;-:0.0514;):0.0318;::0.0291;.:0.0248"
Tokyo,proper_noun,2,1,8226,yo,,",",final_logits,",",0.145985,886,,1,,,,,,",:0.1460;-:0.0514;):0.0318;::0.0291;.:0.0248",
Shakespeare,proper_noun,2,0,2484,Sh,20946,.,emb,Sh,0.018603,1,25376,42648,Sh,1.0,1,16878,48571,Sh:0.0186;ĠSh:0.0010;sh:0.0009;SH:0.0007;ĠSH:0.0004,Sh:1.0000;sh:0.0000;SH:0.0000;Ġdestro:0.0000;ĠSh:0.0000
Shakespeare,proper_noun,2,0,2484,Sh,20946,.,layer_1,",",0.679904,267,41908,4,anks,0.034204,10,10184,115,",:0.6799;Ġthe:0.3199;-:0.0001;.:0.0000;Ċ:0.0000",anks:0.0342;ag:0.0277;av:0.0179;il:0.0171;g:0.0164
Shakespeare,proper_noun,2,0,2484,Sh,20946,.,layer_2,",",0.5835,685,45253,5,",",0.045382,503,43297,5,",:0.5835;Ġthe:0.4165;-:0.0000;Ġand:0.0000;.:0.0000",",:0.0454;Ġthe:0.0399;Ċ:0.0284;Ġand:0.0264;.:0.0247"
Shakespeare,proper_noun,2,0,2484,Sh,20946,.,layer_3,Ġthe,0.997688,853,49223,5,",",0.025724,1302,48839,5,"Ġthe:0.9977;,:0.0023;):0.0000;%:0.0000;*:0.0000",",:0.0257;Ġthe:0.0250;Ġand:0.0171;Ċ:0.0146;.:0.0141"
Shakespeare,proper_noun,2,0,2484,Sh,20946,.,layer_4,Ġthe,0.998604,856,49211,5,",",0.026065,1346,48885,5,"Ġthe:0.9986;,:0.0014;):0.0000;%:0.0000;*:0.0000",",:0.0261;Ġthe:0.0254;Ġand:0.0173;Ċ:0.0148;.:0.0143"
Shakespeare,proper_noun,2,0,2484,Sh,20946,.,layer_5,Ġthe,0.998657,857,49227,5,",",0.025981,1370,48921,5,"Ġthe:0.9987;,:0.0013;):0.0000;%:0.0000;*:0.0000",",:0.0260;Ġthe:0.0253;Ġand:0.0172;Ċ:0.0147;.:0.0142"
Shakespeare,proper_noun,2,0,2484,Sh,20946,.,layer_6,Ġthe,0.998443,857,49244,5,",",0.025675,1382,48926,5,"Ġthe:0.9984;,:0.0016;):0.0000;%:0.0000;*:0.0000",",:0.0257;Ġthe:0.0249;Ġand:0.0170;Ċ:0.0144;.:0.0141"
Shakespeare,proper_noun,2,0,2484,Sh,20946,.,layer_7,Ġthe,0.997991,860,49255,5,",",0.025553,1403,48919,5,"Ġthe:0.9980;,:0.0020;):0.0000;%:0.0000;*:0.0000",",:0.0256;Ġthe:0.0246;Ġand:0.0169;Ċ:0.0143;.:0.0140"
Shakespeare,proper_noun,2,0,2484,Sh,20946,.,layer_8,Ġthe,0.997355,862,49258,5,",",0.025551,1414,48908,5,"Ġthe:0.9974;,:0.0026;):0.0000;%:0.0000;*:0.0000",",:0.0256;Ġthe:0.0245;Ġand:0.0169;Ċ:0.0143;.:0.0140"
Shakespeare,proper_noun,2,0,2484,Sh,20946,.,layer_9,Ġthe,0.995515,863,49261,5,",",0.025755,1420,48888,5,"Ġthe:0.9955;,:0.0045;):0.0000;%:0.0000;*:0.0000",",:0.0258;Ġthe:0.0244;Ġand:0.0170;Ċ:0.0143;.:0.0141"
Shakespeare,proper_noun,2,0,2484,Sh,20946,.,layer_10,Ġthe,0.992959,866,49274,5,",",0.026055,1426,48889,5,"Ġthe:0.9930;,:0.0070;):0.0000;%:0.0000;*:0.0000",",:0.0261;Ġthe:0.0245;Ġand:0.0171;Ċ:0.0144;.:0.0143"
Shakespeare,proper_noun,2,0,2484,Sh,20946,.,layer_11,Ġthe,0.976675,870,49273,5,",",0.026624,1429,48881,4,"Ġthe:0.9767;,:0.0233;):0.0000;%:0.0000;*:0.0000",",:0.0266;Ġthe:0.0246;Ġand:0.0173;.:0.0147;Ċ:0.0145"
Shakespeare,proper_noun,2,0,2484,Sh,20946,.,layer_12,",",0.997908,477,48921,3,.,0.025829,327,10945,1,",:0.9979;Ġthe:0.0017;.:0.0004;-:0.0000;Ġa:0.0000",".:0.0258;-:0.0110;Ċ:0.0108;,:0.0106;in:0.0065"
Shakespeare,proper_noun,2,0,2484,Sh,20946,.,final_logits,.,0.025829,327,10945,1,,,,,,".:0.0258;-:0.0110;Ċ:0.0108;,:0.0106;in:0.0065",
Shakespeare,proper_noun,2,1,20946,akespeare,,'s,emb,akespeare,0.988989,1,,50155,akespeare,1.0,1,,47597,akespeare:0.9890;akespe:0.0005;olkien:0.0001;ĠShakespeare:0.0000;zsche:0.0000,akespeare:1.0000;akespe:0.0000;Ġmathemat:0.0000;Ġtraged:0.0000;olkien:0.0000
Shakespeare,proper_noun,2,1,20946,akespeare,,'s,layer_1,",",0.452821,446,,2,akespeare,0.274095,1,,10,",:0.4528;'s:0.2810;Ġand:0.1761;-:0.0505;.:0.0142",akespeare:0.2741;Ġplays:0.0956;Ġresc:0.0615;Ġbas:0.0390;Ġcurses:0.0181
Shakespeare,proper_noun,2,1,20946,akespeare,,'s,layer_2,",",0.590302,909,,2,Ġplays,0.204429,3,,2,",:0.5903;'s:0.3821;Ġand:0.0190;-:0.0051;.:0.0018",Ġplays:0.2044;'s:0.0635;akespeare:0.0584;Ġimperson:0.0538;Ġtheatre:0.0420
Shakespeare,proper_noun,2,1,20946,akespeare,,'s,layer_3,",",0.964341,6454,,2,Ġplays,0.250761,48,,2,",:0.9643;'s:0.0259;Ġand:0.0043;-:0.0040;.:0.0012",Ġplays:0.2508;'s:0.1045;an:0.0379;Ġplay:0.0305;Ġopera:0.0202
Shakespeare,proper_noun,2,1,20946,akespeare,,'s,layer_4,",",0.920284,9530,,2,an,0.18139,324,,3,",:0.9203;'s:0.0768;.:0.0012;Ġand:0.0009;-:0.0007",an:0.1814;Ġplays:0.1737;'s:0.1577;ĠMysteries:0.0236;Ġplay:0.0131
Shakespeare,proper_noun,2,1,20946,akespeare,,'s,layer_5,",",0.965803,15862,,2,Ġplays,0.29066,1493,,2,",:0.9658;'s:0.0327;Ġand:0.0010;.:0.0003;-:0.0002",Ġplays:0.2907;'s:0.2490;an:0.0866;ĠPlays:0.0210;Ġplay:0.0132
Shakespeare,proper_noun,2,1,20946,akespeare,,'s,layer_6,",",0.995037,18646,,2,'s,0.267977,1534,,1,",:0.9950;'s:0.0046;Ġand:0.0003;.:0.0000;-:0.0000",'s:0.2680;Ġplays:0.2480;an:0.0933;ĠTheater:0.0354;ĠPlays:0.0182
Shakespeare,proper_noun,2,1,20946,akespeare,,'s,layer_7,",",0.99936,23238,,2,'s,0.643744,2408,,1,",:0.9994;'s:0.0006;Ġand:0.0000;.:0.0000;-:0.0000","'s:0.6437;an:0.0780;Ġplays:0.0632;,:0.0253;ĠTheater:0.0162"
Shakespeare,proper_noun,2,1,20946,akespeare,,'s,layer_8,",",0.999872,31334,,2,'s,0.85736,3034,,1,",:0.9999;'s:0.0001;Ġand:0.0000;.:0.0000;-:0.0000","'s:0.8574;Ġplays:0.0204;an:0.0168;,:0.0122;Ġand:0.0076"
Shakespeare,proper_noun,2,1,20946,akespeare,,'s,layer_9,",",1.0,29890,,2,'s,0.745908,1421,,1,",:1.0000;'s:0.0000;Ġand:0.0000;.:0.0000;-:0.0000","'s:0.7459;an:0.0437;ian:0.0345;Ġplays:0.0222;,:0.0180"
Shakespeare,proper_noun,2,1,20946,akespeare,,'s,layer_10,",",1.0,31297,,3,'s,0.767102,1117,,1,",:1.0000;Ġand:0.0000;'s:0.0000;.:0.0000;-:0.0000","'s:0.7671;an:0.0442;,:0.0255;Ġwrote:0.0232;ian:0.0196"
Shakespeare,proper_noun,2,1,20946,akespeare,,'s,layer_11,",",1.0,39860,,7,'s,0.514444,1969,,1,",:1.0000;Ġand:0.0000;Ġthe:0.0000;.:0.0000;Ġin:0.0000","'s:0.5144;,:0.0592;an:0.0381;Ġand:0.0323;Ġis:0.0297"
Shakespeare,proper_noun,2,1,20946,akespeare,,'s,layer_12,",",1.0,46924,,12,'s,0.172976,6060,,1,",:1.0000;Ġthe:0.0000;Ġand:0.0000;.:0.0000;-:0.0000","'s:0.1730;,:0.0905;Ġand:0.0524;Ġin:0.0467;Ġis:0.0416"
Shakespeare,proper_noun,2,1,20946,akespeare,,'s,final_logits,'s,0.172975,6059,,1,,,,,,"'s:0.1730;,:0.0905;Ġand:0.0524;Ġin:0.0467;Ġis:0.0416",
Beyoncé,proper_noun,3,0,21993,Bey,261,",",emb,Bey,0.998963,1,49732,50255,Bey,1.0,1,42135,49985,Bey:0.9990;ĠBeyon:0.0000;yip:0.0000;isSpecialOrderable:0.0000;Downloadha:0.0000,Bey:1.0000;ĠBeyon:0.0000;Ġmathemat:0.0000;Ġpredec:0.0000;Ġstreng:0.0000
Beyoncé,proper_noun,3,0,21993,Bey,261,",",layer_1,",",0.998413,22198,206,1,omy,0.06467,42,611,16,",:0.9984;-:0.0015;Ġthe:0.0000;Ġand:0.0000;.:0.0000",omy:0.0647;g:0.0605;lets:0.0393;ak:0.0338;ers:0.0242
Beyoncé,proper_noun,3,0,21993,Bey,261,",",layer_2,",",0.999936,47660,171,1,",",0.067059,27071,201,1,",:0.9999;Ġthe:0.0001;-:0.0000;Ġand:0.0000;.:0.0000",",:0.0671;Ġand:0.0369;Ġthe:0.0345;Ċ:0.0333;-:0.0257"
Beyoncé,proper_noun,3,0,21993,Bey,261,",",layer_3,",",0.940565,49422,184,1,",",0.028709,48139,283,1,",:0.9406;Ġthe:0.0594;):0.0000;%:0.0000;*:0.0000",",:0.0287;Ġthe:0.0247;Ġand:0.0189;Ċ:0.0154;.:0.0143"
Beyoncé,proper_noun,3,0,21993,Bey,261,",",layer_4,",",0.889553,49435,185,1,",",0.028814,48319,285,1,",:0.8896;Ġthe:0.1104;):0.0000;%:0.0000;*:0.0000",",:0.0288;Ġthe:0.0251;Ġand:0.0189;Ċ:0.0155;.:0.0144"
Beyoncé,proper_noun,3,0,21993,Bey,261,",",layer_5,",",0.873161,49442,185,1,",",0.028533,48412,287,1,",:0.8732;Ġthe:0.1268;):0.0000;%:0.0000;*:0.0000",",:0.0285;Ġthe:0.0250;Ġand:0.0188;Ċ:0.0154;.:0.0144"
Beyoncé,proper_noun,3,0,21993,Bey,261,",",layer_6,",",0.891693,49438,184,1,",",0.028117,48468,287,1,",:0.8917;Ġthe:0.1083;):0.0000;%:0.0000;*:0.0000",",:0.0281;Ġthe:0.0246;Ġand:0.0185;Ċ:0.0151;.:0.0142"
Beyoncé,proper_noun,3,0,21993,Bey,261,",",layer_7,",",0.916745,49439,184,1,",",0.027953,48502,284,1,",:0.9167;Ġthe:0.0833;):0.0000;%:0.0000;*:0.0000",",:0.0280;Ġthe:0.0243;Ġand:0.0184;Ċ:0.0149;.:0.0142"
Beyoncé,proper_noun,3,0,21993,Bey,261,",",layer_8,",",0.937996,49433,183,1,",",0.027953,48443,282,1,",:0.9380;Ġthe:0.0620;):0.0000;%:0.0000;*:0.0000",",:0.0280;Ġthe:0.0242;Ġand:0.0183;Ċ:0.0149;.:0.0142"
Beyoncé,proper_noun,3,0,21993,Bey,261,",",layer_9,",",0.96923,49425,183,1,",",0.028181,48369,279,1,",:0.9692;Ġthe:0.0308;):0.0000;%:0.0000;*:0.0000",",:0.0282;Ġthe:0.0241;Ġand:0.0184;Ċ:0.0149;.:0.0143"
Beyoncé,proper_noun,3,0,21993,Bey,261,",",layer_10,",",0.98052,49412,182,1,",",0.028503,48159,276,1,",:0.9805;Ġthe:0.0195;):0.0000;%:0.0000;*:0.0000",",:0.0285;Ġthe:0.0242;Ġand:0.0186;Ċ:0.0150;.:0.0145"
Beyoncé,proper_noun,3,0,21993,Bey,261,",",layer_11,",",0.995705,49390,181,1,",",0.029162,47867,270,1,",:0.9957;Ġthe:0.0043;):0.0000;%:0.0000;*:0.0000",",:0.0292;Ġthe:0.0243;Ġand:0.0189;Ċ:0.0150;.:0.0149"
Beyoncé,proper_noun,3,0,21993,Bey,261,",",layer_12,",",0.999986,26268,94,1,",",0.039342,2535,45,1,",:1.0000;-:0.0000;.:0.0000;Ġthe:0.0000;Ġand:0.0000",",:0.0393;-:0.0274;.:0.0266;Ċ:0.0166;Ġand:0.0162"
Beyoncé,proper_noun,3,0,21993,Bey,261,",",final_logits,",",0.039342,2535,45,1,,,,,,",:0.0393;-:0.0274;.:0.0266;Ċ:0.0166;Ġand:0.0162",
Beyoncé,proper_noun,3,1,261,on,32682,cÃ©,emb,on,0.097146,1,9416,9416,on,1.0,1,5955,5955,on:0.0971;ons:0.0027;ON:0.0020;onian:0.0013;upon:0.0008,on:1.0000;ons:0.0000;onian:0.0000;ON:0.0000;onis:0.0000
Beyoncé,proper_noun,3,1,261,on,32682,cÃ©,layer_1,Ġthe,0.454257,7,3852,3852,on,0.35545,1,16,16,"Ġthe:0.4543;,:0.2747;-:0.2006;Ġand:0.0252;.:0.0177",on:0.3555;ons:0.0502;ix:0.0471;c:0.0396;aut:0.0260
Beyoncé,proper_noun,3,1,261,on,32682,cÃ©,layer_2,Ġthe,0.453452,10,1486,1486,ix,0.092811,5,7,7,"Ġthe:0.4535;,:0.1774;Ġand:0.1649;-:0.0665;Ġa:0.0373",ix:0.0928;n:0.0740;ons:0.0542;stad:0.0539;on:0.0531
Beyoncé,proper_noun,3,1,261,on,32682,cÃ©,layer_3,-,0.288231,13,663,663,stad,0.118634,9,3,3,"-:0.2882;Ġthe:0.2621;,:0.1754;n:0.1028;'s:0.0542",stad:0.1186;n:0.1182;cÃ©:0.1151;aut:0.1136;c:0.0504
Beyoncé,proper_noun,3,1,261,on,32682,cÃ©,layer_4,aut,0.719571,11,129,129,aut,0.550358,15,2,2,aut:0.7196;c:0.0775;n:0.0696;Ġthe:0.0305;'s:0.0284,aut:0.5504;cÃ©:0.1562;stad:0.0205;n:0.0195;ĠHos:0.0158
Beyoncé,proper_noun,3,1,261,on,32682,cÃ©,layer_5,",",0.479512,24,147,147,aut,0.373193,76,2,2,",:0.4795;-:0.2481;aut:0.1231;'s:0.0707;Ġand:0.0433",aut:0.3732;cÃ©:0.2491;ning:0.0467;ix:0.0201;ĠHos:0.0196
Beyoncé,proper_noun,3,1,261,on,32682,cÃ©,layer_6,-,0.712936,72,237,237,cÃ©,0.345565,281,1,1,"-:0.7129;,:0.2436;'s:0.0327;Ġand:0.0090;Ġthe:0.0008",cÃ©:0.3456;aut:0.1359;ka:0.0726;ix:0.0363;'s:0.0255
Beyoncé,proper_noun,3,1,261,on,32682,cÃ©,layer_7,-,0.664255,72,77,77,cÃ©,0.818,250,1,1,"-:0.6643;,:0.2580;'s:0.0742;Ġand:0.0030;.:0.0003",cÃ©:0.8180;aut:0.0502;ka:0.0339;ette:0.0212;'s:0.0080
Beyoncé,proper_noun,3,1,261,on,32682,cÃ©,layer_8,-,0.534938,40,272,272,cÃ©,0.791349,106,1,1,"-:0.5349;,:0.4621;Ġand:0.0022;'s:0.0007;Ġthe:0.0001",cÃ©:0.7913;ka:0.1032;k:0.0191;aut:0.0169;n:0.0042
Beyoncé,proper_noun,3,1,261,on,32682,cÃ©,layer_9,",",0.600526,43,355,355,cÃ©,0.94993,81,1,1,",:0.6005;-:0.3970;Ġand:0.0024;Ġthe:0.0000;.:0.0000",cÃ©:0.9499;ka:0.0197;k:0.0058;nen:0.0019;ik:0.0017
Beyoncé,proper_noun,3,1,261,on,32682,cÃ©,layer_10,",",0.999633,81,1910,1910,cÃ©,0.777331,94,1,1,",:0.9996;-:0.0003;Ġand:0.0000;.:0.0000;Ġthe:0.0000",cÃ©:0.7773;ka:0.0572;k:0.0430;'s:0.0080;n:0.0066
Beyoncé,proper_noun,3,1,261,on,32682,cÃ©,layer_11,",",0.999999,100,5111,5111,cÃ©,0.360584,38,1,1,",:1.0000;Ġthe:0.0000;-:0.0000;Ġand:0.0000;.:0.0000","cÃ©:0.3606;k:0.0678;,:0.0466;n:0.0360;.:0.0219"
Beyoncé,proper_noun,3,1,261,on,32682,cÃ©,layer_12,",",0.999985,86,1195,1195,cÃ©,0.88907,114,1,1,",:1.0000;Ġand:0.0000;.:0.0000;Ġthe:0.0000;-:0.0000","cÃ©:0.8891;ĠWoods:0.0121;,:0.0038;wu:0.0025;Ġand:0.0021"
Beyoncé,proper_noun,3,1,261,on,32682,cÃ©,final_logits,cÃ©,0.889069,114,1,1,,,,,,"cÃ©:0.8891;ĠWoods:0.0121;,:0.0038;wu:0.0025;Ġand:0.0021",
Beyoncé,proper_noun,3,2,32682,cÃ©,,'s,emb,cÃ©,0.745259,1,,50021,cÃ©,1.0,1,,40383,cÃ©:0.7453;xual:0.0002;ciating:0.0002;cester:0.0002;ciation:0.0001,cÃ©:1.0000;Ġchalleng:0.0000;Ġdestro:0.0000;ce:0.0000;Ġarrang:0.0000
Beyoncé,proper_noun,3,2,32682,cÃ©,,'s,layer_1,",",0.98021,49,,5,cÃ©,0.954529,1,,10,",:0.9802;.:0.0104;Ġand:0.0038;-:0.0038;'s:0.0010","cÃ©:0.9545;,:0.0038;es:0.0027;ments:0.0014;Ġand:0.0013"
Beyoncé,proper_noun,3,2,32682,cÃ©,,'s,layer_2,",",0.968323,65,,3,cÃ©,0.885576,1,,3,",:0.9683;Ġand:0.0212;'s:0.0078;.:0.0018;-:0.0005","cÃ©:0.8856;,:0.0216;'s:0.0207;Ġand:0.0172;/:0.0060"
Beyoncé,proper_noun,3,2,32682,cÃ©,,'s,layer_3,",",0.959258,283,,2,cÃ©,0.387299,1,,2,",:0.9593;'s:0.0344;Ġand:0.0047;.:0.0008;-:0.0008","cÃ©:0.3873;'s:0.2489;,:0.0420;es:0.0368;Ġand:0.0265"
Beyoncé,proper_noun,3,2,32682,cÃ©,,'s,layer_4,",",0.949631,403,,2,'s,0.350921,3,,1,",:0.9496;'s:0.0398;Ġand:0.0069;.:0.0032;/:0.0003","'s:0.3509;es:0.0811;cÃ©:0.0681;,:0.0562;/:0.0335"
Beyoncé,proper_noun,3,2,32682,cÃ©,,'s,layer_5,",",0.985956,1122,,2,'s,0.540643,20,,1,",:0.9860;'s:0.0123;Ġand:0.0012;.:0.0006;/:0.0000","'s:0.5406;,:0.0995;Ġand:0.0478;/:0.0448;es:0.0352"
Beyoncé,proper_noun,3,2,32682,cÃ©,,'s,layer_6,",",0.984666,2199,,2,'s,0.812334,34,,1,",:0.9847;'s:0.0150;Ġand:0.0003;.:0.0000;-:0.0000","'s:0.8123;,:0.0422;Ġand:0.0237;ĠMusic:0.0145;/:0.0133"
Beyoncé,proper_noun,3,2,32682,cÃ©,,'s,layer_7,",",0.99997,5749,,3,'s,0.59722,157,,1,",:1.0000;Ġand:0.0000;'s:0.0000;.:0.0000;-:0.0000","'s:0.5972;,:0.1567;Ġand:0.0720;Ġalbum:0.0199;/:0.0182"
Beyoncé,proper_noun,3,2,32682,cÃ©,,'s,layer_8,",",0.999999,8261,,3,'s,0.611165,284,,1,",:1.0000;Ġand:0.0000;'s:0.0000;.:0.0000;-:0.0000","'s:0.6112;,:0.1934;Ġand:0.0575;Ġalbum:0.0278;/:0.0102"
Beyoncé,proper_noun,3,2,32682,cÃ©,,'s,layer_9,",",1.0,11894,,4,'s,0.540121,748,,1,",:1.0000;Ġand:0.0000;.:0.0000;'s:0.0000;-:0.0000","'s:0.5401;,:0.1897;Ġand:0.0714;Ġalbum:0.0474;Ġalbums:0.0137"
Beyoncé,proper_noun,3,2,32682,cÃ©,,'s,layer_10,",",1.0,12083,,3,'s,0.757918,1157,,1,",:1.0000;Ġand:0.0000;'s:0.0000;.:0.0000;-:0.0000","'s:0.7579;,:0.1002;Ġand:0.0653;Ġalbum:0.0105;.:0.0056"
Beyoncé,proper_noun,3,2,32682,cÃ©,,'s,layer_11,",",1.0,21968,,6,'s,0.4198,2356,,1,",:1.0000;Ġand:0.0000;.:0.0000;-:0.0000;Ġthe:0.0000","'s:0.4198;,:0.1193;Ġand:0.1105;.:0.0482;Ġalbum:0.0265"
Beyoncé,proper_noun,3,2,32682,cÃ©,,'s,layer_12,",",1.0,33290,,12,'s,0.145995,5552,,1,",:1.0000;Ġthe:0.0000;Ġand:0.0000;.:0.0000;-:0.0000","'s:0.1460;,:0.1207;Ġand:0.0919;.:0.0788;Ġhas:0.0239"
Beyoncé,proper_noun,3,2,32682,cÃ©,,'s,final_logits,'s,0.145996,5552,,1,,,,,,"'s:0.1460;,:0.1207;Ġand:0.0919;.:0.0788;Ġhas:0.0239",
run,verb,1,0,5143,run,,.,emb,run,0.56035,1,,49816,run,1.0,1,,46268,run:0.5603;runs:0.0148;Run:0.0020;running:0.0009;Ġrun:0.0006,run:1.0000;runs:0.0000;Run:0.0000;running:0.0000;Ġchalleng:0.0000
run,verb,1,0,5143,run,,.,layer_1,",",0.555577,2158,,4,Ċ,0.03087,289,,8,",:0.5556;Ġthe:0.4444;Ġand:0.0000;.:0.0000;Ċ:0.0000","Ċ:0.0309;,:0.0183;g:0.0177;Ġthe:0.0155;Ġon:0.0108"
run,verb,1,0,5143,run,,.,layer_2,",",0.540894,3502,,5,",",0.056265,2919,,5,",:0.5409;Ġthe:0.4591;-:0.0000;Ġand:0.0000;.:0.0000",",:0.0563;Ġthe:0.0512;Ġand:0.0331;Ċ:0.0323;.:0.0273"
run,verb,1,0,5143,run,,.,layer_3,Ġthe,0.997495,3458,,5,",",0.027739,4770,,5,"Ġthe:0.9975;,:0.0025;):0.0000;%:0.0000;*:0.0000",",:0.0277;Ġthe:0.0272;Ġand:0.0184;Ċ:0.0154;.:0.0148"
run,verb,1,0,5143,run,,.,layer_4,Ġthe,0.998499,3466,,5,",",0.027861,4818,,5,"Ġthe:0.9985;,:0.0015;):0.0000;%:0.0000;*:0.0000",",:0.0279;Ġthe:0.0273;Ġand:0.0185;Ċ:0.0154;.:0.0149"
run,verb,1,0,5143,run,,.,layer_5,Ġthe,0.998642,3470,,5,",",0.027643,4845,,5,"Ġthe:0.9986;,:0.0014;):0.0000;%:0.0000;*:0.0000",",:0.0276;Ġthe:0.0271;Ġand:0.0183;Ċ:0.0153;.:0.0148"
run,verb,1,0,5143,run,,.,layer_6,Ġthe,0.998276,3465,,5,",",0.027294,4832,,5,"Ġthe:0.9983;,:0.0017;):0.0000;%:0.0000;*:0.0000",",:0.0273;Ġthe:0.0266;Ġand:0.0181;Ċ:0.0151;.:0.0147"
run,verb,1,0,5143,run,,.,layer_7,Ġthe,0.99733,3454,,5,",",0.027193,4813,,5,"Ġthe:0.9973;,:0.0027;):0.0000;%:0.0000;*:0.0000",",:0.0272;Ġthe:0.0263;Ġand:0.0180;Ċ:0.0149;.:0.0146"
run,verb,1,0,5143,run,,.,layer_8,Ġthe,0.996201,3448,,5,",",0.027233,4785,,5,"Ġthe:0.9962;,:0.0038;):0.0000;%:0.0000;*:0.0000",",:0.0272;Ġthe:0.0262;Ġand:0.0180;Ċ:0.0149;.:0.0146"
run,verb,1,0,5143,run,,.,layer_9,Ġthe,0.993455,3443,,5,",",0.027491,4747,,5,"Ġthe:0.9935;,:0.0065;):0.0000;%:0.0000;*:0.0000",",:0.0275;Ġthe:0.0261;Ġand:0.0181;Ċ:0.0149;.:0.0147"
run,verb,1,0,5143,run,,.,layer_10,Ġthe,0.988583,3433,,5,",",0.02786,4698,,5,"Ġthe:0.9886;,:0.0114;):0.0000;%:0.0000;*:0.0000",",:0.0279;Ġthe:0.0262;Ġand:0.0183;Ċ:0.0150;.:0.0150"
run,verb,1,0,5143,run,,.,layer_11,Ġthe,0.971341,3432,,5,",",0.028507,4699,,4,"Ġthe:0.9713;,:0.0287;):0.0000;%:0.0000;*:0.0000",",:0.0285;Ġthe:0.0265;Ġand:0.0186;.:0.0154;Ċ:0.0151"
run,verb,1,0,5143,run,,.,layer_12,",",0.997841,1934,,3,.,0.052281,604,,1,",:0.9978;Ġthe:0.0022;.:0.0000;-:0.0000;Ġand:0.0000",".:0.0523;,:0.0439;Ċ:0.0284;Ġand:0.0220;-:0.0198"
run,verb,1,0,5143,run,,.,final_logits,.,0.052281,604,,1,,,,,,".:0.0523;,:0.0439;Ċ:0.0284;Ġand:0.0220;-:0.0198",
walked,verb,2,0,11152,walk,276,",",emb,walk,0.946043,1,39500,50142,walk,1.0,1,21606,45899,walk:0.9460;walking:0.0016;walker:0.0012;Walk:0.0008;wal:0.0005,walk:1.0000;walking:0.0000;walker:0.0000;Walk:0.0000;wal:0.0000
walked,verb,2,0,11152,walk,276,",",layer_1,",",0.985907,4620,93,1,",",0.035312,85,5,1,",:0.9859;Ġthe:0.0141;Ġand:0.0000;.:0.0000;-:0.0000",",:0.0353;ers:0.0200;Ġand:0.0172;Ċ:0.0172;ed:0.0167"
walked,verb,2,0,11152,walk,276,",",layer_2,",",0.96869,9740,211,1,",",0.065768,6594,127,1,",:0.9687;Ġthe:0.0313;-:0.0000;Ġand:0.0000;.:0.0000",",:0.0658;Ġthe:0.0502;Ġand:0.0377;Ċ:0.0299;.:0.0292"
walked,verb,2,0,11152,walk,276,",",layer_3,Ġthe,0.942725,11093,247,2,",",0.02895,12919,320,1,"Ġthe:0.9427;,:0.0573;):0.0000;%:0.0000;*:0.0000",",:0.0289;Ġthe:0.0272;Ġand:0.0192;Ċ:0.0152;.:0.0152"
walked,verb,2,0,11152,walk,276,",",layer_4,Ġthe,0.964648,11099,248,2,",",0.028987,13160,326,1,"Ġthe:0.9646;,:0.0354;):0.0000;%:0.0000;*:0.0000",",:0.0290;Ġthe:0.0273;Ġand:0.0191;Ċ:0.0153;.:0.0152"
walked,verb,2,0,11152,walk,276,",",layer_5,Ġthe,0.971156,11105,248,2,",",0.028678,13260,332,1,"Ġthe:0.9712;,:0.0288;):0.0000;%:0.0000;*:0.0000",",:0.0287;Ġthe:0.0271;Ġand:0.0189;Ċ:0.0151;.:0.0151"
walked,verb,2,0,11152,walk,276,",",layer_6,Ġthe,0.963652,11080,249,2,",",0.028285,13141,334,1,"Ġthe:0.9637;,:0.0363;):0.0000;%:0.0000;*:0.0000",",:0.0283;Ġthe:0.0266;Ġand:0.0187;.:0.0150;Ċ:0.0149"
walked,verb,2,0,11152,walk,276,",",layer_7,Ġthe,0.948656,11060,249,2,",",0.028152,13008,334,1,"Ġthe:0.9487;,:0.0513;):0.0000;%:0.0000;*:0.0000",",:0.0282;Ġthe:0.0263;Ġand:0.0186;.:0.0149;Ċ:0.0148"
walked,verb,2,0,11152,walk,276,",",layer_8,Ġthe,0.930899,11043,250,2,",",0.028173,12867,334,1,"Ġthe:0.9309;,:0.0691;):0.0000;%:0.0000;*:0.0000",",:0.0282;Ġthe:0.0262;Ġand:0.0186;.:0.0149;Ċ:0.0147"
walked,verb,2,0,11152,walk,276,",",layer_9,Ġthe,0.866895,11026,250,2,",",0.028461,12654,332,1,"Ġthe:0.8669;,:0.1331;):0.0000;%:0.0000;*:0.0000",",:0.0285;Ġthe:0.0261;Ġand:0.0187;.:0.0150;Ċ:0.0148"
walked,verb,2,0,11152,walk,276,",",layer_10,Ġthe,0.753784,10994,250,2,",",0.028862,12527,326,1,"Ġthe:0.7538;,:0.2462;):0.0000;%:0.0000;*:0.0000",",:0.0289;Ġthe:0.0262;Ġand:0.0188;.:0.0153;Ċ:0.0148"
walked,verb,2,0,11152,walk,276,",",layer_11,",",0.572364,10938,251,1,",",0.029616,12201,325,1,",:0.5724;Ġthe:0.4276;):0.0000;%:0.0000;*:0.0000",",:0.0296;Ġthe:0.0264;Ġand:0.0192;.:0.0157;Ċ:0.0149"
walked,verb,2,0,11152,walk,276,",",layer_12,",",0.99998,5169,103,1,",",0.059726,980,33,1,",:1.0000;Ġthe:0.0000;.:0.0000;-:0.0000;Ġand:0.0000",",:0.0597;.:0.0596;Ġand:0.0280;Ġto:0.0234;-:0.0232"
walked,verb,2,0,11152,walk,276,",",final_logits,",",0.059726,980,33,1,,,,,,",:0.0597;.:0.0596;Ġand:0.0280;Ġto:0.0234;-:0.0232",
walked,verb,2,1,276,ed,,Ġby,emb,ed,0.336713,1,,7246,ed,1.0,1,,37051,ed:0.3367;edly:0.0064;ED:0.0025;eds:0.0024;ing:0.0015,ed:1.0000;edly:0.0000;eds:0.0000;ED:0.0000;edIn:0.0000
walked,verb,2,1,276,ed,,Ġby,layer_1,",",0.783415,9,,24,ed,0.180051,1,,15,",:0.7834;Ġthe:0.0597;Ġin:0.0482;-:0.0473;.:0.0294",ed:0.1801;Ġup:0.0311;Ġto:0.0206;Ġin:0.0180;Ġclose:0.0147
walked,verb,2,1,276,ed,,Ġby,layer_2,",",0.86612,8,,17,Ġup,0.146258,2,,12,",:0.8661;-:0.0428;.:0.0397;Ġin:0.0342;Ġand:0.0046",Ġup:0.1463;ed:0.0437;Ġinto:0.0431;Ġthrough:0.0281;Ġin:0.0235
walked,verb,2,1,276,ed,,Ġby,layer_3,",",0.868057,11,,19,Ġup,0.176765,4,,10,",:0.8681;-:0.0443;.:0.0339;Ġin:0.0333;Ġthe:0.0085",Ġup:0.1768;own:0.0722;Ġinto:0.0592;ed:0.0384;Ġthrough:0.0238
walked,verb,2,1,276,ed,,Ġby,layer_4,",",0.817964,30,,12,own,0.21181,47,,5,",:0.8180;-:0.0734;Ġin:0.0425;.:0.0265;Ġand:0.0150",own:0.2118;Ġup:0.1432;Ġthrough:0.0359;Ġinto:0.0301;Ġby:0.0196
walked,verb,2,1,276,ed,,Ġby,layer_5,",",0.966528,71,,13,Ġup,0.241883,200,,8,",:0.9665;-:0.0169;Ġin:0.0065;.:0.0051;Ġand:0.0039",Ġup:0.2419;own:0.1226;Ġinto:0.0444;Ġthrough:0.0441;Ġon:0.0359
walked,verb,2,1,276,ed,,Ġby,layer_6,",",0.992908,76,,12,Ġup,0.094457,213,,3,",:0.9929;-:0.0026;Ġand:0.0019;Ġin:0.0016;.:0.0009",Ġup:0.0945;own:0.0736;Ġby:0.0683;Ġin:0.0660;Ġon:0.0512
walked,verb,2,1,276,ed,,Ġby,layer_7,",",0.998418,92,,10,Ġby,0.124739,125,,1,",:0.9984;-:0.0008;Ġand:0.0004;.:0.0003;Ġin:0.0001","Ġby:0.1247;,:0.1004;Ġup:0.0831;Ġin:0.0755;Ġand:0.0620"
walked,verb,2,1,276,ed,,Ġby,layer_8,",",0.999962,140,,10,Ġby,0.241345,277,,1,",:1.0000;-:0.0000;.:0.0000;Ġand:0.0000;Ġin:0.0000","Ġby:0.2413;,:0.0857;Ġup:0.0724;Ġin:0.0461;Ġand:0.0428"
walked,verb,2,1,276,ed,,Ġby,layer_9,",",0.99999,138,,11,Ġaway,0.151881,394,,2,",:1.0000;-:0.0000;Ġand:0.0000;.:0.0000;Ġthe:0.0000",Ġaway:0.1519;Ġby:0.1013;Ġup:0.0854;Ġout:0.0723;Ġinto:0.0710
walked,verb,2,1,276,ed,,Ġby,layer_10,",",1.0,184,,11,Ġby,0.170885,788,,1,",:1.0000;-:0.0000;Ġin:0.0000;.:0.0000;Ġand:0.0000",Ġby:0.1709;Ġinto:0.1457;Ġaway:0.0855;Ġthrough:0.0614;Ġin:0.0494
walked,verb,2,1,276,ed,,Ġby,layer_11,",",0.999998,240,,17,Ġby,0.094874,1066,,1,",:1.0000;Ġthe:0.0000;-:0.0000;.:0.0000;Ġand:0.0000",Ġby:0.0949;Ġinto:0.0676;Ġon:0.0579;Ġin:0.0547;Ġout:0.0446
walked,verb,2,1,276,ed,,Ġby,layer_12,",",0.989602,281,,26,Ġby,0.048487,868,,1,",:0.9896;Ġthe:0.0104;-:0.0000;Ġand:0.0000;.:0.0000","Ġby:0.0485;Ġin:0.0421;Ġto:0.0407;,:0.0398;Ġout:0.0377"
walked,verb,2,1,276,ed,,Ġby,final_logits,Ġby,0.048487,868,,1,,,,,,"Ġby:0.0485;Ġin:0.0421;Ġto:0.0407;,:0.0398;Ġout:0.0377",
is,verb,1,0,271,is,,.,emb,is,0.195969,1,,2336,is,1.0,1,,45675,is:0.1960;IS:0.0018;ises:0.0009;has:0.0008;isin:0.0005,is:1.0000;IS:0.0000;ises:0.0000;isin:0.0000;has:0.0000
is,verb,1,0,271,is,,.,layer_1,Ġthe,0.693604,44,,4,is,0.024167,1,,7,"Ġthe:0.6936;,:0.3064;Ġand:0.0000;.:0.0000;Ġa:0.0000","is:0.0242;Ġand:0.0222;Ċ:0.0221;,:0.0207;Ġthe:0.0175"
is,verb,1,0,271,is,,.,layer_2,",",0.519217,117,,5,",",0.059596,93,,5,",:0.5192;Ġthe:0.4808;-:0.0000;Ġand:0.0000;.:0.0000",",:0.0596;Ġthe:0.0523;Ġand:0.0379;Ċ:0.0302;.:0.0272"
is,verb,1,0,271,is,,.,layer_3,Ġthe,0.997836,153,,5,",",0.027973,205,,5,"Ġthe:0.9978;,:0.0022;):0.0000;%:0.0000;*:0.0000",",:0.0280;Ġthe:0.0272;Ġand:0.0189;Ċ:0.0151;.:0.0147"
is,verb,1,0,271,is,,.,layer_4,Ġthe,0.998851,154,,5,",",0.028069,212,,5,"Ġthe:0.9989;,:0.0011;):0.0000;%:0.0000;*:0.0000",",:0.0281;Ġthe:0.0274;Ġand:0.0189;Ċ:0.0152;.:0.0148"
is,verb,1,0,271,is,,.,layer_5,Ġthe,0.998944,154,,5,",",0.027833,219,,5,"Ġthe:0.9989;,:0.0011;):0.0000;%:0.0000;*:0.0000",",:0.0278;Ġthe:0.0272;Ġand:0.0187;Ċ:0.0150;.:0.0147"
is,verb,1,0,271,is,,.,layer_6,Ġthe,0.998706,154,,5,",",0.027458,220,,5,"Ġthe:0.9987;,:0.0013;):0.0000;%:0.0000;*:0.0000",",:0.0275;Ġthe:0.0267;Ġand:0.0185;Ċ:0.0148;.:0.0145"
is,verb,1,0,271,is,,.,layer_7,Ġthe,0.998166,154,,5,",",0.027322,220,,5,"Ġthe:0.9982;,:0.0018;):0.0000;%:0.0000;*:0.0000",",:0.0273;Ġthe:0.0264;Ġand:0.0184;Ċ:0.0147;.:0.0145"
is,verb,1,0,271,is,,.,layer_8,Ġthe,0.99747,154,,5,",",0.027354,219,,5,"Ġthe:0.9975;,:0.0025;):0.0000;%:0.0000;*:0.0000",",:0.0274;Ġthe:0.0262;Ġand:0.0183;Ċ:0.0146;.:0.0144"
is,verb,1,0,271,is,,.,layer_9,Ġthe,0.995647,154,,5,",",0.027611,219,,5,"Ġthe:0.9956;,:0.0044;):0.0000;%:0.0000;*:0.0000",",:0.0276;Ġthe:0.0262;Ġand:0.0185;Ċ:0.0147;.:0.0146"
is,verb,1,0,271,is,,.,layer_10,Ġthe,0.993131,156,,5,",",0.027968,222,,4,"Ġthe:0.9931;,:0.0069;):0.0000;%:0.0000;*:0.0000",",:0.0280;Ġthe:0.0263;Ġand:0.0186;.:0.0148;Ċ:0.0148"
is,verb,1,0,271,is,,.,layer_11,Ġthe,0.978955,156,,5,",",0.028622,221,,4,"Ġthe:0.9790;,:0.0210;):0.0000;%:0.0000;*:0.0000",",:0.0286;Ġthe:0.0265;Ġand:0.0189;.:0.0152;Ċ:0.0148"
is,verb,1,0,271,is,,.,layer_12,",",0.993506,96,,3,.,0.042136,51,,1,",:0.9935;Ġthe:0.0065;.:0.0000;-:0.0000;Ġand:0.0000",".:0.0421;,:0.0419;Ġand:0.0238;Ċ:0.0214;Ġthe:0.0198"
is,verb,1,0,271,is,,.,final_logits,.,0.042136,51,,1,,,,,,".:0.0421;,:0.0419;Ġand:0.0238;Ċ:0.0214;Ġthe:0.0198",
think,verb,1,0,14925,think,,",",emb,think,0.89491,1,,50239,think,1.0,1,,49804,think:0.8949;Think:0.0008;thinking:0.0004;thought:0.0002;ĠThink:0.0002,think:1.0000;Think:0.0000;thinking:0.0000;Ġnodd:0.0000;thought:0.0000
think,verb,1,0,14925,think,,",",layer_1,",",0.940478,1942,,1,",",0.08195,31,,1,",:0.9405;Ġthe:0.0595;Ġand:0.0000;-:0.0000;.:0.0000",",:0.0820;Ġthe:0.0336;Ġand:0.0277;fulness:0.0248;piece:0.0220"
think,verb,1,0,14925,think,,",",layer_2,",",0.83668,6871,,1,",",0.070261,4260,,1,",:0.8367;Ġthe:0.1633;-:0.0000;Ġand:0.0000;.:0.0000",",:0.0703;Ġthe:0.0611;Ġand:0.0364;.:0.0259;Ċ:0.0254"
think,verb,1,0,14925,think,,",",layer_3,Ġthe,0.990812,9374,,2,",",0.029081,11859,,1,"Ġthe:0.9908;,:0.0092;):0.0000;%:0.0000;*:0.0000",",:0.0291;Ġthe:0.0282;Ġand:0.0189;.:0.0146;Ċ:0.0145"
think,verb,1,0,14925,think,,",",layer_4,Ġthe,0.994973,9408,,2,",",0.029173,12150,,1,"Ġthe:0.9950;,:0.0050;):0.0000;%:0.0000;*:0.0000",",:0.0292;Ġthe:0.0284;Ġand:0.0189;.:0.0147;Ċ:0.0146"
think,verb,1,0,14925,think,,",",layer_5,Ġthe,0.995709,9443,,2,",",0.028857,12367,,1,"Ġthe:0.9957;,:0.0043;):0.0000;%:0.0000;*:0.0000",",:0.0289;Ġthe:0.0281;Ġand:0.0188;.:0.0146;Ċ:0.0145"
think,verb,1,0,14925,think,,",",layer_6,Ġthe,0.993739,9487,,2,",",0.028486,12504,,1,"Ġthe:0.9937;,:0.0063;):0.0000;%:0.0000;*:0.0000",",:0.0285;Ġthe:0.0276;Ġand:0.0185;.:0.0145;Ċ:0.0144"
think,verb,1,0,14925,think,,",",layer_7,Ġthe,0.991501,9536,,2,",",0.02833,12656,,1,"Ġthe:0.9915;,:0.0085;):0.0000;%:0.0000;*:0.0000",",:0.0283;Ġthe:0.0272;Ġand:0.0184;.:0.0144;Ċ:0.0142"
think,verb,1,0,14925,think,,",",layer_8,Ġthe,0.989579,9583,,2,",",0.028337,12774,,1,"Ġthe:0.9896;,:0.0104;):0.0000;%:0.0000;*:0.0000",",:0.0283;Ġthe:0.0271;Ġand:0.0184;.:0.0144;Ċ:0.0142"
think,verb,1,0,14925,think,,",",layer_9,Ġthe,0.981975,9641,,2,",",0.028614,12915,,1,"Ġthe:0.9820;,:0.0180;):0.0000;%:0.0000;*:0.0000",",:0.0286;Ġthe:0.0271;Ġand:0.0185;.:0.0145;Ċ:0.0142"
think,verb,1,0,14925,think,,",",layer_10,Ġthe,0.971266,9679,,2,",",0.029024,13009,,1,"Ġthe:0.9713;,:0.0287;):0.0000;%:0.0000;*:0.0000",",:0.0290;Ġthe:0.0273;Ġand:0.0186;.:0.0148;Ċ:0.0142"
think,verb,1,0,14925,think,,",",layer_11,Ġthe,0.926387,9738,,2,",",0.029773,13138,,1,"Ġthe:0.9264;,:0.0736;):0.0000;%:0.0000;*:0.0000",",:0.0298;Ġthe:0.0276;Ġand:0.0190;.:0.0152;Ġa:0.0143"
think,verb,1,0,14925,think,,",",layer_12,",",0.999519,4426,,1,",",0.06737,2139,,1,",:0.9995;Ġthe:0.0005;.:0.0000;-:0.0000;Ġand:0.0000",",:0.0674;.:0.0406;Ġof:0.0381;Ġthe:0.0346;Ġand:0.0247"
think,verb,1,0,14925,think,,",",final_logits,",",0.06737,2139,,1,,,,,,",:0.0674;.:0.0406;Ġof:0.0381;Ġthe:0.0346;Ġand:0.0247",
understand,verb,2,0,4625,under,1481,.,emb,under,0.767098,1,6354,50092,under,1.0,1,5709,47548,under:0.7671;unders:0.0022;Under:0.0005;Ġmisunder:0.0004;ĠUNDER:0.0004,under:1.0000;unders:0.0000;Ġmisunder:0.0000;Ġmathemat:0.0000;Under:0.0000
understand,verb,2,0,4625,under,1481,.,layer_1,Ġthe,0.963464,936,4615,4,g,0.040269,9,1570,13,"Ġthe:0.9635;,:0.0365;-:0.0000;.:0.0000;Ġand:0.0000",g:0.0403;fulness:0.0389;ful:0.0361;Ġthe:0.0166;gar:0.0140
understand,verb,2,0,4625,under,1481,.,layer_2,Ġthe,0.982538,2662,6318,5,Ġthe,0.061026,2130,6285,5,"Ġthe:0.9825;,:0.0175;-:0.0000;Ġand:0.0000;.:0.0000","Ġthe:0.0610;,:0.0515;Ġand:0.0313;Ċ:0.0274;.:0.0263"
understand,verb,2,0,4625,under,1481,.,layer_3,Ġthe,0.999896,3054,7485,5,Ġthe,0.02824,4412,12001,5,"Ġthe:0.9999;,:0.0001;):0.0000;%:0.0000;*:0.0000","Ġthe:0.0282;,:0.0273;Ġand:0.0182;Ċ:0.0148;.:0.0147"
understand,verb,2,0,4625,under,1481,.,layer_4,Ġthe,0.999941,3059,7512,5,Ġthe,0.028321,4499,12306,5,"Ġthe:0.9999;,:0.0001;):0.0000;%:0.0000;*:0.0000","Ġthe:0.0283;,:0.0275;Ġand:0.0183;Ċ:0.0148;.:0.0148"
understand,verb,2,0,4625,under,1481,.,layer_5,Ġthe,0.99994,3066,7530,5,Ġthe,0.027982,4557,12480,5,"Ġthe:0.9999;,:0.0001;):0.0000;%:0.0000;*:0.0000","Ġthe:0.0280;,:0.0273;Ġand:0.0181;Ċ:0.0147;.:0.0147"
understand,verb,2,0,4625,under,1481,.,layer_6,Ġthe,0.999931,3065,7534,5,Ġthe,0.027471,4558,12538,4,"Ġthe:0.9999;,:0.0001;):0.0000;%:0.0000;*:0.0000","Ġthe:0.0275;,:0.0269;Ġand:0.0179;.:0.0146;Ċ:0.0145"
understand,verb,2,0,4625,under,1481,.,layer_7,Ġthe,0.999896,3062,7538,5,Ġthe,0.027155,4537,12539,4,"Ġthe:0.9999;,:0.0001;):0.0000;%:0.0000;*:0.0000","Ġthe:0.0272;,:0.0268;Ġand:0.0178;.:0.0145;Ċ:0.0144"
understand,verb,2,0,4625,under,1481,.,layer_8,Ġthe,0.999858,3059,7545,5,Ġthe,0.027015,4518,12563,4,"Ġthe:0.9999;,:0.0001;):0.0000;%:0.0000;*:0.0000","Ġthe:0.0270;,:0.0269;Ġand:0.0178;.:0.0145;Ċ:0.0144"
understand,verb,2,0,4625,under,1481,.,layer_9,Ġthe,0.999798,3058,7541,5,",",0.02711,4510,12473,4,"Ġthe:0.9998;,:0.0002;):0.0000;%:0.0000;*:0.0000",",:0.0271;Ġthe:0.0270;Ġand:0.0179;.:0.0146;Ċ:0.0144"
understand,verb,2,0,4625,under,1481,.,layer_10,Ġthe,0.999669,3055,7534,5,",",0.027454,4484,12322,4,"Ġthe:0.9997;,:0.0003;):0.0000;%:0.0000;*:0.0000",",:0.0275;Ġthe:0.0271;Ġand:0.0180;.:0.0148;Ċ:0.0145"
understand,verb,2,0,4625,under,1481,.,layer_11,Ġthe,0.99918,3049,7517,5,",",0.028082,4461,12175,4,"Ġthe:0.9992;,:0.0008;):0.0000;%:0.0000;*:0.0000",",:0.0281;Ġthe:0.0274;Ġand:0.0183;.:0.0152;Ċ:0.0145"
understand,verb,2,0,4625,under,1481,.,layer_12,",",0.710403,1355,4851,4,.,0.038084,345,1777,1,",:0.7104;Ġthe:0.2896;-:0.0000;.:0.0000;Ġa:0.0000",".:0.0381;,:0.0326;-:0.0288;Ġthe:0.0277;Ġof:0.0176"
understand,verb,2,0,4625,under,1481,.,final_logits,.,0.038084,345,1777,1,,,,,,".:0.0381;,:0.0326;-:0.0288;Ġthe:0.0277;Ġof:0.0176",
understand,verb,2,1,1481,stand,,s,emb,stand,0.963908,1,,48172,stand,1.0,1,,31474,stand:0.9639;stood:0.0008;Stand:0.0003;standing:0.0001;ĠSTAND:0.0001,stand:1.0000;stood:0.0000;Stand:0.0000;standing:0.0000;Ġrul:0.0000
understand,verb,2,1,1481,stand,,s,layer_1,s,0.856377,8,,1,stand,0.711963,1,,2,"s:0.8564;Ġthe:0.0757;,:0.0372;Ġand:0.0095;-:0.0052",stand:0.7120;s:0.0986;about:0.0415;ings:0.0230;still:0.0055
understand,verb,2,1,1481,stand,,s,layer_2,s,0.991557,9,,1,s,0.577463,2,,1,"s:0.9916;,:0.0047;Ġthe:0.0015;Ġand:0.0010;-:0.0004",s:0.5775;stand:0.1327;ings:0.0675;ably:0.0642;standing:0.0515
understand,verb,2,1,1481,stand,,s,layer_3,s,0.99692,131,,1,s,0.901036,22,,1,"s:0.9969;,:0.0023;Ġand:0.0004;Ġthe:0.0003;.:0.0000",s:0.9010;ably:0.0169;ingly:0.0151;ings:0.0092;ances:0.0060
understand,verb,2,1,1481,stand,,s,layer_4,s,0.999334,333,,1,s,0.448222,153,,1,"s:0.9993;,:0.0003;Ġand:0.0001;ings:0.0001;::0.0001",s:0.4482;ably:0.3613;ingly:0.1003;ings:0.0463;ability:0.0156
understand,verb,2,1,1481,stand,,s,layer_5,",",0.548547,1382,,2,ably,0.568407,1116,,2,",:0.5485;s:0.4303;Ġthe:0.0083;Ġand:0.0066;::0.0036",ably:0.5684;s:0.1835;ings:0.1019;ingly:0.0729;ability:0.0136
understand,verb,2,1,1481,stand,,s,layer_6,s,0.985605,1944,,1,ably,0.757697,1338,,2,"s:0.9856;,:0.0140;Ġthe:0.0002;Ġand:0.0001;.:0.0000",ably:0.7577;s:0.2037;ingly:0.0273;ability:0.0049;able:0.0019
understand,verb,2,1,1481,stand,,s,layer_7,",",0.992645,2689,,2,ably,0.897111,1905,,5,",:0.9926;s:0.0041;Ġthe:0.0025;Ġand:0.0006;.:0.0001",ably:0.8971;able:0.0612;ability:0.0181;ingly:0.0160;s:0.0039
understand,verb,2,1,1481,stand,,s,layer_8,",",0.980794,2743,,4,ably,0.933877,911,,6,",:0.9808;Ġthe:0.0190;Ġand:0.0001;s:0.0000;-:0.0000",ably:0.9339;able:0.0479;ingly:0.0093;ability:0.0072;ings:0.0011
understand,verb,2,1,1481,stand,,s,layer_9,",",0.999605,2867,,8,ably,0.920758,761,,13,",:0.9996;Ġthe:0.0004;-:0.0000;Ġand:0.0000;.:0.0000",ably:0.9208;able:0.0681;ingly:0.0047;ability:0.0042;ings:0.0021
understand,verb,2,1,1481,stand,,s,layer_10,",",0.995328,2328,,5,ably,0.730489,471,,8,",:0.9953;Ġthe:0.0047;.:0.0000;-:0.0000;s:0.0000",ably:0.7305;able:0.2214;ings:0.0266;ingly:0.0136;ability:0.0064
understand,verb,2,1,1481,stand,,s,layer_11,Ġthe,0.986894,5437,,8,able,0.408297,2400,,5,"Ġthe:0.9869;,:0.0131;-:0.0000;.:0.0000;Ġand:0.0000",able:0.4083;ably:0.3427;ings:0.0840;ingly:0.0474;s:0.0446
understand,verb,2,1,1481,stand,,s,layer_12,Ġthe,1.0,7133,,24,s,0.182888,6103,,1,"Ġthe:1.0000;,:0.0000;Ġand:0.0000;-:0.0000;.:0.0000",s:0.1829;able:0.1246;Ġthe:0.0768;ably:0.0630;ings:0.0357
understand,verb,2,1,1481,stand,,s,final_logits,s,0.182888,6103,,1,,,,,,s:0.1829;able:0.1246;Ġthe:0.0768;ably:0.0630;ings:0.0357,
procrastinate,verb,3,0,36942,proc,5685,.,emb,proc,0.937788,1,10042,50212,proc,1.0,1,8016,47497,proc:0.9378;Ġproc:0.0003;ufact:0.0001;ĠProc:0.0001;Ġcontrace:0.0001,proc:1.0000;Ġproc:0.0000;ufact:0.0000;Ġdestro:0.0000;ĠProc:0.0000
procrastinate,verb,3,0,36942,proc,5685,.,layer_1,",",0.993742,5664,7137,3,Ċ,0.040081,13,365,2,",:0.9937;Ġthe:0.0061;.:0.0001;-:0.0000;Ġand:0.0000","Ċ:0.0401;.:0.0256;,:0.0215;ory:0.0195;/:0.0147"
procrastinate,verb,3,0,36942,proc,5685,.,layer_2,",",0.969595,18401,12441,4,",",0.057602,8634,6377,4,",:0.9696;Ġthe:0.0304;-:0.0000;.:0.0000;Ġand:0.0000",",:0.0576;Ġthe:0.0441;Ċ:0.0367;.:0.0332;Ġand:0.0319"
procrastinate,verb,3,0,36942,proc,5685,.,layer_3,Ġthe,0.959592,30671,20259,5,",",0.02764,28688,15255,5,"Ġthe:0.9596;,:0.0404;):0.0000;%:0.0000;*:0.0000",",:0.0276;Ġthe:0.0261;Ġand:0.0181;Ċ:0.0158;.:0.0154"
procrastinate,verb,3,0,36942,proc,5685,.,layer_4,Ġthe,0.976561,30739,20257,5,",",0.027827,29749,15581,5,"Ġthe:0.9766;,:0.0234;):0.0000;%:0.0000;*:0.0000",",:0.0278;Ġthe:0.0264;Ġand:0.0182;Ċ:0.0159;.:0.0154"
procrastinate,verb,3,0,36942,proc,5685,.,layer_5,Ġthe,0.980086,30920,20383,5,",",0.027591,30336,15939,5,"Ġthe:0.9801;,:0.0199;):0.0000;%:0.0000;*:0.0000",",:0.0276;Ġthe:0.0262;Ġand:0.0180;Ċ:0.0157;.:0.0153"
procrastinate,verb,3,0,36942,proc,5685,.,layer_6,Ġthe,0.977894,31083,20528,5,",",0.027209,30664,16068,5,"Ġthe:0.9779;,:0.0221;):0.0000;%:0.0000;*:0.0000",",:0.0272;Ġthe:0.0258;Ġand:0.0178;Ċ:0.0155;.:0.0151"
procrastinate,verb,3,0,36942,proc,5685,.,layer_7,Ġthe,0.969317,31170,20632,5,",",0.02706,30692,16217,5,"Ġthe:0.9693;,:0.0307;):0.0000;%:0.0000;*:0.0000",",:0.0271;Ġthe:0.0255;Ġand:0.0177;Ċ:0.0153;.:0.0150"
procrastinate,verb,3,0,36942,proc,5685,.,layer_8,Ġthe,0.957507,31215,20702,5,",",0.02707,30596,16208,5,"Ġthe:0.9575;,:0.0425;):0.0000;%:0.0000;*:0.0000",",:0.0271;Ġthe:0.0253;Ġand:0.0177;Ċ:0.0152;.:0.0150"
procrastinate,verb,3,0,36942,proc,5685,.,layer_9,Ġthe,0.923833,31257,20787,5,",",0.027338,30538,16310,5,"Ġthe:0.9238;,:0.0762;):0.0000;%:0.0000;*:0.0000",",:0.0273;Ġthe:0.0253;Ġand:0.0177;Ċ:0.0153;.:0.0151"
procrastinate,verb,3,0,36942,proc,5685,.,layer_10,Ġthe,0.861334,31153,20864,5,",",0.027692,29899,16395,4,"Ġthe:0.8613;,:0.1387;):0.0000;%:0.0000;*:0.0000",",:0.0277;Ġthe:0.0254;Ġand:0.0179;.:0.0154;Ċ:0.0153"
procrastinate,verb,3,0,36942,proc,5685,.,layer_11,Ġthe,0.654729,31016,20987,5,",",0.028377,28979,16656,4,"Ġthe:0.6547;,:0.3453;):0.0000;%:0.0000;*:0.0000",",:0.0284;Ġthe:0.0256;Ġand:0.0182;.:0.0158;Ċ:0.0154"
procrastinate,verb,3,0,36942,proc,5685,.,layer_12,",",0.999369,11167,11714,2,.,0.06999,1179,1482,1,",:0.9994;.:0.0006;Ġthe:0.0000;-:0.0000;Ġand:0.0000",".:0.0700;,:0.0391;Ċ:0.0283;-:0.0243;Ġand:0.0139"
procrastinate,verb,3,0,36942,proc,5685,.,final_logits,.,0.06999,1179,1482,1,,,,,,".:0.0700;,:0.0391;Ċ:0.0283;-:0.0243;Ġand:0.0139",
procrastinate,verb,3,1,5685,rast,4559,ination,emb,rast,0.974972,1,5457,5294,rast,1.0,1,2184,1640,rast:0.9750;ĠContrast:0.0000;rals:0.0000;ertodd:0.0000;rises:0.0000,rast:1.0000;Ġmathemat:0.0000;Ġchalleng:0.0000;Ġrul:0.0000;etheless:0.0000
procrastinate,verb,3,1,5685,rast,4559,ination,layer_1,rast,0.881247,1,1711,101,rast,0.998516,1,632,7,"rast:0.8812;,:0.0814;Ġand:0.0144;.:0.0090;s:0.0042",rast:0.9985;ĠStream:0.0001;inators:0.0001;ics:0.0001;ute:0.0000
procrastinate,verb,3,1,5685,rast,4559,ination,layer_2,rast,0.453335,1,1068,18,rast,0.893394,1,331,4,"rast:0.4533;ics:0.2567;s:0.0830;,:0.0616;Ġand:0.0383",rast:0.8934;ics:0.0404;ruct:0.0080;ination:0.0069;aun:0.0050
procrastinate,verb,3,1,5685,rast,4559,ination,layer_3,Ġand,0.478535,68,1571,74,ics,0.380494,2,224,3,"Ġand:0.4785;,:0.2546;.:0.1548;-:0.0423;s:0.0382",ics:0.3805;rast:0.3271;ination:0.0375;ruct:0.0232;atic:0.0176
procrastinate,verb,3,1,5685,rast,4559,ination,layer_4,s,0.432116,37,1944,63,ics,0.471666,2,495,4,"s:0.4321;,:0.1983;-:0.1299;Ġand:0.1014;ics:0.0709",ics:0.4717;rast:0.3525;atic:0.0208;ination:0.0192;Ġfac:0.0170
procrastinate,verb,3,1,5685,rast,4559,ination,layer_5,",",0.612198,169,1895,100,ics,0.212007,2,338,3,",:0.6122;-:0.2723;.:0.0610;Ġand:0.0265;s:0.0253",ics:0.2120;rast:0.1399;ination:0.0622;ruct:0.0507;s:0.0372
procrastinate,verb,3,1,5685,rast,4559,ination,layer_6,",",0.680926,362,1739,85,ination,0.313702,3,122,1,",:0.6809;-:0.2518;.:0.0344;Ġand:0.0220;s:0.0104",ination:0.3137;ics:0.1912;rast:0.0576;ruct:0.0566;ct:0.0524
procrastinate,verb,3,1,5685,rast,4559,ination,layer_7,",",0.897005,834,1243,86,ination,0.504009,12,50,1,",:0.8970;-:0.0905;.:0.0087;Ġand:0.0035;Ġthe:0.0001",ination:0.5040;ics:0.1369;ruct:0.0741;inators:0.0285;rial:0.0236
procrastinate,verb,3,1,5685,rast,4559,ination,layer_8,",",0.829566,682,752,106,ination,0.688797,3,10,1,",:0.8296;-:0.1674;.:0.0021;Ġand:0.0009;Ġthe:0.0000",ination:0.6888;inators:0.0851;rast:0.0338;ruct:0.0257;inating:0.0229
procrastinate,verb,3,1,5685,rast,4559,ination,layer_9,",",0.999141,1176,773,169,ination,0.732061,5,6,1,",:0.9991;-:0.0006;.:0.0002;Ġand:0.0000;Ġthe:0.0000",ination:0.7321;ruct:0.0640;inators:0.0595;inating:0.0322;rast:0.0152
procrastinate,verb,3,1,5685,rast,4559,ination,layer_10,",",0.999844,1635,584,143,ination,0.858735,8,4,1,",:0.9998;.:0.0001;-:0.0000;Ġand:0.0000;Ġthe:0.0000",ination:0.8587;inators:0.0522;inating:0.0376;inate:0.0190;inator:0.0099
procrastinate,verb,3,1,5685,rast,4559,ination,layer_11,",",1.0,6005,2399,880,ination,0.610277,20,2,1,",:1.0000;-:0.0000;.:0.0000;Ġthe:0.0000;Ġand:0.0000",ination:0.6103;inate:0.0743;inators:0.0543;inating:0.0359;inator:0.0200
procrastinate,verb,3,1,5685,rast,4559,ination,layer_12,",",1.0,9200,4093,1920,ination,0.691415,16,2,1,",:1.0000;Ġthe:0.0000;.:0.0000;-:0.0000;Ġand:0.0000",ination:0.6914;inate:0.1096;inating:0.0416;inators:0.0379;inated:0.0279
procrastinate,verb,3,1,5685,rast,4559,ination,final_logits,ination,0.691416,16,2,1,,,,,,ination:0.6914;inate:0.1096;inating:0.0416;inators:0.0379;inated:0.0279,
procrastinate,verb,3,2,4559,inate,,.,emb,inate,0.947343,1,,50212,inate,1.0,1,,46567,inate:0.9473;inates:0.0099;inating:0.0042;inately:0.0027;inated:0.0024,inate:1.0000;inates:0.0000;inating:0.0000;inated:0.0000;inately:0.0000
procrastinate,verb,3,2,4559,inate,,.,layer_1,",",0.819981,98,,5,inate,0.215527,1,,36,",:0.8200;Ġthe:0.0822;Ġand:0.0655;-:0.0110;.:0.0105","inate:0.2155;ate:0.0471;,:0.0194;mind:0.0137;Ġand:0.0121"
procrastinate,verb,3,2,4559,inate,,.,layer_2,",",0.815475,383,,4,",",0.04723,30,,15,",:0.8155;Ġand:0.0784;Ġthe:0.0619;.:0.0267;-:0.0049",",:0.0472;Ġand:0.0293;Ġcomplex:0.0283;Ġfor:0.0229;Ġamong:0.0182"
procrastinate,verb,3,2,4559,inate,,.,layer_3,",",0.761224,1177,,4,",",0.031645,281,,17,",:0.7612;Ġthe:0.1543;Ġand:0.0622;.:0.0157;Ġin:0.0018",",:0.0316;ment:0.0230;Ġand:0.0213;Ġcomplex:0.0159;zing:0.0158"
procrastinate,verb,3,2,4559,inate,,.,layer_4,",",0.94072,1701,,2,",",0.066715,854,,5,",:0.9407;.:0.0223;Ġand:0.0190;Ġthe:0.0170;-:0.0006",",:0.0667;Ġand:0.0405;Ġcomplex:0.0282;Ġon:0.0238;.:0.0158"
procrastinate,verb,3,2,4559,inate,,.,layer_5,",",0.984448,2623,,3,",",0.143834,2388,,5,",:0.9844;Ġand:0.0086;.:0.0064;Ġthe:0.0005;-:0.0001",",:0.1438;Ġand:0.0890;Ġover:0.0326;Ġon:0.0305;.:0.0264"
procrastinate,verb,3,2,4559,inate,,.,layer_6,",",0.995852,4114,,2,",",0.199816,4485,,3,",:0.9959;.:0.0021;Ġand:0.0020;Ġthe:0.0000;-:0.0000",",:0.1998;Ġand:0.1256;.:0.0426;Ġon:0.0318;Ġover:0.0267"
procrastinate,verb,3,2,4559,inate,,.,layer_7,",",0.998863,4277,,2,",",0.410477,4168,,3,",:0.9989;.:0.0011;Ġand:0.0000;-:0.0000;Ġthe:0.0000",",:0.4105;Ġand:0.1334;.:0.1122;Ġon:0.0290;Ġabout:0.0173"
procrastinate,verb,3,2,4559,inate,,.,layer_8,",",0.999847,5030,,2,",",0.301077,3034,,3,",:0.9998;.:0.0001;Ġand:0.0000;-:0.0000;Ġthe:0.0000",",:0.3011;Ġand:0.1851;.:0.0995;Ġabout:0.0164;Ġwith:0.0160"
procrastinate,verb,3,2,4559,inate,,.,layer_9,",",0.999996,7304,,2,",",0.342662,5200,,3,",:1.0000;.:0.0000;Ġand:0.0000;-:0.0000;Ġthe:0.0000",",:0.3427;Ġand:0.1400;.:0.0987;Ġor:0.0212;?:0.0184"
procrastinate,verb,3,2,4559,inate,,.,layer_10,",",1.0,9135,,2,",",0.362055,6338,,2,",:1.0000;.:0.0000;Ġand:0.0000;-:0.0000;Ġthe:0.0000",",:0.3621;.:0.1716;Ġand:0.1261;?:0.0232;Ġon:0.0202"
procrastinate,verb,3,2,4559,inate,,.,layer_11,",",1.0,15422,,2,",",0.18334,10958,,2,",:1.0000;.:0.0000;Ġthe:0.0000;Ġand:0.0000;-:0.0000",",:0.1833;.:0.1484;"":0.1026;Ġand:0.0694;Ġon:0.0313"
procrastinate,verb,3,2,4559,inate,,.,layer_12,",",1.0,20527,,3,.,0.11341,15076,,1,",:1.0000;Ġthe:0.0000;.:0.0000;Ġand:0.0000;-:0.0000",".:0.1134;,:0.0960;"":0.0536;Ġand:0.0536;Ġon:0.0298"
procrastinate,verb,3,2,4559,inate,,.,final_logits,.,0.113409,15076,,1,,,,,,".:0.1134;,:0.0960;"":0.0536;Ġand:0.0536;Ġon:0.0298",
of,preposition,1,0,1659,of,,-,emb,of,0.154816,1,,24657,of,1.0,1,,45362,of:0.1548;OF:0.0016;ofer:0.0008;Of:0.0007;oft:0.0006,of:1.0000;OF:0.0000;ofer:0.0000;eatures:0.0000;oft:0.0000
of,preposition,1,0,1659,of,,-,layer_1,Ġthe,0.995603,409,,3,Ġthe,0.037494,220,,14,"Ġthe:0.9956;,:0.0044;-:0.0000;.:0.0000;Ġa:0.0000","Ġthe:0.0375;ory:0.0161;g:0.0139;,:0.0115;Ċ:0.0109"
of,preposition,1,0,1659,of,,-,layer_2,Ġthe,0.988384,485,,3,Ġthe,0.062359,631,,7,"Ġthe:0.9884;,:0.0116;-:0.0000;Ġand:0.0000;.:0.0000","Ġthe:0.0624;,:0.0518;Ġand:0.0281;Ċ:0.0247;Ġa:0.0237"
of,preposition,1,0,1659,of,,-,layer_3,Ġthe,0.999943,498,,3,Ġthe,0.027937,757,,9,"Ġthe:0.9999;,:0.0001;):0.0000;%:0.0000;*:0.0000","Ġthe:0.0279;,:0.0269;Ġand:0.0175;Ċ:0.0142;Ġa:0.0140"
of,preposition,1,0,1659,of,,-,layer_4,Ġthe,0.999966,498,,3,Ġthe,0.028088,764,,10,"Ġthe:1.0000;,:0.0000;):0.0000;%:0.0000;*:0.0000","Ġthe:0.0281;,:0.0271;Ġand:0.0176;Ċ:0.0144;Ġa:0.0141"
of,preposition,1,0,1659,of,,-,layer_5,Ġthe,0.999968,499,,3,Ġthe,0.027764,773,,10,"Ġthe:1.0000;,:0.0000;):0.0000;%:0.0000;*:0.0000","Ġthe:0.0278;,:0.0269;Ġand:0.0175;Ċ:0.0143;Ġa:0.0140"
of,preposition,1,0,1659,of,,-,layer_6,Ġthe,0.999959,498,,3,Ġthe,0.027234,770,,10,"Ġthe:1.0000;,:0.0000;):0.0000;%:0.0000;*:0.0000","Ġthe:0.0272;,:0.0266;Ġand:0.0173;Ċ:0.0141;.:0.0139"
of,preposition,1,0,1659,of,,-,layer_7,Ġthe,0.999946,498,,3,Ġthe,0.026916,769,,9,"Ġthe:0.9999;,:0.0001;):0.0000;%:0.0000;*:0.0000","Ġthe:0.0269;,:0.0265;Ġand:0.0172;Ċ:0.0140;.:0.0138"
of,preposition,1,0,1659,of,,-,layer_8,Ġthe,0.999933,497,,3,Ġthe,0.026785,759,,9,"Ġthe:0.9999;,:0.0001;):0.0000;%:0.0000;*:0.0000","Ġthe:0.0268;,:0.0265;Ġand:0.0172;Ċ:0.0140;.:0.0138"
of,preposition,1,0,1659,of,,-,layer_9,Ġthe,0.999888,500,,3,Ġthe,0.026785,757,,9,"Ġthe:0.9999;,:0.0001;):0.0000;%:0.0000;*:0.0000","Ġthe:0.0268;,:0.0267;Ġand:0.0173;Ċ:0.0140;.:0.0140"
of,preposition,1,0,1659,of,,-,layer_10,Ġthe,0.999857,498,,3,",",0.027033,754,,9,"Ġthe:0.9999;,:0.0001;):0.0000;%:0.0000;*:0.0000",",:0.0270;Ġthe:0.0269;Ġand:0.0174;.:0.0142;Ċ:0.0141"
of,preposition,1,0,1659,of,,-,layer_11,Ġthe,0.999704,496,,3,",",0.02762,747,,9,"Ġthe:0.9997;,:0.0003;):0.0000;%:0.0000;*:0.0000",",:0.0276;Ġthe:0.0272;Ġand:0.0177;.:0.0145;Ċ:0.0141"
of,preposition,1,0,1659,of,,-,layer_12,Ġthe,0.77448,328,,3,-,0.03047,166,,1,"Ġthe:0.7745;,:0.2255;-:0.0000;.:0.0000;Ġa:0.0000","-:0.0305;,:0.0274;Ġthe:0.0268;.:0.0244;Ċ:0.0134"
of,preposition,1,0,1659,of,,-,final_logits,-,0.03047,166,,1,,,,,,"-:0.0305;,:0.0274;Ġthe:0.0268;.:0.0244;Ċ:0.0134",
in,preposition,1,0,259,in,,",",emb,in,0.046806,1,,384,in,1.0,1,,47672,in:0.0468;ins:0.0010;IN:0.0008;inian:0.0006;ine:0.0004,in:1.0000;inia:0.0000;inian:0.0000;ins:0.0000;Ġdestro:0.0000
in,preposition,1,0,259,in,,",",layer_1,Ġthe,0.975153,40,,2,Ġthe,0.034481,25,,4,"Ġthe:0.9752;,:0.0248;-:0.0000;Ġand:0.0000;.:0.0000","Ġthe:0.0345;iti:0.0208;Ċ:0.0203;,:0.0177;Ġand:0.0120"
in,preposition,1,0,259,in,,",",layer_2,Ġthe,0.722527,57,,2,",",0.060559,91,,1,"Ġthe:0.7225;,:0.2775;-:0.0000;Ġand:0.0000;.:0.0000",",:0.0606;Ġthe:0.0587;Ġand:0.0345;Ċ:0.0286;.:0.0269"
in,preposition,1,0,259,in,,",",layer_3,Ġthe,0.99802,72,,2,",",0.028101,146,,1,"Ġthe:0.9980;,:0.0020;):0.0000;%:0.0000;*:0.0000",",:0.0281;Ġthe:0.0277;Ġand:0.0185;Ċ:0.0148;.:0.0146"
in,preposition,1,0,259,in,,",",layer_4,Ġthe,0.998908,73,,2,",",0.028218,147,,1,"Ġthe:0.9989;,:0.0011;):0.0000;%:0.0000;*:0.0000",",:0.0282;Ġthe:0.0279;Ġand:0.0185;Ċ:0.0149;.:0.0147"
in,preposition,1,0,259,in,,",",layer_5,Ġthe,0.999047,73,,2,",",0.027962,147,,1,"Ġthe:0.9990;,:0.0010;):0.0000;%:0.0000;*:0.0000",",:0.0280;Ġthe:0.0276;Ġand:0.0184;Ċ:0.0148;.:0.0146"
in,preposition,1,0,259,in,,",",layer_6,Ġthe,0.998794,73,,2,",",0.027586,146,,1,"Ġthe:0.9988;,:0.0012;):0.0000;%:0.0000;*:0.0000",",:0.0276;Ġthe:0.0271;Ġand:0.0181;Ċ:0.0146;.:0.0145"
in,preposition,1,0,259,in,,",",layer_7,Ġthe,0.998248,73,,2,",",0.027453,144,,1,"Ġthe:0.9982;,:0.0018;):0.0000;%:0.0000;*:0.0000",",:0.0275;Ġthe:0.0268;Ġand:0.0180;Ċ:0.0145;.:0.0144"
in,preposition,1,0,259,in,,",",layer_8,Ġthe,0.997582,73,,2,",",0.027483,144,,1,"Ġthe:0.9976;,:0.0024;):0.0000;%:0.0000;*:0.0000",",:0.0275;Ġthe:0.0266;Ġand:0.0180;Ċ:0.0144;.:0.0144"
in,preposition,1,0,259,in,,",",layer_9,Ġthe,0.996248,73,,2,",",0.027726,143,,1,"Ġthe:0.9962;,:0.0038;):0.0000;%:0.0000;*:0.0000",",:0.0277;Ġthe:0.0266;Ġand:0.0181;.:0.0146;Ċ:0.0145"
in,preposition,1,0,259,in,,",",layer_10,Ġthe,0.99361,73,,2,",",0.028074,142,,1,"Ġthe:0.9936;,:0.0064;):0.0000;%:0.0000;*:0.0000",",:0.0281;Ġthe:0.0267;Ġand:0.0183;.:0.0148;Ċ:0.0145"
in,preposition,1,0,259,in,,",",layer_11,Ġthe,0.98127,73,,2,",",0.028749,143,,1,"Ġthe:0.9813;,:0.0187;):0.0000;%:0.0000;*:0.0000",",:0.0287;Ġthe:0.0270;Ġand:0.0186;.:0.0152;Ċ:0.0146"
in,preposition,1,0,259,in,,",",layer_12,",",0.994676,56,,1,",",0.042366,39,,1,",:0.9947;Ġthe:0.0053;-:0.0000;.:0.0000;Ġand:0.0000",",:0.0424;.:0.0407;-:0.0273;Ġthe:0.0239;Ġand:0.0193"
in,preposition,1,0,259,in,,",",final_logits,",",0.042366,39,,1,,,,,,",:0.0424;.:0.0407;-:0.0273;Ġthe:0.0239;Ġand:0.0193",
under,preposition,1,0,4625,under,,.,emb,under,0.767098,1,,50092,under,1.0,1,,47548,under:0.7671;unders:0.0022;Under:0.0005;Ġmisunder:0.0004;ĠUNDER:0.0004,under:1.0000;unders:0.0000;Ġmisunder:0.0000;Ġmathemat:0.0000;Under:0.0000
under,preposition,1,0,4625,under,,.,layer_1,Ġthe,0.963464,936,,4,g,0.040269,9,,13,"Ġthe:0.9635;,:0.0365;-:0.0000;.:0.0000;Ġand:0.0000",g:0.0403;fulness:0.0389;ful:0.0361;Ġthe:0.0166;gar:0.0140
under,preposition,1,0,4625,under,,.,layer_2,Ġthe,0.982537,2662,,5,Ġthe,0.061026,2130,,5,"Ġthe:0.9825;,:0.0175;-:0.0000;Ġand:0.0000;.:0.0000","Ġthe:0.0610;,:0.0515;Ġand:0.0313;Ċ:0.0274;.:0.0263"
under,preposition,1,0,4625,under,,.,layer_3,Ġthe,0.999896,3054,,5,Ġthe,0.02824,4412,,5,"Ġthe:0.9999;,:0.0001;):0.0000;%:0.0000;*:0.0000","Ġthe:0.0282;,:0.0273;Ġand:0.0182;Ċ:0.0148;.:0.0147"
under,preposition,1,0,4625,under,,.,layer_4,Ġthe,0.999941,3059,,5,Ġthe,0.028321,4499,,5,"Ġthe:0.9999;,:0.0001;):0.0000;%:0.0000;*:0.0000","Ġthe:0.0283;,:0.0275;Ġand:0.0183;Ċ:0.0148;.:0.0148"
under,preposition,1,0,4625,under,,.,layer_5,Ġthe,0.99994,3066,,5,Ġthe,0.027982,4557,,5,"Ġthe:0.9999;,:0.0001;):0.0000;%:0.0000;*:0.0000","Ġthe:0.0280;,:0.0273;Ġand:0.0181;Ċ:0.0147;.:0.0147"
under,preposition,1,0,4625,under,,.,layer_6,Ġthe,0.999931,3065,,5,Ġthe,0.027471,4558,,4,"Ġthe:0.9999;,:0.0001;):0.0000;%:0.0000;*:0.0000","Ġthe:0.0275;,:0.0269;Ġand:0.0179;.:0.0146;Ċ:0.0145"
under,preposition,1,0,4625,under,,.,layer_7,Ġthe,0.999896,3062,,5,Ġthe,0.027155,4537,,4,"Ġthe:0.9999;,:0.0001;):0.0000;%:0.0000;*:0.0000","Ġthe:0.0272;,:0.0268;Ġand:0.0178;.:0.0145;Ċ:0.0144"
under,preposition,1,0,4625,under,,.,layer_8,Ġthe,0.999858,3059,,5,Ġthe,0.027015,4518,,4,"Ġthe:0.9999;,:0.0001;):0.0000;%:0.0000;*:0.0000","Ġthe:0.0270;,:0.0269;Ġand:0.0178;.:0.0145;Ċ:0.0144"
under,preposition,1,0,4625,under,,.,layer_9,Ġthe,0.999798,3058,,5,",",0.02711,4510,,4,"Ġthe:0.9998;,:0.0002;):0.0000;%:0.0000;*:0.0000",",:0.0271;Ġthe:0.0270;Ġand:0.0179;.:0.0146;Ċ:0.0144"
under,preposition,1,0,4625,under,,.,layer_10,Ġthe,0.999669,3055,,5,",",0.027454,4484,,4,"Ġthe:0.9997;,:0.0003;):0.0000;%:0.0000;*:0.0000",",:0.0275;Ġthe:0.0271;Ġand:0.0180;.:0.0148;Ċ:0.0145"
under,preposition,1,0,4625,under,,.,layer_11,Ġthe,0.99918,3049,,5,",",0.028082,4461,,4,"Ġthe:0.9992;,:0.0008;):0.0000;%:0.0000;*:0.0000",",:0.0281;Ġthe:0.0274;Ġand:0.0183;.:0.0152;Ċ:0.0145"
under,preposition,1,0,4625,under,,.,layer_12,",",0.710406,1355,,4,.,0.038084,345,,1,",:0.7104;Ġthe:0.2896;-:0.0000;.:0.0000;Ġa:0.0000",".:0.0381;,:0.0326;-:0.0288;Ġthe:0.0277;Ġof:0.0176"
under,preposition,1,0,4625,under,,.,final_logits,.,0.038084,345,,1,,,,,,".:0.0381;,:0.0326;-:0.0288;Ġthe:0.0277;Ġof:0.0176",
between,preposition,1,0,23395,between,,Ġthe,emb,between,0.761839,1,,50229,between,1.0,1,,44042,between:0.7618;Between:0.0013;ĠBetween:0.0005;Ġbetween:0.0003;among:0.0002,between:1.0000;Between:0.0000;ĠBetween:0.0000;ccording:0.0000;Ġhorizont:0.0000
between,preposition,1,0,23395,between,,Ġthe,layer_1,Ġthe,0.99997,2917,,1,Ġthe,0.118847,132,,1,"Ġthe:1.0000;,:0.0000;Ġa:0.0000;-:0.0000;.:0.0000",Ġthe:0.1188;Ġbetween:0.0301;Ġwhich:0.0276;Ġa:0.0109;Ġits:0.0107
between,preposition,1,0,23395,between,,Ġthe,layer_2,Ġthe,0.99999,8441,,1,Ġthe,0.077774,5926,,1,"Ġthe:1.0000;,:0.0000;-:0.0000;Ġand:0.0000;Ġa:0.0000","Ġthe:0.0778;,:0.0450;Ġand:0.0273;Ġa:0.0270;Ċ:0.0246"
between,preposition,1,0,23395,between,,Ġthe,layer_3,Ġthe,1.0,12436,,1,Ġthe,0.029756,11385,,1,"Ġthe:1.0000;,:0.0000;):0.0000;%:0.0000;*:0.0000","Ġthe:0.0298;,:0.0261;Ġand:0.0175;Ġa:0.0146;Ċ:0.0142"
between,preposition,1,0,23395,between,,Ġthe,layer_4,Ġthe,1.0,12471,,1,Ġthe,0.029762,11579,,1,"Ġthe:1.0000;,:0.0000;):0.0000;%:0.0000;*:0.0000","Ġthe:0.0298;,:0.0264;Ġand:0.0176;Ġa:0.0146;Ċ:0.0144"
between,preposition,1,0,23395,between,,Ġthe,layer_5,Ġthe,1.0,12557,,1,Ġthe,0.029295,11801,,1,"Ġthe:1.0000;,:0.0000;):0.0000;%:0.0000;*:0.0000","Ġthe:0.0293;,:0.0262;Ġand:0.0175;Ġa:0.0145;Ċ:0.0143"
between,preposition,1,0,23395,between,,Ġthe,layer_6,Ġthe,1.0,12643,,1,Ġthe,0.028687,11994,,1,"Ġthe:1.0000;,:0.0000;):0.0000;%:0.0000;*:0.0000","Ġthe:0.0287;,:0.0259;Ġand:0.0174;Ġa:0.0143;Ċ:0.0141"
between,preposition,1,0,23395,between,,Ġthe,layer_7,Ġthe,1.0,12705,,1,Ġthe,0.028341,12064,,1,"Ġthe:1.0000;,:0.0000;):0.0000;%:0.0000;*:0.0000","Ġthe:0.0283;,:0.0258;Ġand:0.0173;Ġa:0.0142;Ċ:0.0140"
between,preposition,1,0,23395,between,,Ġthe,layer_8,Ġthe,1.0,12774,,1,Ġthe,0.02819,12130,,1,"Ġthe:1.0000;,:0.0000;):0.0000;%:0.0000;*:0.0000","Ġthe:0.0282;,:0.0259;Ġand:0.0173;Ġa:0.0141;Ċ:0.0140"
between,preposition,1,0,23395,between,,Ġthe,layer_9,Ġthe,1.0,12810,,1,Ġthe,0.02821,12137,,1,"Ġthe:1.0000;,:0.0000;):0.0000;%:0.0000;*:0.0000","Ġthe:0.0282;,:0.0261;Ġand:0.0174;Ġa:0.0141;Ċ:0.0140"
between,preposition,1,0,23395,between,,Ġthe,layer_10,Ġthe,1.0,12873,,1,Ġthe,0.028382,12185,,1,"Ġthe:1.0000;,:0.0000;):0.0000;%:0.0000;*:0.0000","Ġthe:0.0284;,:0.0265;Ġand:0.0176;Ġa:0.0142;Ċ:0.0140"
between,preposition,1,0,23395,between,,Ġthe,layer_11,Ġthe,1.0,12901,,1,Ġthe,0.028776,12142,,1,"Ġthe:1.0000;,:0.0000;):0.0000;%:0.0000;*:0.0000","Ġthe:0.0288;,:0.0270;Ġand:0.0179;Ġa:0.0145;.:0.0142"
between,preposition,1,0,23395,between,,Ġthe,layer_12,Ġthe,0.999985,8220,,1,Ġthe,0.055928,3753,,1,"Ġthe:1.0000;,:0.0000;-:0.0000;.:0.0000;Ġa:0.0000","Ġthe:0.0559;,:0.0206;Ġa:0.0184;.:0.0171;-:0.0140"
between,preposition,1,0,23395,between,,Ġthe,final_logits,Ġthe,0.055928,3753,,1,,,,,,"Ġthe:0.0559;,:0.0206;Ġa:0.0184;.:0.0171;-:0.0140",
through,preposition,1,0,9579,through,,",",emb,through,0.604225,1,,50253,through,1.0,1,,49598,through:0.6042;Through:0.0013;upon:0.0005;Ġthru:0.0004;ĠThrough:0.0003,through:1.0000;Through:0.0000;Ġchalleng:0.0000;Ġmathemat:0.0000;Ġmisunder:0.0000
through,preposition,1,0,9579,through,,",",layer_1,Ġthe,0.994647,2782,,2,Ġthe,0.06219,39,,3,"Ġthe:0.9946;,:0.0054;Ġand:0.0000;-:0.0000;Ġa:0.0000","Ġthe:0.0622;Ċ:0.0220;,:0.0189;s:0.0141;Ġand:0.0107"
through,preposition,1,0,9579,through,,",",layer_2,Ġthe,0.97417,7762,,2,Ġthe,0.066985,4932,,2,"Ġthe:0.9742;,:0.0258;-:0.0000;Ġand:0.0000;.:0.0000","Ġthe:0.0670;,:0.0580;Ġand:0.0334;Ċ:0.0279;Ġa:0.0262"
through,preposition,1,0,9579,through,,",",layer_3,Ġthe,0.99991,9650,,2,Ġthe,0.028929,10566,,2,"Ġthe:0.9999;,:0.0001;):0.0000;%:0.0000;*:0.0000","Ġthe:0.0289;,:0.0280;Ġand:0.0185;Ċ:0.0148;Ġa:0.0146"
through,preposition,1,0,9579,through,,",",layer_4,Ġthe,0.999943,9693,,2,Ġthe,0.028957,10839,,2,"Ġthe:0.9999;,:0.0001;):0.0000;%:0.0000;*:0.0000","Ġthe:0.0290;,:0.0281;Ġand:0.0185;Ċ:0.0149;Ġa:0.0146"
through,preposition,1,0,9579,through,,",",layer_5,Ġthe,0.999948,9740,,2,Ġthe,0.028582,11130,,2,"Ġthe:0.9999;,:0.0001;):0.0000;%:0.0000;*:0.0000","Ġthe:0.0286;,:0.0278;Ġand:0.0184;Ċ:0.0148;Ġa:0.0145"
through,preposition,1,0,9579,through,,",",layer_6,Ġthe,0.999933,9779,,2,Ġthe,0.028026,11232,,2,"Ġthe:0.9999;,:0.0001;):0.0000;%:0.0000;*:0.0000","Ġthe:0.0280;,:0.0275;Ġand:0.0181;Ċ:0.0146;.:0.0143"
through,preposition,1,0,9579,through,,",",layer_7,Ġthe,0.999895,9813,,2,Ġthe,0.027689,11317,,2,"Ġthe:0.9999;,:0.0001;):0.0000;%:0.0000;*:0.0000","Ġthe:0.0277;,:0.0274;Ġand:0.0180;Ċ:0.0144;.:0.0143"
through,preposition,1,0,9579,through,,",",layer_8,Ġthe,0.999857,9839,,2,Ġthe,0.027557,11433,,2,"Ġthe:0.9999;,:0.0001;):0.0000;%:0.0000;*:0.0000","Ġthe:0.0276;,:0.0274;Ġand:0.0180;Ċ:0.0144;.:0.0143"
through,preposition,1,0,9579,through,,",",layer_9,Ġthe,0.999791,9875,,2,",",0.027681,11525,,1,"Ġthe:0.9998;,:0.0002;):0.0000;%:0.0000;*:0.0000",",:0.0277;Ġthe:0.0276;Ġand:0.0182;Ċ:0.0144;.:0.0144"
through,preposition,1,0,9579,through,,",",layer_10,Ġthe,0.999648,9907,,2,",",0.028054,11636,,1,"Ġthe:0.9996;,:0.0004;):0.0000;%:0.0000;*:0.0000",",:0.0281;Ġthe:0.0277;Ġand:0.0183;.:0.0146;Ċ:0.0145"
through,preposition,1,0,9579,through,,",",layer_11,Ġthe,0.999242,9926,,2,",",0.028695,11628,,1,"Ġthe:0.9992;,:0.0008;):0.0000;%:0.0000;*:0.0000",",:0.0287;Ġthe:0.0280;Ġand:0.0186;.:0.0150;Ċ:0.0145"
through,preposition,1,0,9579,through,,",",layer_12,",",0.674476,5946,,1,",",0.043561,2785,,1,",:0.6745;Ġthe:0.3255;-:0.0000;.:0.0000;Ġand:0.0000",",:0.0436;Ġthe:0.0405;.:0.0322;-:0.0223;Ġand:0.0213"
through,preposition,1,0,9579,through,,",",final_logits,",",0.043561,2785,,1,,,,,,",:0.0436;Ġthe:0.0405;.:0.0322;-:0.0223;Ġand:0.0213",
despite,preposition,1,0,41081,despite,,Ġthe,emb,despite,0.110337,1,,50253,despite,1.0,1,,48821,despite:0.1103;theless:0.0024;etheless:0.0018;albeit:0.0013;although:0.0012,despite:1.0000;etheless:0.0000;theless:0.0000;ccording:0.0000;Ġchalleng:0.0000
despite,preposition,1,0,41081,despite,,Ġthe,layer_1,Ġthe,0.999443,5418,,1,Ġthe,0.163211,490,,1,"Ġthe:0.9994;,:0.0006;Ġa:0.0000;.:0.0000;Ġand:0.0000","Ġthe:0.1632;Ġa:0.0307;fulness:0.0231;,:0.0203;Ċ:0.0139"
despite,preposition,1,0,41081,despite,,Ġthe,layer_2,Ġthe,0.999959,14126,,1,Ġthe,0.087551,14190,,1,"Ġthe:1.0000;,:0.0000;-:0.0000;Ġand:0.0000;Ġa:0.0000","Ġthe:0.0876;,:0.0508;Ġa:0.0349;Ġand:0.0270;Ċ:0.0223"
despite,preposition,1,0,41081,despite,,Ġthe,layer_3,Ġthe,1.0,19218,,1,Ġthe,0.030807,27474,,1,"Ġthe:1.0000;,:0.0000;):0.0000;%:0.0000;*:0.0000","Ġthe:0.0308;,:0.0271;Ġand:0.0176;Ġa:0.0156;Ċ:0.0140"
despite,preposition,1,0,41081,despite,,Ġthe,layer_4,Ġthe,1.0,19300,,1,Ġthe,0.030737,28097,,1,"Ġthe:1.0000;,:0.0000;):0.0000;%:0.0000;*:0.0000","Ġthe:0.0307;,:0.0273;Ġand:0.0177;Ġa:0.0156;Ċ:0.0141"
despite,preposition,1,0,41081,despite,,Ġthe,layer_5,Ġthe,1.0,19405,,1,Ġthe,0.030219,28537,,1,"Ġthe:1.0000;,:0.0000;):0.0000;%:0.0000;*:0.0000","Ġthe:0.0302;,:0.0271;Ġand:0.0176;Ġa:0.0154;Ċ:0.0141"
despite,preposition,1,0,41081,despite,,Ġthe,layer_6,Ġthe,1.0,19559,,1,Ġthe,0.029572,28988,,1,"Ġthe:1.0000;,:0.0000;):0.0000;%:0.0000;*:0.0000","Ġthe:0.0296;,:0.0268;Ġand:0.0174;Ġa:0.0151;.:0.0140"
despite,preposition,1,0,41081,despite,,Ġthe,layer_7,Ġthe,1.0,19678,,1,Ġthe,0.0292,29391,,1,"Ġthe:1.0000;,:0.0000;):0.0000;%:0.0000;*:0.0000","Ġthe:0.0292;,:0.0267;Ġand:0.0174;Ġa:0.0150;.:0.0139"
despite,preposition,1,0,41081,despite,,Ġthe,layer_8,Ġthe,1.0,19772,,1,Ġthe,0.02906,29696,,1,"Ġthe:1.0000;,:0.0000;):0.0000;%:0.0000;*:0.0000","Ġthe:0.0291;,:0.0267;Ġand:0.0174;Ġa:0.0149;.:0.0139"
despite,preposition,1,0,41081,despite,,Ġthe,layer_9,Ġthe,1.0,19883,,1,Ġthe,0.029083,30015,,1,"Ġthe:1.0000;,:0.0000;):0.0000;%:0.0000;*:0.0000","Ġthe:0.0291;,:0.0270;Ġand:0.0174;Ġa:0.0150;.:0.0140"
despite,preposition,1,0,41081,despite,,Ġthe,layer_10,Ġthe,0.999999,20010,,1,Ġthe,0.029287,30468,,1,"Ġthe:1.0000;,:0.0000;):0.0000;%:0.0000;*:0.0000","Ġthe:0.0293;,:0.0273;Ġand:0.0175;Ġa:0.0151;.:0.0142"
despite,preposition,1,0,41081,despite,,Ġthe,layer_11,Ġthe,0.999999,20159,,1,Ġthe,0.02972,30965,,1,"Ġthe:1.0000;,:0.0000;):0.0000;%:0.0000;*:0.0000","Ġthe:0.0297;,:0.0279;Ġand:0.0178;Ġa:0.0154;.:0.0146"
despite,preposition,1,0,41081,despite,,Ġthe,layer_12,Ġthe,0.99922,15227,,1,Ġthe,0.077228,28484,,1,"Ġthe:0.9992;,:0.0008;Ġa:0.0000;.:0.0000;-:0.0000","Ġthe:0.0772;Ġa:0.0349;,:0.0337;Ġto:0.0248;Ġof:0.0214"
despite,preposition,1,0,41081,despite,,Ġthe,final_logits,Ġthe,0.077228,28484,,1,,,,,,"Ġthe:0.0772;Ġa:0.0349;,:0.0337;Ġto:0.0248;Ġof:0.0214",
big,adjective,1,0,14261,big,,",",emb,big,0.202117,1,,50253,big,1.0,1,,50182,big:0.2021;Big:0.0030;largest:0.0013;huge:0.0012;ĠBIG:0.0009,big:1.0000;Big:0.0000;Ġmathemat:0.0000;largest:0.0000;huge:0.0000
big,adjective,1,0,14261,big,,",",layer_1,",",0.678713,3989,,1,g,0.026003,1126,,4,",:0.6787;Ġthe:0.3213;-:0.0000;Ġand:0.0000;.:0.0000","g:0.0260;Ġpiece:0.0147;Ġpieces:0.0127;,:0.0105;Ċ:0.0097"
big,adjective,1,0,14261,big,,",",layer_2,",",0.995138,4156,,1,",",0.05549,3550,,1,",:0.9951;Ġthe:0.0049;-:0.0000;Ġand:0.0000;.:0.0000",",:0.0555;Ġthe:0.0372;Ġand:0.0319;Ċ:0.0256;.:0.0235"
big,adjective,1,0,14261,big,,",",layer_3,",",0.501099,4937,,1,",",0.027335,5311,,1,",:0.5011;Ġthe:0.4989;):0.0000;%:0.0000;*:0.0000",",:0.0273;Ġthe:0.0246;Ġand:0.0181;Ċ:0.0143;.:0.0141"
big,adjective,1,0,14261,big,,",",layer_4,Ġthe,0.618896,4939,,2,",",0.027557,5413,,1,"Ġthe:0.6189;,:0.3811;):0.0000;%:0.0000;*:0.0000",",:0.0276;Ġthe:0.0250;Ġand:0.0182;Ċ:0.0145;.:0.0143"
big,adjective,1,0,14261,big,,",",layer_5,Ġthe,0.647854,4944,,2,",",0.027366,5457,,1,"Ġthe:0.6479;,:0.3521;):0.0000;%:0.0000;*:0.0000",",:0.0274;Ġthe:0.0249;Ġand:0.0180;Ċ:0.0144;.:0.0143"
big,adjective,1,0,14261,big,,",",layer_6,Ġthe,0.567158,4943,,2,",",0.02704,5435,,1,"Ġthe:0.5672;,:0.4328;):0.0000;%:0.0000;*:0.0000",",:0.0270;Ġthe:0.0245;Ġand:0.0178;Ċ:0.0143;.:0.0141"
big,adjective,1,0,14261,big,,",",layer_7,",",0.513303,4946,,1,",",0.026921,5424,,1,",:0.5133;Ġthe:0.4867;):0.0000;%:0.0000;*:0.0000",",:0.0269;Ġthe:0.0242;Ġand:0.0177;Ċ:0.0141;.:0.0141"
big,adjective,1,0,14261,big,,",",layer_8,",",0.616936,4948,,1,",",0.026953,5407,,1,",:0.6169;Ġthe:0.3831;):0.0000;%:0.0000;*:0.0000",",:0.0270;Ġthe:0.0241;Ġand:0.0177;Ċ:0.0141;.:0.0141"
big,adjective,1,0,14261,big,,",",layer_9,",",0.751283,4943,,1,",",0.02717,5351,,1,",:0.7513;Ġthe:0.2487;):0.0000;%:0.0000;*:0.0000",",:0.0272;Ġthe:0.0240;Ġand:0.0178;.:0.0142;Ċ:0.0141"
big,adjective,1,0,14261,big,,",",layer_10,",",0.860691,4931,,1,",",0.027505,5284,,1,",:0.8607;Ġthe:0.1393;):0.0000;%:0.0000;*:0.0000",",:0.0275;Ġthe:0.0240;Ġand:0.0179;.:0.0144;Ċ:0.0142"
big,adjective,1,0,14261,big,,",",layer_11,",",0.969728,4919,,1,",",0.028149,5226,,1,",:0.9697;Ġthe:0.0303;):0.0000;%:0.0000;*:0.0000",",:0.0281;Ġthe:0.0241;Ġand:0.0182;.:0.0148;Ċ:0.0142"
big,adjective,1,0,14261,big,,",",layer_12,",",0.999956,3254,,1,",",0.035085,1106,,1,",:1.0000;-:0.0000;.:0.0000;Ġthe:0.0000;Ġand:0.0000",",:0.0351;-:0.0305;.:0.0305;Ġand:0.0163;Ċ:0.0136"
big,adjective,1,0,14261,big,,",",final_logits,",",0.035085,1106,,1,,,,,,",:0.0351;-:0.0305;.:0.0305;Ġand:0.0163;Ċ:0.0136",
happy,adjective,1,0,34191,happy,,",",emb,happy,0.569236,1,,50251,happy,1.0,1,,50030,happy:0.5692;Happy:0.0018;Ġhappiest:0.0006;ĠHappy:0.0004;Ġhappy:0.0004,happy:1.0000;Happy:0.0000;Ġhappy:0.0000;Ġagre:0.0000;Ġreluct:0.0000
happy,adjective,1,0,34191,happy,,",",layer_1,",",0.989063,7610,,1,",",0.04157,799,,1,",:0.9891;Ġthe:0.0109;Ġand:0.0000;.:0.0000;-:0.0000",",:0.0416;Ġto:0.0351;Ċ:0.0335;Ġand:0.0220;.:0.0147"
happy,adjective,1,0,34191,happy,,",",layer_2,",",0.996216,12696,,1,",",0.06422,12620,,1,",:0.9962;Ġthe:0.0038;-:0.0000;Ġand:0.0000;.:0.0000",",:0.0642;Ġthe:0.0441;Ġand:0.0368;Ċ:0.0323;.:0.0295"
happy,adjective,1,0,34191,happy,,",",layer_3,Ġthe,0.585397,15831,,2,",",0.028487,22591,,1,"Ġthe:0.5854;,:0.4146;):0.0000;%:0.0000;*:0.0000",",:0.0285;Ġthe:0.0259;Ġand:0.0189;Ċ:0.0153;.:0.0151"
happy,adjective,1,0,34191,happy,,",",layer_4,Ġthe,0.710025,15839,,2,",",0.028612,22959,,1,"Ġthe:0.7100;,:0.2900;):0.0000;%:0.0000;*:0.0000",",:0.0286;Ġthe:0.0262;Ġand:0.0189;Ċ:0.0154;.:0.0151"
happy,adjective,1,0,34191,happy,,",",layer_5,Ġthe,0.740315,15884,,2,",",0.028338,23254,,1,"Ġthe:0.7403;,:0.2597;):0.0000;%:0.0000;*:0.0000",",:0.0283;Ġthe:0.0260;Ġand:0.0187;Ċ:0.0153;.:0.0150"
happy,adjective,1,0,34191,happy,,",",layer_6,Ġthe,0.680189,15942,,2,",",0.027972,23468,,1,"Ġthe:0.6802;,:0.3198;):0.0000;%:0.0000;*:0.0000",",:0.0280;Ġthe:0.0256;Ġand:0.0185;Ċ:0.0151;.:0.0149"
happy,adjective,1,0,34191,happy,,",",layer_7,Ġthe,0.602997,15962,,2,",",0.027846,23552,,1,"Ġthe:0.6030;,:0.3970;):0.0000;%:0.0000;*:0.0000",",:0.0278;Ġthe:0.0253;Ġand:0.0184;Ċ:0.0149;.:0.0148"
happy,adjective,1,0,34191,happy,,",",layer_8,Ġthe,0.527073,15990,,2,",",0.027875,23581,,1,"Ġthe:0.5271;,:0.4729;):0.0000;%:0.0000;*:0.0000",",:0.0279;Ġthe:0.0252;Ġand:0.0184;Ċ:0.0149;.:0.0148"
happy,adjective,1,0,34191,happy,,",",layer_9,",",0.622804,15999,,1,",",0.028125,23433,,1,",:0.6228;Ġthe:0.3772;):0.0000;%:0.0000;*:0.0000",",:0.0281;Ġthe:0.0252;Ġand:0.0185;.:0.0149;Ċ:0.0149"
happy,adjective,1,0,34191,happy,,",",layer_10,",",0.770939,15968,,1,",",0.028492,23225,,1,",:0.7709;Ġthe:0.2291;):0.0000;%:0.0000;*:0.0000",",:0.0285;Ġthe:0.0253;Ġand:0.0186;.:0.0151;Ċ:0.0150"
happy,adjective,1,0,34191,happy,,",",layer_11,",",0.944421,15930,,1,",",0.029242,22915,,1,",:0.9444;Ġthe:0.0556;):0.0000;%:0.0000;*:0.0000",",:0.0292;Ġthe:0.0254;Ġand:0.0189;.:0.0156;Ċ:0.0150"
happy,adjective,1,0,34191,happy,,",",layer_12,",",0.999998,9167,,1,",",0.060716,6238,,1,",:1.0000;.:0.0000;-:0.0000;Ġthe:0.0000;Ġand:0.0000",",:0.0607;.:0.0585;Ġto:0.0318;Ġand:0.0265;Ċ:0.0254"
happy,adjective,1,0,34191,happy,,",",final_logits,",",0.060716,6238,,1,,,,,,",:0.0607;.:0.0585;Ġto:0.0318;Ġand:0.0265;Ċ:0.0254",
enormous,adjective,3,0,268,en,579,.,emb,en,0.201815,1,18438,1426,en,1.0,1,11816,37547,en:0.2018;ens:0.0017;enf:0.0016;eni:0.0014;enic:0.0014,en:1.0000;enf:0.0000;enic:0.0000;eni:0.0000;ens:0.0000
enormous,adjective,3,0,268,en,579,.,layer_1,",",0.757791,89,9187,4,",",0.033501,7,16713,4,",:0.7578;Ġthe:0.2422;Ġand:0.0000;.:0.0000;-:0.0000",",:0.0335;Ċ:0.0246;Ġthe:0.0181;.:0.0165;Ġand:0.0160"
enormous,adjective,3,0,268,en,579,.,layer_2,",",0.942612,225,5917,5,",",0.066578,199,9769,5,",:0.9426;Ġthe:0.0574;-:0.0000;Ġand:0.0000;.:0.0000",",:0.0666;Ġthe:0.0504;Ġand:0.0378;Ċ:0.0324;.:0.0313"
enormous,adjective,3,0,268,en,579,.,layer_3,Ġthe,0.953237,293,6179,5,",",0.028844,429,9621,5,"Ġthe:0.9532;,:0.0468;):0.0000;%:0.0000;*:0.0000",",:0.0288;Ġthe:0.0269;Ġand:0.0190;Ċ:0.0154;.:0.0153"
enormous,adjective,3,0,268,en,579,.,layer_4,Ġthe,0.97419,294,6146,5,",",0.028901,433,9548,5,"Ġthe:0.9742;,:0.0258;):0.0000;%:0.0000;*:0.0000",",:0.0289;Ġthe:0.0271;Ġand:0.0190;Ċ:0.0154;.:0.0153"
enormous,adjective,3,0,268,en,579,.,layer_5,Ġthe,0.97663,295,6126,5,",",0.028614,436,9501,5,"Ġthe:0.9766;,:0.0234;):0.0000;%:0.0000;*:0.0000",",:0.0286;Ġthe:0.0269;Ġand:0.0188;Ċ:0.0153;.:0.0152"
enormous,adjective,3,0,268,en,579,.,layer_6,Ġthe,0.971456,296,6116,5,",",0.02821,437,9401,5,"Ġthe:0.9715;,:0.0285;):0.0000;%:0.0000;*:0.0000",",:0.0282;Ġthe:0.0264;Ġand:0.0186;Ċ:0.0151;.:0.0150"
enormous,adjective,3,0,268,en,579,.,layer_7,Ġthe,0.958148,300,6098,5,",",0.028074,443,9285,4,"Ġthe:0.9581;,:0.0419;):0.0000;%:0.0000;*:0.0000",",:0.0281;Ġthe:0.0261;Ġand:0.0184;.:0.0149;Ċ:0.0149"
enormous,adjective,3,0,268,en,579,.,layer_8,Ġthe,0.943295,300,6095,5,",",0.028099,445,9205,4,"Ġthe:0.9433;,:0.0567;):0.0000;%:0.0000;*:0.0000",",:0.0281;Ġthe:0.0260;Ġand:0.0184;.:0.0149;Ċ:0.0149"
enormous,adjective,3,0,268,en,579,.,layer_9,Ġthe,0.909787,300,6089,5,",",0.028348,449,9087,4,"Ġthe:0.9098;,:0.0902;):0.0000;%:0.0000;*:0.0000",",:0.0283;Ġthe:0.0260;Ġand:0.0185;.:0.0151;Ċ:0.0149"
enormous,adjective,3,0,268,en,579,.,layer_10,Ġthe,0.844569,301,6077,5,",",0.028725,452,8993,4,"Ġthe:0.8446;,:0.1554;):0.0000;%:0.0000;*:0.0000",",:0.0287;Ġthe:0.0261;Ġand:0.0187;.:0.0153;Ċ:0.0150"
enormous,adjective,3,0,268,en,579,.,layer_11,Ġthe,0.596551,301,6045,5,",",0.029438,454,8856,4,"Ġthe:0.5966;,:0.4034;):0.0000;%:0.0000;*:0.0000",",:0.0294;Ġthe:0.0263;Ġand:0.0191;.:0.0157;Ċ:0.0151"
enormous,adjective,3,0,268,en,579,.,layer_12,",",0.999941,189,5442,3,.,0.0545,65,3182,1,",:0.9999;Ġthe:0.0001;.:0.0000;-:0.0000;Ġand:0.0000",".:0.0545;,:0.0529;Ġand:0.0241;Ċ:0.0231;Ġthe:0.0174"
enormous,adjective,3,0,268,en,579,.,final_logits,.,0.0545,65,3182,1,,,,,,".:0.0545;,:0.0529;Ġand:0.0241;Ċ:0.0231;Ġthe:0.0174",
enormous,adjective,3,1,579,orm,516,ous,emb,orm,0.835066,1,20042,20042,orm,1.0,1,17606,17606,orm:0.8351;ormonal:0.0002;orman:0.0001;ors:0.0001;ormon:0.0001,orm:1.0000;ormonal:0.0000;orman:0.0000;Ġtiss:0.0000;ors:0.0000
enormous,adjective,3,1,579,orm,516,ous,layer_1,orm,0.620415,1,74,74,orm,0.970285,1,37,37,"orm:0.6204;,:0.2943;.:0.0518;s:0.0240;n:0.0039",orm:0.9703;oman:0.0091;ont:0.0047;ophon:0.0021;oths:0.0016
enormous,adjective,3,1,579,orm,516,ous,layer_2,orm,0.885744,1,62,62,orm,0.929467,1,45,45,"orm:0.8857;,:0.0409;s:0.0289;n:0.0126;.:0.0104",orm:0.9295;ont:0.0171;ant:0.0053;isk:0.0039;nant:0.0036
enormous,adjective,3,1,579,orm,516,ous,layer_3,s,0.815227,5,46,46,orm,0.405747,1,16,16,"s:0.8152;,:0.1458;.:0.0224;n:0.0045;orm:0.0018",orm:0.4057;ont:0.1738;nant:0.0521;s:0.0518;ant:0.0375
enormous,adjective,3,1,579,orm,516,ous,layer_4,s,0.947876,6,16,16,orm,0.214663,1,7,7,"s:0.9479;,:0.0294;n:0.0054;.:0.0051;ont:0.0032",orm:0.2147;ont:0.2036;osa:0.0992;s:0.0701;orph:0.0538
enormous,adjective,3,1,579,orm,516,ous,layer_5,s,0.899746,15,34,34,s,0.207703,3,7,7,"s:0.8997;,:0.0917;.:0.0063;i:0.0007;u:0.0004",s:0.2077;ont:0.1695;orm:0.1471;osa:0.1171;u:0.0466
enormous,adjective,3,1,579,orm,516,ous,layer_6,s,0.97101,54,19,19,s,0.406635,6,2,2,"s:0.9710;,:0.0268;.:0.0020;i:0.0001;u:0.0000",s:0.4066;ous:0.2632;osa:0.0611;u:0.0373;ont:0.0372
enormous,adjective,3,1,579,orm,516,ous,layer_7,",",0.942558,209,8,8,ous,0.840533,69,1,1,",:0.9426;s:0.0458;.:0.0113;i:0.0003;u:0.0000",ous:0.8405;u:0.0498;ont:0.0237;s:0.0175;osa:0.0110
enormous,adjective,3,1,579,orm,516,ous,layer_8,",",0.999249,298,7,7,ous,0.941665,74,1,1,",:0.9992;.:0.0006;s:0.0001;::0.0000;-:0.0000",ous:0.9417;ously:0.0240;u:0.0058;ont:0.0055;osa:0.0030
enormous,adjective,3,1,579,orm,516,ous,layer_9,",",0.999903,564,21,21,ous,0.959425,93,1,1,",:0.9999;.:0.0001;-:0.0000;s:0.0000;'s:0.0000",ous:0.9594;ously:0.0117;osa:0.0053;us:0.0029;ious:0.0024
enormous,adjective,3,1,579,orm,516,ous,layer_10,",",0.999986,838,32,32,ous,0.951832,76,1,1,",:1.0000;.:0.0000;Ġand:0.0000;-:0.0000;Ġthe:0.0000",ous:0.9518;ously:0.0101;osa:0.0029;antic:0.0022;os:0.0018
enormous,adjective,3,1,579,orm,516,ous,layer_11,",",1.0,2457,188,188,ous,0.780514,127,1,1,",:1.0000;.:0.0000;Ġthe:0.0000;Ġand:0.0000;-:0.0000",ous:0.7805;ously:0.0196;ant:0.0069;ation:0.0065;ium:0.0052
enormous,adjective,3,1,579,orm,516,ous,layer_12,",",1.0,4776,483,483,ous,0.513069,338,1,1,",:1.0000;Ġthe:0.0000;.:0.0000;Ġand:0.0000;-:0.0000",ous:0.5131;at:0.0138;ation:0.0123;ously:0.0122;.:0.0102
enormous,adjective,3,1,579,orm,516,ous,final_logits,ous,0.513067,338,1,1,,,,,,ous:0.5131;at:0.0138;ation:0.0123;ously:0.0122;.:0.0102,
enormous,adjective,3,2,516,ous,,"""",emb,ous,0.851471,1,,11673,ous,1.0,1,,23625,ous:0.8515;ously:0.0272;OUS:0.0057;ouse:0.0003;osity:0.0003,ous:1.0000;ously:0.0000;OUS:0.0000;osity:0.0000;ouse:0.0000
enormous,adjective,3,2,516,ous,,"""",layer_1,",",0.556414,12,,71,ous,0.737232,1,,309,",:0.5564;Ġand:0.3106;Ġthe:0.0621;Ġin:0.0244;-:0.0207",ous:0.7372;ities:0.0841;ity:0.0209;ly:0.0057;Ġchange:0.0029
enormous,adjective,3,2,516,ous,,"""",layer_2,",",0.553817,2,,44,ous,0.819135,1,,244,",:0.5538;ous:0.2102;Ġand:0.1756;-:0.0492;Ġin:0.0020",ous:0.8191;ities:0.0505;Ġamounts:0.0491;ity:0.0161;ly:0.0145
enormous,adjective,3,2,516,ous,,"""",layer_3,",",0.871142,2,,46,ous,0.786695,1,,642,",:0.8711;ous:0.0666;-:0.0443;Ġand:0.0134;.:0.0027",ous:0.7867;Ġamounts:0.1323;ly:0.0254;ness:0.0135;Ġamount:0.0070
enormous,adjective,3,2,516,ous,,"""",layer_4,",",0.984977,8,,19,Ġamounts,0.425967,2,,229,",:0.9850;Ġand:0.0084;-:0.0055;ly:0.0006;.:0.0003",Ġamounts:0.4260;ous:0.2255;ly:0.2055;ness:0.0351;Ġamount:0.0311
enormous,adjective,3,2,516,ous,,"""",layer_5,",",0.994182,27,,13,ly,0.551636,4,,37,",:0.9942;Ġand:0.0054;-:0.0003;.:0.0000;ly:0.0000",ly:0.5516;Ġamounts:0.2820;Ġamount:0.0308;ous:0.0253;ness:0.0182
enormous,adjective,3,2,516,ous,,"""",layer_6,",",0.999513,90,,12,Ġamounts,0.436036,9,,24,",:0.9995;Ġand:0.0003;-:0.0001;.:0.0000;ly:0.0000",Ġamounts:0.4360;ly:0.4174;Ġamount:0.0378;ness:0.0116;Ġproportions:0.0111
enormous,adjective,3,2,516,ous,,"""",layer_7,",",0.99998,171,,9,ly,0.417612,23,,15,",:1.0000;Ġand:0.0000;.:0.0000;-:0.0000;ly:0.0000",ly:0.4176;Ġamounts:0.4006;Ġamount:0.1115;Ġproportions:0.0133;Ġquantities:0.0072
enormous,adjective,3,2,516,ous,,"""",layer_8,",",0.999998,416,,14,Ġamounts,0.520202,58,,15,",:1.0000;Ġand:0.0000;.:0.0000;-:0.0000;Ġthe:0.0000",Ġamounts:0.5202;ly:0.3273;Ġamount:0.1168;Ġquantities:0.0061;Ġproportions:0.0047
enormous,adjective,3,2,516,ous,,"""",layer_9,",",1.0,623,,14,Ġamounts,0.676841,373,,16,",:1.0000;Ġand:0.0000;.:0.0000;-:0.0000;Ġthe:0.0000","Ġamounts:0.6768;Ġamount:0.1548;ly:0.1350;Ġquantities:0.0155;,:0.0024"
enormous,adjective,3,2,516,ous,,"""",layer_10,",",1.0,1128,,16,Ġamounts,0.488782,2144,,24,",:1.0000;.:0.0000;Ġand:0.0000;-:0.0000;Ġthe:0.0000",Ġamounts:0.4888;Ġamount:0.2982;ly:0.0953;Ġquantities:0.0347;Ġnumber:0.0080
enormous,adjective,3,2,516,ous,,"""",layer_11,",",1.0,1763,,16,Ġamount,0.146883,4293,,3,",:1.0000;.:0.0000;Ġand:0.0000;-:0.0000;Ġthe:0.0000","Ġamount:0.1469;Ġamounts:0.1252;"":0.0908;ly:0.0414;,:0.0378"
enormous,adjective,3,2,516,ous,,"""",layer_12,",",1.0,2285,,32,"""",0.050931,5981,,1,",:1.0000;Ġthe:0.0000;.:0.0000;Ġand:0.0000;-:0.0000",""":0.0509;,:0.0427;.:0.0334;Ġamount:0.0332;Ġamounts:0.0209"
enormous,adjective,3,2,516,ous,,"""",final_logits,"""",0.050931,5981,,1,,,,,,""":0.0509;,:0.0427;.:0.0334;Ġamount:0.0332;Ġamounts:0.0209",
purple,adjective,2,0,14225,pur,1154,",",emb,pur,0.932331,1,761,50252,pur,1.0,1,338,49279,pur:0.9323;Pur:0.0003;ĠPur:0.0001;Ġpur:0.0000;BUR:0.0000,pur:1.0000;Pur:0.0000;Ġdestro:0.0000;ĠPur:0.0000;Ġreluct:0.0000
purple,adjective,2,0,14225,pur,1154,",",layer_1,",",0.956052,1243,7862,1,pur,0.079711,1,3462,3,",:0.9561;Ġthe:0.0439;Ġand:0.0000;-:0.0000;.:0.0000","pur:0.0797;ag:0.0215;,:0.0188;g:0.0132;be:0.0109"
purple,adjective,2,0,14225,pur,1154,",",layer_2,",",0.996952,8058,6756,1,",",0.064338,3284,6492,1,",:0.9970;Ġthe:0.0030;-:0.0000;Ġand:0.0000;.:0.0000",",:0.0643;Ġthe:0.0437;Ġand:0.0338;.:0.0278;Ċ:0.0252"
purple,adjective,2,0,14225,pur,1154,",",layer_3,Ġthe,0.504669,10551,7953,2,",",0.028639,14428,9046,1,"Ġthe:0.5047;,:0.4953;):0.0000;%:0.0000;*:0.0000",",:0.0286;Ġthe:0.0260;Ġand:0.0185;.:0.0149;Ċ:0.0144"
purple,adjective,2,0,14225,pur,1154,",",layer_4,Ġthe,0.648132,10640,7927,2,",",0.028695,14900,9122,1,"Ġthe:0.6481;,:0.3519;):0.0000;%:0.0000;*:0.0000",",:0.0287;Ġthe:0.0262;Ġand:0.0185;.:0.0149;Ċ:0.0146"
purple,adjective,2,0,14225,pur,1154,",",layer_5,Ġthe,0.691914,10738,7924,2,",",0.028415,15437,9153,1,"Ġthe:0.6919;,:0.3081;):0.0000;%:0.0000;*:0.0000",",:0.0284;Ġthe:0.0261;Ġand:0.0183;.:0.0148;Ċ:0.0145"
purple,adjective,2,0,14225,pur,1154,",",layer_6,Ġthe,0.661376,10800,7931,2,",",0.028008,15810,9138,1,"Ġthe:0.6614;,:0.3386;):0.0000;%:0.0000;*:0.0000",",:0.0280;Ġthe:0.0256;Ġand:0.0181;.:0.0147;Ċ:0.0143"
purple,adjective,2,0,14225,pur,1154,",",layer_7,Ġthe,0.563378,10874,7928,2,",",0.02787,16184,9068,1,"Ġthe:0.5634;,:0.4366;):0.0000;%:0.0000;*:0.0000",",:0.0279;Ġthe:0.0254;Ġand:0.0180;.:0.0146;Ċ:0.0141"
purple,adjective,2,0,14225,pur,1154,",",layer_8,",",0.510558,10952,7925,1,",",0.027888,16444,9032,1,",:0.5106;Ġthe:0.4894;):0.0000;%:0.0000;*:0.0000",",:0.0279;Ġthe:0.0252;Ġand:0.0180;.:0.0146;Ċ:0.0141"
purple,adjective,2,0,14225,pur,1154,",",layer_9,",",0.661322,11043,7900,1,",",0.028136,16682,8867,1,",:0.6613;Ġthe:0.3387;):0.0000;%:0.0000;*:0.0000",",:0.0281;Ġthe:0.0252;Ġand:0.0181;.:0.0148;Ċ:0.0141"
purple,adjective,2,0,14225,pur,1154,",",layer_10,",",0.800185,11117,7871,1,",",0.028526,16896,8762,1,",:0.8002;Ġthe:0.1998;):0.0000;%:0.0000;*:0.0000",",:0.0285;Ġthe:0.0253;Ġand:0.0182;.:0.0150;Ċ:0.0142"
purple,adjective,2,0,14225,pur,1154,",",layer_11,",",0.946001,11183,7797,1,",",0.029238,16951,8506,1,",:0.9460;Ġthe:0.0540;):0.0000;%:0.0000;*:0.0000",",:0.0292;Ġthe:0.0254;Ġand:0.0186;.:0.0154;Ċ:0.0142"
purple,adjective,2,0,14225,pur,1154,",",layer_12,",",0.999998,3537,4008,1,",",0.045905,801,827,1,",:1.0000;Ġthe:0.0000;-:0.0000;.:0.0000;Ġand:0.0000",",:0.0459;.:0.0428;-:0.0263;Ġand:0.0165;Ġof:0.0162"
purple,adjective,2,0,14225,pur,1154,",",final_logits,",",0.045905,801,827,1,,,,,,",:0.0459;.:0.0428;-:0.0263;Ġand:0.0165;Ġof:0.0162",
purple,adjective,2,1,1154,ple,,-,emb,ple,0.93113,1,,49735,ple,1.0,1,,40661,ple:0.9311;ples:0.0012;pled:0.0004;plet:0.0003;PLE:0.0002,ple:1.0000;ples:0.0000;pled:0.0000;plet:0.0000;pling:0.0000
purple,adjective,2,1,1154,ple,,-,layer_1,-,0.660812,3,,1,ple,0.998202,1,,7,"-:0.6608;,:0.1933;ple:0.0697;Ġin:0.0219;Ġto:0.0136",ple:0.9982;stone:0.0002;joy:0.0001;vel:0.0000;Ġto:0.0000
purple,adjective,2,1,1154,ple,,-,layer_2,-,0.586825,2,,1,ple,0.986012,1,,2,"-:0.5868;ple:0.3655;,:0.0266;.:0.0038;/:0.0036",ple:0.9860;-:0.0012;asing:0.0010;stone:0.0009;ÂŃ:0.0005
purple,adjective,2,1,1154,ple,,-,layer_3,-,0.828057,4,,1,ple,0.809856,1,,2,"-:0.8281;,:0.1491;.:0.0148;ple:0.0015;::0.0015",ple:0.8099;-:0.0150;asing:0.0059;stone:0.0055;Ġlining:0.0053
purple,adjective,2,1,1154,ple,,-,layer_4,-,0.81632,23,,1,ple,0.207339,1,,6,"-:0.8163;,:0.1701;.:0.0107;Ġand:0.0007;/:0.0006",ple:0.2073;Ġmetal:0.0421;Ġsnow:0.0414;hood:0.0385;Ġmoon:0.0288
purple,adjective,2,1,1154,ple,,-,layer_5,-,0.924094,266,,1,-,0.154101,56,,1,"-:0.9241;,:0.0755;.:0.0003;Ġand:0.0001;/:0.0000",-:0.1541;Ġmetal:0.0676;Ġred:0.0643;Ġcolor:0.0520;Ġblue:0.0510
purple,adjective,2,1,1154,ple,,-,layer_6,-,0.759934,513,,1,-,0.141831,140,,1,"-:0.7599;,:0.2391;.:0.0005;Ġand:0.0004;/:0.0000","-:0.1418;Ġblue:0.0529;,:0.0497;Ġmoon:0.0463;Ġand:0.0440"
purple,adjective,2,1,1154,ple,,-,layer_7,-,0.768916,947,,1,-,0.250965,276,,1,"-:0.7689;,:0.2308;Ġand:0.0002;.:0.0001;/:0.0000","-:0.2510;Ġand:0.0961;Ġcolor:0.0785;,:0.0718;Ġcolour:0.0489"
purple,adjective,2,1,1154,ple,,-,layer_8,-,0.777698,1536,,1,-,0.303637,292,,1,"-:0.7777;,:0.2223;.:0.0000;Ġand:0.0000;Ġin:0.0000","-:0.3036;Ġcolor:0.1374;Ġcolour:0.0578;Ġand:0.0503;,:0.0435"
purple,adjective,2,1,1154,ple,,-,layer_9,",",0.625376,1657,,2,-,0.227331,257,,1,",:0.6254;-:0.3746;.:0.0000;Ġand:0.0000;/:0.0000",-:0.2273;Ġcolor:0.1562;Ġcolour:0.1057;Ġcolored:0.0649;Ġand:0.0428
purple,adjective,2,1,1154,ple,,-,layer_10,",",0.993512,2669,,2,-,0.216463,663,,1,",:0.9935;-:0.0065;.:0.0000;Ġand:0.0000;Ġin:0.0000","-:0.2165;Ġcolor:0.1299;,:0.0938;Ġcolored:0.0903;Ġcolour:0.0690"
purple,adjective,2,1,1154,ple,,-,layer_11,",",0.999982,5014,,2,-,0.222168,935,,1,",:1.0000;-:0.0000;.:0.0000;Ġand:0.0000;Ġthe:0.0000","-:0.2222;,:0.0891;Ġand:0.0495;.:0.0361;):0.0335"
purple,adjective,2,1,1154,ple,,-,layer_12,",",1.0,7039,,2,-,0.102787,1610,,1,",:1.0000;-:0.0000;Ġthe:0.0000;.:0.0000;Ġand:0.0000","-:0.1028;,:0.0516;.:0.0375;Ġand:0.0275;):0.0217"
purple,adjective,2,1,1154,ple,,-,final_logits,-,0.102788,1610,,1,,,,,,"-:0.1028;,:0.0516;.:0.0375;Ġand:0.0275;):0.0217",
incomprehensible,adjective,5,0,259,in,785,",",emb,in,0.046806,1,631,384,in,1.0,1,6876,47672,in:0.0468;ins:0.0010;IN:0.0008;inian:0.0006;ine:0.0004,in:1.0000;inia:0.0000;inian:0.0000;ins:0.0000;Ġdestro:0.0000
incomprehensible,adjective,5,0,259,in,785,",",layer_1,Ġthe,0.975153,40,274,2,Ġthe,0.034481,25,181,4,"Ġthe:0.9752;,:0.0248;-:0.0000;Ġand:0.0000;.:0.0000","Ġthe:0.0345;iti:0.0208;Ċ:0.0203;,:0.0177;Ġand:0.0120"
incomprehensible,adjective,5,0,259,in,785,",",layer_2,Ġthe,0.722539,57,340,2,",",0.060559,91,400,1,"Ġthe:0.7225;,:0.2775;-:0.0000;Ġand:0.0000;.:0.0000",",:0.0606;Ġthe:0.0587;Ġand:0.0345;Ċ:0.0286;.:0.0269"
incomprehensible,adjective,5,0,259,in,785,",",layer_3,Ġthe,0.99802,72,451,2,",",0.028101,146,585,1,"Ġthe:0.9980;,:0.0020;):0.0000;%:0.0000;*:0.0000",",:0.0281;Ġthe:0.0277;Ġand:0.0185;Ċ:0.0148;.:0.0146"
incomprehensible,adjective,5,0,259,in,785,",",layer_4,Ġthe,0.998908,73,450,2,",",0.028218,147,590,1,"Ġthe:0.9989;,:0.0011;):0.0000;%:0.0000;*:0.0000",",:0.0282;Ġthe:0.0279;Ġand:0.0185;Ċ:0.0149;.:0.0147"
incomprehensible,adjective,5,0,259,in,785,",",layer_5,Ġthe,0.999047,73,451,2,",",0.027962,147,597,1,"Ġthe:0.9990;,:0.0010;):0.0000;%:0.0000;*:0.0000",",:0.0280;Ġthe:0.0276;Ġand:0.0184;Ċ:0.0148;.:0.0146"
incomprehensible,adjective,5,0,259,in,785,",",layer_6,Ġthe,0.998794,73,451,2,",",0.027586,146,603,1,"Ġthe:0.9988;,:0.0012;):0.0000;%:0.0000;*:0.0000",",:0.0276;Ġthe:0.0271;Ġand:0.0181;Ċ:0.0146;.:0.0145"
incomprehensible,adjective,5,0,259,in,785,",",layer_7,Ġthe,0.998249,73,451,2,",",0.027453,144,604,1,"Ġthe:0.9982;,:0.0018;):0.0000;%:0.0000;*:0.0000",",:0.0275;Ġthe:0.0268;Ġand:0.0180;Ċ:0.0145;.:0.0144"
incomprehensible,adjective,5,0,259,in,785,",",layer_8,Ġthe,0.997582,73,455,2,",",0.027483,144,608,1,"Ġthe:0.9976;,:0.0024;):0.0000;%:0.0000;*:0.0000",",:0.0275;Ġthe:0.0266;Ġand:0.0180;Ċ:0.0144;.:0.0144"
incomprehensible,adjective,5,0,259,in,785,",",layer_9,Ġthe,0.996248,73,457,2,",",0.027726,143,612,1,"Ġthe:0.9962;,:0.0038;):0.0000;%:0.0000;*:0.0000",",:0.0277;Ġthe:0.0266;Ġand:0.0181;.:0.0146;Ċ:0.0145"
incomprehensible,adjective,5,0,259,in,785,",",layer_10,Ġthe,0.99361,73,459,2,",",0.028074,142,614,1,"Ġthe:0.9936;,:0.0064;):0.0000;%:0.0000;*:0.0000",",:0.0281;Ġthe:0.0267;Ġand:0.0183;.:0.0148;Ċ:0.0145"
incomprehensible,adjective,5,0,259,in,785,",",layer_11,Ġthe,0.98127,73,462,2,",",0.028749,143,621,1,"Ġthe:0.9813;,:0.0187;):0.0000;%:0.0000;*:0.0000",",:0.0287;Ġthe:0.0270;Ġand:0.0186;.:0.0152;Ċ:0.0146"
incomprehensible,adjective,5,0,259,in,785,",",layer_12,",",0.994676,56,463,1,",",0.042366,39,372,1,",:0.9947;Ġthe:0.0053;-:0.0000;.:0.0000;Ġand:0.0000",",:0.0424;.:0.0407;-:0.0273;Ġthe:0.0239;Ġand:0.0193"
incomprehensible,adjective,5,0,259,in,785,",",final_logits,",",0.042366,39,372,1,,,,,,",:0.0424;.:0.0407;-:0.0273;Ġthe:0.0239;Ġand:0.0193",
incomprehensible,adjective,5,1,785,com,3866,parable,emb,com,0.212819,1,718,23681,com,1.0,1,1274,16266,com:0.2128;COM:0.0035;Com:0.0026;org:0.0016;net:0.0007,com:1.0000;COM:0.0000;Com:0.0000;org:0.0000;blogspot:0.0000
incomprehensible,adjective,5,1,785,com,3866,parable,layer_1,com,0.738552,1,87,11964,com,0.761149,1,47,585,"com:0.7386;Ġthe:0.0937;,:0.0332;c:0.0249;Ġa:0.0215",com:0.7611;ms:0.0444;pos:0.0248;put:0.0155;position:0.0155
incomprehensible,adjective,5,1,785,com,3866,parable,layer_2,com,0.352039,1,97,7407,com,0.155511,1,111,426,"com:0.3520;e:0.1866;c:0.1376;a:0.0651;,:0.0583",com:0.1555;ms:0.1304;pos:0.1179;au:0.1060;position:0.0949
incomprehensible,adjective,5,1,785,com,3866,parable,layer_3,",",0.162146,11,96,8919,pos,0.284139,7,103,555,",:0.1621;au:0.1605;e:0.1289;c:0.0954;Ġ(:0.0763",pos:0.2841;au:0.2507;ret:0.0900;ms:0.0550;ic:0.0501
incomprehensible,adjective,5,1,785,com,3866,parable,layer_4,au,0.337047,24,98,3975,pos,0.334727,23,106,141,"au:0.3370;c:0.1572;,:0.1292;e:0.0786;Ġand:0.0427",pos:0.3347;au:0.2801;ics:0.0438;ms:0.0327;ic:0.0289
incomprehensible,adjective,5,1,785,com,3866,parable,layer_5,",",0.900654,75,91,4344,pos,0.226934,88,56,125,",:0.9007;.:0.0532;Ġand:0.0162;-:0.0048;e:0.0035",pos:0.2269;ics:0.2231;ic:0.1071;ret:0.0546;ms:0.0356
incomprehensible,adjective,5,1,785,com,3866,parable,layer_6,",",0.978914,190,216,8888,pos,0.314227,245,124,362,",:0.9789;.:0.0153;Ġand:0.0022;Ġ(:0.0015;-:0.0006",pos:0.3142;ics:0.2978;ic:0.0974;ret:0.0236;aster:0.0214
incomprehensible,adjective,5,1,785,com,3866,parable,layer_7,",",0.997234,253,144,6034,pos,0.369093,352,41,123,",:0.9972;.:0.0022;-:0.0003;Ġand:0.0002;Ġthe:0.0001",pos:0.3691;ic:0.2067;ics:0.1773;aster:0.0338;ious:0.0220
incomprehensible,adjective,5,1,785,com,3866,parable,layer_8,",",0.999198,411,182,5294,ic,0.296593,837,58,65,",:0.9992;.:0.0003;-:0.0003;Ġand:0.0002;Ġthe:0.0000",ic:0.2966;pos:0.2062;ics:0.1368;ious:0.0585;aster:0.0419
incomprehensible,adjective,5,1,785,com,3866,parable,layer_9,",",0.999784,418,221,3855,ic,0.243432,1018,60,14,",:0.9998;-:0.0002;.:0.0000;Ġand:0.0000;Ġthe:0.0000",ic:0.2434;ics:0.1206;pos:0.1006;ement:0.0721;ment:0.0607
incomprehensible,adjective,5,1,785,com,3866,parable,layer_10,",",0.999681,508,160,3480,ic,0.219438,1119,10,5,",:0.9997;-:0.0003;Ġthe:0.0000;.:0.0000;Ġand:0.0000",ic:0.2194;ics:0.1214;puting:0.1174;pos:0.0603;parable:0.0565
incomprehensible,adjective,5,1,785,com,3866,parable,layer_11,",",0.999999,576,463,9824,ic,0.120016,701,16,5,",:1.0000;Ġthe:0.0000;-:0.0000;.:0.0000;Ġand:0.0000",ic:0.1200;ers:0.0363;ed:0.0282;ics:0.0243;parable:0.0235
incomprehensible,adjective,5,1,785,com,3866,parable,layer_12,",",1.0,708,501,11413,parable,0.068217,1884,3,1,",:1.0000;Ġthe:0.0000;-:0.0000;.:0.0000;Ġand:0.0000",parable:0.0682;ic:0.0549;pre:0.0352;ers:0.0310;it:0.0280
incomprehensible,adjective,5,1,785,com,3866,parable,final_logits,parable,0.068217,1884,3,1,,,,,,parable:0.0682;ic:0.0549;pre:0.0352;ers:0.0310;it:0.0280,
incomprehensible,adjective,5,2,3866,pre,5135,hens,emb,pre,0.195236,1,23797,23797,pre,1.0,1,27939,27939,pre:0.1952;PRE:0.0019;Pre:0.0018;ĠPRE:0.0005;ĠPre:0.0004,pre:1.0000;Pre:0.0000;PRE:0.0000;Ġobser:0.0000;Ġdestro:0.0000
incomprehensible,adjective,5,2,3866,pre,5135,hens,layer_1,-,0.998888,7,265,265,cise,0.543825,9,5,5,"-:0.9989;,:0.0006;Ġthe:0.0004;f:0.0000;c:0.0000",cise:0.5438;cision:0.1303;fer:0.0866;fecture:0.0308;hens:0.0254
incomprehensible,adjective,5,2,3866,pre,5135,hens,layer_2,-,0.999886,19,37,37,cision,0.484293,46,4,4,"-:0.9999;,:0.0001;f:0.0000;_:0.0000;z:0.0000",cision:0.4843;cise:0.1549;fecture:0.1121;hens:0.0572;fect:0.0303
incomprehensible,adjective,5,2,3866,pre,5135,hens,layer_3,-,0.999428,68,16,16,fecture,0.458047,147,2,2,"-:0.9994;,:0.0004;_:0.0001;ceed:0.0000;.:0.0000",fecture:0.4580;hens:0.2255;cision:0.1222;fect:0.0384;ceed:0.0361
incomprehensible,adjective,5,2,3866,pre,5135,hens,layer_4,-,0.990289,82,3,3,fecture,0.873453,220,2,2,-:0.9903;fecture:0.0046;hens:0.0017;ete:0.0008;_:0.0008,fecture:0.8735;hens:0.0699;vention:0.0245;cision:0.0084;etary:0.0084
incomprehensible,adjective,5,2,3866,pre,5135,hens,layer_5,-,0.999404,193,5,5,fecture,0.674803,428,2,2,"-:0.9994;,:0.0005;.:0.0001;ete:0.0000;hens:0.0000",fecture:0.6748;hens:0.2209;etary:0.0389;ete:0.0169;vention:0.0147
incomprehensible,adjective,5,2,3866,pre,5135,hens,layer_6,hens,0.970796,375,1,1,hens,0.867114,897,1,1,hens:0.9708;ete:0.0283;-:0.0005;ement:0.0002;fecture:0.0001,hens:0.8671;fecture:0.0789;etary:0.0213;ete:0.0181;vention:0.0029
incomprehensible,adjective,5,2,3866,pre,5135,hens,layer_7,hens,0.999298,456,1,1,hens,0.990755,865,1,1,hens:0.9993;ete:0.0007;-:0.0000;ce:0.0000;ced:0.0000,hens:0.9908;ete:0.0045;etary:0.0022;fecture:0.0006;cedented:0.0003
incomprehensible,adjective,5,2,3866,pre,5135,hens,layer_8,hens,1.0,953,1,1,hens,0.999967,1713,1,1,hens:1.0000;ce:0.0000;ced:0.0000;-:0.0000;te:0.0000,hens:1.0000;ced:0.0000;etary:0.0000;ce:0.0000;ete:0.0000
incomprehensible,adjective,5,2,3866,pre,5135,hens,layer_9,hens,0.999679,866,1,1,hens,0.999964,1273,1,1,"hens:0.9997;-:0.0003;,:0.0000;Ġthe:0.0000;te:0.0000",hens:1.0000;hend:0.0000;ced:0.0000;etary:0.0000;te:0.0000
incomprehensible,adjective,5,2,3866,pre,5135,hens,layer_10,-,0.998828,541,3,3,hens,0.999944,743,1,1,"-:0.9988;,:0.0011;hens:0.0000;Ġand:0.0000;.:0.0000",hens:0.9999;hend:0.0001;hen:0.0000;ced:0.0000;te:0.0000
incomprehensible,adjective,5,2,3866,pre,5135,hens,layer_11,",",0.769903,769,229,229,hens,0.998772,578,1,1,",:0.7699;-:0.2263;Ġthe:0.0038;Ġand:0.0000;.:0.0000",hens:0.9988;hend:0.0008;ced:0.0001;ter:0.0000;ation:0.0000
incomprehensible,adjective,5,2,3866,pre,5135,hens,layer_12,",",0.999973,1311,2871,2871,hens,0.993633,892,1,1,",:1.0000;Ġthe:0.0000;-:0.0000;Ġand:0.0000;.:0.0000",hens:0.9936;hend:0.0007;c:0.0005;ter:0.0005;ced:0.0003
incomprehensible,adjective,5,2,3866,pre,5135,hens,final_logits,hens,0.993633,892,1,1,,,,,,hens:0.9936;hend:0.0007;c:0.0005;ter:0.0005;ced:0.0003,
incomprehensible,adjective,5,3,5135,hens,856,ive,emb,hens,0.999562,1,27721,43447,hens,1.0,1,13908,30789,hens:0.9996;hen:0.0000;hend:0.0000;heny:0.0000;hent:0.0000,hens:1.0000;hen:0.0000;hend:0.0000;hes:0.0000;hent:0.0000
incomprehensible,adjective,5,3,5135,hens,856,ive,layer_1,hens,0.999944,1,316,22,hens,0.999998,1,97,3,hens:0.9999;Ġand:0.0000;Ġthe:0.0000;Ċ:0.0000;Ġto:0.0000,hens:1.0000;ki:0.0000;ive:0.0000;ens:0.0000;iv:0.0000
incomprehensible,adjective,5,3,5135,hens,856,ive,layer_2,hens,0.999983,1,308,37,hens,0.999988,1,115,9,hens:1.0000;Ġand:0.0000;ens:0.0000;Ġ(:0.0000;en:0.0000,hens:1.0000;ki:0.0000;ens:0.0000;et:0.0000;ums:0.0000
incomprehensible,adjective,5,3,5135,hens,856,ive,layer_3,hens,0.999744,1,63,56,hens,0.999745,1,39,27,hens:0.9997;ens:0.0002;et:0.0001;Ġand:0.0000;it:0.0000,hens:0.9997;et:0.0001;ens:0.0001;ums:0.0000;ense:0.0000
incomprehensible,adjective,5,3,5135,hens,856,ive,layer_4,hens,0.998264,1,47,90,hens,0.998969,1,22,34,hens:0.9983;ense:0.0008;it:0.0005;ens:0.0003;et:0.0001,hens:0.9990;ense:0.0005;ums:0.0001;ens:0.0001;et:0.0001
incomprehensible,adjective,5,3,5135,hens,856,ive,layer_5,ense,0.923082,4,38,140,hens,0.754052,1,26,74,ense:0.9231;ens:0.0259;ons:0.0237;hens:0.0121;en:0.0043,hens:0.7541;ense:0.1986;ens:0.0078;essions:0.0069;ums:0.0051
incomprehensible,adjective,5,3,5135,hens,856,ive,layer_6,ense,0.965045,11,20,74,ense,0.690304,2,19,39,ense:0.9650;et:0.0320;ons:0.0019;ens:0.0008;Ġand:0.0001,ense:0.6903;hens:0.1616;et:0.0593;ums:0.0233;essions:0.0189
incomprehensible,adjective,5,3,5135,hens,856,ive,layer_7,ense,0.998335,9,6,52,ense,0.800172,2,7,35,ense:0.9983;et:0.0010;ion:0.0004;ens:0.0003;ons:0.0000,ense:0.8002;hens:0.1236;et:0.0252;ums:0.0073;ence:0.0073
incomprehensible,adjective,5,3,5135,hens,856,ive,layer_8,ible,0.735967,72,1,48,ible,0.462643,7,1,35,ible:0.7360;ense:0.2349;ens:0.0225;ion:0.0041;et:0.0019,ible:0.4626;ense:0.3263;ums:0.0594;ence:0.0328;ens:0.0290
incomprehensible,adjective,5,3,5135,hens,856,ive,layer_9,",",0.517531,400,9,55,ible,0.832914,16,1,19,",:0.5175;Ġand:0.4737;.:0.0036;-:0.0025;Ġin:0.0010",ible:0.8329;ation:0.0441;et:0.0231;ional:0.0112;ion:0.0107
incomprehensible,adjective,5,3,5135,hens,856,ive,layer_10,",",0.995716,1633,37,42,ible,0.886114,40,1,3,",:0.9957;-:0.0030;Ġand:0.0013;Ġthe:0.0000;.:0.0000",ible:0.8861;ation:0.0434;ive:0.0134;ion:0.0121;ibility:0.0096
incomprehensible,adjective,5,3,5135,hens,856,ive,layer_11,",",0.999998,8898,137,46,ible,0.416635,204,1,2,",:1.0000;-:0.0000;Ġthe:0.0000;Ġand:0.0000;.:0.0000",ible:0.4166;ive:0.3899;ion:0.1307;ions:0.0151;ile:0.0100
incomprehensible,adjective,5,3,5135,hens,856,ive,layer_12,",",1.0,30383,1479,324,ive,0.797446,2192,2,1,",:1.0000;Ġthe:0.0000;-:0.0000;Ġand:0.0000;.:0.0000",ive:0.7974;ible:0.0936;ion:0.0434;ile:0.0091;ives:0.0047
incomprehensible,adjective,5,3,5135,hens,856,ive,final_logits,ive,0.797447,2192,2,1,,,,,,ive:0.7974;ible:0.0936;ion:0.0434;ile:0.0091;ives:0.0047,
incomprehensible,adjective,5,4,856,ible,,"""",emb,ible,0.941868,1,,44964,ible,1.0,1,,41458,ible:0.9419;ibly:0.0095;ibles:0.0085;ibility:0.0064;IBLE:0.0029,ible:1.0000;ibly:0.0000;ibles:0.0000;ibility:0.0000;IBLE:0.0000
incomprehensible,adjective,5,4,856,ible,,"""",layer_1,",",0.593446,15,,64,ible,0.642804,1,,773,",:0.5934;-:0.3226;Ġand:0.0444;Ġ-:0.0205;.:0.0083",ible:0.6428;Ġ-:0.0664;ibility:0.0562;Ġintellig:0.0367;Ġvisible:0.0071
incomprehensible,adjective,5,4,856,ible,,"""",layer_2,ible,0.470275,1,,29,ible,0.468912,1,,339,"ible:0.4703;,:0.3428;-:0.0860;Ġand:0.0618;Ġ-:0.0204",ible:0.4689;ibility:0.0908;Ġintellig:0.0658;Ġ-:0.0269;Ġlink:0.0229
incomprehensible,adjective,5,4,856,ible,,"""",layer_3,",",0.970509,27,,24,Ġintellig,0.101404,8,,243,",:0.9705;-:0.0155;.:0.0087;Ġand:0.0047;Ġ-:0.0002","Ġintellig:0.1014;Ġ-:0.0935;,:0.0667;Ġlink:0.0243;Ġand:0.0235"
incomprehensible,adjective,5,4,856,ible,,"""",layer_4,",",0.994043,194,,18,",",0.126521,29,,111,",:0.9940;.:0.0041;Ġand:0.0015;-:0.0003;Ġto:0.0000",",:0.1265;ly:0.1172;Ġperm:0.0717;Ġand:0.0345;Ġharm:0.0237"
incomprehensible,adjective,5,4,856,ible,,"""",layer_5,",",0.994978,365,,12,",",0.198496,198,,34,",:0.9950;.:0.0040;Ġand:0.0009;-:0.0001;Ġto:0.0000",",:0.1985;ly:0.0780;Ġand:0.0674;.:0.0304;Ġharm:0.0239"
incomprehensible,adjective,5,4,856,ible,,"""",layer_6,",",0.993291,461,,12,",",0.204627,371,,35,",:0.9933;.:0.0066;Ġand:0.0002;-:0.0000;Ġto:0.0000",",:0.2046;ly:0.1476;Ġlanguage:0.0551;Ġand:0.0480;.:0.0445"
incomprehensible,adjective,5,4,856,ible,,"""",layer_7,",",0.988087,455,,9,ly,0.289737,221,,10,",:0.9881;.:0.0119;Ġand:0.0000;-:0.0000;Ġ(:0.0000","ly:0.2897;Ġlanguage:0.2200;,:0.1454;.:0.0630;ity:0.0307"
incomprehensible,adjective,5,4,856,ible,,"""",layer_8,",",0.994366,618,,11,ly,0.377539,142,,8,",:0.9944;.:0.0056;Ġand:0.0000;-:0.0000;Ġ(:0.0000","ly:0.3775;,:0.1804;.:0.1337;Ġlanguage:0.0667;Ġand:0.0252"
incomprehensible,adjective,5,4,856,ible,,"""",layer_9,",",0.99846,909,,13,.,0.287136,205,,8,",:0.9985;.:0.0015;Ġand:0.0000;-:0.0000;Ġ(:0.0000",".:0.2871;,:0.2155;ly:0.2023;Ġlanguage:0.0523;_:0.0324"
incomprehensible,adjective,5,4,856,ible,,"""",layer_10,",",0.998211,1331,,18,.,0.566267,293,,5,",:0.9982;.:0.0018;Ġand:0.0000;-:0.0000;Ġto:0.0000",".:0.5663;,:0.1904;;:0.0428;Ġand:0.0223;"":0.0155"
incomprehensible,adjective,5,4,856,ible,,"""",layer_11,",",1.0,3014,,15,"""",0.383234,403,,1,",:1.0000;.:0.0000;-:0.0000;Ġand:0.0000;Ġthe:0.0000",""":0.3832;.:0.1097;,:0.0625;):0.0432;"",:0.0353"
incomprehensible,adjective,5,4,856,ible,,"""",layer_12,",",1.0,6261,,34,"""",0.119551,799,,1,",:1.0000;Ġthe:0.0000;.:0.0000;-:0.0000;Ġand:0.0000",""":0.1196;.:0.1183;,:0.0625;):0.0296;Ġto:0.0240"
incomprehensible,adjective,5,4,856,ible,,"""",final_logits,"""",0.119551,799,,1,,,,,,""":0.1196;.:0.1183;,:0.0625;):0.0296;Ġto:0.0240",
quickly,adverb,2,0,24209,quick,306,",",emb,quick,0.541936,1,46405,50257,quick,1.0,1,40001,50198,quick:0.5419;Quick:0.0015;ĠQuick:0.0003;slow:0.0003;Ġquickest:0.0003,quick:1.0000;Quick:0.0000;Ġchalleng:0.0000;Ġlivest:0.0000;Ġmathemat:0.0000
quickly,adverb,2,0,24209,quick,306,",",layer_1,",",0.999549,4464,485,1,",",0.025358,180,681,1,",:0.9995;Ġthe:0.0004;-:0.0000;.:0.0000;Ġand:0.0000",",:0.0254;Ċ:0.0187;lets:0.0178;-:0.0120;Ġand:0.0101"
quickly,adverb,2,0,24209,quick,306,",",layer_2,",",0.999703,11124,396,1,",",0.062922,8868,402,1,",:0.9997;Ġthe:0.0003;-:0.0000;Ġand:0.0000;.:0.0000",",:0.0629;Ġthe:0.0375;Ġand:0.0353;Ċ:0.0322;.:0.0269"
quickly,adverb,2,0,24209,quick,306,",",layer_3,",",0.907466,11990,378,1,",",0.028276,17843,465,1,",:0.9075;Ġthe:0.0925;):0.0000;%:0.0000;*:0.0000",",:0.0283;Ġthe:0.0248;Ġand:0.0186;Ċ:0.0153;.:0.0147"
quickly,adverb,2,0,24209,quick,306,",",layer_4,",",0.84858,12062,378,1,",",0.028405,18263,465,1,",:0.8486;Ġthe:0.1514;):0.0000;%:0.0000;*:0.0000",",:0.0284;Ġthe:0.0252;Ġand:0.0187;Ċ:0.0154;.:0.0148"
quickly,adverb,2,0,24209,quick,306,",",layer_5,",",0.824214,12093,378,1,",",0.028139,18533,464,1,",:0.8242;Ġthe:0.1758;):0.0000;%:0.0000;*:0.0000",",:0.0281;Ġthe:0.0251;Ġand:0.0185;Ċ:0.0152;.:0.0147"
quickly,adverb,2,0,24209,quick,306,",",layer_6,",",0.848816,12112,373,1,",",0.027751,18668,457,1,",:0.8488;Ġthe:0.1512;):0.0000;%:0.0000;*:0.0000",",:0.0278;Ġthe:0.0247;Ġand:0.0182;Ċ:0.0150;.:0.0146"
quickly,adverb,2,0,24209,quick,306,",",layer_7,",",0.889072,12138,367,1,",",0.027607,18729,446,1,",:0.8891;Ġthe:0.1109;):0.0000;%:0.0000;*:0.0000",",:0.0276;Ġthe:0.0244;Ġand:0.0181;Ċ:0.0149;.:0.0145"
quickly,adverb,2,0,24209,quick,306,",",layer_8,",",0.914444,12165,365,1,",",0.027613,18772,434,1,",:0.9144;Ġthe:0.0856;):0.0000;%:0.0000;*:0.0000",",:0.0276;Ġthe:0.0243;Ġand:0.0181;Ċ:0.0148;.:0.0145"
quickly,adverb,2,0,24209,quick,306,",",layer_9,",",0.95096,12193,364,1,",",0.027841,18708,425,1,",:0.9510;Ġthe:0.0490;):0.0000;%:0.0000;*:0.0000",",:0.0278;Ġthe:0.0243;Ġand:0.0182;Ċ:0.0149;.:0.0146"
quickly,adverb,2,0,24209,quick,306,",",layer_10,",",0.977794,12213,362,1,",",0.028214,18678,415,1,",:0.9778;Ġthe:0.0222;):0.0000;%:0.0000;*:0.0000",",:0.0282;Ġthe:0.0243;Ġand:0.0183;Ċ:0.0149;.:0.0148"
quickly,adverb,2,0,24209,quick,306,",",layer_11,",",0.995853,12223,361,1,",",0.028909,18466,397,1,",:0.9959;Ġthe:0.0041;):0.0000;%:0.0000;*:0.0000",",:0.0289;Ġthe:0.0244;Ġand:0.0186;.:0.0152;Ċ:0.0150"
quickly,adverb,2,0,24209,quick,306,",",layer_12,",",0.999979,6701,125,1,",",0.046252,3167,27,1,",:1.0000;-:0.0000;.:0.0000;Ġthe:0.0000;Ġand:0.0000",",:0.0463;.:0.0453;-:0.0371;Ċ:0.0236;Ġand:0.0217"
quickly,adverb,2,0,24209,quick,306,",",final_logits,",",0.046252,3167,27,1,,,,,,",:0.0463;.:0.0453;-:0.0371;Ċ:0.0236;Ġand:0.0217",
quickly,adverb,2,1,306,ly,,",",emb,ly,0.66486,1,,533,ly,1.0,1,,18956,ly:0.6649;LY:0.0172;liness:0.0021;liest:0.0021;lys:0.0012,ly:1.0000;LY:0.0000;liest:0.0000;liness:0.0000;theless:0.0000
quickly,adverb,2,1,306,ly,,",",layer_1,",",0.778722,11,,1,âĶĢâĶĢ,0.097667,2,,16,",:0.7787;-:0.1734;Ġthe:0.0193;.:0.0065;Ġto:0.0061",âĶĢâĶĢ:0.0977;ly:0.0775;zing:0.0415;c:0.0176;ph:0.0174
quickly,adverb,2,1,306,ly,,",",layer_2,",",0.564189,4,,1,zing,0.091339,2,,16,",:0.5642;-:0.2054;::0.0919;ly:0.0844;.:0.0185",zing:0.0913;ly:0.0728;ph:0.0437;Ġopen:0.0287;zed:0.0167
quickly,adverb,2,1,306,ly,,",",layer_3,",",0.602461,4,,1,zing,0.130743,4,,14,",:0.6025;::0.1933;-:0.0897;ly:0.0494;.:0.0302",zing:0.1307;ph:0.0903;zed:0.0588;ly:0.0393;::0.0208
quickly,adverb,2,1,306,ly,,",",layer_4,",",0.805187,24,,1,ph,0.093847,107,,16,",:0.8052;-:0.0857;::0.0837;.:0.0137;Ġthe:0.0038",ph:0.0938;zing:0.0443;Ġopen:0.0427;Ġmoved:0.0296;zed:0.0213
quickly,adverb,2,1,306,ly,,",",layer_5,",",0.91983,40,,1,Ġset,0.068196,162,,12,",:0.9198;-:0.0757;::0.0018;.:0.0017;Ġand:0.0004",Ġset:0.0682;Ġcharged:0.0443;Ġmoved:0.0239;Ġdev:0.0177;Ġopen:0.0172
quickly,adverb,2,1,306,ly,,",",layer_6,",",0.981452,76,,1,Ġcharged,0.087991,195,,5,",:0.9815;-:0.0182;Ġthe:0.0001;.:0.0001;Ġand:0.0001","Ġcharged:0.0880;Ġreleased:0.0360;Ġset:0.0349;Ġmoved:0.0239;,:0.0180"
quickly,adverb,2,1,306,ly,,",",layer_7,",",0.991811,99,,1,Ġreleased,0.160664,215,,3,",:0.9918;-:0.0081;.:0.0001;Ġand:0.0000;Ġthe:0.0000","Ġreleased:0.1607;Ġcharged:0.0827;,:0.0446;Ġspeaking:0.0303;Ġupdated:0.0260"
quickly,adverb,2,1,306,ly,,",",layer_8,",",0.997069,111,,1,Ġreleased,0.050323,326,,2,",:0.9971;-:0.0029;.:0.0000;Ġand:0.0000;Ġthe:0.0000","Ġreleased:0.0503;,:0.0481;Ġupdated:0.0297;Ġmoved:0.0277;Ġcharged:0.0262"
quickly,adverb,2,1,306,ly,,",",layer_9,",",0.998468,157,,1,",",0.050664,627,,1,",:0.9985;-:0.0015;.:0.0000;Ġand:0.0000;Ġthe:0.0000",",:0.0507;Ġreleased:0.0423;Ġtranslated:0.0414;Ġmoved:0.0351;Ġupdated:0.0252"
quickly,adverb,2,1,306,ly,,",",layer_10,",",0.999998,222,,1,",",0.05232,1385,,1,",:1.0000;-:0.0000;.:0.0000;Ġthe:0.0000;Ġand:0.0000",",:0.0523;Ġtranslated:0.0507;Ġreleased:0.0490;Ġmoved:0.0324;Ġenough:0.0283"
quickly,adverb,2,1,306,ly,,",",layer_11,",",1.0,395,,1,",",0.039222,3008,,1,",:1.0000;Ġthe:0.0000;-:0.0000;.:0.0000;Ġand:0.0000",",:0.0392;"":0.0385;.:0.0206;):0.0202;Ġand:0.0136"
quickly,adverb,2,1,306,ly,,",",layer_12,",",1.0,409,,1,",",0.033036,2857,,1,",:1.0000;Ġthe:0.0000;-:0.0000;.:0.0000;Ġand:0.0000",",:0.0330;.:0.0326;"":0.0268;Ġand:0.0163;-:0.0100"
quickly,adverb,2,1,306,ly,,",",final_logits,",",0.033036,2857,,1,,,,,,",:0.0330;.:0.0326;"":0.0268;Ġand:0.0163;-:0.0100",
very,adverb,1,0,548,very,,",",emb,very,0.356212,1,,50254,very,1.0,1,,50145,very:0.3562;extremely:0.0025;quite:0.0011;Very:0.0007;highly:0.0006,very:1.0000;extremely:0.0000;quite:0.0000;ngth:0.0000;highly:0.0000
very,adverb,1,0,548,very,,",",layer_1,",",0.685786,3168,,1,",",0.022192,1099,,1,",:0.6858;Ġthe:0.3142;Ġand:0.0000;Ġa:0.0000;-:0.0000",",:0.0222;Ġmuch:0.0171;Ġthe:0.0134;Ġand:0.0111;Ċ:0.0098"
very,adverb,1,0,548,very,,",",layer_2,",",0.809662,4434,,1,",",0.057052,4383,,1,",:0.8097;Ġthe:0.1903;-:0.0000;Ġand:0.0000;.:0.0000",",:0.0571;Ġthe:0.0480;Ġand:0.0331;Ġa:0.0245;Ġin:0.0228"
very,adverb,1,0,548,very,,",",layer_3,Ġthe,0.986729,4196,,2,",",0.027433,5817,,1,"Ġthe:0.9867;,:0.0133;):0.0000;%:0.0000;*:0.0000",",:0.0274;Ġthe:0.0263;Ġand:0.0182;Ġa:0.0142;Ċ:0.0139"
very,adverb,1,0,548,very,,",",layer_4,Ġthe,0.99241,4206,,2,",",0.027612,5939,,1,"Ġthe:0.9924;,:0.0076;):0.0000;%:0.0000;*:0.0000",",:0.0276;Ġthe:0.0266;Ġand:0.0183;Ġa:0.0142;Ċ:0.0140"
very,adverb,1,0,548,very,,",",layer_5,Ġthe,0.993037,4210,,2,",",0.02741,5989,,1,"Ġthe:0.9930;,:0.0070;):0.0000;%:0.0000;*:0.0000",",:0.0274;Ġthe:0.0264;Ġand:0.0181;Ġa:0.0141;Ċ:0.0140"
very,adverb,1,0,548,very,,",",layer_6,Ġthe,0.99164,4200,,2,",",0.027051,5986,,1,"Ġthe:0.9916;,:0.0084;):0.0000;%:0.0000;*:0.0000",",:0.0271;Ġthe:0.0259;Ġand:0.0179;Ġa:0.0139;.:0.0138"
very,adverb,1,0,548,very,,",",layer_7,Ġthe,0.98921,4188,,2,",",0.026925,5945,,1,"Ġthe:0.9892;,:0.0108;):0.0000;%:0.0000;*:0.0000",",:0.0269;Ġthe:0.0256;Ġand:0.0178;Ġa:0.0138;.:0.0138"
very,adverb,1,0,548,very,,",",layer_8,Ġthe,0.986973,4189,,2,",",0.026917,5932,,1,"Ġthe:0.9870;,:0.0130;):0.0000;%:0.0000;*:0.0000",",:0.0269;Ġthe:0.0255;Ġand:0.0178;.:0.0138;Ġa:0.0137"
very,adverb,1,0,548,very,,",",layer_9,Ġthe,0.976055,4187,,2,",",0.027166,5908,,1,"Ġthe:0.9761;,:0.0239;):0.0000;%:0.0000;*:0.0000",",:0.0272;Ġthe:0.0255;Ġand:0.0179;.:0.0139;Ġa:0.0138"
very,adverb,1,0,548,very,,",",layer_10,Ġthe,0.959307,4186,,2,",",0.027493,5923,,1,"Ġthe:0.9593;,:0.0407;):0.0000;%:0.0000;*:0.0000",",:0.0275;Ġthe:0.0255;Ġand:0.0180;.:0.0141;Ġa:0.0138"
very,adverb,1,0,548,very,,",",layer_11,Ġthe,0.867485,4181,,2,",",0.028106,5917,,1,"Ġthe:0.8675;,:0.1325;):0.0000;%:0.0000;*:0.0000",",:0.0281;Ġthe:0.0257;Ġand:0.0183;.:0.0144;Ġa:0.0140"
very,adverb,1,0,548,very,,",",layer_12,",",0.999885,2427,,1,",",0.037245,2612,,1,",:0.9999;Ġthe:0.0001;-:0.0000;.:0.0000;Ġand:0.0000",",:0.0372;.:0.0208;Ġand:0.0166;Ġof:0.0155;Ġthe:0.0153"
very,adverb,1,0,548,very,,",",final_logits,",",0.037245,2612,,1,,,,,,",:0.0372;.:0.0208;Ġand:0.0166;Ġof:0.0155;Ġthe:0.0153",
often,adverb,1,0,28950,often,,",",emb,often,0.21245,1,,50257,often,1.0,1,,50187,often:0.2124;sometimes:0.0230;usually:0.0104;typically:0.0069;Often:0.0036,often:1.0000;sometimes:0.0000;usually:0.0000;typically:0.0000;ometimes:0.0000
often,adverb,1,0,28950,often,,",",layer_1,",",0.523444,4276,,1,",",0.021045,272,,1,",:0.5234;Ġthe:0.4766;Ġand:0.0000;Ġa:0.0000;Ċ:0.0000",",:0.0210;Ċ:0.0196;Ġmore:0.0177;Ġthe:0.0165;Ġmodern:0.0102"
often,adverb,1,0,28950,often,,",",layer_2,",",0.622531,9879,,1,",",0.057169,7652,,1,",:0.6225;Ġthe:0.3775;-:0.0000;Ġand:0.0000;.:0.0000",",:0.0572;Ġthe:0.0518;Ġand:0.0313;Ċ:0.0262;Ġa:0.0251"
often,adverb,1,0,28950,often,,",",layer_3,Ġthe,0.994265,14436,,2,",",0.02778,16139,,1,"Ġthe:0.9943;,:0.0057;):0.0000;%:0.0000;*:0.0000",",:0.0278;Ġthe:0.0271;Ġand:0.0181;Ċ:0.0145;Ġa:0.0144"
often,adverb,1,0,28950,often,,",",layer_4,Ġthe,0.996748,14491,,2,",",0.027885,16486,,1,"Ġthe:0.9967;,:0.0033;):0.0000;%:0.0000;*:0.0000",",:0.0279;Ġthe:0.0273;Ġand:0.0182;Ċ:0.0146;Ġa:0.0145"
often,adverb,1,0,28950,often,,",",layer_5,Ġthe,0.996838,14576,,2,",",0.027678,16791,,1,"Ġthe:0.9968;,:0.0032;):0.0000;%:0.0000;*:0.0000",",:0.0277;Ġthe:0.0270;Ġand:0.0181;Ċ:0.0145;Ġa:0.0144"
often,adverb,1,0,28950,often,,",",layer_6,Ġthe,0.995746,14726,,2,",",0.027336,17126,,1,"Ġthe:0.9957;,:0.0043;):0.0000;%:0.0000;*:0.0000",",:0.0273;Ġthe:0.0265;Ġand:0.0179;Ċ:0.0143;Ġa:0.0141"
often,adverb,1,0,28950,often,,",",layer_7,Ġthe,0.994336,14817,,2,",",0.027226,17310,,1,"Ġthe:0.9943;,:0.0057;):0.0000;%:0.0000;*:0.0000",",:0.0272;Ġthe:0.0262;Ġand:0.0178;Ċ:0.0141;Ġa:0.0140"
often,adverb,1,0,28950,often,,",",layer_8,Ġthe,0.992178,14891,,2,",",0.027263,17444,,1,"Ġthe:0.9922;,:0.0078;):0.0000;%:0.0000;*:0.0000",",:0.0273;Ġthe:0.0261;Ġand:0.0178;Ċ:0.0141;Ġa:0.0140"
often,adverb,1,0,28950,often,,",",layer_9,Ġthe,0.98536,14985,,2,",",0.027532,17562,,1,"Ġthe:0.9854;,:0.0146;):0.0000;%:0.0000;*:0.0000",",:0.0275;Ġthe:0.0261;Ġand:0.0179;Ċ:0.0141;Ġa:0.0140"
often,adverb,1,0,28950,often,,",",layer_10,Ġthe,0.978046,15078,,2,",",0.027872,17802,,1,"Ġthe:0.9780;,:0.0220;):0.0000;%:0.0000;*:0.0000",",:0.0279;Ġthe:0.0262;Ġand:0.0180;Ċ:0.0142;Ġa:0.0141"
often,adverb,1,0,28950,often,,",",layer_11,Ġthe,0.939637,15215,,2,",",0.028496,18097,,1,"Ġthe:0.9396;,:0.0604;):0.0000;%:0.0000;*:0.0000",",:0.0285;Ġthe:0.0264;Ġand:0.0183;.:0.0143;Ġa:0.0143"
often,adverb,1,0,28950,often,,",",layer_12,",",0.99805,10592,,1,",",0.039897,10486,,1,",:0.9980;Ġthe:0.0020;-:0.0000;.:0.0000;Ġand:0.0000",",:0.0399;Ġthe:0.0208;.:0.0175;Ġand:0.0171;Ġof:0.0159"
often,adverb,1,0,28950,often,,",",final_logits,",",0.039897,10486,,1,,,,,,",:0.0399;Ġthe:0.0208;.:0.0175;Ġand:0.0171;Ġof:0.0159",
she,pronoun,1,0,7091,she,,",",emb,she,0.681938,1,,50250,she,1.0,1,,49583,she:0.6819;She:0.0012;ĠSHE:0.0007;Ġshe:0.0003;ĠShe:0.0002,she:1.0000;She:0.0000;ĠSHE:0.0000;Ġshe:0.0000;Ġmathemat:0.0000
she,pronoun,1,0,7091,she,,",",layer_1,",",0.985218,2732,,1,Ġcan,0.024438,526,,4,",:0.9852;Ġthe:0.0148;Ġand:0.0000;.:0.0000;Ċ:0.0000","Ġcan:0.0244;Ċ:0.0190;Ġand:0.0165;,:0.0157;g:0.0147"
she,pronoun,1,0,7091,she,,",",layer_2,",",0.998192,4938,,1,",",0.059665,3978,,1,",:0.9982;Ġthe:0.0018;-:0.0000;Ġand:0.0000;.:0.0000",",:0.0597;Ġand:0.0373;Ġthe:0.0369;Ċ:0.0288;.:0.0263"
she,pronoun,1,0,7091,she,,",",layer_3,Ġthe,0.543863,6942,,2,",",0.027708,7085,,1,"Ġthe:0.5439;,:0.4561;):0.0000;%:0.0000;*:0.0000",",:0.0277;Ġthe:0.0248;Ġand:0.0187;Ċ:0.0148;.:0.0145"
she,pronoun,1,0,7091,she,,",",layer_4,Ġthe,0.680613,6958,,2,",",0.027873,7266,,1,"Ġthe:0.6806;,:0.3194;):0.0000;%:0.0000;*:0.0000",",:0.0279;Ġthe:0.0252;Ġand:0.0188;Ċ:0.0149;.:0.0146"
she,pronoun,1,0,7091,she,,",",layer_5,Ġthe,0.726231,7000,,2,",",0.027639,7407,,1,"Ġthe:0.7262;,:0.2738;):0.0000;%:0.0000;*:0.0000",",:0.0276;Ġthe:0.0251;Ġand:0.0186;Ċ:0.0148;.:0.0145"
she,pronoun,1,0,7091,she,,",",layer_6,Ġthe,0.671417,7056,,2,",",0.027277,7530,,1,"Ġthe:0.6714;,:0.3286;):0.0000;%:0.0000;*:0.0000",",:0.0273;Ġthe:0.0247;Ġand:0.0184;Ċ:0.0146;.:0.0144"
she,pronoun,1,0,7091,she,,",",layer_7,Ġthe,0.594198,7107,,2,",",0.027143,7627,,1,"Ġthe:0.5942;,:0.4058;):0.0000;%:0.0000;*:0.0000",",:0.0271;Ġthe:0.0244;Ġand:0.0183;Ċ:0.0144;.:0.0143"
she,pronoun,1,0,7091,she,,",",layer_8,Ġthe,0.512754,7140,,2,",",0.027167,7675,,1,"Ġthe:0.5128;,:0.4872;):0.0000;%:0.0000;*:0.0000",",:0.0272;Ġthe:0.0243;Ġand:0.0182;Ċ:0.0144;.:0.0143"
she,pronoun,1,0,7091,she,,",",layer_9,",",0.664867,7166,,1,",",0.027425,7693,,1,",:0.6649;Ġthe:0.3351;):0.0000;%:0.0000;*:0.0000",",:0.0274;Ġthe:0.0242;Ġand:0.0184;Ċ:0.0144;.:0.0144"
she,pronoun,1,0,7091,she,,",",layer_10,",",0.779112,7181,,1,",",0.02776,7702,,1,",:0.7791;Ġthe:0.2209;):0.0000;%:0.0000;*:0.0000",",:0.0278;Ġthe:0.0243;Ġand:0.0185;.:0.0146;Ċ:0.0145"
she,pronoun,1,0,7091,she,,",",layer_11,",",0.938885,7204,,1,",",0.028398,7631,,1,",:0.9389;Ġthe:0.0611;):0.0000;%:0.0000;*:0.0000",",:0.0284;Ġthe:0.0244;Ġand:0.0188;.:0.0150;Ċ:0.0145"
she,pronoun,1,0,7091,she,,",",layer_12,",",0.999999,4833,,1,",",0.038722,1627,,1,",:1.0000;Ġthe:0.0000;.:0.0000;-:0.0000;Ġand:0.0000",",:0.0387;.:0.0341;'s:0.0236;Ġand:0.0215;Ġis:0.0201"
she,pronoun,1,0,7091,she,,",",final_logits,",",0.038722,1627,,1,,,,,,",:0.0387;.:0.0341;'s:0.0236;Ġand:0.0215;Ġis:0.0201",
they,pronoun,1,0,9930,they,,",",emb,they,0.056049,1,,50257,they,1.0,1,,50209,they:0.0560;their:0.0046;ĠTHEY:0.0023;They:0.0020;them:0.0011,they:1.0000;their:0.0000;They:0.0000;ĠTHEY:0.0000;Ġmathemat:0.0000
they,pronoun,1,0,9930,they,,",",layer_1,Ġthe,0.977217,3924,,2,Ġcan,0.064195,3693,,28,"Ġthe:0.9772;,:0.0228;Ċ:0.0000;Ġand:0.0000;.:0.0000",Ġcan:0.0642;'re:0.0535;Ġare:0.0219;Ċ:0.0187;Ġwill:0.0184
they,pronoun,1,0,9930,they,,",",layer_2,",",0.786889,4728,,1,",",0.048874,6482,,1,",:0.7869;Ġthe:0.2131;-:0.0000;Ġand:0.0000;.:0.0000",",:0.0489;Ġthe:0.0399;Ġand:0.0305;Ċ:0.0292;.:0.0232"
they,pronoun,1,0,9930,they,,",",layer_3,Ġthe,0.989713,5449,,2,",",0.026416,8733,,1,"Ġthe:0.9897;,:0.0103;):0.0000;%:0.0000;*:0.0000",",:0.0264;Ġthe:0.0252;Ġand:0.0179;Ċ:0.0148;.:0.0140"
they,pronoun,1,0,9930,they,,",",layer_4,Ġthe,0.994275,5448,,2,",",0.026661,8772,,1,"Ġthe:0.9943;,:0.0057;):0.0000;%:0.0000;*:0.0000",",:0.0267;Ġthe:0.0255;Ġand:0.0180;Ċ:0.0149;.:0.0141"
they,pronoun,1,0,9930,they,,",",layer_5,Ġthe,0.994987,5462,,2,",",0.026511,8832,,1,"Ġthe:0.9950;,:0.0050;):0.0000;%:0.0000;*:0.0000",",:0.0265;Ġthe:0.0254;Ġand:0.0178;Ċ:0.0148;.:0.0141"
they,pronoun,1,0,9930,they,,",",layer_6,Ġthe,0.992741,5474,,2,",",0.026221,8850,,1,"Ġthe:0.9927;,:0.0073;):0.0000;%:0.0000;*:0.0000",",:0.0262;Ġthe:0.0249;Ġand:0.0176;Ċ:0.0146;.:0.0140"
they,pronoun,1,0,9930,they,,",",layer_7,Ġthe,0.990327,5496,,2,",",0.02612,8893,,1,"Ġthe:0.9903;,:0.0097;):0.0000;%:0.0000;*:0.0000",",:0.0261;Ġthe:0.0247;Ġand:0.0175;Ċ:0.0144;.:0.0139"
they,pronoun,1,0,9930,they,,",",layer_8,Ġthe,0.986891,5505,,2,",",0.02616,8927,,1,"Ġthe:0.9869;,:0.0131;):0.0000;%:0.0000;*:0.0000",",:0.0262;Ġthe:0.0246;Ġand:0.0176;Ċ:0.0144;.:0.0139"
they,pronoun,1,0,9930,they,,",",layer_9,Ġthe,0.972895,5520,,2,",",0.026422,8873,,1,"Ġthe:0.9729;,:0.0271;):0.0000;%:0.0000;*:0.0000",",:0.0264;Ġthe:0.0245;Ġand:0.0177;Ċ:0.0144;.:0.0141"
they,pronoun,1,0,9930,they,,",",layer_10,Ġthe,0.958722,5540,,2,",",0.026747,8915,,1,"Ġthe:0.9587;,:0.0413;):0.0000;%:0.0000;*:0.0000",",:0.0267;Ġthe:0.0246;Ġand:0.0178;Ċ:0.0145;.:0.0143"
they,pronoun,1,0,9930,they,,",",layer_11,Ġthe,0.869521,5560,,2,",",0.027318,8937,,1,"Ġthe:0.8695;,:0.1305;):0.0000;%:0.0000;*:0.0000",",:0.0273;Ġthe:0.0247;Ġand:0.0181;.:0.0146;Ċ:0.0145"
they,pronoun,1,0,9930,they,,",",layer_12,",",0.999881,3879,,1,",",0.02871,3862,,1,",:0.9999;Ġthe:0.0001;.:0.0000;-:0.0000;Ġand:0.0000",",:0.0287;.:0.0265;Ġare:0.0255;Ġhave:0.0196;Ċ:0.0163"
they,pronoun,1,0,9930,they,,",",final_logits,",",0.02871,3862,,1,,,,,,",:0.0287;.:0.0265;Ġare:0.0255;Ġhave:0.0196;Ċ:0.0163",
ourselves,pronoun,2,0,454,our,2020,",",emb,our,0.717903,1,54,50088,our,1.0,1,223,48957,our:0.7179;ours:0.0135;ouring:0.0050;oured:0.0044;OUR:0.0044,our:1.0000;ours:0.0000;ouring:0.0000;oured:0.0000;OUR:0.0000
ourselves,pronoun,2,0,454,our,2020,",",layer_1,Ġthe,0.61696,418,13081,2,our,0.042075,1,737,2,"Ġthe:0.6170;,:0.3830;Ġand:0.0000;.:0.0000;Ċ:0.0000","our:0.0421;,:0.0207;Ċ:0.0196;Ġthe:0.0163;g:0.0158"
ourselves,pronoun,2,0,454,our,2020,",",layer_2,",",0.875215,1441,25708,1,",",0.060673,775,21178,1,",:0.8752;Ġthe:0.1248;-:0.0000;Ġand:0.0000;.:0.0000",",:0.0607;Ġthe:0.0490;Ġand:0.0359;Ċ:0.0305;.:0.0258"
ourselves,pronoun,2,0,454,our,2020,",",layer_3,Ġthe,0.980264,2145,42059,2,",",0.028522,2466,44690,1,"Ġthe:0.9803;,:0.0197;):0.0000;%:0.0000;*:0.0000",",:0.0285;Ġthe:0.0270;Ġand:0.0190;Ċ:0.0153;.:0.0147"
ourselves,pronoun,2,0,454,our,2020,",",layer_4,Ġthe,0.989498,2166,42163,2,",",0.028485,2572,45085,1,"Ġthe:0.9895;,:0.0105;):0.0000;%:0.0000;*:0.0000",",:0.0285;Ġthe:0.0271;Ġand:0.0189;Ċ:0.0153;.:0.0147"
ourselves,pronoun,2,0,454,our,2020,",",layer_5,Ġthe,0.990671,2178,42308,2,",",0.028219,2635,45287,1,"Ġthe:0.9907;,:0.0093;):0.0000;%:0.0000;*:0.0000",",:0.0282;Ġthe:0.0269;Ġand:0.0187;Ċ:0.0152;.:0.0146"
ourselves,pronoun,2,0,454,our,2020,",",layer_6,Ġthe,0.989182,2189,42458,2,",",0.027824,2686,45411,1,"Ġthe:0.9892;,:0.0108;):0.0000;%:0.0000;*:0.0000",",:0.0278;Ġthe:0.0264;Ġand:0.0185;Ċ:0.0149;.:0.0145"
ourselves,pronoun,2,0,454,our,2020,",",layer_7,Ġthe,0.985025,2204,42606,2,",",0.027698,2730,45578,1,"Ġthe:0.9850;,:0.0150;):0.0000;%:0.0000;*:0.0000",",:0.0277;Ġthe:0.0261;Ġand:0.0184;Ċ:0.0148;.:0.0144"
ourselves,pronoun,2,0,454,our,2020,",",layer_8,Ġthe,0.980576,2213,42682,2,",",0.027743,2733,45657,1,"Ġthe:0.9806;,:0.0194;):0.0000;%:0.0000;*:0.0000",",:0.0277;Ġthe:0.0260;Ġand:0.0184;Ċ:0.0147;.:0.0144"
ourselves,pronoun,2,0,454,our,2020,",",layer_9,Ġthe,0.961723,2219,42772,2,",",0.028018,2745,45786,1,"Ġthe:0.9617;,:0.0383;):0.0000;%:0.0000;*:0.0000",",:0.0280;Ġthe:0.0260;Ġand:0.0185;Ċ:0.0148;.:0.0145"
ourselves,pronoun,2,0,454,our,2020,",",layer_10,Ġthe,0.938181,2228,42849,2,",",0.028352,2764,45894,1,"Ġthe:0.9382;,:0.0618;):0.0000;%:0.0000;*:0.0000",",:0.0284;Ġthe:0.0261;Ġand:0.0186;Ċ:0.0149;.:0.0148"
ourselves,pronoun,2,0,454,our,2020,",",layer_11,Ġthe,0.845337,2243,42944,2,",",0.028961,2817,46027,1,"Ġthe:0.8453;,:0.1547;):0.0000;%:0.0000;*:0.0000",",:0.0290;Ġthe:0.0263;Ġand:0.0189;.:0.0151;Ċ:0.0149"
ourselves,pronoun,2,0,454,our,2020,",",layer_12,",",0.999209,1106,36423,1,",",0.042351,279,14842,1,",:0.9992;Ġthe:0.0008;.:0.0000;-:0.0000;Ġand:0.0000",",:0.0424;.:0.0351;Ġand:0.0225;Ċ:0.0213;Ġof:0.0209"
ourselves,pronoun,2,0,454,our,2020,",",final_logits,",",0.042351,279,14842,1,,,,,,",:0.0424;.:0.0351;Ġand:0.0225;Ċ:0.0213;Ġof:0.0209",
ourselves,pronoun,2,1,2020,selves,,",",emb,selves,0.999998,1,,50207,selves,1.0,1,,46933,selves:1.0000;Ġselves:0.0000;self:0.0000;etheless:0.0000;theless:0.0000,selves:1.0000;self:0.0000;Ġselves:0.0000;):0.0000;(:0.0000
ourselves,pronoun,2,1,2020,selves,,",",layer_1,selves,0.684291,1,,2,selves,0.999968,1,,6,"selves:0.6843;,:0.2916;.:0.0129;-:0.0079;::0.0017",selves:1.0000;self:0.0000;':0.0000;Ġselves:0.0000;Ġself:0.0000
ourselves,pronoun,2,1,2020,selves,,",",layer_2,selves,0.889073,1,,2,selves,0.9991,1,,5,"selves:0.8891;,:0.1027;.:0.0051;self:0.0017;':0.0004","selves:0.9991;self:0.0008;':0.0000;Ġself:0.0000;,:0.0000"
ourselves,pronoun,2,1,2020,selves,,",",layer_3,selves,0.946193,1,,2,selves,0.998725,1,,3,"selves:0.9462;,:0.0516;.:0.0013;self:0.0005;':0.0001","selves:0.9987;self:0.0009;,:0.0000;Ġsequ:0.0000;Ġcontained:0.0000"
ourselves,pronoun,2,1,2020,selves,,",",layer_4,",",0.959451,2,,1,selves,0.989237,1,,3,",:0.9595;selves:0.0314;.:0.0082;self:0.0007;::0.0001","selves:0.9892;self:0.0067;,:0.0012;Ġcontained:0.0005;.:0.0002"
ourselves,pronoun,2,1,2020,selves,,",",layer_5,",",0.999547,6,,1,selves,0.98391,1,,2,",:0.9995;.:0.0004;-:0.0000;::0.0000;Ġand:0.0000","selves:0.9839;,:0.0040;self:0.0030;Ġcontained:0.0018;Ġproud:0.0004"
ourselves,pronoun,2,1,2020,selves,,",",layer_6,",",0.999645,45,,1,selves,0.962901,1,,2,",:0.9996;.:0.0003;-:0.0000;Ġand:0.0000;::0.0000","selves:0.9629;,:0.0070;self:0.0028;Ġincluded:0.0019;Ġcontained:0.0018"
ourselves,pronoun,2,1,2020,selves,,",",layer_7,",",0.999922,328,,1,",",0.335882,2,,1,",:0.9999;.:0.0001;Ġand:0.0000;-:0.0000;::0.0000",",:0.3359;selves:0.3347;.:0.0494;Ġand:0.0259;Ġincluded:0.0158"
ourselves,pronoun,2,1,2020,selves,,",",layer_8,",",0.999999,1090,,1,",",0.469953,2,,1,",:1.0000;.:0.0000;Ġand:0.0000;-:0.0000;Ġin:0.0000",",:0.4700;selves:0.1652;.:0.0637;Ġand:0.0555;::0.0218"
ourselves,pronoun,2,1,2020,selves,,",",layer_9,",",1.0,1992,,1,",",0.651464,5,,1,",:1.0000;.:0.0000;Ġand:0.0000;-:0.0000;Ġin:0.0000",",:0.6515;.:0.0667;Ġand:0.0589;::0.0267;selves:0.0229"
ourselves,pronoun,2,1,2020,selves,,",",layer_10,",",1.0,3773,,1,",",0.586459,30,,1,",:1.0000;.:0.0000;Ġand:0.0000;-:0.0000;Ġthe:0.0000",",:0.5865;.:0.1014;Ġand:0.0921;::0.0476;;:0.0154"
ourselves,pronoun,2,1,2020,selves,,",",layer_11,",",1.0,12042,,1,",",0.269607,133,,1,",:1.0000;.:0.0000;Ġand:0.0000;Ġthe:0.0000;Ġin:0.0000",",:0.2696;.:0.1351;Ġand:0.0786;"":0.0595;Ġin:0.0281"
ourselves,pronoun,2,1,2020,selves,,",",layer_12,",",1.0,31207,,1,",",0.171554,612,,1,",:1.0000;Ġthe:0.0000;.:0.0000;Ġand:0.0000;-:0.0000",",:0.1716;.:0.1350;Ġand:0.0649;"":0.0326;Ġare:0.0320"
ourselves,pronoun,2,1,2020,selves,,",",final_logits,",",0.171556,612,,1,,,,,,",:0.1716;.:0.1350;Ġand:0.0649;"":0.0326;Ġare:0.0320",
the,determiner,1,0,1169,the,,",",emb,the,0.008726,1,,13400,the,1.0,1,,50254,the:0.0087;there:0.0008;their:0.0007;these:0.0006;those:0.0005,the:1.0000;Ġchalleng:0.0000;Ġmathemat:0.0000;Ġdestro:0.0000;Ġtrave:0.0000
the,determiner,1,0,1169,the,,",",layer_1,Ġthe,0.936854,62,,2,ory,0.018207,40,,12,"Ġthe:0.9369;,:0.0631;-:0.0000;Ġand:0.0000;.:0.0000",ory:0.0182;ories:0.0128;Ġthe:0.0116;Ċ:0.0105;Ġfirst:0.0096
the,determiner,1,0,1169,the,,",",layer_2,Ġthe,0.852798,105,,2,Ġthe,0.046156,224,,2,"Ġthe:0.8528;,:0.1472;-:0.0000;Ġand:0.0000;.:0.0000","Ġthe:0.0462;,:0.0426;Ċ:0.0252;Ġand:0.0246;Ġa:0.0195"
the,determiner,1,0,1169,the,,",",layer_3,Ġthe,0.999041,140,,2,Ġthe,0.025827,310,,2,"Ġthe:0.9990;,:0.0010;):0.0000;%:0.0000;*:0.0000","Ġthe:0.0258;,:0.0255;Ġand:0.0169;Ċ:0.0142;Ġa:0.0133"
the,determiner,1,0,1169,the,,",",layer_4,Ġthe,0.999425,140,,2,Ġthe,0.026101,313,,2,"Ġthe:0.9994;,:0.0006;):0.0000;%:0.0000;*:0.0000","Ġthe:0.0261;,:0.0258;Ġand:0.0171;Ċ:0.0143;Ġa:0.0134"
the,determiner,1,0,1169,the,,",",layer_5,Ġthe,0.999465,142,,2,Ġthe,0.025909,314,,2,"Ġthe:0.9995;,:0.0005;):0.0000;%:0.0000;*:0.0000","Ġthe:0.0259;,:0.0257;Ġand:0.0170;Ċ:0.0143;Ġa:0.0134"
the,determiner,1,0,1169,the,,",",layer_6,Ġthe,0.999324,143,,2,Ġthe,0.02547,317,,2,"Ġthe:0.9993;,:0.0007;):0.0000;%:0.0000;*:0.0000","Ġthe:0.0255;,:0.0254;Ġand:0.0168;Ċ:0.0141;Ġa:0.0132"
the,determiner,1,0,1169,the,,",",layer_7,Ġthe,0.999158,146,,2,",",0.025341,319,,1,"Ġthe:0.9992;,:0.0008;):0.0000;%:0.0000;*:0.0000",",:0.0253;Ġthe:0.0252;Ġand:0.0168;Ċ:0.0139;.:0.0131"
the,determiner,1,0,1169,the,,",",layer_8,Ġthe,0.998907,149,,2,",",0.025394,324,,1,"Ġthe:0.9989;,:0.0011;):0.0000;%:0.0000;*:0.0000",",:0.0254;Ġthe:0.0251;Ġand:0.0168;Ċ:0.0139;.:0.0131"
the,determiner,1,0,1169,the,,",",layer_9,Ġthe,0.998275,150,,2,",",0.02561,325,,1,"Ġthe:0.9983;,:0.0017;):0.0000;%:0.0000;*:0.0000",",:0.0256;Ġthe:0.0251;Ġand:0.0169;Ċ:0.0140;.:0.0133"
the,determiner,1,0,1169,the,,",",layer_10,Ġthe,0.997314,152,,2,",",0.025843,333,,1,"Ġthe:0.9973;,:0.0027;):0.0000;%:0.0000;*:0.0000",",:0.0258;Ġthe:0.0251;Ġand:0.0169;Ċ:0.0140;.:0.0134"
the,determiner,1,0,1169,the,,",",layer_11,Ġthe,0.993826,152,,2,",",0.026328,338,,1,"Ġthe:0.9938;,:0.0062;):0.0000;%:0.0000;*:0.0000",",:0.0263;Ġthe:0.0253;Ġand:0.0172;Ċ:0.0140;.:0.0137"
the,determiner,1,0,1169,the,,",",layer_12,",",0.954237,163,,1,",",0.013533,635,,1,",:0.9542;Ġthe:0.0457;-:0.0000;.:0.0000;Ġand:0.0000",",:0.0135;-:0.0120;Ċ:0.0106;.:0.0098;Ġthe:0.0096"
the,determiner,1,0,1169,the,,",",final_logits,",",0.013533,635,,1,,,,,,",:0.0135;-:0.0120;Ċ:0.0106;.:0.0098;Ġthe:0.0096",
an,determiner,1,0,272,an,,",",emb,an,0.126644,1,,3212,an,1.0,1,,48250,an:0.1266;anian:0.0024;anism:0.0022;ans:0.0016;anan:0.0013,an:1.0000;anian:0.0000;anism:0.0000;anan:0.0000;anos:0.0000
an,determiner,1,0,272,an,,",",layer_1,Ġthe,0.839007,63,,2,Ċ,0.021503,10,,2,"Ġthe:0.8390;,:0.1610;Ġand:0.0000;.:0.0000;Ġa:0.0000","Ċ:0.0215;,:0.0211;Ġthe:0.0188;Ġand:0.0188;ag:0.0089"
an,determiner,1,0,272,an,,",",layer_2,",",0.912358,136,,1,",",0.060251,151,,1,",:0.9124;Ġthe:0.0876;-:0.0000;Ġand:0.0000;.:0.0000",",:0.0603;Ġthe:0.0461;Ġand:0.0370;Ċ:0.0289;.:0.0249"
an,determiner,1,0,272,an,,",",layer_3,Ġthe,0.960114,199,,2,",",0.028052,299,,1,"Ġthe:0.9601;,:0.0399;):0.0000;%:0.0000;*:0.0000",",:0.0281;Ġthe:0.0261;Ġand:0.0188;Ċ:0.0149;.:0.0144"
an,determiner,1,0,272,an,,",",layer_4,Ġthe,0.977655,198,,2,",",0.028155,305,,1,"Ġthe:0.9777;,:0.0223;):0.0000;%:0.0000;*:0.0000",",:0.0282;Ġthe:0.0264;Ġand:0.0188;Ċ:0.0149;.:0.0145"
an,determiner,1,0,272,an,,",",layer_5,Ġthe,0.980238,202,,2,",",0.027911,309,,1,"Ġthe:0.9802;,:0.0198;):0.0000;%:0.0000;*:0.0000",",:0.0279;Ġthe:0.0262;Ġand:0.0187;Ċ:0.0148;.:0.0144"
an,determiner,1,0,272,an,,",",layer_6,Ġthe,0.976265,203,,2,",",0.02753,310,,1,"Ġthe:0.9763;,:0.0237;):0.0000;%:0.0000;*:0.0000",",:0.0275;Ġthe:0.0257;Ġand:0.0184;Ċ:0.0146;.:0.0143"
an,determiner,1,0,272,an,,",",layer_7,Ġthe,0.964102,203,,2,",",0.027406,311,,1,"Ġthe:0.9641;,:0.0359;):0.0000;%:0.0000;*:0.0000",",:0.0274;Ġthe:0.0255;Ġand:0.0183;Ċ:0.0145;.:0.0142"
an,determiner,1,0,272,an,,",",layer_8,Ġthe,0.953773,203,,2,",",0.027421,310,,1,"Ġthe:0.9538;,:0.0462;):0.0000;%:0.0000;*:0.0000",",:0.0274;Ġthe:0.0253;Ġand:0.0183;Ċ:0.0145;.:0.0142"
an,determiner,1,0,272,an,,",",layer_9,Ġthe,0.916876,203,,2,",",0.02766,308,,1,"Ġthe:0.9169;,:0.0831;):0.0000;%:0.0000;*:0.0000",",:0.0277;Ġthe:0.0253;Ġand:0.0184;Ċ:0.0145;.:0.0143"
an,determiner,1,0,272,an,,",",layer_10,Ġthe,0.860193,203,,2,",",0.027992,308,,1,"Ġthe:0.8602;,:0.1398;):0.0000;%:0.0000;*:0.0000",",:0.0280;Ġthe:0.0253;Ġand:0.0185;.:0.0146;Ċ:0.0146"
an,determiner,1,0,272,an,,",",layer_11,Ġthe,0.632105,204,,2,",",0.028626,308,,1,"Ġthe:0.6321;,:0.3679;):0.0000;%:0.0000;*:0.0000",",:0.0286;Ġthe:0.0255;Ġand:0.0189;.:0.0149;Ċ:0.0146"
an,determiner,1,0,272,an,,",",layer_12,",",0.999961,114,,1,",",0.040087,45,,1,",:1.0000;Ġthe:0.0000;.:0.0000;-:0.0000;Ġand:0.0000",",:0.0401;.:0.0309;Ġand:0.0218;Ġof:0.0182;Ċ:0.0178"
an,determiner,1,0,272,an,,",",final_logits,",",0.040087,45,,1,,,,,,",:0.0401;.:0.0309;Ġand:0.0218;Ġof:0.0182;Ċ:0.0178",
this,determiner,1,0,5661,this,,.,emb,this,0.012811,1,,49909,this,1.0,1,,48929,this:0.0128;these:0.0023;THIS:0.0006;theless:0.0004;Ġmathemat:0.0004,this:1.0000;these:0.0000;Ġmathemat:0.0000;Ġchalleng:0.0000;Ġlivest:0.0000
this,determiner,1,0,5661,this,,.,layer_1,",",0.991618,1113,,3,Ċ,0.024763,477,,6,",:0.9916;Ġthe:0.0084;.:0.0000;Ġand:0.0000;Ċ:0.0000","Ċ:0.0248;,:0.0227;Ġis:0.0174;Ġcan:0.0087;::0.0084"
this,determiner,1,0,5661,this,,.,layer_2,",",0.999244,1587,,5,",",0.06283,1972,,5,",:0.9992;Ġthe:0.0008;-:0.0000;Ġand:0.0000;.:0.0000",",:0.0628;Ġthe:0.0407;Ċ:0.0298;Ġand:0.0298;.:0.0274"
this,determiner,1,0,5661,this,,.,layer_3,",",0.786705,1972,,5,",",0.028382,2589,,5,",:0.7867;Ġthe:0.2133;):0.0000;%:0.0000;*:0.0000",",:0.0284;Ġthe:0.0254;Ġand:0.0180;Ċ:0.0150;.:0.0148"
this,determiner,1,0,5661,this,,.,layer_4,",",0.668285,1969,,5,",",0.02849,2605,,5,",:0.6683;Ġthe:0.3317;):0.0000;%:0.0000;*:0.0000",",:0.0285;Ġthe:0.0258;Ġand:0.0181;Ċ:0.0151;.:0.0149"
this,determiner,1,0,5661,this,,.,layer_5,",",0.643553,1972,,5,",",0.028228,2618,,5,",:0.6436;Ġthe:0.3564;):0.0000;%:0.0000;*:0.0000",",:0.0282;Ġthe:0.0256;Ġand:0.0179;Ċ:0.0150;.:0.0148"
this,determiner,1,0,5661,this,,.,layer_6,",",0.722135,1979,,5,",",0.027864,2625,,5,",:0.7221;Ġthe:0.2779;):0.0000;%:0.0000;*:0.0000",",:0.0279;Ġthe:0.0251;Ġand:0.0177;Ċ:0.0148;.:0.0147"
this,determiner,1,0,5661,this,,.,layer_7,",",0.785473,1989,,5,",",0.027738,2630,,5,",:0.7855;Ġthe:0.2145;):0.0000;%:0.0000;*:0.0000",",:0.0277;Ġthe:0.0249;Ġand:0.0177;Ċ:0.0146;.:0.0146"
this,determiner,1,0,5661,this,,.,layer_8,",",0.845209,1992,,5,",",0.027779,2632,,5,",:0.8452;Ġthe:0.1548;):0.0000;%:0.0000;*:0.0000",",:0.0278;Ġthe:0.0248;Ġand:0.0177;Ċ:0.0146;.:0.0145"
this,determiner,1,0,5661,this,,.,layer_9,",",0.910744,1997,,5,",",0.028026,2629,,4,",:0.9107;Ġthe:0.0893;):0.0000;%:0.0000;*:0.0000",",:0.0280;Ġthe:0.0247;Ġand:0.0178;.:0.0147;Ċ:0.0146"
this,determiner,1,0,5661,this,,.,layer_10,",",0.954435,2004,,5,",",0.028378,2649,,4,",:0.9544;Ġthe:0.0456;):0.0000;%:0.0000;*:0.0000",",:0.0284;Ġthe:0.0248;Ġand:0.0179;.:0.0149;Ċ:0.0147"
this,determiner,1,0,5661,this,,.,layer_11,",",0.987859,2015,,5,",",0.029033,2688,,4,",:0.9879;Ġthe:0.0121;):0.0000;%:0.0000;*:0.0000",",:0.0290;Ġthe:0.0249;Ġand:0.0182;.:0.0153;Ċ:0.0148"
this,determiner,1,0,5661,this,,.,layer_12,",",0.999997,1843,,2,.,0.05388,2043,,1,",:1.0000;.:0.0000;Ġthe:0.0000;-:0.0000;Ġand:0.0000",".:0.0539;,:0.0465;Ġis:0.0266;Ċ:0.0196;-:0.0175"
this,determiner,1,0,5661,this,,.,final_logits,.,0.05388,2043,,1,,,,,,".:0.0539;,:0.0465;Ġis:0.0266;Ċ:0.0196;-:0.0175",
and,conjunction,1,0,392,and,,",",emb,and,0.059594,1,,1750,and,1.0,1,,48155,and:0.0596;ands:0.0012;AND:0.0009;ande:0.0008;anders:0.0006,and:1.0000;ands:0.0000;ande:0.0000;AND:0.0000;anders:0.0000
and,conjunction,1,0,392,and,,",",layer_1,Ġthe,0.82004,55,,2,\/,0.023725,6,,3,"Ġthe:0.8200;,:0.1800;-:0.0000;Ġand:0.0000;Ġa:0.0000","\/:0.0237;Ġthe:0.0209;,:0.0161;Ċ:0.0119;/:0.0098"
and,conjunction,1,0,392,and,,",",layer_2,Ġthe,0.721878,120,,2,",",0.055143,169,,1,"Ġthe:0.7219;,:0.2781;-:0.0000;Ġand:0.0000;.:0.0000",",:0.0551;Ġthe:0.0544;Ġand:0.0304;Ċ:0.0237;Ġa:0.0234"
and,conjunction,1,0,392,and,,",",layer_3,Ġthe,0.998852,156,,2,",",0.027352,267,,1,"Ġthe:0.9989;,:0.0011;):0.0000;%:0.0000;*:0.0000",",:0.0274;Ġthe:0.0273;Ġand:0.0179;Ċ:0.0141;Ġa:0.0141"
and,conjunction,1,0,392,and,,",",layer_4,Ġthe,0.999352,156,,2,",",0.027486,270,,1,"Ġthe:0.9994;,:0.0006;):0.0000;%:0.0000;*:0.0000",",:0.0275;Ġthe:0.0274;Ġand:0.0180;Ċ:0.0143;Ġa:0.0142"
and,conjunction,1,0,392,and,,",",layer_5,Ġthe,0.999428,156,,2,",",0.027289,274,,1,"Ġthe:0.9994;,:0.0006;):0.0000;%:0.0000;*:0.0000",",:0.0273;Ġthe:0.0272;Ġand:0.0178;Ċ:0.0142;Ġa:0.0141"
and,conjunction,1,0,392,and,,",",layer_6,Ġthe,0.999279,158,,2,",",0.026944,276,,1,"Ġthe:0.9993;,:0.0007;):0.0000;%:0.0000;*:0.0000",",:0.0269;Ġthe:0.0267;Ġand:0.0176;Ċ:0.0140;Ġa:0.0139"
and,conjunction,1,0,392,and,,",",layer_7,Ġthe,0.998974,158,,2,",",0.026839,277,,1,"Ġthe:0.9990;,:0.0010;):0.0000;%:0.0000;*:0.0000",",:0.0268;Ġthe:0.0264;Ġand:0.0175;Ċ:0.0139;.:0.0138"
and,conjunction,1,0,392,and,,",",layer_8,Ġthe,0.998712,158,,2,",",0.026874,277,,1,"Ġthe:0.9987;,:0.0013;):0.0000;%:0.0000;*:0.0000",",:0.0269;Ġthe:0.0263;Ġand:0.0175;Ċ:0.0139;.:0.0138"
and,conjunction,1,0,392,and,,",",layer_9,Ġthe,0.997671,158,,2,",",0.027134,277,,1,"Ġthe:0.9977;,:0.0023;):0.0000;%:0.0000;*:0.0000",",:0.0271;Ġthe:0.0263;Ġand:0.0177;Ċ:0.0139;.:0.0139"
and,conjunction,1,0,392,and,,",",layer_10,Ġthe,0.996819,159,,2,",",0.027437,279,,1,"Ġthe:0.9968;,:0.0032;):0.0000;%:0.0000;*:0.0000",",:0.0274;Ġthe:0.0264;Ġand:0.0178;.:0.0141;Ċ:0.0139"
and,conjunction,1,0,392,and,,",",layer_11,Ġthe,0.993283,159,,2,",",0.028,280,,1,"Ġthe:0.9933;,:0.0067;):0.0000;%:0.0000;*:0.0000",",:0.0280;Ġthe:0.0266;Ġand:0.0181;.:0.0144;Ċ:0.0140"
and,conjunction,1,0,392,and,,",",layer_12,",",0.919366,121,,1,",",0.033324,165,,1,",:0.9194;Ġthe:0.0806;-:0.0000;.:0.0000;Ġand:0.0000",",:0.0333;Ġthe:0.0238;.:0.0219;-:0.0181;Ġand:0.0165"
and,conjunction,1,0,392,and,,",",final_logits,",",0.033324,165,,1,,,,,,",:0.0333;Ġthe:0.0238;.:0.0219;-:0.0181;Ġand:0.0165",
but,conjunction,1,0,4360,but,,Ġthe,emb,but,0.079029,1,,50176,but,1.0,1,,49388,but:0.0790;BUT:0.0048;yet:0.0010;though:0.0008;although:0.0007,but:1.0000;BUT:0.0000;Ġchalleng:0.0000;Ġmathemat:0.0000;yet:0.0000
but,conjunction,1,0,4360,but,,Ġthe,layer_1,Ġthe,0.964985,1697,,1,Ġthe,0.04432,2388,,1,"Ġthe:0.9650;,:0.0350;Ġand:0.0000;Ġa:0.0000;Ċ:0.0000","Ġthe:0.0443;,:0.0235;ĠI:0.0207;Ċ:0.0190;Ġa:0.0113"
but,conjunction,1,0,4360,but,,Ġthe,layer_2,Ġthe,0.989086,1490,,1,Ġthe,0.066242,2477,,1,"Ġthe:0.9891;,:0.0109;-:0.0000;Ġand:0.0000;Ġa:0.0000","Ġthe:0.0662;,:0.0562;Ġand:0.0298;Ġa:0.0266;Ċ:0.0261"
but,conjunction,1,0,4360,but,,Ġthe,layer_3,Ġthe,0.999965,1711,,1,Ġthe,0.028887,2536,,1,"Ġthe:1.0000;,:0.0000;):0.0000;%:0.0000;*:0.0000","Ġthe:0.0289;,:0.0277;Ġand:0.0180;Ġa:0.0147;Ċ:0.0146"
but,conjunction,1,0,4360,but,,Ġthe,layer_4,Ġthe,0.999981,1707,,1,Ġthe,0.028931,2555,,1,"Ġthe:1.0000;,:0.0000;):0.0000;%:0.0000;*:0.0000","Ġthe:0.0289;,:0.0278;Ġand:0.0181;Ġa:0.0147;Ċ:0.0147"
but,conjunction,1,0,4360,but,,Ġthe,layer_5,Ġthe,0.999982,1708,,1,Ġthe,0.028552,2545,,1,"Ġthe:1.0000;,:0.0000;):0.0000;%:0.0000;*:0.0000","Ġthe:0.0286;,:0.0276;Ġand:0.0180;Ġa:0.0146;Ċ:0.0146"
but,conjunction,1,0,4360,but,,Ġthe,layer_6,Ġthe,0.999974,1710,,1,Ġthe,0.027982,2521,,1,"Ġthe:1.0000;,:0.0000;):0.0000;%:0.0000;*:0.0000","Ġthe:0.0280;,:0.0273;Ġand:0.0177;Ċ:0.0144;Ġa:0.0144"
but,conjunction,1,0,4360,but,,Ġthe,layer_7,Ġthe,0.999962,1711,,1,Ġthe,0.027655,2494,,1,"Ġthe:1.0000;,:0.0000;):0.0000;%:0.0000;*:0.0000","Ġthe:0.0277;,:0.0272;Ġand:0.0177;Ċ:0.0142;Ġa:0.0142"
but,conjunction,1,0,4360,but,,Ġthe,layer_8,Ġthe,0.999954,1712,,1,Ġthe,0.027532,2472,,1,"Ġthe:1.0000;,:0.0000;):0.0000;%:0.0000;*:0.0000","Ġthe:0.0275;,:0.0272;Ġand:0.0177;Ċ:0.0142;Ġa:0.0142"
but,conjunction,1,0,4360,but,,Ġthe,layer_9,Ġthe,0.999923,1714,,1,Ġthe,0.027523,2430,,1,"Ġthe:0.9999;,:0.0001;):0.0000;%:0.0000;*:0.0000","Ġthe:0.0275;,:0.0274;Ġand:0.0178;Ċ:0.0142;Ġa:0.0142"
but,conjunction,1,0,4360,but,,Ġthe,layer_10,Ġthe,0.999908,1709,,1,",",0.027758,2396,,2,"Ġthe:0.9999;,:0.0001;):0.0000;%:0.0000;*:0.0000",",:0.0278;Ġthe:0.0277;Ġand:0.0179;Ġa:0.0143;Ċ:0.0143"
but,conjunction,1,0,4360,but,,Ġthe,layer_11,Ġthe,0.999835,1704,,1,",",0.028348,2354,,2,"Ġthe:0.9998;,:0.0002;):0.0000;%:0.0000;*:0.0000",",:0.0283;Ġthe:0.0280;Ġand:0.0182;Ġa:0.0145;.:0.0143"
but,conjunction,1,0,4360,but,,Ġthe,layer_12,Ġthe,0.797456,1363,,1,Ġthe,0.039857,1285,,1,"Ġthe:0.7975;,:0.2025;-:0.0000;Ġa:0.0000;.:0.0000","Ġthe:0.0399;,:0.0390;Ġa:0.0191;.:0.0185;Ġand:0.0167"
but,conjunction,1,0,4360,but,,Ġthe,final_logits,Ġthe,0.039857,1285,,1,,,,,,"Ġthe:0.0399;,:0.0390;Ġa:0.0191;.:0.0185;Ġand:0.0167",
although,conjunction,1,0,16670,although,,Ġthe,emb,although,0.035563,1,,50251,although,1.0,1,,49216,although:0.0356;though:0.0049;theless:0.0029;albeit:0.0024;despite:0.0023,although:1.0000;though:0.0000;theless:0.0000;despite:0.0000;Ġmathemat:0.0000
although,conjunction,1,0,16670,although,,Ġthe,layer_1,Ġthe,0.987823,5890,,1,Ġthe,0.119718,1840,,1,"Ġthe:0.9878;,:0.0122;Ġa:0.0000;Ċ:0.0000;Ġand:0.0000","Ġthe:0.1197;,:0.0362;Ċ:0.0215;Ġwhich:0.0212;ĠI:0.0194"
although,conjunction,1,0,16670,although,,Ġthe,layer_2,Ġthe,0.999593,11042,,1,Ġthe,0.081381,11694,,1,"Ġthe:0.9996;,:0.0004;-:0.0000;Ġand:0.0000;Ġa:0.0000","Ġthe:0.0814;,:0.0562;Ġa:0.0297;Ġand:0.0282;Ċ:0.0250"
although,conjunction,1,0,16670,although,,Ġthe,layer_3,Ġthe,0.999998,13399,,1,Ġthe,0.030415,16415,,1,"Ġthe:1.0000;,:0.0000;):0.0000;%:0.0000;*:0.0000","Ġthe:0.0304;,:0.0277;Ġand:0.0178;Ġa:0.0151;Ċ:0.0144"
although,conjunction,1,0,16670,although,,Ġthe,layer_4,Ġthe,0.999999,13440,,1,Ġthe,0.03037,16636,,1,"Ġthe:1.0000;,:0.0000;):0.0000;%:0.0000;*:0.0000","Ġthe:0.0304;,:0.0278;Ġand:0.0179;Ġa:0.0151;Ċ:0.0145"
although,conjunction,1,0,16670,although,,Ġthe,layer_5,Ġthe,0.999999,13489,,1,Ġthe,0.02988,16775,,1,"Ġthe:1.0000;,:0.0000;):0.0000;%:0.0000;*:0.0000","Ġthe:0.0299;,:0.0276;Ġand:0.0178;Ġa:0.0150;Ċ:0.0144"
although,conjunction,1,0,16670,although,,Ġthe,layer_6,Ġthe,0.999999,13563,,1,Ġthe,0.02925,16912,,1,"Ġthe:1.0000;,:0.0000;):0.0000;%:0.0000;*:0.0000","Ġthe:0.0292;,:0.0273;Ġand:0.0175;Ġa:0.0147;Ċ:0.0142"
although,conjunction,1,0,16670,although,,Ġthe,layer_7,Ġthe,0.999998,13603,,1,Ġthe,0.028876,17011,,1,"Ġthe:1.0000;,:0.0000;):0.0000;%:0.0000;*:0.0000","Ġthe:0.0289;,:0.0272;Ġand:0.0175;Ġa:0.0146;Ċ:0.0140"
although,conjunction,1,0,16670,although,,Ġthe,layer_8,Ġthe,0.999998,13653,,1,Ġthe,0.028742,17081,,1,"Ġthe:1.0000;,:0.0000;):0.0000;%:0.0000;*:0.0000","Ġthe:0.0287;,:0.0272;Ġand:0.0175;Ġa:0.0145;Ċ:0.0140"
although,conjunction,1,0,16670,although,,Ġthe,layer_9,Ġthe,0.999997,13707,,1,Ġthe,0.028736,17163,,1,"Ġthe:1.0000;,:0.0000;):0.0000;%:0.0000;*:0.0000","Ġthe:0.0287;,:0.0274;Ġand:0.0176;Ġa:0.0146;Ċ:0.0140"
although,conjunction,1,0,16670,although,,Ġthe,layer_10,Ġthe,0.999997,13772,,1,Ġthe,0.028916,17392,,1,"Ġthe:1.0000;,:0.0000;):0.0000;%:0.0000;*:0.0000","Ġthe:0.0289;,:0.0277;Ġand:0.0177;Ġa:0.0147;Ċ:0.0141"
although,conjunction,1,0,16670,although,,Ġthe,layer_11,Ġthe,0.999994,13844,,1,Ġthe,0.029298,17701,,1,"Ġthe:1.0000;,:0.0000;):0.0000;%:0.0000;*:0.0000","Ġthe:0.0293;,:0.0283;Ġand:0.0180;Ġa:0.0149;Ċ:0.0141"
although,conjunction,1,0,16670,although,,Ġthe,layer_12,Ġthe,0.996721,10661,,1,Ġthe,0.067766,15600,,1,"Ġthe:0.9967;,:0.0033;Ġa:0.0000;.:0.0000;-:0.0000","Ġthe:0.0678;,:0.0393;Ġa:0.0257;Ġof:0.0159;.:0.0143"
although,conjunction,1,0,16670,although,,Ġthe,final_logits,Ġthe,0.067766,15600,,1,,,,,,"Ġthe:0.0678;,:0.0393;Ġa:0.0257;Ġof:0.0159;.:0.0143",
hello,interjection,1,0,31373,hello,,",",emb,hello,0.991405,1,,50253,hello,1.0,1,,49393,hello:0.9914;Ġhello:0.0001;Hello:0.0001;ĠHello:0.0000;Ġgoodbye:0.0000,hello:1.0000;Ġhello:0.0000;Hello:0.0000;Ġmathemat:0.0000;Ġdestro:0.0000
hello,interjection,1,0,31373,hello,,",",layer_1,",",0.99488,7782,,1,",",0.073506,64,,1,",:0.9949;Ġthe:0.0051;Ġand:0.0000;.:0.0000;-:0.0000",",:0.0735;Ċ:0.0476;Ġthe:0.0259;Ġand:0.0173;.:0.0172"
hello,interjection,1,0,31373,hello,,",",layer_2,",",0.999762,24416,,1,",",0.079208,15702,,1,",:0.9998;Ġthe:0.0002;-:0.0000;Ġand:0.0000;.:0.0000",",:0.0792;Ġthe:0.0502;Ġand:0.0358;Ċ:0.0335;.:0.0325"
hello,interjection,1,0,31373,hello,,",",layer_3,",",0.862685,31406,,1,",",0.030168,35555,,1,",:0.8627;Ġthe:0.1373;):0.0000;%:0.0000;*:0.0000",",:0.0302;Ġthe:0.0271;Ġand:0.0189;Ċ:0.0156;.:0.0155"
hello,interjection,1,0,31373,hello,,",",layer_4,",",0.777469,31478,,1,",",0.030122,36116,,1,",:0.7775;Ġthe:0.2225;):0.0000;%:0.0000;*:0.0000",",:0.0301;Ġthe:0.0273;Ġand:0.0189;Ċ:0.0157;.:0.0155"
hello,interjection,1,0,31373,hello,,",",layer_5,",",0.754282,31589,,1,",",0.029726,36491,,1,",:0.7543;Ġthe:0.2457;):0.0000;%:0.0000;*:0.0000",",:0.0297;Ġthe:0.0270;Ġand:0.0187;Ċ:0.0155;.:0.0154"
hello,interjection,1,0,31373,hello,,",",layer_6,",",0.822153,31667,,1,",",0.029301,36675,,1,",:0.8222;Ġthe:0.1778;):0.0000;%:0.0000;*:0.0000",",:0.0293;Ġthe:0.0265;Ġand:0.0185;Ċ:0.0153;.:0.0152"
hello,interjection,1,0,31373,hello,,",",layer_7,",",0.884539,31751,,1,",",0.029171,36899,,1,",:0.8845;Ġthe:0.1155;):0.0000;%:0.0000;*:0.0000",",:0.0292;Ġthe:0.0262;Ġand:0.0184;.:0.0151;Ċ:0.0151"
hello,interjection,1,0,31373,hello,,",",layer_8,",",0.91492,31813,,1,",",0.029192,36979,,1,",:0.9149;Ġthe:0.0851;):0.0000;%:0.0000;*:0.0000",",:0.0292;Ġthe:0.0261;Ġand:0.0184;.:0.0151;Ċ:0.0151"
hello,interjection,1,0,31373,hello,,",",layer_9,",",0.957098,31832,,1,",",0.029488,36871,,1,",:0.9571;Ġthe:0.0429;):0.0000;%:0.0000;*:0.0000",",:0.0295;Ġthe:0.0261;Ġand:0.0185;.:0.0153;Ċ:0.0151"
hello,interjection,1,0,31373,hello,,",",layer_10,",",0.977602,31777,,1,",",0.02989,36561,,1,",:0.9776;Ġthe:0.0224;):0.0000;%:0.0000;*:0.0000",",:0.0299;Ġthe:0.0261;Ġand:0.0186;.:0.0155;Ċ:0.0152"
hello,interjection,1,0,31373,hello,,",",layer_11,",",0.995727,31660,,1,",",0.030746,35895,,1,",:0.9957;Ġthe:0.0043;):0.0000;%:0.0000;*:0.0000",",:0.0307;Ġthe:0.0263;Ġand:0.0189;.:0.0160;Ċ:0.0153"
hello,interjection,1,0,31373,hello,,",",layer_12,",",1.0,12813,,1,",",0.129969,4131,,1,",:1.0000;.:0.0000;Ġthe:0.0000;-:0.0000;Ġand:0.0000",",:0.1300;.:0.0953;Ċ:0.0380;-:0.0299;Ġand:0.0270"
hello,interjection,1,0,31373,hello,,",",final_logits,",",0.129969,4131,,1,,,,,,",:0.1300;.:0.0953;Ċ:0.0380;-:0.0299;Ġand:0.0270",
wow,interjection,1,0,42773,wow,,.,emb,wow,0.985162,1,,50235,wow,1.0,1,,48136,wow:0.9852;Ġwow:0.0002;Wow:0.0001;ĠWow:0.0001;yip:0.0000,wow:1.0000;Ġwow:0.0000;Wow:0.0000;ĠWow:0.0000;Ġchalleng:0.0000
wow,interjection,1,0,42773,wow,,.,layer_1,",",0.971838,15349,,5,",",0.054298,490,,4,",:0.9718;Ġthe:0.0282;Ġand:0.0000;-:0.0000;.:0.0000",",:0.0543;Ċ:0.0201;Ġand:0.0184;.:0.0158;Ġthe:0.0149"
wow,interjection,1,0,42773,wow,,.,layer_2,",",0.996678,32041,,5,",",0.072405,23268,,4,",:0.9967;Ġthe:0.0033;-:0.0000;Ġand:0.0000;.:0.0000",",:0.0724;Ġthe:0.0473;Ġand:0.0369;.:0.0315;Ċ:0.0301"
wow,interjection,1,0,42773,wow,,.,layer_3,Ġthe,0.583826,30099,,5,",",0.029512,33566,,4,"Ġthe:0.5838;,:0.4162;):0.0000;%:0.0000;*:0.0000",",:0.0295;Ġthe:0.0266;Ġand:0.0190;.:0.0154;Ċ:0.0152"
wow,interjection,1,0,42773,wow,,.,layer_4,Ġthe,0.726183,30137,,5,",",0.029502,33954,,4,"Ġthe:0.7262;,:0.2738;):0.0000;%:0.0000;*:0.0000",",:0.0295;Ġthe:0.0268;Ġand:0.0190;.:0.0154;Ċ:0.0152"
wow,interjection,1,0,42773,wow,,.,layer_5,Ġthe,0.757391,30133,,5,",",0.029158,34196,,4,"Ġthe:0.7574;,:0.2426;):0.0000;%:0.0000;*:0.0000",",:0.0292;Ġthe:0.0266;Ġand:0.0188;.:0.0153;Ċ:0.0151"
wow,interjection,1,0,42773,wow,,.,layer_6,Ġthe,0.684,30017,,5,",",0.028766,34030,,4,"Ġthe:0.6840;,:0.3160;):0.0000;%:0.0000;*:0.0000",",:0.0288;Ġthe:0.0261;Ġand:0.0185;.:0.0151;Ċ:0.0149"
wow,interjection,1,0,42773,wow,,.,layer_7,Ġthe,0.575051,29907,,5,",",0.028634,33752,,4,"Ġthe:0.5751;,:0.4249;):0.0000;%:0.0000;*:0.0000",",:0.0286;Ġthe:0.0258;Ġand:0.0184;.:0.0150;Ċ:0.0147"
wow,interjection,1,0,42773,wow,,.,layer_8,Ġthe,0.516535,29797,,5,",",0.028645,33289,,4,"Ġthe:0.5165;,:0.4835;):0.0000;%:0.0000;*:0.0000",",:0.0286;Ġthe:0.0257;Ġand:0.0184;.:0.0150;Ċ:0.0147"
wow,interjection,1,0,42773,wow,,.,layer_9,",",0.650689,29668,,5,",",0.02892,32760,,4,",:0.6507;Ġthe:0.3493;):0.0000;%:0.0000;*:0.0000",",:0.0289;Ġthe:0.0257;Ġand:0.0185;.:0.0152;Ċ:0.0147"
wow,interjection,1,0,42773,wow,,.,layer_10,",",0.779196,29548,,5,",",0.029302,32406,,4,",:0.7792;Ġthe:0.2208;):0.0000;%:0.0000;*:0.0000",",:0.0293;Ġthe:0.0258;Ġand:0.0187;.:0.0154;Ċ:0.0148"
wow,interjection,1,0,42773,wow,,.,layer_11,",",0.943867,29341,,5,",",0.030098,31599,,4,",:0.9439;Ġthe:0.0561;):0.0000;%:0.0000;*:0.0000",",:0.0301;Ġthe:0.0260;Ġand:0.0190;.:0.0159;Ċ:0.0148"
wow,interjection,1,0,42773,wow,,.,layer_12,",",0.999999,12647,,2,.,0.074821,3315,,1,",:1.0000;.:0.0000;Ġthe:0.0000;-:0.0000;Ġand:0.0000",".:0.0748;,:0.0718;-:0.0293;Ġand:0.0234;Ċ:0.0209"
wow,interjection,1,0,42773,wow,,.,final_logits,.,0.074821,3315,,1,,,,,,".:0.0748;,:0.0718;-:0.0293;Ġand:0.0234;Ċ:0.0209",
hmm,interjection,2,0,71,h,3020,.,emb,h,0.118005,1,927,1049,h,1.0,1,2594,37899,h:0.1180;hin:0.0023;hm:0.0015;ha:0.0012;hs:0.0011,h:1.0000;hin:0.0000;hm:0.0000;hur:0.0000;hn:0.0000
hmm,interjection,2,0,71,h,3020,.,layer_1,",",0.95125,52,3421,5,g,0.040547,4,2845,10,",:0.9513;Ġthe:0.0487;Ġand:0.0000;-:0.0000;.:0.0000","g:0.0405;Ċ:0.0233;,:0.0221;h:0.0187;anks:0.0150"
hmm,interjection,2,0,71,h,3020,.,layer_2,",",0.985134,155,3528,5,",",0.062099,121,3321,5,",:0.9851;Ġthe:0.0149;-:0.0000;Ġand:0.0000;.:0.0000",",:0.0621;Ġthe:0.0424;Ġand:0.0362;Ċ:0.0331;.:0.0314"
hmm,interjection,2,0,71,h,3020,.,layer_3,Ġthe,0.876766,190,3746,5,",",0.028154,244,4677,5,"Ġthe:0.8768;,:0.1232;):0.0000;%:0.0000;*:0.0000",",:0.0282;Ġthe:0.0257;Ġand:0.0187;Ċ:0.0154;.:0.0152"
hmm,interjection,2,0,71,h,3020,.,layer_4,Ġthe,0.925348,190,3749,5,",",0.028275,249,4731,5,"Ġthe:0.9253;,:0.0747;):0.0000;%:0.0000;*:0.0000",",:0.0283;Ġthe:0.0260;Ġand:0.0187;Ċ:0.0155;.:0.0152"
hmm,interjection,2,0,71,h,3020,.,layer_5,Ġthe,0.936518,190,3759,5,",",0.028023,255,4778,5,"Ġthe:0.9365;,:0.0635;):0.0000;%:0.0000;*:0.0000",",:0.0280;Ġthe:0.0259;Ġand:0.0185;Ċ:0.0153;.:0.0151"
hmm,interjection,2,0,71,h,3020,.,layer_6,Ġthe,0.921887,190,3762,5,",",0.02765,258,4809,5,"Ġthe:0.9219;,:0.0781;):0.0000;%:0.0000;*:0.0000",",:0.0276;Ġthe:0.0254;Ġand:0.0183;Ċ:0.0151;.:0.0150"
hmm,interjection,2,0,71,h,3020,.,layer_7,Ġthe,0.89296,191,3767,5,",",0.027508,258,4821,5,"Ġthe:0.8930;,:0.1070;):0.0000;%:0.0000;*:0.0000",",:0.0275;Ġthe:0.0252;Ġand:0.0182;Ċ:0.0149;.:0.0149"
hmm,interjection,2,0,71,h,3020,.,layer_8,Ġthe,0.85315,192,3767,5,",",0.027514,257,4797,5,"Ġthe:0.8531;,:0.1469;):0.0000;%:0.0000;*:0.0000",",:0.0275;Ġthe:0.0250;Ġand:0.0182;Ċ:0.0149;.:0.0149"
hmm,interjection,2,0,71,h,3020,.,layer_9,Ġthe,0.740033,192,3761,5,",",0.027768,258,4742,4,"Ġthe:0.7400;,:0.2600;):0.0000;%:0.0000;*:0.0000",",:0.0278;Ġthe:0.0250;Ġand:0.0183;.:0.0150;Ċ:0.0149"
hmm,interjection,2,0,71,h,3020,.,layer_10,Ġthe,0.577376,191,3751,5,",",0.028129,255,4712,4,"Ġthe:0.5774;,:0.4226;):0.0000;%:0.0000;*:0.0000",",:0.0281;Ġthe:0.0250;Ġand:0.0184;.:0.0153;Ċ:0.0150"
hmm,interjection,2,0,71,h,3020,.,layer_11,",",0.735831,192,3744,5,",",0.028797,250,4676,4,",:0.7358;Ġthe:0.2642;):0.0000;%:0.0000;*:0.0000",",:0.0288;Ġthe:0.0251;Ġand:0.0187;.:0.0157;Ċ:0.0151"
hmm,interjection,2,0,71,h,3020,.,layer_12,",",0.999997,134,2557,3,.,0.057117,41,931,1,",:1.0000;Ġthe:0.0000;.:0.0000;-:0.0000;Ġand:0.0000",".:0.0571;,:0.0381;Ċ:0.0225;-:0.0197;Ġand:0.0155"
hmm,interjection,2,0,71,h,3020,.,final_logits,.,0.057117,41,931,1,,,,,,".:0.0571;,:0.0381;Ċ:0.0225;-:0.0197;Ġand:0.0155",
hmm,interjection,2,1,3020,mm,,",",emb,mm,0.212257,1,,49883,mm,1.0,1,,48206,mm:0.2123;Ġmm:0.0072;mmmm:0.0017;MM:0.0015;mmm:0.0011,mm:1.0000;Ġmm:0.0000;mmmm:0.0000;MM:0.0000;mmm:0.0000
hmm,interjection,2,1,3020,mm,,",",layer_1,",",0.616401,2,,1,mm,0.833166,1,,79,",:0.6164;mm:0.1313;.:0.0781;Ġand:0.0481;-:0.0442",mm:0.8332;uzzle:0.0162;ph:0.0132;di:0.0113;med:0.0075
hmm,interjection,2,1,3020,mm,,",",layer_2,mm,0.961742,1,,3,mm,0.826094,1,,106,"mm:0.9617;i:0.0086;,:0.0080;n:0.0053;.:0.0031",mm:0.8261;ot:0.0157;mmm:0.0118;ming:0.0105;med:0.0102
hmm,interjection,2,1,3020,mm,,",",layer_3,",",0.568843,5,,1,mm,0.436253,1,,46,",:0.5688;i:0.2840;n:0.0384;.:0.0381;mm:0.0341",mm:0.4363;mmm:0.1106;ot:0.0622;i:0.0462;ph:0.0400
hmm,interjection,2,1,3020,mm,,",",layer_4,n,0.436548,2,,3,mmm,0.602096,2,,77,"n:0.4365;mm:0.3101;,:0.1586;i:0.0490;mmm:0.0174",mmm:0.6021;mm:0.1461;ases:0.0338;uzzle:0.0232;ph:0.0205
hmm,interjection,2,1,3020,mm,,",",layer_5,",",0.845599,6,,1,mmm,0.639268,2,,25,",:0.8456;n:0.1345;i:0.0102;-:0.0044;.:0.0039",mmm:0.6393;mm:0.1085;n:0.0483;ph:0.0236;uzzle:0.0216
hmm,interjection,2,1,3020,mm,,",",layer_6,",",0.996385,24,,1,mmm,0.819497,2,,6,",:0.9964;.:0.0022;-:0.0012;n:0.0002;Ċ:0.0000",mmm:0.8195;mm:0.0294;n:0.0263;ox:0.0115;ph:0.0109
hmm,interjection,2,1,3020,mm,,",",layer_7,",",0.998951,38,,1,mmm,0.938208,2,,12,",:0.9990;.:0.0009;-:0.0001;n:0.0000;i:0.0000",mmm:0.9382;mm:0.0107;n:0.0094;ox:0.0033;ph:0.0018
hmm,interjection,2,1,3020,mm,,",",layer_8,",",0.999861,52,,1,mmm,0.977395,2,,8,",:0.9999;.:0.0001;-:0.0000;Ġ(:0.0000;ĠI:0.0000",mmm:0.9774;mm:0.0052;ph:0.0024;ooo:0.0016;n:0.0011
hmm,interjection,2,1,3020,mm,,",",layer_9,",",0.999975,124,,1,mmm,0.987446,2,,5,",:1.0000;.:0.0000;-:0.0000;Ġand:0.0000;Ġthe:0.0000","mmm:0.9874;mm:0.0020;ph:0.0014;hh:0.0007;,:0.0006"
hmm,interjection,2,1,3020,mm,,",",layer_10,",",0.999999,213,,1,mmm,0.984295,4,,6,",:1.0000;.:0.0000;-:0.0000;Ġand:0.0000;Ġa:0.0000",mmm:0.9843;...:0.0020;ph:0.0014;mm:0.0013;âĢ¦:0.0012
hmm,interjection,2,1,3020,mm,,",",layer_11,",",1.0,582,,1,mmm,0.313673,6,,2,",:1.0000;.:0.0000;-:0.0000;Ġthe:0.0000;Ġand:0.0000","mmm:0.3137;,:0.2174;.:0.0946;...:0.0257;âĢ¦:0.0211"
hmm,interjection,2,1,3020,mm,,",",layer_12,",",1.0,1355,,1,",",0.205464,10,,1,",:1.0000;.:0.0000;Ġthe:0.0000;-:0.0000;Ġa:0.0000",",:0.2055;.:0.1692;âĢ¦:0.0411;...:0.0373;mmm:0.0308"
hmm,interjection,2,1,3020,mm,,",",final_logits,",",0.205464,10,,1,,,,,,",:0.2055;.:0.1692;âĢ¦:0.0411;...:0.0373;mmm:0.0308",
seven,number,1,0,26548,seven,,",",emb,seven,0.042182,1,,50254,seven,1.0,1,,50160,seven:0.0422;nine:0.0052;eight:0.0034;five:0.0029;six:0.0022,seven:1.0000;nine:0.0000;five:0.0000;eight:0.0000;three:0.0000
seven,number,1,0,26548,seven,,",",layer_1,",",0.901002,8170,,1,",",0.037528,1310,,1,",:0.9010;Ġthe:0.0990;Ġand:0.0000;.:0.0000;-:0.0000",",:0.0375;Ġand:0.0221;Ġof:0.0159;Ġ(:0.0143;Ċ:0.0143"
seven,number,1,0,26548,seven,,",",layer_2,",",0.99892,10278,,1,",",0.066417,10941,,1,",:0.9989;Ġthe:0.0011;-:0.0000;Ġand:0.0000;.:0.0000",",:0.0664;Ġthe:0.0395;Ġand:0.0360;.:0.0288;Ċ:0.0252"
seven,number,1,0,26548,seven,,",",layer_3,",",0.827967,15323,,1,",",0.028735,22352,,1,",:0.8280;Ġthe:0.1720;):0.0000;%:0.0000;*:0.0000",",:0.0287;Ġthe:0.0251;Ġand:0.0187;.:0.0148;Ċ:0.0143"
seven,number,1,0,26548,seven,,",",layer_4,",",0.739469,15296,,1,",",0.028829,22724,,1,",:0.7395;Ġthe:0.2605;):0.0000;%:0.0000;*:0.0000",",:0.0288;Ġthe:0.0255;Ġand:0.0187;.:0.0149;Ċ:0.0145"
seven,number,1,0,26548,seven,,",",layer_5,",",0.694769,15354,,1,",",0.02854,23018,,1,",:0.6948;Ġthe:0.3052;):0.0000;%:0.0000;*:0.0000",",:0.0285;Ġthe:0.0253;Ġand:0.0186;.:0.0148;Ċ:0.0144"
seven,number,1,0,26548,seven,,",",layer_6,",",0.760917,15413,,1,",",0.028157,23175,,1,",:0.7609;Ġthe:0.2391;):0.0000;%:0.0000;*:0.0000",",:0.0282;Ġthe:0.0249;Ġand:0.0183;.:0.0147;Ċ:0.0142"
seven,number,1,0,26548,seven,,",",layer_7,",",0.834002,15455,,1,",",0.028023,23241,,1,",:0.8340;Ġthe:0.1660;):0.0000;%:0.0000;*:0.0000",",:0.0280;Ġthe:0.0247;Ġand:0.0182;.:0.0146;Ċ:0.0141"
seven,number,1,0,26548,seven,,",",layer_8,",",0.874533,15488,,1,",",0.028035,23244,,1,",:0.8745;Ġthe:0.1255;):0.0000;%:0.0000;*:0.0000",",:0.0280;Ġthe:0.0246;Ġand:0.0182;.:0.0146;Ċ:0.0140"
seven,number,1,0,26548,seven,,",",layer_9,",",0.935538,15497,,1,",",0.028298,23056,,1,",:0.9355;Ġthe:0.0645;):0.0000;%:0.0000;*:0.0000",",:0.0283;Ġthe:0.0245;Ġand:0.0183;.:0.0147;Ċ:0.0141"
seven,number,1,0,26548,seven,,",",layer_10,",",0.968768,15474,,1,",",0.02865,22815,,1,",:0.9688;Ġthe:0.0312;):0.0000;%:0.0000;*:0.0000",",:0.0286;Ġthe:0.0245;Ġand:0.0185;.:0.0149;Ċ:0.0141"
seven,number,1,0,26548,seven,,",",layer_11,",",0.992916,15473,,1,",",0.02933,22545,,1,",:0.9929;Ġthe:0.0071;):0.0000;%:0.0000;*:0.0000",",:0.0293;Ġthe:0.0247;Ġand:0.0188;.:0.0153;Ċ:0.0141"
seven,number,1,0,26548,seven,,",",layer_12,",",0.999999,8850,,1,",",0.057957,5007,,1,",:1.0000;-:0.0000;.:0.0000;Ġthe:0.0000;Ġand:0.0000",",:0.0580;.:0.0454;-:0.0302;Ġof:0.0259;Ġand:0.0231"
seven,number,1,0,26548,seven,,",",final_logits,",",0.057957,5007,,1,,,,,,",:0.0580;.:0.0454;-:0.0302;Ġof:0.0259;Ġand:0.0231",
42,number,1,0,3682,42,,.,emb,42,0.004211,1,,49784,42,0.999999,1,,47188,42:0.0042;41:0.0013;43:0.0012;46:0.0007;44:0.0006,42:1.0000;41:0.0000;43:0.0000;46:0.0000;44:0.0000
42,number,1,0,3682,42,,.,layer_1,",",0.994839,1720,,3,Ċ,0.080018,136,,3,",:0.9948;Ġthe:0.0052;.:0.0000;Ċ:0.0000;-:0.0000","Ċ:0.0800;,:0.0347;.:0.0214;::0.0157;Ġ(:0.0130"
42,number,1,0,3682,42,,.,layer_2,",",0.999777,3170,,4,",",0.068806,1471,,4,",:0.9998;Ġthe:0.0002;-:0.0000;.:0.0000;Ġand:0.0000",",:0.0688;Ċ:0.0458;Ġthe:0.0376;.:0.0363;Ġand:0.0307"
42,number,1,0,3682,42,,.,layer_3,",",0.905646,3248,,5,",",0.029155,3312,,5,",:0.9056;Ġthe:0.0944;):0.0000;%:0.0000;*:0.0000",",:0.0292;Ġthe:0.0252;Ġand:0.0182;Ċ:0.0168;.:0.0158"
42,number,1,0,3682,42,,.,layer_4,",",0.845815,3266,,5,",",0.029233,3394,,5,",:0.8458;Ġthe:0.1542;):0.0000;%:0.0000;*:0.0000",",:0.0292;Ġthe:0.0255;Ġand:0.0183;Ċ:0.0168;.:0.0158"
42,number,1,0,3682,42,,.,layer_5,",",0.821152,3276,,5,",",0.028906,3457,,5,",:0.8212;Ġthe:0.1788;):0.0000;%:0.0000;*:0.0000",",:0.0289;Ġthe:0.0254;Ġand:0.0181;Ċ:0.0165;.:0.0157"
42,number,1,0,3682,42,,.,layer_6,",",0.862728,3277,,5,",",0.028517,3482,,5,",:0.8627;Ġthe:0.1373;):0.0000;%:0.0000;*:0.0000",",:0.0285;Ġthe:0.0250;Ġand:0.0179;Ċ:0.0163;.:0.0155"
42,number,1,0,3682,42,,.,layer_7,",",0.908496,3275,,5,",",0.02839,3482,,5,",:0.9085;Ġthe:0.0915;):0.0000;%:0.0000;*:0.0000",",:0.0284;Ġthe:0.0247;Ġand:0.0179;Ċ:0.0161;.:0.0154"
42,number,1,0,3682,42,,.,layer_8,",",0.928926,3281,,5,",",0.02841,3483,,5,",:0.9289;Ġthe:0.0711;):0.0000;%:0.0000;*:0.0000",",:0.0284;Ġthe:0.0246;Ġand:0.0178;Ċ:0.0160;.:0.0154"
42,number,1,0,3682,42,,.,layer_9,",",0.962874,3284,,5,",",0.02868,3475,,5,",:0.9629;Ġthe:0.0371;):0.0000;%:0.0000;*:0.0000",",:0.0287;Ġthe:0.0246;Ġand:0.0180;Ċ:0.0161;.:0.0156"
42,number,1,0,3682,42,,.,layer_10,",",0.982448,3292,,5,",",0.029079,3466,,5,",:0.9824;Ġthe:0.0176;):0.0000;%:0.0000;*:0.0000",",:0.0291;Ġthe:0.0246;Ġand:0.0181;Ċ:0.0162;.:0.0159"
42,number,1,0,3682,42,,.,layer_11,",",0.996252,3296,,5,",",0.029875,3425,,5,",:0.9963;Ġthe:0.0037;):0.0000;%:0.0000;*:0.0000",",:0.0299;Ġthe:0.0248;Ġand:0.0185;Ċ:0.0164;.:0.0163"
42,number,1,0,3682,42,,.,layer_12,",",1.0,1370,,2,.,0.087018,227,,1,",:1.0000;.:0.0000;Ġthe:0.0000;-:0.0000;Ġand:0.0000",".:0.0870;,:0.0666;Ċ:0.0589;::0.0239;-:0.0231"
42,number,1,0,3682,42,,.,final_logits,.,0.087018,227,,1,,,,,,".:0.0870;,:0.0666;Ċ:0.0589;::0.0239;-:0.0231",
3.14,number,3,0,18,3,13,.,emb,3,0.006795,1,872,872,3,1.0,1,39793,39793,3:0.0068;2:0.0017;4:0.0017;5:0.0011;1:0.0009,3:1.0000;4:0.0000;2:0.0000;Ġchalleng:0.0000;Ġdestro:0.0000
3.14,number,3,0,18,3,13,.,layer_1,",",0.976524,125,3,3,rd,0.042094,36,4,4,",:0.9765;Ġthe:0.0235;.:0.0000;-:0.0000;Ġand:0.0000","rd:0.0421;Ċ:0.0331;,:0.0179;.:0.0169;Ġ(:0.0095"
3.14,number,3,0,18,3,13,.,layer_2,",",0.999737,165,4,4,",",0.063604,160,3,3,",:0.9997;Ġthe:0.0003;-:0.0000;.:0.0000;Ġand:0.0000",",:0.0636;Ċ:0.0377;.:0.0350;Ġthe:0.0347;Ġand:0.0317"
3.14,number,3,0,18,3,13,.,layer_3,",",0.931556,192,5,5,",",0.028614,282,5,5,",:0.9316;Ġthe:0.0684;):0.0000;%:0.0000;*:0.0000",",:0.0286;Ġthe:0.0245;Ġand:0.0182;Ċ:0.0160;.:0.0157"
3.14,number,3,0,18,3,13,.,layer_4,",",0.885557,191,5,5,",",0.028704,282,5,5,",:0.8856;Ġthe:0.1144;):0.0000;%:0.0000;*:0.0000",",:0.0287;Ġthe:0.0249;Ġand:0.0183;Ċ:0.0160;.:0.0157"
3.14,number,3,0,18,3,13,.,layer_5,",",0.869825,191,5,5,",",0.028422,285,5,5,",:0.8698;Ġthe:0.1302;):0.0000;%:0.0000;*:0.0000",",:0.0284;Ġthe:0.0248;Ġand:0.0182;Ċ:0.0158;.:0.0156"
3.14,number,3,0,18,3,13,.,layer_6,",",0.889864,192,5,5,",",0.02802,284,5,5,",:0.8899;Ġthe:0.1101;):0.0000;%:0.0000;*:0.0000",",:0.0280;Ġthe:0.0244;Ġand:0.0179;Ċ:0.0156;.:0.0154"
3.14,number,3,0,18,3,13,.,layer_7,",",0.924108,192,5,5,",",0.027886,282,5,5,",:0.9241;Ġthe:0.0759;):0.0000;%:0.0000;*:0.0000",",:0.0279;Ġthe:0.0242;Ġand:0.0179;Ċ:0.0154;.:0.0153"
3.14,number,3,0,18,3,13,.,layer_8,",",0.942678,192,5,5,",",0.027902,283,5,5,",:0.9427;Ġthe:0.0573;):0.0000;%:0.0000;*:0.0000",",:0.0279;Ġthe:0.0241;Ġand:0.0178;Ċ:0.0154;.:0.0153"
3.14,number,3,0,18,3,13,.,layer_9,",",0.970183,192,5,5,",",0.028167,283,5,5,",:0.9702;Ġthe:0.0298;):0.0000;%:0.0000;*:0.0000",",:0.0282;Ġthe:0.0240;Ġand:0.0180;Ċ:0.0155;.:0.0155"
3.14,number,3,0,18,3,13,.,layer_10,",",0.986445,192,5,5,",",0.02855,283,4,4,",:0.9864;Ġthe:0.0136;):0.0000;%:0.0000;*:0.0000",",:0.0285;Ġthe:0.0241;Ġand:0.0181;.:0.0157;Ċ:0.0156"
3.14,number,3,0,18,3,13,.,layer_11,",",0.997011,192,5,5,",",0.029298,282,4,4,",:0.9970;Ġthe:0.0030;):0.0000;%:0.0000;*:0.0000",",:0.0293;Ġthe:0.0242;Ġand:0.0184;.:0.0162;Ċ:0.0158"
3.14,number,3,0,18,3,13,.,layer_12,",",0.999997,126,2,2,.,0.101597,41,1,1,",:1.0000;.:0.0000;-:0.0000;Ġthe:0.0000;Ġand:0.0000",".:0.1016;,:0.0527;Ċ:0.0401;-:0.0276;::0.0172"
3.14,number,3,0,18,3,13,.,final_logits,.,0.101597,41,1,1,,,,,,".:0.1016;,:0.0527;Ċ:0.0401;-:0.0276;::0.0172",
3.14,number,3,1,13,.,1415,0,emb,.,0.036757,1,1015,414,Ġchalleng,0.952161,4,17788,14525,".:0.0368;,:0.0122;-:0.0054;::0.0041;'s:0.0039",Ġchalleng:0.9522;Ġmathemat:0.0399;Ġdestro:0.0015;.:0.0014;Ġagre:0.0013
3.14,number,3,1,13,.,1415,0,layer_1,"Ġ""",0.493386,9,289,152,Ċ,0.163431,82,11,20,"Ġ"":0.4934;Ċ:0.2241;Ġthe:0.2169;Ġa:0.0143;Ġ(:0.0142","Ċ:0.1634;com:0.0490;ĠThe:0.0272;ĠWe:0.0206;Ġ"":0.0196"
3.14,number,3,1,13,.,1415,0,layer_2,Ċ,0.64251,26,92,28,Ċ,0.187487,173,9,3,"Ċ:0.6425;Ġ"":0.1504;ĠA:0.0526;Ġ(:0.0366;ĠThe:0.0278",Ċ:0.1875;com:0.1049;0:0.0399;5:0.0399;8:0.0282
3.14,number,3,1,13,.,1415,0,layer_3,"Ġ""",0.489087,11,61,18,com,0.086461,153,3,2,"Ġ"":0.4891;Ċ:0.2867;Ġthe:0.0465;Ġ(:0.0412;ĠThe:0.0355",com:0.0865;0:0.0734;14:0.0648;5:0.0398;7:0.0386
3.14,number,3,1,13,.,1415,0,layer_4,Ċ,0.556097,37,26,9,0,0.101506,309,3,1,"Ċ:0.5561;ĠThe:0.1536;Ġ"":0.0688;ĠA:0.0548;Ġ':0.0428",0:0.1015;5:0.0947;14:0.0910;12:0.0333;9:0.0329
3.14,number,3,1,13,.,1415,0,layer_5,ĠThe,0.212385,25,27,4,0,0.267502,259,3,1,"ĠThe:0.2124;Ġ"":0.2056;Ċ:0.1896;0:0.1111;5:0.1043",0:0.2675;5:0.1293;14:0.0487;7:0.0359;3:0.0356
3.14,number,3,1,13,.,1415,0,layer_6,5,0.448307,29,22,2,0,0.384547,383,6,1,5:0.4483;0:0.3187;Ċ:0.0569;ĠThe:0.0532;3:0.0486,0:0.3845;5:0.2002;3:0.0368;7:0.0353;4:0.0303
3.14,number,3,1,13,.,1415,0,layer_7,5,0.45183,23,35,2,0,0.434425,434,14,1,"5:0.4518;0:0.2295;Ġ"":0.1008;ĠThe:0.0609;Ċ:0.0597",0:0.4344;5:0.2526;3:0.0463;4:0.0401;7:0.0369
3.14,number,3,1,13,.,1415,0,layer_8,Ġthe,0.404129,16,94,8,0,0.397272,465,16,1,"Ġthe:0.4041;Ġ"":0.1921;ĠThe:0.1104;Ċ:0.1086;5:0.0903",0:0.3973;5:0.3134;3:0.0630;4:0.0485;7:0.0395
3.14,number,3,1,13,.,1415,0,layer_9,Ġthe,0.665305,21,115,12,5,0.405435,1575,17,2,"Ġthe:0.6653;Ċ:0.1421;ĠThe:0.1345;1:0.0168;Ġ"":0.0164",5:0.4054;0:0.2877;4:0.0668;3:0.0584;7:0.0308
3.14,number,3,1,13,.,1415,0,layer_10,Ġthe,0.998486,18,258,21,0,0.313123,2764,16,1,"Ġthe:0.9985;Ċ:0.0014;ĠThe:0.0001;Ġ"":0.0000;Ġ(:0.0000",0:0.3131;5:0.2968;3:0.0756;1:0.0595;4:0.0503
3.14,number,3,1,13,.,1415,0,layer_11,Ġthe,1.0,11,479,79,0,0.161944,624,16,1,"Ġthe:1.0000;Ċ:0.0000;Ġ"":0.0000;Ġa:0.0000;Ġand:0.0000",0:0.1619;5:0.1490;1:0.0869;3:0.0788;2:0.0706
3.14,number,3,1,13,.,1415,0,layer_12,Ġthe,1.0,12,815,189,0,0.073912,1611,19,1,"Ġthe:1.0000;Ġand:0.0000;Ġa:0.0000;Ġ"":0.0000;Ċ:0.0000",0:0.0739;5:0.0613;1:0.0551;2:0.0418;3:0.0417
3.14,number,3,1,13,.,1415,0,final_logits,0,0.073911,1611,19,1,,,,,,0:0.0739;5:0.0613;1:0.0551;2:0.0418;3:0.0417,
3.14,number,3,2,1415,14,,.,emb,14,0.003852,1,,43597,14,1.0,1,,47061,14:0.0039;13:0.0010;15:0.0008;16:0.0007;17:0.0007,14:1.0000;13:0.0000;15:0.0000;16:0.0000;17:0.0000
3.14,number,3,2,1415,14,,.,layer_1,",",0.460224,17,,2,14,0.093458,1,,101,",:0.4602;.:0.2656;-:0.1438;Ġthe:0.0969;Ġa:0.0123",14:0.0935;28:0.0374;15:0.0361;74:0.0347;21:0.0296
3.14,number,3,2,1415,14,,.,layer_2,",",0.655372,11,,2,79,0.086301,4,,98,",:0.6554;.:0.2289;-:0.0769;::0.0214;/:0.0064",79:0.0863;28:0.0802;74:0.0609;14:0.0467;39:0.0323
3.14,number,3,2,1415,14,,.,layer_3,",",0.728418,26,,2,28,0.121019,14,,91,",:0.7284;.:0.1444;-:0.0815;/:0.0271;Ġthe:0.0067",28:0.1210;79:0.0969;74:0.0727;39:0.0680;37:0.0357
3.14,number,3,2,1415,14,,.,layer_4,.,0.579462,32,,1,28,0.171351,15,,69,".:0.5795;,:0.2718;/:0.0766;Ġthe:0.0188;-:0.0152",28:0.1714;79:0.0630;74:0.0462;36:0.0428;39:0.0427
3.14,number,3,2,1415,14,,.,layer_5,.,0.780975,89,,1,28,0.118995,28,,15,".:0.7810;,:0.1626;-:0.0527;::0.0020;/:0.0011",28:0.1190;79:0.0471;77:0.0448;74:0.0420;88:0.0300
3.14,number,3,2,1415,14,,.,layer_6,.,0.796658,95,,1,28,0.073579,39,,12,".:0.7967;,:0.1564;-:0.0455;/:0.0009;::0.0004",28:0.0736;06:0.0536;79:0.0332;75:0.0322;77:0.0282
3.14,number,3,2,1415,14,,.,layer_7,.,0.84433,88,,1,Ġbillion,0.070001,48,,21,".:0.8443;,:0.1354;-:0.0184;::0.0017;/:0.0001",Ġbillion:0.0700;75:0.0653;38:0.0428;28:0.0333;37:0.0327
3.14,number,3,2,1415,14,,.,layer_8,",",0.505599,128,,2,75,0.088725,47,,24,",:0.5056;.:0.4637;-:0.0307;/:0.0000;::0.0000",75:0.0887;Ġbillion:0.0815;37:0.0395;28:0.0340;Ġmillion:0.0331
3.14,number,3,2,1415,14,,.,layer_9,",",0.700671,203,,2,%,0.217084,52,,15,",:0.7007;.:0.2912;-:0.0082;Ġand:0.0000;/:0.0000",%:0.2171;Ġbillion:0.0630;75:0.0404;159:0.0340;28:0.0331
3.14,number,3,2,1415,14,,.,layer_10,",",0.930178,300,,2,%,0.125439,61,,4,",:0.9302;.:0.0698;-:0.0000;Ġand:0.0000;Ċ:0.0000",%:0.1254;Ġbillion:0.0755;Ġmillion:0.0679;.:0.0487;159:0.0417
3.14,number,3,2,1415,14,,.,layer_11,",",0.999851,611,,2,.,0.237728,89,,1,",:0.9999;.:0.0001;-:0.0000;Ġthe:0.0000;Ġand:0.0000",".:0.2377;):0.1018;%:0.0437;,:0.0393;-:0.0288"
3.14,number,3,2,1415,14,,.,layer_12,",",1.0,911,,2,.,0.169576,75,,1,",:1.0000;.:0.0000;Ġthe:0.0000;-:0.0000;Ġand:0.0000",".:0.1696;):0.0438;Ċ:0.0323;-:0.0315;,:0.0311"
3.14,number,3,2,1415,14,,.,final_logits,.,0.169577,75,,1,,,,,,".:0.1696;):0.0438;Ċ:0.0323;-:0.0315;,:0.0311",
serendipity,multi_token_by_design,4,0,325,se,10920,.,emb,se,0.545618,1,4393,13011,se,1.0,1,5287,40652,se:0.5456;SE:0.0013;ses:0.0005;sem:0.0005;Se:0.0004,se:1.0000;SE:0.0000;ses:0.0000;sem:0.0000;Ġagre:0.0000
serendipity,multi_token_by_design,4,0,325,se,10920,.,layer_1,",",0.776559,356,8520,4,g,0.043983,35,4074,4,",:0.7766;Ġthe:0.2234;Ġand:0.0000;.:0.0000;-:0.0000","g:0.0440;Ċ:0.0176;,:0.0170;.:0.0135;ec:0.0121"
serendipity,multi_token_by_design,4,0,325,se,10920,.,layer_2,",",0.816845,472,8151,5,",",0.058606,439,8888,4,",:0.8168;Ġthe:0.1832;-:0.0000;Ġand:0.0000;.:0.0000",",:0.0586;Ġthe:0.0471;Ġand:0.0345;.:0.0302;Ċ:0.0297"
serendipity,multi_token_by_design,4,0,325,se,10920,.,layer_3,Ġthe,0.989306,526,10796,5,",",0.027863,725,14860,4,"Ġthe:0.9893;,:0.0107;):0.0000;%:0.0000;*:0.0000",",:0.0279;Ġthe:0.0265;Ġand:0.0185;.:0.0151;Ċ:0.0150"
serendipity,multi_token_by_design,4,0,325,se,10920,.,layer_4,Ġthe,0.993885,526,10775,5,",",0.02799,737,15048,4,"Ġthe:0.9939;,:0.0061;):0.0000;%:0.0000;*:0.0000",",:0.0280;Ġthe:0.0267;Ġand:0.0186;.:0.0151;Ċ:0.0151"
serendipity,multi_token_by_design,4,0,325,se,10920,.,layer_5,Ġthe,0.994496,526,10782,5,",",0.027753,743,15046,4,"Ġthe:0.9945;,:0.0055;):0.0000;%:0.0000;*:0.0000",",:0.0278;Ġthe:0.0265;Ġand:0.0184;.:0.0150;Ċ:0.0150"
serendipity,multi_token_by_design,4,0,325,se,10920,.,layer_6,Ġthe,0.993312,526,10808,5,",",0.027381,743,15040,4,"Ġthe:0.9933;,:0.0067;):0.0000;%:0.0000;*:0.0000",",:0.0274;Ġthe:0.0260;Ġand:0.0182;.:0.0149;Ċ:0.0148"
serendipity,multi_token_by_design,4,0,325,se,10920,.,layer_7,Ġthe,0.990397,526,10814,5,",",0.027255,741,14866,4,"Ġthe:0.9904;,:0.0096;):0.0000;%:0.0000;*:0.0000",",:0.0273;Ġthe:0.0257;Ġand:0.0181;.:0.0148;Ċ:0.0146"
serendipity,multi_token_by_design,4,0,325,se,10920,.,layer_8,Ġthe,0.985838,526,10820,5,",",0.027277,732,14762,4,"Ġthe:0.9858;,:0.0142;):0.0000;%:0.0000;*:0.0000",",:0.0273;Ġthe:0.0256;Ġand:0.0180;.:0.0148;Ċ:0.0146"
serendipity,multi_token_by_design,4,0,325,se,10920,.,layer_9,Ġthe,0.974677,525,10854,5,",",0.027532,723,14706,4,"Ġthe:0.9747;,:0.0253;):0.0000;%:0.0000;*:0.0000",",:0.0275;Ġthe:0.0256;Ġand:0.0181;.:0.0149;Ċ:0.0146"
serendipity,multi_token_by_design,4,0,325,se,10920,.,layer_10,Ġthe,0.951142,523,10841,5,",",0.027902,714,14586,4,"Ġthe:0.9511;,:0.0489;):0.0000;%:0.0000;*:0.0000",",:0.0279;Ġthe:0.0256;Ġand:0.0183;.:0.0151;Ċ:0.0147"
serendipity,multi_token_by_design,4,0,325,se,10920,.,layer_11,Ġthe,0.844505,522,10826,5,",",0.028572,696,14437,4,"Ġthe:0.8445;,:0.1555;):0.0000;%:0.0000;*:0.0000",",:0.0286;Ġthe:0.0258;Ġand:0.0186;.:0.0156;Ċ:0.0147"
serendipity,multi_token_by_design,4,0,325,se,10920,.,layer_12,",",0.999876,307,6946,3,.,0.046399,78,2092,1,",:0.9999;Ġthe:0.0001;.:0.0000;-:0.0000;Ġand:0.0000",".:0.0464;,:0.0387;-:0.0214;Ċ:0.0179;Ġand:0.0167"
serendipity,multi_token_by_design,4,0,325,se,10920,.,final_logits,.,0.046399,78,2092,1,,,,,,".:0.0464;,:0.0387;-:0.0214;Ċ:0.0179;Ġand:0.0167",
serendipity,multi_token_by_design,4,1,10920,rend,541,ip,emb,rend,0.988274,1,32370,32370,rend,1.0,1,10421,10421,rend:0.9883;render:0.0000;rez:0.0000;theless:0.0000;rendered:0.0000,rend:1.0000;Ġchalleng:0.0000;render:0.0000;Ġencount:0.0000;Ġseiz:0.0000
serendipity,multi_token_by_design,4,1,10920,rend,541,ip,layer_1,rend,0.996901,1,86,86,rend,0.97916,1,78,78,rend:0.9969;l:0.0019;s:0.0008;ing:0.0002;erer:0.0001,rend:0.9792;erer:0.0121;ezvous:0.0078;lyn:0.0002;l:0.0001
serendipity,multi_token_by_design,4,1,10920,rend,541,ip,layer_2,rend,0.985807,1,34,34,rend,0.966461,1,41,41,rend:0.9858;s:0.0077;l:0.0033;o:0.0014;erer:0.0008,rend:0.9665;erer:0.0176;ezvous:0.0120;l:0.0007;s:0.0006
serendipity,multi_token_by_design,4,1,10920,rend,541,ip,layer_3,s,0.447606,3,94,94,rend,0.713535,1,111,111,s:0.4476;ing:0.2772;rend:0.2147;o:0.0346;erer:0.0104,rend:0.7135;erer:0.1918;ing:0.0373;ezvous:0.0199;s:0.0105
serendipity,multi_token_by_design,4,1,10920,rend,541,ip,layer_4,s,0.61558,3,90,90,rend,0.610761,1,110,110,s:0.6156;ing:0.2790;rend:0.0886;e:0.0056;o:0.0038,rend:0.6108;erer:0.1951;ing:0.1037;s:0.0350;ers:0.0166
serendipity,multi_token_by_design,4,1,10920,rend,541,ip,layer_5,s,0.398047,14,60,60,ing,0.222775,3,69,69,s:0.3980;ing:0.3708;e:0.1896;o:0.0154;ers:0.0138,ing:0.2228;ers:0.1617;rend:0.1595;ering:0.1174;erer:0.0899
serendipity,multi_token_by_design,4,1,10920,rend,541,ip,layer_6,s,0.982842,30,42,42,ers,0.33076,5,41,41,s:0.9828;ing:0.0106;ers:0.0028;e:0.0010;en:0.0008,ers:0.3308;s:0.1552;ing:0.1071;ering:0.0768;rend:0.0608
serendipity,multi_token_by_design,4,1,10920,rend,541,ip,layer_7,o,0.347856,57,26,26,ers,0.721327,7,22,22,o:0.3479;ers:0.3181;e:0.1325;s:0.1289;ing:0.0358,ers:0.7213;ering:0.0574;ing:0.0398;e:0.0291;o:0.0190
serendipity,multi_token_by_design,4,1,10920,rend,541,ip,layer_8,o,0.73809,223,43,43,ic,0.227284,24,26,26,"o:0.7381;e:0.1998;,:0.0167;el:0.0162;ic:0.0137",ic:0.2273;ering:0.0979;el:0.0935;o:0.0933;ers:0.0886
serendipity,multi_token_by_design,4,1,10920,rend,541,ip,layer_9,",",0.699788,729,52,52,ical,0.184851,71,16,16,",:0.6998;-:0.1251;o:0.1120;Ġand:0.0488;y:0.0112",ical:0.1849;el:0.1376;y:0.1094;o:0.1058;ous:0.0759
serendipity,multi_token_by_design,4,1,10920,rend,541,ip,layer_10,",",0.967472,1501,48,48,ous,0.212161,99,3,3,",:0.9675;-:0.0313;Ġand:0.0008;.:0.0004;Ġthe:0.0000",ous:0.2122;emic:0.1415;ip:0.1255;ical:0.0910;o:0.0905
serendipity,multi_token_by_design,4,1,10920,rend,541,ip,layer_11,",",0.999945,4755,134,134,ical,0.226675,221,2,2,",:0.9999;Ġthe:0.0001;-:0.0000;.:0.0000;Ġand:0.0000",ical:0.2267;ip:0.1823;ic:0.1143;ous:0.0626;i:0.0544
serendipity,multi_token_by_design,4,1,10920,rend,541,ip,layer_12,",",1.0,10690,380,380,ip,0.166301,707,1,1,",:1.0000;Ġthe:0.0000;.:0.0000;Ġand:0.0000;-:0.0000",ip:0.1663;ial:0.0746;ic:0.0660;i:0.0516;ous:0.0504
serendipity,multi_token_by_design,4,1,10920,rend,541,ip,final_logits,ip,0.166302,707,1,1,,,,,,ip:0.1663;ial:0.0746;ic:0.0660;i:0.0516;ous:0.0504,
serendipity,multi_token_by_design,4,2,541,ip,414,ity,emb,ip,0.429769,1,2700,2700,ip,1.0,1,6620,6620,ip:0.4298;ips:0.0025;IP:0.0021;ipping:0.0007;ipped:0.0006,ip:1.0000;ips:0.0000;IP:0.0000;ipal:0.0000;ipping:0.0000
serendipity,multi_token_by_design,4,2,541,ip,414,ity,layer_1,",",0.635943,4,526,526,ip,0.882262,1,1741,1741,",:0.6359;.:0.1240;-:0.1017;ip:0.0807;Ġthe:0.0317",ip:0.8823;op:0.0212;os:0.0111;ost:0.0094;ad:0.0093
serendipity,multi_token_by_design,4,2,541,ip,414,ity,layer_2,ip,0.314228,1,163,163,ip,0.259705,1,800,800,"ip:0.3142;ost:0.1728;,:0.1423;op:0.0949;-:0.0864",ip:0.2597;uls:0.1258;op:0.1157;ost:0.0771;ort:0.0622
serendipity,multi_token_by_design,4,2,541,ip,414,ity,layer_3,",",0.387892,6,700,700,ip,0.213544,1,2257,2257,",:0.3879;-:0.3414;ost:0.1002;os:0.0462;.:0.0410",ip:0.2135;uls:0.1895;ost:0.1312;rint:0.0769;ort:0.0480
serendipity,multi_token_by_design,4,2,541,ip,414,ity,layer_4,os,0.410913,13,205,205,ulated,0.132048,15,826,826,"os:0.4109;ost:0.2424;,:0.1892;-:0.0419;.:0.0413",ulated:0.1320;osit:0.1276;uls:0.1104;ulation:0.1005;ublic:0.0584
serendipity,multi_token_by_design,4,2,541,ip,414,ity,layer_5,",",0.564281,13,129,129,ulation,0.251428,15,493,493,",:0.5643;.:0.1712;os:0.1116;::0.0660;-:0.0273",ulation:0.2514;ulated:0.1261;osit:0.1069;ython:0.0954;uls:0.0597
serendipity,multi_token_by_design,4,2,541,ip,414,ity,layer_6,os,0.437926,30,71,71,ulation,0.328377,35,311,311,"os:0.4379;ort:0.2049;,:0.0913;ulated:0.0687;ers:0.0480",ulation:0.3284;ulated:0.2087;ython:0.0673;ublic:0.0468;uls:0.0293
serendipity,multi_token_by_design,4,2,541,ip,414,ity,layer_7,ers,0.38796,25,11,11,ulation,0.479157,16,69,69,ers:0.3880;ulation:0.2743;ulated:0.1455;os:0.0790;ense:0.0363,ulation:0.4792;ulated:0.1934;ublic:0.1168;ense:0.0423;ede:0.0360
serendipity,multi_token_by_design,4,2,541,ip,414,ity,layer_8,o,0.989538,15,3,3,ious,0.535289,14,10,10,"o:0.9895;ious:0.0055;ity:0.0014;it:0.0013;,:0.0007",ious:0.5353;ede:0.1793;edia:0.0406;ulation:0.0391;ulated:0.0329
serendipity,multi_token_by_design,4,2,541,ip,414,ity,layer_9,",",0.792695,48,5,5,ious,0.799731,28,5,5,",:0.7927;.:0.2064;::0.0005;-:0.0003;ity:0.0001",ious:0.7997;edia:0.0479;ede:0.0311;itous:0.0309;ity:0.0248
serendipity,multi_token_by_design,4,2,541,ip,414,ity,layer_10,",",0.974653,171,7,7,itous,0.600698,58,2,2,",:0.9747;.:0.0253;::0.0001;-:0.0000;Ġthe:0.0000",itous:0.6007;ity:0.3210;ulated:0.0253;ious:0.0232;ulation:0.0123
serendipity,multi_token_by_design,4,2,541,ip,414,ity,layer_11,",",0.999999,499,87,87,ity,0.763231,45,1,1,",:1.0000;Ġthe:0.0000;.:0.0000;-:0.0000;Ġand:0.0000",ity:0.7632;itous:0.1765;it:0.0192;ated:0.0049;ulated:0.0028
serendipity,multi_token_by_design,4,2,541,ip,414,ity,layer_12,",",1.0,1020,332,332,ity,0.883732,186,1,1,",:1.0000;Ġthe:0.0000;.:0.0000;-:0.0000;Ġand:0.0000",ity:0.8837;itous:0.0519;it:0.0302;ities:0.0046;ate:0.0012
serendipity,multi_token_by_design,4,2,541,ip,414,ity,final_logits,ity,0.883733,186,1,1,,,,,,ity:0.8837;itous:0.0519;it:0.0302;ities:0.0046;ate:0.0012,
serendipity,multi_token_by_design,4,3,414,ity,,",",emb,ity,0.966564,1,,15462,ity,1.0,1,,21006,ity:0.9666;ities:0.0033;ITY:0.0017;itous:0.0004;ITIES:0.0003,ity:1.0000;ities:0.0000;ITY:0.0000;itous:0.0000;ITIES:0.0000
serendipity,multi_token_by_design,4,3,414,ity,,",",layer_1,",",0.736088,32,,1,Ġshake,0.05623,11,,2,",:0.7361;-:0.2296;Ġand:0.0142;.:0.0126;'s:0.0031","Ġshake:0.0562;,:0.0513;ling:0.0442;Ġof:0.0370;Ġ-:0.0351"
serendipity,multi_token_by_design,4,3,414,ity,,",",layer_2,",",0.728677,76,,1,",",0.108733,111,,1,",:0.7287;-:0.2240;Ġand:0.0331;.:0.0070;Ġof:0.0025",",:0.1087;Ġand:0.0739;Ġof:0.0649;ling:0.0490;-:0.0318"
serendipity,multi_token_by_design,4,3,414,ity,,",",layer_3,",",0.938006,468,,1,",",0.254109,1938,,1,",:0.9380;-:0.0496;.:0.0075;Ġand:0.0030;Ġof:0.0009",",:0.2541;Ġof:0.1095;lic:0.0703;Ġand:0.0508;ĠMut:0.0281"
serendipity,multi_token_by_design,4,3,414,ity,,",",layer_4,",",0.928548,598,,1,",",0.277861,2482,,1,",:0.9285;.:0.0574;-:0.0078;Ġand:0.0056;::0.0005",",:0.2779;Ġand:0.0920;.:0.0866;Ġof:0.0621;::0.0356"
serendipity,multi_token_by_design,4,3,414,ity,,",",layer_5,",",0.991552,704,,1,",",0.41476,2262,,1,",:0.9916;.:0.0073;-:0.0008;Ġand:0.0004;::0.0000",",:0.4148;Ġand:0.0896;.:0.0771;Ġof:0.0545;Ġ-:0.0415"
serendipity,multi_token_by_design,4,3,414,ity,,",",layer_6,",",0.993701,576,,1,",",0.357151,1169,,1,",:0.9937;.:0.0059;-:0.0003;Ġand:0.0002;::0.0000",",:0.3572;.:0.1083;Ġand:0.0992;::0.0510;Ġof:0.0485"
serendipity,multi_token_by_design,4,3,414,ity,,",",layer_7,",",0.998359,409,,1,",",0.491404,354,,1,",:0.9984;.:0.0016;Ġand:0.0000;-:0.0000;::0.0000",",:0.4914;.:0.1609;Ġand:0.0788;::0.0471;Ġof:0.0465"
serendipity,multi_token_by_design,4,3,414,ity,,",",layer_8,",",0.999917,574,,1,",",0.46537,273,,1,",:0.9999;.:0.0001;Ġand:0.0000;-:0.0000;::0.0000",",:0.4654;.:0.1729;Ġand:0.0761;::0.0590;Ġof:0.0515"
serendipity,multi_token_by_design,4,3,414,ity,,",",layer_9,",",0.999973,726,,1,",",0.444149,534,,1,",:1.0000;.:0.0000;Ġand:0.0000;-:0.0000;::0.0000",",:0.4441;.:0.2925;::0.0591;Ġand:0.0461;Ġof:0.0418"
serendipity,multi_token_by_design,4,3,414,ity,,",",layer_10,",",0.999988,748,,1,.,0.411835,520,,2,",:1.0000;.:0.0000;Ġand:0.0000;-:0.0000;::0.0000",".:0.4118;,:0.3469;Ġand:0.0505;::0.0434;Ġof:0.0402"
serendipity,multi_token_by_design,4,3,414,ity,,",",layer_11,",",1.0,1669,,1,",",0.192991,1116,,1,",:1.0000;.:0.0000;Ġand:0.0000;-:0.0000;Ġthe:0.0000",",:0.1930;.:0.1720;"":0.1237;Ġof:0.0526;Ġand:0.0512"
serendipity,multi_token_by_design,4,3,414,ity,,",",layer_12,",",1.0,2527,,1,",",0.12057,1511,,1,",:1.0000;Ġthe:0.0000;.:0.0000;Ġand:0.0000;-:0.0000",",:0.1206;.:0.1159;"":0.0620;Ġof:0.0552;Ġand:0.0438"
serendipity,multi_token_by_design,4,3,414,ity,,",",final_logits,",",0.12057,1511,,1,,,,,,",:0.1206;.:0.1159;"":0.0620;Ġof:0.0552;Ġand:0.0438",
antidisestablishmentarianism,multi_token_by_design,5,0,415,ant,29207,",",emb,ant,0.514456,1,4641,11015,ant,1.0,1,2887,38839,ant:0.5145;ants:0.0246;ANT:0.0097;antly:0.0039;anting:0.0027,ant:1.0000;ants:0.0000;ANT:0.0000;anting:0.0000;antly:0.0000
antidisestablishmentarianism,multi_token_by_design,5,0,415,ant,29207,",",layer_1,",",0.987536,263,33741,1,Ċ,0.043993,8,35320,2,",:0.9875;Ġthe:0.0125;Ġand:0.0000;.:0.0000;-:0.0000","Ċ:0.0440;,:0.0438;ec:0.0211;Ġand:0.0152;.:0.0135"
antidisestablishmentarianism,multi_token_by_design,5,0,415,ant,29207,",",layer_2,",",0.995924,568,32674,1,",",0.066162,437,30515,1,",:0.9959;Ġthe:0.0041;-:0.0000;Ġand:0.0000;.:0.0000",",:0.0662;Ġthe:0.0446;Ġand:0.0358;Ċ:0.0324;.:0.0277"
antidisestablishmentarianism,multi_token_by_design,5,0,415,ant,29207,",",layer_3,Ġthe,0.572573,710,26773,2,",",0.028847,839,24724,1,"Ġthe:0.5726;,:0.4274;):0.0000;%:0.0000;*:0.0000",",:0.0288;Ġthe:0.0261;Ġand:0.0188;Ċ:0.0154;.:0.0148"
antidisestablishmentarianism,multi_token_by_design,5,0,415,ant,29207,",",layer_4,Ġthe,0.716615,711,26773,2,",",0.028869,865,24635,1,"Ġthe:0.7166;,:0.2834;):0.0000;%:0.0000;*:0.0000",",:0.0289;Ġthe:0.0264;Ġand:0.0188;Ċ:0.0154;.:0.0149"
antidisestablishmentarianism,multi_token_by_design,5,0,415,ant,29207,",",layer_5,Ġthe,0.742282,717,26754,2,",",0.02858,878,24661,1,"Ġthe:0.7423;,:0.2577;):0.0000;%:0.0000;*:0.0000",",:0.0286;Ġthe:0.0262;Ġand:0.0186;Ċ:0.0153;.:0.0148"
antidisestablishmentarianism,multi_token_by_design,5,0,415,ant,29207,",",layer_6,Ġthe,0.698792,720,26661,2,",",0.028183,879,24414,1,"Ġthe:0.6988;,:0.3012;):0.0000;%:0.0000;*:0.0000",",:0.0282;Ġthe:0.0257;Ġand:0.0184;Ċ:0.0150;.:0.0147"
antidisestablishmentarianism,multi_token_by_design,5,0,415,ant,29207,",",layer_7,Ġthe,0.605974,722,26608,2,",",0.028048,881,24210,1,"Ġthe:0.6060;,:0.3940;):0.0000;%:0.0000;*:0.0000",",:0.0280;Ġthe:0.0255;Ġand:0.0183;Ċ:0.0149;.:0.0146"
antidisestablishmentarianism,multi_token_by_design,5,0,415,ant,29207,",",layer_8,Ġthe,0.533276,723,26606,2,",",0.028073,884,24076,1,"Ġthe:0.5333;,:0.4667;):0.0000;%:0.0000;*:0.0000",",:0.0281;Ġthe:0.0253;Ġand:0.0183;Ċ:0.0149;.:0.0146"
antidisestablishmentarianism,multi_token_by_design,5,0,415,ant,29207,",",layer_9,",",0.633694,724,26638,1,",",0.02833,886,24017,1,",:0.6337;Ġthe:0.3663;):0.0000;%:0.0000;*:0.0000",",:0.0283;Ġthe:0.0253;Ġand:0.0184;Ċ:0.0149;.:0.0147"
antidisestablishmentarianism,multi_token_by_design,5,0,415,ant,29207,",",layer_10,",",0.76344,725,26650,1,",",0.028686,887,24136,1,",:0.7634;Ġthe:0.2366;):0.0000;%:0.0000;*:0.0000",",:0.0287;Ġthe:0.0254;Ġand:0.0185;Ċ:0.0150;.:0.0150"
antidisestablishmentarianism,multi_token_by_design,5,0,415,ant,29207,",",layer_11,",",0.933081,722,26685,1,",",0.029396,884,24276,1,",:0.9331;Ġthe:0.0669;):0.0000;%:0.0000;*:0.0000",",:0.0294;Ġthe:0.0255;Ġand:0.0189;.:0.0154;Ċ:0.0150"
antidisestablishmentarianism,multi_token_by_design,5,0,415,ant,29207,",",layer_12,",",0.999998,423,20414,1,",",0.049663,128,13943,1,",:1.0000;Ġthe:0.0000;.:0.0000;-:0.0000;Ġand:0.0000",",:0.0497;.:0.0366;Ċ:0.0224;Ġand:0.0211;Ġof:0.0187"
antidisestablishmentarianism,multi_token_by_design,5,0,415,ant,29207,",",final_logits,",",0.049663,128,13943,1,,,,,,",:0.0497;.:0.0366;Ċ:0.0224;Ġand:0.0211;Ġof:0.0187",
antidisestablishmentarianism,multi_token_by_design,5,1,29207,idis,44390,",",emb,idis,0.986897,1,2023,50255,idis,1.0,1,1808,49671,idis:0.9869;idi:0.0002;conservancy:0.0000;oulos:0.0000;iannopoulos:0.0000,idis:1.0000;idi:0.0000;Ġmathemat:0.0000;Ġchalleng:0.0000;Ġdestro:0.0000
antidisestablishmentarianism,multi_token_by_design,5,1,29207,idis,44390,",",layer_1,",",0.423363,26,21688,1,idis,0.952219,1,6128,42,",:0.4234;Ġand:0.3731;-:0.1550;Ġ(:0.0184;.:0.0131",idis:0.9522;lement:0.0119;ci:0.0039;ophy:0.0027;kin:0.0019
antidisestablishmentarianism,multi_token_by_design,5,1,29207,idis,44390,",",layer_2,Ġand,0.510775,148,21160,2,lement,0.722119,2,7290,22,"Ġand:0.5108;,:0.3037;-:0.1440;Ġ(:0.0300;.:0.0057",lement:0.7221;idis:0.0485;ci:0.0380;kin:0.0262;ye:0.0101
antidisestablishmentarianism,multi_token_by_design,5,1,29207,idis,44390,",",layer_3,",",0.49843,241,19379,1,lement,0.790874,6,5987,19,",:0.4984;Ġand:0.3291;-:0.1019;Ġ(:0.0420;.:0.0133",lement:0.7909;ci:0.0456;':0.0168;ye:0.0134;ciplinary:0.0123
antidisestablishmentarianism,multi_token_by_design,5,1,29207,idis,44390,",",layer_4,",",0.726071,237,19209,1,lement,0.894489,11,8057,15,",:0.7261;Ġand:0.1485;-:0.0484;Ġ(:0.0355;':0.0190",lement:0.8945;ci:0.0281;kin:0.0135;ciplinary:0.0056;':0.0051
antidisestablishmentarianism,multi_token_by_design,5,1,29207,idis,44390,",",layer_5,",",0.98627,1647,22192,1,lement,0.526677,133,11803,5,",:0.9863;Ġand:0.0076;-:0.0027;.:0.0026;Ġ(:0.0006","lement:0.5267;ci:0.0436;':0.0424;kin:0.0269;,:0.0241"
antidisestablishmentarianism,multi_token_by_design,5,1,29207,idis,44390,",",layer_6,",",0.995302,5754,25460,1,lement,0.136642,1044,13984,4,",:0.9953;Ġand:0.0020;.:0.0018;-:0.0007;Ġ(:0.0001","lement:0.1366;ense:0.1093;':0.0921;,:0.0721;ciplinary:0.0565"
antidisestablishmentarianism,multi_token_by_design,5,1,29207,idis,44390,",",layer_7,",",0.999734,6341,27382,1,",",0.271384,739,14436,1,",:0.9997;.:0.0001;Ġand:0.0001;-:0.0000;Ġ(:0.0000",",:0.2714;.:0.0810;Ġ(:0.0731;Ġand:0.0669;':0.0622"
antidisestablishmentarianism,multi_token_by_design,5,1,29207,idis,44390,",",layer_8,",",0.999956,7724,23882,1,',0.216879,630,7483,2,",:1.0000;Ġand:0.0000;-:0.0000;.:0.0000;Ġ(:0.0000","':0.2169;,:0.1625;Ġ(:0.0787;Ġand:0.0459;yan:0.0315"
antidisestablishmentarianism,multi_token_by_design,5,1,29207,idis,44390,",",layer_9,",",0.999998,8001,23968,1,",",0.207358,440,5595,1,",:1.0000;Ġand:0.0000;-:0.0000;.:0.0000;Ġ(:0.0000",",:0.2074;':0.1228;Ġ(:0.0747;Ġand:0.0628;Ġet:0.0590"
antidisestablishmentarianism,multi_token_by_design,5,1,29207,idis,44390,",",layer_10,",",1.0,11187,25013,1,",",0.391119,813,5203,1,",:1.0000;.:0.0000;Ġand:0.0000;-:0.0000;Ġ(:0.0000",",:0.3911;':0.0921;.:0.0464;Ġ(:0.0452;Ġand:0.0425"
antidisestablishmentarianism,multi_token_by_design,5,1,29207,idis,44390,",",layer_11,",",1.0,17059,31151,1,",",0.28986,1218,8035,1,",:1.0000;.:0.0000;Ġand:0.0000;Ġthe:0.0000;-:0.0000",",:0.2899;.:0.0643;Ġand:0.0571;Ġ(:0.0392;Ġis:0.0202"
antidisestablishmentarianism,multi_token_by_design,5,1,29207,idis,44390,",",layer_12,",",1.0,21163,31585,1,",",0.202594,1173,4751,1,",:1.0000;Ġthe:0.0000;.:0.0000;Ġand:0.0000;-:0.0000",",:0.2026;.:0.0794;Ġand:0.0436;Ġ(:0.0345;Ġis:0.0203"
antidisestablishmentarianism,multi_token_by_design,5,1,29207,idis,44390,",",final_logits,",",0.202593,1173,4751,1,,,,,,",:0.2026;.:0.0794;Ġand:0.0436;Ġ(:0.0345;Ġis:0.0203",
antidisestablishmentarianism,multi_token_by_design,5,2,44390,establishment,3699,.,emb,establishment,0.740762,1,11242,50235,establishment,1.0,1,7514,49263,establishment:0.7408;ablishment:0.0031;ĠEstablishment:0.0007;Ġestablishment:0.0005;Downloadha:0.0002,establishment:1.0000;ablishment:0.0000;Ġestablishment:0.0000;ĠEstablishment:0.0000;Ġmathemat:0.0000
antidisestablishmentarianism,multi_token_by_design,5,2,44390,establishment,3699,.,layer_1,",",0.856183,17,3422,4,ablishment,0.550891,2,1365,155,",:0.8562;-:0.0700;Ġand:0.0341;.:0.0172;Ġthe:0.0099",ablishment:0.5509;establishment:0.4457;Ġestablishment:0.0029;ĠEstablishment:0.0000;Ġmovement:0.0000
antidisestablishmentarianism,multi_token_by_design,5,2,44390,establishment,3699,.,layer_2,",",0.843098,37,2255,5,ablishment,0.737191,2,913,85,",:0.8431;Ġand:0.0920;-:0.0440;Ġof:0.0083;.:0.0061",ablishment:0.7372;establishment:0.2439;Ġestablishment:0.0144;Ġmovement:0.0003;Ġof:0.0001
antidisestablishmentarianism,multi_token_by_design,5,2,44390,establishment,3699,.,layer_3,",",0.822873,103,3735,2,ablishment,0.750741,2,1433,12,",:0.8229;.:0.0680;Ġand:0.0648;-:0.0244;/:0.0125",ablishment:0.7507;establishment:0.2290;Ġestablishment:0.0107;Ġmovement:0.0005;Ġof:0.0003
antidisestablishmentarianism,multi_token_by_design,5,2,44390,establishment,3699,.,layer_4,",",0.914648,420,3782,2,ablishment,0.568968,2,1602,10,",:0.9146;.:0.0467;Ġand:0.0270;-:0.0075;/:0.0026",ablishment:0.5690;establishment:0.2920;Ġestablishment:0.0294;Ġmovement:0.0049;/:0.0030
antidisestablishmentarianism,multi_token_by_design,5,2,44390,establishment,3699,.,layer_5,",",0.98569,916,6635,2,establishment,0.226688,1,4851,6,",:0.9857;.:0.0131;Ġand:0.0005;-:0.0005;/:0.0001","establishment:0.2267;ablishment:0.1176;Ġestablishment:0.0885;,:0.0440;ists:0.0329"
antidisestablishmentarianism,multi_token_by_design,5,2,44390,establishment,3699,.,layer_6,",",0.957395,1622,4266,2,.,0.110428,2,1192,1,",:0.9574;.:0.0420;Ġand:0.0006;Ġ(:0.0000;-:0.0000",".:0.1104;establishment:0.0961;,:0.0864;ists:0.0552;Ġand:0.0330"
antidisestablishmentarianism,multi_token_by_design,5,2,44390,establishment,3699,.,layer_7,",",0.969323,4467,4021,2,.,0.25575,30,762,1,",:0.9693;.:0.0307;Ġand:0.0000;-:0.0000;Ġ(:0.0000",".:0.2557;,:0.1333;ists:0.0630;/:0.0481;::0.0384"
antidisestablishmentarianism,multi_token_by_design,5,2,44390,establishment,3699,.,layer_8,",",0.973981,5521,3702,2,.,0.213625,32,335,1,",:0.9740;.:0.0260;-:0.0000;Ġand:0.0000;Ġ(:0.0000",".:0.2136;ism:0.0844;,:0.0687;ists:0.0659;/:0.0528"
antidisestablishmentarianism,multi_token_by_design,5,2,44390,establishment,3699,.,layer_9,",",0.825887,4672,2571,2,.,0.202037,16,126,1,",:0.8259;.:0.1741;-:0.0000;Ġand:0.0000;Ġ(:0.0000",.:0.2020;ist:0.1170;ists:0.0757;ment:0.0651;ism:0.0579
antidisestablishmentarianism,multi_token_by_design,5,2,44390,establishment,3699,.,layer_10,",",0.777256,6877,2007,2,.,0.250419,28,52,1,",:0.7773;.:0.2227;-:0.0000;Ġand:0.0000;Ġ(:0.0000",.:0.2504;ist:0.0751;ism:0.0550;os:0.0496;ists:0.0414
antidisestablishmentarianism,multi_token_by_design,5,2,44390,establishment,3699,.,layer_11,",",0.999987,14811,3683,2,.,0.256259,156,48,1,",:1.0000;.:0.0000;-:0.0000;Ġand:0.0000;Ġthe:0.0000",".:0.2563;ist:0.0469;,:0.0464;"":0.0353;ism:0.0273"
antidisestablishmentarianism,multi_token_by_design,5,2,44390,establishment,3699,.,layer_12,",",1.0,27353,8532,3,.,0.174184,471,129,1,",:1.0000;Ġthe:0.0000;.:0.0000;-:0.0000;Ġand:0.0000",".:0.1742;,:0.0500;"":0.0244;Ġ(:0.0243;Ċ:0.0206"
antidisestablishmentarianism,multi_token_by_design,5,2,44390,establishment,3699,.,final_logits,.,0.174185,471,129,1,,,,,,".:0.1742;,:0.0500;"":0.0244;Ġ(:0.0243;Ċ:0.0206",
antidisestablishmentarianism,multi_token_by_design,5,3,3699,arian,1042,ism,emb,arian,0.954401,1,5330,5330,arian,1.0,1,1861,1861,arian:0.9544;arians:0.0393;aria:0.0000;arius:0.0000;arial:0.0000,arian:1.0000;arians:0.0000;aria:0.0000;arius:0.0000;arial:0.0000
antidisestablishmentarianism,multi_token_by_design,5,3,3699,arian,1042,ism,layer_1,Ġand,0.615056,4,115,115,arian,0.995885,1,11,11,"Ġand:0.6151;-:0.1709;,:0.1660;arian:0.0214;Ġ(:0.0094",arian:0.9959;arians:0.0005;ical:0.0002;Ġexile:0.0002;ity:0.0001
antidisestablishmentarianism,multi_token_by_design,5,3,3699,arian,1042,ism,layer_2,",",0.408952,28,51,51,arian,0.370211,1,4,4,",:0.4090;Ġand:0.3772;-:0.1927;Ġ(:0.0152;Ċ:0.0016",arian:0.3702;ity:0.2159;ic:0.0492;ism:0.0354;ial:0.0326
antidisestablishmentarianism,multi_token_by_design,5,3,3699,arian,1042,ism,layer_3,",",0.780188,47,14,14,ism,0.35039,3,1,1,",:0.7802;-:0.1114;Ġand:0.0830;Ġ(:0.0128;/:0.0062",ism:0.3504;ity:0.2207;arian:0.0577;ial:0.0318;ic:0.0241
antidisestablishmentarianism,multi_token_by_design,5,3,3699,arian,1042,ism,layer_4,",",0.959933,245,9,9,ism,0.900306,17,1,1,",:0.9599;-:0.0245;Ġand:0.0119;.:0.0024;Ġ(:0.0007",ism:0.9003;ity:0.0203;ists:0.0124;Ġmovement:0.0040;Ġexile:0.0026
antidisestablishmentarianism,multi_token_by_design,5,3,3699,arian,1042,ism,layer_5,",",0.991985,772,6,6,ism,0.979358,218,1,1,",:0.9920;Ġand:0.0045;-:0.0027;.:0.0008;Ġ(:0.0000","ism:0.9794;ists:0.0029;Ġrevolution:0.0018;Ġmovement:0.0014;,:0.0009"
antidisestablishmentarianism,multi_token_by_design,5,3,3699,arian,1042,ism,layer_6,",",0.905459,1113,5,5,ism,0.996436,318,1,1,",:0.9055;Ġand:0.0901;-:0.0017;.:0.0013;ism:0.0011",ism:0.9964;ists:0.0005;Ġand:0.0002;ist:0.0002;Ġmovement:0.0002
antidisestablishmentarianism,multi_token_by_design,5,3,3699,arian,1042,ism,layer_7,",",0.9937,1355,3,3,ism,0.999218,331,1,1,",:0.9937;Ġand:0.0032;ism:0.0015;.:0.0009;-:0.0006",ism:0.9992;ity:0.0002;ists:0.0001;ist:0.0001;ic:0.0000
antidisestablishmentarianism,multi_token_by_design,5,3,3699,arian,1042,ism,layer_8,",",0.999424,991,6,6,ism,0.99797,37,1,1,",:0.9994;-:0.0003;.:0.0002;Ġand:0.0001;Ġ(:0.0000",ism:0.9980;ist:0.0008;ists:0.0006;ity:0.0002;ic:0.0001
antidisestablishmentarianism,multi_token_by_design,5,3,3699,arian,1042,ism,layer_9,",",0.999543,1138,10,10,ism,0.996452,43,1,1,",:0.9995;.:0.0005;-:0.0000;Ġand:0.0000;Ġ(:0.0000",ism:0.9965;ist:0.0017;ists:0.0006;os:0.0003;ic:0.0003
antidisestablishmentarianism,multi_token_by_design,5,3,3699,arian,1042,ism,layer_10,",",0.999856,1253,12,12,ism,0.997473,41,1,1,",:0.9999;.:0.0001;-:0.0000;Ġand:0.0000;Ġ(:0.0000",ism:0.9975;ist:0.0014;ists:0.0004;os:0.0002;ity:0.0001
antidisestablishmentarianism,multi_token_by_design,5,3,3699,arian,1042,ism,layer_11,",",1.0,3989,77,77,ism,0.964718,80,1,1,",:1.0000;.:0.0000;-:0.0000;Ġand:0.0000;Ġthe:0.0000","ism:0.9647;ist:0.0072;ists:0.0031;.:0.0027;,:0.0016"
antidisestablishmentarianism,multi_token_by_design,5,3,3699,arian,1042,ism,layer_12,",",1.0,10274,574,574,ism,0.425081,633,1,1,",:1.0000;Ġthe:0.0000;.:0.0000;-:0.0000;Ġand:0.0000","ism:0.4251;.:0.0740;,:0.0249;"":0.0176;ist:0.0126"
antidisestablishmentarianism,multi_token_by_design,5,3,3699,arian,1042,ism,final_logits,ism,0.425081,633,1,1,,,,,,"ism:0.4251;.:0.0740;,:0.0249;"":0.0176;ist:0.0126",
antidisestablishmentarianism,multi_token_by_design,5,4,1042,ism,,.,emb,ism,0.531516,1,,41748,ism,1.0,1,,42146,ism:0.5315;isms:0.0382;ISM:0.0137;istic:0.0038;ists:0.0028,ism:1.0000;isms:0.0000;ISM:0.0000;istic:0.0000;ist:0.0000
antidisestablishmentarianism,multi_token_by_design,5,4,1042,ism,,.,layer_1,",",0.973737,32,,3,ism,0.397981,1,,13,",:0.9737;-:0.0155;.:0.0095;::0.0006;Ġand:0.0004","ism:0.3980;atic:0.0606;,:0.0406;Ġwrit:0.0220;::0.0203"
antidisestablishmentarianism,multi_token_by_design,5,4,1042,ism,,.,layer_2,",",0.98994,39,,2,atic,0.408432,6,,10,",:0.9899;.:0.0062;-:0.0025;/:0.0007;Ġand:0.0005","atic:0.4084;,:0.0975;yip:0.0932;atics:0.0434;/:0.0372"
antidisestablishmentarianism,multi_token_by_design,5,4,1042,ism,,.,layer_3,",",0.987174,26,,2,ism,0.243594,1,,5,",:0.9872;.:0.0123;-:0.0002;Ġand:0.0001;::0.0001","ism:0.2436;atic:0.1679;,:0.1186;atics:0.0905;.:0.0406"
antidisestablishmentarianism,multi_token_by_design,5,4,1042,ism,,.,layer_4,",",0.997242,45,,2,",",0.33413,2,,3,",:0.9972;.:0.0027;Ġand:0.0000;-:0.0000;::0.0000",",:0.3341;ism:0.0944;.:0.0860;atics:0.0795;Ġand:0.0753"
antidisestablishmentarianism,multi_token_by_design,5,4,1042,ism,,.,layer_5,",",0.99189,31,,2,",",0.321817,3,,2,",:0.9919;.:0.0081;Ġand:0.0000;-:0.0000;::0.0000",",:0.3218;.:0.1840;ism:0.1649;atism:0.0685;Ġand:0.0505"
antidisestablishmentarianism,multi_token_by_design,5,4,1042,ism,,.,layer_6,",",0.995637,57,,2,",",0.380192,4,,2,",:0.9956;.:0.0044;Ġand:0.0000;-:0.0000;Ġ(:0.0000",",:0.3802;.:0.2759;Ġand:0.0858;ism:0.0405;Ġ(:0.0241"
antidisestablishmentarianism,multi_token_by_design,5,4,1042,ism,,.,layer_7,",",0.996102,62,,2,",",0.36233,3,,2,",:0.9961;.:0.0039;Ġand:0.0000;-:0.0000;Ġ(:0.0000",",:0.3623;.:0.3382;ism:0.0476;Ġ(:0.0464;Ġand:0.0444"
antidisestablishmentarianism,multi_token_by_design,5,4,1042,ism,,.,layer_8,",",0.999388,96,,2,.,0.323775,3,,1,",:0.9994;.:0.0006;Ġand:0.0000;-:0.0000;Ġ(:0.0000",".:0.3238;,:0.3214;ism:0.0563;Ġand:0.0555;/:0.0346"
antidisestablishmentarianism,multi_token_by_design,5,4,1042,ism,,.,layer_9,",",0.999612,156,,2,.,0.506437,7,,1,",:0.9996;.:0.0004;Ġand:0.0000;-:0.0000;Ġ(:0.0000",".:0.5064;,:0.2542;Ġ(:0.0274;/:0.0270;Ġand:0.0268"
antidisestablishmentarianism,multi_token_by_design,5,4,1042,ism,,.,layer_10,",",0.998692,191,,2,.,0.732493,9,,1,",:0.9987;.:0.0013;Ġand:0.0000;-:0.0000;Ġ(:0.0000",".:0.7325;,:0.1462;::0.0165;Ġis:0.0150;Ġand:0.0142"
antidisestablishmentarianism,multi_token_by_design,5,4,1042,ism,,.,layer_11,",",1.0,532,,2,.,0.364287,48,,1,",:1.0000;.:0.0000;Ġand:0.0000;-:0.0000;Ġthe:0.0000",".:0.3643;,:0.1328;"":0.0900;Ġis:0.0425;Ġand:0.0338"
antidisestablishmentarianism,multi_token_by_design,5,4,1042,ism,,.,layer_12,",",1.0,1277,,3,.,0.208038,90,,1,",:1.0000;Ġthe:0.0000;.:0.0000;Ġand:0.0000;-:0.0000",".:0.2080;,:0.1143;Ġand:0.0473;Ġis:0.0408;"":0.0387"
antidisestablishmentarianism,multi_token_by_design,5,4,1042,ism,,.,final_logits,.,0.208037,90,,1,,,,,,".:0.2080;,:0.1143;Ġand:0.0473;Ġis:0.0408;"":0.0387",
cryptocurrency,multi_token_by_design,3,0,29609,crypt,420,.,emb,crypt,0.715007,1,43451,50210,crypt,1.0,1,22918,47641,crypt:0.7150;Crypt:0.0100;Ġcrypt:0.0022;ĠCrypt:0.0015;Ġcryptoc:0.0010,crypt:1.0000;Crypt:0.0000;Ġcrypt:0.0000;ĠCrypt:0.0000;Ġcryptoc:0.0000
cryptocurrency,multi_token_by_design,3,0,29609,crypt,420,.,layer_1,",",0.993338,3942,262,4,oc,0.028522,9,1,11,",:0.9933;Ġthe:0.0067;Ġand:0.0000;.:0.0000;-:0.0000","oc:0.0285;ory:0.0243;ec:0.0221;s:0.0194;,:0.0129"
cryptocurrency,multi_token_by_design,3,0,29609,crypt,420,.,layer_2,",",0.997661,15385,719,5,",",0.060902,4727,283,4,",:0.9977;Ġthe:0.0023;-:0.0000;Ġand:0.0000;.:0.0000",",:0.0609;Ġthe:0.0370;Ġand:0.0353;.:0.0293;Ċ:0.0292"
cryptocurrency,multi_token_by_design,3,0,29609,crypt,420,.,layer_3,Ġthe,0.571796,19438,913,5,",",0.027898,16323,976,5,"Ġthe:0.5718;,:0.4282;):0.0000;%:0.0000;*:0.0000",",:0.0279;Ġthe:0.0249;Ġand:0.0184;Ċ:0.0149;.:0.0149"
cryptocurrency,multi_token_by_design,3,0,29609,crypt,420,.,layer_4,Ġthe,0.704643,19638,920,5,",",0.028072,17045,1010,5,"Ġthe:0.7046;,:0.2954;):0.0000;%:0.0000;*:0.0000",",:0.0281;Ġthe:0.0252;Ġand:0.0185;Ċ:0.0150;.:0.0150"
cryptocurrency,multi_token_by_design,3,0,29609,crypt,420,.,layer_5,Ġthe,0.717358,19759,927,5,",",0.027853,17582,1043,5,"Ġthe:0.7174;,:0.2826;):0.0000;%:0.0000;*:0.0000",",:0.0279;Ġthe:0.0251;Ġand:0.0183;Ċ:0.0149;.:0.0149"
cryptocurrency,multi_token_by_design,3,0,29609,crypt,420,.,layer_6,Ġthe,0.691081,19839,928,5,",",0.027469,17871,1082,4,"Ġthe:0.6911;,:0.3089;):0.0000;%:0.0000;*:0.0000",",:0.0275;Ġthe:0.0247;Ġand:0.0181;.:0.0147;Ċ:0.0147"
cryptocurrency,multi_token_by_design,3,0,29609,crypt,420,.,layer_7,Ġthe,0.645958,19915,936,5,",",0.027318,18080,1107,4,"Ġthe:0.6460;,:0.3540;):0.0000;%:0.0000;*:0.0000",",:0.0273;Ġthe:0.0245;Ġand:0.0180;.:0.0146;Ċ:0.0146"
cryptocurrency,multi_token_by_design,3,0,29609,crypt,420,.,layer_8,Ġthe,0.562177,19969,943,5,",",0.02733,18161,1118,4,"Ġthe:0.5622;,:0.4378;):0.0000;%:0.0000;*:0.0000",",:0.0273;Ġthe:0.0244;Ġand:0.0180;.:0.0146;Ċ:0.0145"
cryptocurrency,multi_token_by_design,3,0,29609,crypt,420,.,layer_9,",",0.621139,20038,949,5,",",0.027585,18189,1121,4,",:0.6211;Ġthe:0.3789;):0.0000;%:0.0000;*:0.0000",",:0.0276;Ġthe:0.0243;Ġand:0.0181;.:0.0148;Ċ:0.0146"
cryptocurrency,multi_token_by_design,3,0,29609,crypt,420,.,layer_10,",",0.769903,20081,954,5,",",0.027939,18165,1140,4,",:0.7699;Ġthe:0.2301;):0.0000;%:0.0000;*:0.0000",",:0.0279;Ġthe:0.0243;Ġand:0.0182;.:0.0150;Ċ:0.0147"
cryptocurrency,multi_token_by_design,3,0,29609,crypt,420,.,layer_11,",",0.927199,20133,966,5,",",0.028567,18089,1162,4,",:0.9272;Ġthe:0.0728;):0.0000;%:0.0000;*:0.0000",",:0.0286;Ġthe:0.0245;Ġand:0.0186;.:0.0154;Ċ:0.0147"
cryptocurrency,multi_token_by_design,3,0,29609,crypt,420,.,layer_12,",",0.999975,6442,408,2,.,0.047603,875,99,1,",:1.0000;.:0.0000;-:0.0000;Ġthe:0.0000;Ġand:0.0000",".:0.0476;,:0.0382;-:0.0240;Ċ:0.0201;Ġand:0.0174"
cryptocurrency,multi_token_by_design,3,0,29609,crypt,420,.,final_logits,.,0.047603,875,99,1,,,,,,".:0.0476;,:0.0382;-:0.0240;Ċ:0.0201;Ġand:0.0174",
cryptocurrency,multi_token_by_design,3,1,420,oc,13382,urrency,emb,oc,0.311865,1,5786,5786,oc,1.0,1,3961,3961,oc:0.3119;OC:0.0015;oche:0.0010;ocent:0.0010;oco:0.0010,oc:1.0000;oche:0.0000;ocent:0.0000;oco:0.0000;OC:0.0000
cryptocurrency,multi_token_by_design,3,1,420,oc,13382,urrency,layer_1,oc,0.668492,1,6774,6774,oc,0.732804,1,82,82,"oc:0.6685;,:0.1019;Ġthe:0.0709;Ġand:0.0539;op:0.0250",oc:0.7328;op:0.0495;asts:0.0214;ost:0.0107;aster:0.0088
cryptocurrency,multi_token_by_design,3,1,420,oc,13382,urrency,layer_2,op,0.274982,2,2304,2304,oc,0.326211,1,19,19,"op:0.2750;oc:0.2596;,:0.1192;ro:0.0942;Ġand:0.0689",oc:0.3262;op:0.2036;ote:0.0649;ro:0.0429;ost:0.0392
cryptocurrency,multi_token_by_design,3,1,420,oc,13382,urrency,layer_3,",",0.432313,15,1643,1643,urrencies,0.296571,4,5,5,",:0.4323;.:0.2111;Ġand:0.1831;s:0.0503;-:0.0278",urrencies:0.2966;ote:0.1138;op:0.1029;oc:0.0592;urrency:0.0441
cryptocurrency,multi_token_by_design,3,1,420,oc,13382,urrency,layer_4,op,0.491831,10,869,869,urrencies,0.482109,7,4,4,"op:0.4918;,:0.1204;.:0.0893;Ġand:0.0755;s:0.0715",urrencies:0.4821;op:0.1133;asio:0.0788;urrency:0.0396;omm:0.0238
cryptocurrency,multi_token_by_design,3,1,420,oc,13382,urrency,layer_5,",",0.642931,27,939,939,urrencies,0.584802,19,2,2,",:0.6429;.:0.3089;Ġand:0.0234;s:0.0084;-:0.0037",urrencies:0.5848;urrency:0.0879;op:0.0433;ote:0.0394;entric:0.0199
cryptocurrency,multi_token_by_design,3,1,420,oc,13382,urrency,layer_6,",",0.729371,71,999,999,urrencies,0.792698,52,2,2,",:0.7294;.:0.1483;s:0.0997;Ġand:0.0125;Ġthe:0.0052",urrencies:0.7927;urrency:0.1184;asm:0.0112;ci:0.0052;op:0.0048
cryptocurrency,multi_token_by_design,3,1,420,oc,13382,urrency,layer_7,",",0.552773,83,904,904,urrencies,0.669388,58,2,2,",:0.5528;s:0.2801;.:0.1258;Ġand:0.0164;Ġthe:0.0135",urrencies:0.6694;urrency:0.1786;omp:0.0150;ote:0.0134;asm:0.0103
cryptocurrency,multi_token_by_design,3,1,420,oc,13382,urrency,layer_8,",",0.824726,67,637,637,urrencies,0.477518,46,2,2,",:0.8247;.:0.0839;s:0.0550;-:0.0197;Ġand:0.0093",urrencies:0.4775;urrency:0.4534;omp:0.0191;entric:0.0083;ulture:0.0033
cryptocurrency,multi_token_by_design,3,1,420,oc,13382,urrency,layer_9,",",0.988875,194,1130,1130,urrency,0.575095,77,1,1,",:0.9889;.:0.0104;-:0.0004;Ġand:0.0002;Ġthe:0.0001",urrency:0.5751;urrencies:0.4008;entric:0.0041;omp:0.0034;at:0.0018
cryptocurrency,multi_token_by_design,3,1,420,oc,13382,urrency,layer_10,",",0.989524,272,1126,1126,urrency,0.744623,116,1,1,",:0.9895;.:0.0058;-:0.0045;Ġand:0.0002;Ġthe:0.0000",urrency:0.7446;urrencies:0.2421;omp:0.0021;entric:0.0019;omm:0.0018
cryptocurrency,multi_token_by_design,3,1,420,oc,13382,urrency,layer_11,",",0.999998,696,8827,8827,urrency,0.578428,160,1,1,",:1.0000;.:0.0000;-:0.0000;Ġthe:0.0000;Ġand:0.0000",urrency:0.5784;urrencies:0.1908;omp:0.0142;rypt:0.0137;omm:0.0102
cryptocurrency,multi_token_by_design,3,1,420,oc,13382,urrency,layer_12,",",1.0,909,10634,10634,urrency,0.59352,378,1,1,",:1.0000;.:0.0000;Ġthe:0.0000;Ġand:0.0000;-:0.0000",urrency:0.5935;urrencies:0.2046;ont:0.0178;ore:0.0123;at:0.0115
cryptocurrency,multi_token_by_design,3,1,420,oc,13382,urrency,final_logits,urrency,0.593522,378,1,1,,,,,,urrency:0.5935;urrencies:0.2046;ont:0.0178;ore:0.0123;at:0.0115,
cryptocurrency,multi_token_by_design,3,2,13382,urrency,,.,emb,urrency,0.885608,1,,50248,urrency,1.0,1,,49652,urrency:0.8856;urrencies:0.0387;rencies:0.0013;currency:0.0011;ertodd:0.0001,urrency:1.0000;urrencies:0.0000;rencies:0.0000;currency:0.0000;Ġmathemat:0.0000
cryptocurrency,multi_token_by_design,3,2,13382,urrency,,.,layer_1,",",0.852381,28,,4,urrency,0.974828,1,,115,",:0.8524;Ġand:0.0980;-:0.0234;.:0.0134;/:0.0039",urrency:0.9748;urrencies:0.0053;ĠCurrency:0.0051;rencies:0.0036;Ġcurrency:0.0031
cryptocurrency,multi_token_by_design,3,2,13382,urrency,,.,layer_2,",",0.979159,35,,4,urrency,0.823424,1,,49,",:0.9792;-:0.0115;Ġand:0.0053;.:0.0022;/:0.0016",urrency:0.8234;Ġexchange:0.0722;rencies:0.0295;Ġcurrency:0.0186;urrencies:0.0136
cryptocurrency,multi_token_by_design,3,2,13382,urrency,,.,layer_3,",",0.99458,289,,3,urrency,0.54572,1,,29,",:0.9946;-:0.0026;.:0.0019;Ġand:0.0009;/:0.0000",urrency:0.5457;Ġexchange:0.2706;urrencies:0.0346;currency:0.0233;rencies:0.0213
cryptocurrency,multi_token_by_design,3,2,13382,urrency,,.,layer_4,",",0.99776,403,,2,Ġexchange,0.566937,2,,48,",:0.9978;.:0.0015;-:0.0004;Ġand:0.0004;/:0.0000",Ġexchange:0.5669;urrency:0.1597;rencies:0.0360;urrencies:0.0295;Ġcurrency:0.0237
cryptocurrency,multi_token_by_design,3,2,13382,urrency,,.,layer_5,",",0.99578,1132,,2,Ġexchange,0.659718,3,,21,",:0.9958;.:0.0037;-:0.0003;Ġand:0.0002;/:0.0000",Ġexchange:0.6597;Ġcurrency:0.0306;urrency:0.0227;rencies:0.0202;Ġtrading:0.0190
cryptocurrency,multi_token_by_design,3,2,13382,urrency,,.,layer_6,",",0.98527,1040,,2,Ġexchange,0.46913,5,,17,",:0.9853;.:0.0139;Ġand:0.0004;-:0.0004;Ġ(:0.0000",Ġexchange:0.4691;Ġcurrency:0.0774;rencies:0.0670;Ġblockchain:0.0580;urrency:0.0498
cryptocurrency,multi_token_by_design,3,2,13382,urrency,,.,layer_7,",",0.989412,2428,,2,Ġexchange,0.503738,12,,10,",:0.9894;.:0.0105;-:0.0000;Ġand:0.0000;Ġ(:0.0000",Ġexchange:0.5037;Ġblockchain:0.1022;Ġcurrency:0.0405;ĠBitcoin:0.0302;Ġexchanges:0.0263
cryptocurrency,multi_token_by_design,3,2,13382,urrency,,.,layer_8,",",0.996737,5564,,2,Ġexchange,0.448938,22,,4,",:0.9967;.:0.0030;-:0.0003;Ġand:0.0000;Ġ(:0.0000",Ġexchange:0.4489;Ġblockchain:0.1075;Ġexchanges:0.0602;.:0.0350;ĠBitcoin:0.0308
cryptocurrency,multi_token_by_design,3,2,13382,urrency,,.,layer_9,",",0.997407,11211,,2,Ġexchange,0.248468,85,,2,",:0.9974;.:0.0026;-:0.0000;Ġand:0.0000;Ġ(:0.0000","Ġexchange:0.2485;.:0.1715;Ġblockchain:0.0797;,:0.0698;Ġexchanges:0.0360"
cryptocurrency,multi_token_by_design,3,2,13382,urrency,,.,layer_10,",",0.99639,10918,,2,.,0.326941,76,,1,",:0.9964;.:0.0036;-:0.0000;Ġand:0.0000;Ġin:0.0000",".:0.3269;Ġexchange:0.0843;,:0.0725;Ġblockchain:0.0628;ĠBitcoin:0.0461"
cryptocurrency,multi_token_by_design,3,2,13382,urrency,,.,layer_11,",",1.0,27597,,2,.,0.27759,422,,1,",:1.0000;.:0.0000;-:0.0000;Ġand:0.0000;Ġthe:0.0000",".:0.2776;,:0.0918;Ġexchange:0.0444;/:0.0404;-:0.0352"
cryptocurrency,multi_token_by_design,3,2,13382,urrency,,.,layer_12,",",1.0,40007,,2,.,0.218437,1539,,1,",:1.0000;.:0.0000;Ġthe:0.0000;-:0.0000;Ġand:0.0000",".:0.2184;,:0.0979;Ġand:0.0375;-:0.0342;Ċ:0.0229"
cryptocurrency,multi_token_by_design,3,2,13382,urrency,,.,final_logits,.,0.218438,1539,,1,,,,,,".:0.2184;,:0.0979;Ġand:0.0375;-:0.0342;Ċ:0.0229",
unbelievable,multi_token_by_design,4,0,403,un,6667,.,emb,un,0.113793,1,3328,14534,un,1.0,1,3642,45743,un:0.1138;uns:0.0028;UN:0.0013;una:0.0012;Un:0.0010,un:1.0000;uns:0.0000;una:0.0000;uni:0.0000;UN:0.0000
unbelievable,multi_token_by_design,4,0,403,un,6667,.,layer_1,Ġthe,0.923276,228,4907,5,ec,0.017294,11,1623,14,"Ġthe:0.9233;,:0.0767;Ġand:0.0000;-:0.0000;.:0.0000",ec:0.0173;Ċ:0.0166;il:0.0142;g:0.0136;en:0.0121
unbelievable,multi_token_by_design,4,0,403,un,6667,.,layer_2,Ġthe,0.783109,363,6347,5,",",0.053015,346,4096,5,"Ġthe:0.7831;,:0.2169;-:0.0000;Ġand:0.0000;.:0.0000",",:0.0530;Ġthe:0.0471;Ġand:0.0324;Ċ:0.0304;.:0.0270"
unbelievable,multi_token_by_design,4,0,403,un,6667,.,layer_3,Ġthe,0.998739,418,5946,5,",",0.027168,619,5604,5,"Ġthe:0.9987;,:0.0013;):0.0000;%:0.0000;*:0.0000",",:0.0272;Ġthe:0.0262;Ġand:0.0182;Ċ:0.0151;.:0.0147"
unbelievable,multi_token_by_design,4,0,403,un,6667,.,layer_4,Ġthe,0.999263,420,5955,5,",",0.027349,631,5694,5,"Ġthe:0.9993;,:0.0007;):0.0000;%:0.0000;*:0.0000",",:0.0273;Ġthe:0.0265;Ġand:0.0182;Ċ:0.0151;.:0.0147"
unbelievable,multi_token_by_design,4,0,403,un,6667,.,layer_5,Ġthe,0.999216,420,5963,5,",",0.027179,637,5746,5,"Ġthe:0.9992;,:0.0008;):0.0000;%:0.0000;*:0.0000",",:0.0272;Ġthe:0.0263;Ġand:0.0181;Ċ:0.0150;.:0.0147"
unbelievable,multi_token_by_design,4,0,403,un,6667,.,layer_6,Ġthe,0.999061,419,5951,5,",",0.026827,637,5746,5,"Ġthe:0.9991;,:0.0009;):0.0000;%:0.0000;*:0.0000",",:0.0268;Ġthe:0.0258;Ġand:0.0179;Ċ:0.0148;.:0.0145"
unbelievable,multi_token_by_design,4,0,403,un,6667,.,layer_7,Ġthe,0.998624,418,5949,5,",",0.026709,633,5746,5,"Ġthe:0.9986;,:0.0014;):0.0000;%:0.0000;*:0.0000",",:0.0267;Ġthe:0.0255;Ġand:0.0178;Ċ:0.0146;.:0.0145"
unbelievable,multi_token_by_design,4,0,403,un,6667,.,layer_8,Ġthe,0.99809,419,5951,5,",",0.026718,629,5741,5,"Ġthe:0.9981;,:0.0019;):0.0000;%:0.0000;*:0.0000",",:0.0267;Ġthe:0.0254;Ġand:0.0177;Ċ:0.0146;.:0.0145"
unbelievable,multi_token_by_design,4,0,403,un,6667,.,layer_9,Ġthe,0.996722,421,5953,5,",",0.02695,627,5723,5,"Ġthe:0.9967;,:0.0033;):0.0000;%:0.0000;*:0.0000",",:0.0270;Ġthe:0.0254;Ġand:0.0178;Ċ:0.0147;.:0.0146"
unbelievable,multi_token_by_design,4,0,403,un,6667,.,layer_10,Ġthe,0.994123,421,5965,5,",",0.027289,623,5754,4,"Ġthe:0.9941;,:0.0059;):0.0000;%:0.0000;*:0.0000",",:0.0273;Ġthe:0.0254;Ġand:0.0180;.:0.0149;Ċ:0.0147"
unbelievable,multi_token_by_design,4,0,403,un,6667,.,layer_11,Ġthe,0.982398,417,5970,5,",",0.02789,613,5733,4,"Ġthe:0.9824;,:0.0176;):0.0000;%:0.0000;*:0.0000",",:0.0279;Ġthe:0.0256;Ġand:0.0183;.:0.0153;Ċ:0.0148"
unbelievable,multi_token_by_design,4,0,403,un,6667,.,layer_12,",",0.999299,260,4048,4,.,0.036483,45,1091,1,",:0.9993;Ġthe:0.0007;-:0.0000;.:0.0000;Ġand:0.0000",".:0.0365;,:0.0276;-:0.0215;Ċ:0.0190;Ġand:0.0135"
unbelievable,multi_token_by_design,4,0,403,un,6667,.,final_logits,.,0.036483,45,1091,1,,,,,,".:0.0365;,:0.0276;-:0.0215;Ċ:0.0190;Ġand:0.0135",
unbelievable,multi_token_by_design,4,1,6667,bel,11203,ievers,emb,bel,0.727846,1,4345,1089,bel,1.0,1,3243,1536,bel:0.7278;ĠBEL:0.0006;Bel:0.0005;belt:0.0002;Ġunbel:0.0001,bel:1.0000;Bel:0.0000;ĠBEL:0.0000;Ġadvoc:0.0000;Ġunden:0.0000
unbelievable,multi_token_by_design,4,1,6667,bel,11203,ievers,layer_1,bel,0.910599,1,459,223,bel,0.977213,1,31,2,bel:0.9106;a:0.0244;Ġand:0.0123;Ġthe:0.0092;m:0.0084,bel:0.9772;ievers:0.0046;ieve:0.0045;iever:0.0036;ieving:0.0021
unbelievable,multi_token_by_design,4,1,6667,bel,11203,ievers,layer_2,a,0.495655,2,135,56,bel,0.696238,1,16,2,a:0.4957;bel:0.2614;le:0.1238;m:0.0443;i:0.0164,bel:0.6962;ievers:0.0692;iever:0.0558;le:0.0250;cher:0.0248
unbelievable,multi_token_by_design,4,1,6667,bel,11203,ievers,layer_3,le,0.710748,7,99,39,ievers,0.32551,4,15,1,le:0.7107;a:0.2022;m:0.0442;it:0.0102;i:0.0079,ievers:0.3255;iever:0.3255;le:0.1146;bel:0.0702;cher:0.0288
unbelievable,multi_token_by_design,4,1,6667,bel,11203,ievers,layer_4,le,0.879767,7,19,51,le,0.284866,5,9,4,le:0.8798;m:0.0906;a:0.0064;cher:0.0063;i:0.0028,le:0.2849;cher:0.1330;iever:0.1195;ievers:0.0719;bel:0.0662
unbelievable,multi_token_by_design,4,1,6667,bel,11203,ievers,layer_5,m,0.564725,85,192,205,iever,0.281079,13,24,4,"m:0.5647;le:0.3869;a:0.0198;,:0.0129;i:0.0035",iever:0.2811;cher:0.2249;le:0.2154;ievers:0.0336;lement:0.0313
unbelievable,multi_token_by_design,4,1,6667,bel,11203,ievers,layer_6,le,0.61443,331,341,617,le,0.384895,42,33,6,"le:0.6144;-:0.2245;,:0.0952;a:0.0406;m:0.0098",le:0.3849;iever:0.2971;lement:0.0784;cher:0.0414;bow:0.0201
unbelievable,multi_token_by_design,4,1,6667,bel,11203,ievers,layer_7,",",0.502681,556,705,1040,le,0.490341,48,27,6,",:0.5027;-:0.4944;Ġthe:0.0014;.:0.0006;le:0.0004",le:0.4903;lement:0.2186;iever:0.0953;ic:0.0326;ated:0.0285
unbelievable,multi_token_by_design,4,1,6667,bel,11203,ievers,layer_8,-,0.754688,539,607,1060,le,0.587508,35,12,5,"-:0.7547;,:0.2451;.:0.0001;Ġthe:0.0001;Ġand:0.0000",le:0.5875;iever:0.0868;ated:0.0686;lement:0.0670;ievers:0.0559
unbelievable,multi_token_by_design,4,1,6667,bel,11203,ievers,layer_9,",",0.62015,883,1018,1305,le,0.39052,63,12,3,",:0.6202;-:0.3798;Ġand:0.0000;.:0.0000;Ġthe:0.0000",le:0.3905;iever:0.1560;ievers:0.1473;ated:0.1328;lement:0.0419
unbelievable,multi_token_by_design,4,1,6667,bel,11203,ievers,layer_10,",",0.514179,1345,1083,1852,le,0.347869,76,8,2,",:0.5142;-:0.4858;.:0.0000;Ġthe:0.0000;Ġand:0.0000",le:0.3479;ievers:0.2368;iever:0.1256;ief:0.0924;oved:0.0564
unbelievable,multi_token_by_design,4,1,6667,bel,11203,ievers,layer_11,",",0.999998,3209,3824,7366,ievers,0.235639,157,5,1,",:1.0000;-:0.0000;Ġthe:0.0000;.:0.0000;Ġand:0.0000",ievers:0.2356;le:0.0998;iever:0.0913;oved:0.0818;iev:0.0564
unbelievable,multi_token_by_design,4,1,6667,bel,11203,ievers,layer_12,",",1.0,4474,6629,11876,ievers,0.313701,240,5,1,",:1.0000;Ġthe:0.0000;-:0.0000;.:0.0000;Ġand:0.0000",ievers:0.3137;iever:0.1146;ieving:0.1003;ief:0.0786;iev:0.0779
unbelievable,multi_token_by_design,4,1,6667,bel,11203,ievers,final_logits,ievers,0.313702,240,5,1,,,,,,ievers:0.3137;iever:0.1146;ieving:0.1003;ief:0.0786;iev:0.0779,
unbelievable,multi_token_by_design,4,2,11203,iev,540,able,emb,iev,0.995265,1,31932,31932,iev,1.0,1,15338,15338,iev:0.9953;ieved:0.0000;ĠUkrain:0.0000;ieve:0.0000;ieving:0.0000,iev:1.0000;Ġmathemat:0.0000;Ġconfir:0.0000;ĠUkrain:0.0000;ieve:0.0000
unbelievable,multi_token_by_design,4,2,11203,iev,540,able,layer_1,iev,0.999781,1,559,559,iev,0.997868,1,1808,1808,"iev:0.9998;,:0.0002;.:0.0000;ĠD:0.0000;ac:0.0000",iev:0.9979;icz:0.0012;rov:0.0006;ac:0.0000;abil:0.0000
unbelievable,multi_token_by_design,4,2,11203,iev,540,able,layer_2,iev,0.998102,1,64,64,iev,0.986875,1,83,83,"iev:0.9981;o:0.0005;ac:0.0004;,:0.0003;ĠD:0.0002",iev:0.9869;rov:0.0042;icz:0.0010;ac:0.0006;ows:0.0005
unbelievable,multi_token_by_design,4,2,11203,iev,540,able,layer_3,iev,0.974586,1,26,26,iev,0.873556,1,47,47,"iev:0.9746;ac:0.0075;o:0.0044;,:0.0034;ĠD:0.0034",iev:0.8736;rov:0.0656;icz:0.0124;lement:0.0048;abil:0.0039
unbelievable,multi_token_by_design,4,2,11203,iev,540,able,layer_4,iev,0.991919,1,27,27,iev,0.843836,1,37,37,iev:0.9919;ie:0.0026;ĠD:0.0014;it:0.0006;abil:0.0004,iev:0.8438;rov:0.0412;ment:0.0114;ows:0.0092;ably:0.0081
unbelievable,multi_token_by_design,4,2,11203,iev,540,able,layer_5,iev,0.981455,1,12,12,iev,0.689321,1,19,19,iev:0.9815;ment:0.0112;ability:0.0028;ie:0.0025;ies:0.0004,iev:0.6893;ment:0.1142;ability:0.0362;sky:0.0167;ably:0.0133
unbelievable,multi_token_by_design,4,2,11203,iev,540,able,layer_6,ment,0.938357,4,3,3,ment,0.685307,2,5,5,ment:0.9384;y:0.0268;able:0.0115;iev:0.0099;s:0.0056,ment:0.6853;iev:0.1531;ability:0.0312;ably:0.0244;able:0.0223
unbelievable,multi_token_by_design,4,2,11203,iev,540,able,layer_7,able,0.853772,25,1,1,ment,0.606226,5,2,2,"able:0.8538;ment:0.1288;,:0.0123;.:0.0028;y:0.0011",ment:0.6062;able:0.2091;ability:0.0465;ably:0.0363;iev:0.0206
unbelievable,multi_token_by_design,4,2,11203,iev,540,able,layer_8,able,0.976158,86,1,1,able,0.675443,10,1,1,"able:0.9762;,:0.0228;.:0.0010;ment:0.0000;i:0.0000",able:0.6754;ment:0.1238;ous:0.0642;ably:0.0574;ability:0.0260
unbelievable,multi_token_by_design,4,2,11203,iev,540,able,layer_9,",",0.800923,548,2,2,able,0.764448,33,1,1,",:0.8009;able:0.1987;.:0.0004;Ġthe:0.0000;Ġand:0.0000",able:0.7644;ably:0.1878;ment:0.0346;ability:0.0104;ous:0.0007
unbelievable,multi_token_by_design,4,2,11203,iev,540,able,layer_10,",",0.999974,1278,2,2,able,0.630319,42,1,1,",:1.0000;able:0.0000;.:0.0000;Ġthe:0.0000;Ġand:0.0000",able:0.6303;ably:0.3610;ability:0.0078;ment:0.0003;ables:0.0002
unbelievable,multi_token_by_design,4,2,11203,iev,540,able,layer_11,",",1.0,5583,15,15,able,0.861624,105,1,1,",:1.0000;Ġthe:0.0000;.:0.0000;-:0.0000;Ġand:0.0000",able:0.8616;ably:0.1309;ability:0.0029;ed:0.0019;ables:0.0008
unbelievable,multi_token_by_design,4,2,11203,iev,540,able,layer_12,",",1.0,16004,156,156,able,0.845564,194,1,1,",:1.0000;Ġthe:0.0000;-:0.0000;.:0.0000;Ġand:0.0000",able:0.8456;ably:0.1200;ability:0.0139;ables:0.0046;ed:0.0036
unbelievable,multi_token_by_design,4,2,11203,iev,540,able,final_logits,able,0.845565,194,1,1,,,,,,able:0.8456;ably:0.1200;ability:0.0139;ables:0.0046;ed:0.0036,
unbelievable,multi_token_by_design,4,3,540,able,,"""",emb,able,0.806416,1,,5920,able,1.0,1,,25085,able:0.8064;ables:0.0174;ABLE:0.0099;ability:0.0061;ably:0.0047,able:1.0000;ables:0.0000;ABLE:0.0000;ability:0.0000;ably:0.0000
unbelievable,multi_token_by_design,4,3,540,able,,"""",layer_1,",",0.691385,92,,71,âĶĢâĶĢ,0.264676,14,,227,",:0.6914;-:0.1780;Ġand:0.0952;.:0.0187;Ġto:0.0044",âĶĢâĶĢ:0.2647;Ġ-:0.0664;Ġchange:0.0207;Ġlink:0.0174;ĠâĢĵ:0.0127
unbelievable,multi_token_by_design,4,3,540,able,,"""",layer_2,",",0.725024,86,,38,Ġ-,0.053326,55,,67,",:0.7250;Ġand:0.1895;-:0.0553;.:0.0203;Ġ-:0.0032","Ġ-:0.0533;Ġenough:0.0473;Ġlink:0.0444;Ġand:0.0330;,:0.0287"
unbelievable,multi_token_by_design,4,3,540,able,,"""",layer_3,",",0.971618,199,,18,ĠHeroes,0.072083,492,,71,",:0.9716;.:0.0166;Ġand:0.0069;-:0.0042;::0.0002","ĠHeroes:0.0721;,:0.0612;ĠDanger:0.0342;Ġ-:0.0271;ĠTrue:0.0234"
unbelievable,multi_token_by_design,4,3,540,able,,"""",layer_4,",",0.996567,444,,11,",",0.139327,1198,,19,",:0.9966;.:0.0031;Ġand:0.0002;-:0.0001;::0.0000",",:0.1393;ĠHeroes:0.1155;ĠSquirrel:0.0577;ly:0.0287;Ġ[:0.0215"
unbelievable,multi_token_by_design,4,3,540,able,,"""",layer_5,",",0.999033,813,,7,",",0.276089,4180,,5,",:0.9990;.:0.0009;Ġand:0.0000;-:0.0000;::0.0000",",:0.2761;ĠHeroes:0.0639;ĠSquirrel:0.0533;Ġ[:0.0380;"":0.0249"
unbelievable,multi_token_by_design,4,3,540,able,,"""",layer_6,",",0.998101,583,,8,",",0.35893,2781,,4,",:0.9981;.:0.0019;Ġand:0.0000;-:0.0000;::0.0000",",:0.3589;.:0.0830;ĠSquirrel:0.0321;"":0.0272;ĠHeroes:0.0227"
unbelievable,multi_token_by_design,4,3,540,able,,"""",layer_7,",",0.997685,475,,7,",",0.524091,1282,,4,",:0.9977;.:0.0023;Ġand:0.0000;-:0.0000;::0.0000",",:0.5241;.:0.2303;!:0.0301;"":0.0291;ly:0.0228"
unbelievable,multi_token_by_design,4,3,540,able,,"""",layer_8,",",0.998626,533,,6,",",0.403737,1186,,4,",:0.9986;.:0.0014;Ġand:0.0000;-:0.0000;::0.0000",",:0.4037;.:0.2779;!:0.0932;"":0.0488;ly:0.0241"
unbelievable,multi_token_by_design,4,3,540,able,,"""",layer_9,",",0.99944,636,,6,.,0.445175,1244,,4,",:0.9994;.:0.0006;-:0.0000;Ġand:0.0000;::0.0000",".:0.4452;,:0.2939;!:0.1184;"":0.0437;;:0.0130"
unbelievable,multi_token_by_design,4,3,540,able,,"""",layer_10,",",0.999767,670,,11,.,0.521784,1105,,4,",:0.9998;.:0.0002;-:0.0000;Ġand:0.0000;::0.0000",".:0.5218;,:0.2265;!:0.1154;"":0.0300;,"":0.0198"
unbelievable,multi_token_by_design,4,3,540,able,,"""",layer_11,",",1.0,876,,13,"""",0.457011,1283,,1,",:1.0000;.:0.0000;-:0.0000;Ġand:0.0000;Ġthe:0.0000",""":0.4570;.:0.1151;."":0.0699;,"":0.0637;,:0.0433"
unbelievable,multi_token_by_design,4,3,540,able,,"""",layer_12,",",1.0,1064,,32,"""",0.16652,1320,,1,",:1.0000;Ġthe:0.0000;.:0.0000;-:0.0000;Ġand:0.0000",""":0.1665;.:0.1545;,:0.0909;."":0.0542;,"":0.0369"
unbelievable,multi_token_by_design,4,3,540,able,,"""",final_logits,"""",0.166519,1320,,1,,,,,,""":0.1665;.:0.1545;,:0.0909;."":0.0542;,"":0.0369",
biotechnology,multi_token_by_design,2,0,8482,bi,31201,.,emb,bi,0.761237,1,5271,49912,bi,1.0,1,5966,44045,bi:0.7612;Bi:0.0008;biology:0.0007;bial:0.0004;bia:0.0004,bi:1.0000;Bi:0.0000;biology:0.0000;bial:0.0000;bia:0.0000
biotechnology,multi_token_by_design,2,0,8482,bi,31201,.,layer_1,",",0.906956,1479,22180,5,Ċ,0.034267,6,1245,5,",:0.9070;Ġthe:0.0930;Ġand:0.0000;-:0.0000;.:0.0000","Ċ:0.0343;,:0.0186;Ġand:0.0154;ag:0.0125;.:0.0108"
biotechnology,multi_token_by_design,2,0,8482,bi,31201,.,layer_2,",",0.996355,5120,35708,5,",",0.05986,2254,17015,5,",:0.9964;Ġthe:0.0036;-:0.0000;Ġand:0.0000;.:0.0000",",:0.0599;Ġthe:0.0378;Ġand:0.0365;Ċ:0.0321;.:0.0285"
biotechnology,multi_token_by_design,2,0,8482,bi,31201,.,layer_3,Ġthe,0.52476,5532,41130,5,",",0.028009,6817,32469,5,"Ġthe:0.5248;,:0.4752;):0.0000;%:0.0000;*:0.0000",",:0.0280;Ġthe:0.0249;Ġand:0.0187;Ċ:0.0153;.:0.0149"
biotechnology,multi_token_by_design,2,0,8482,bi,31201,.,layer_4,Ġthe,0.66731,5587,41187,5,",",0.02812,7079,33052,5,"Ġthe:0.6673;,:0.3327;):0.0000;%:0.0000;*:0.0000",",:0.0281;Ġthe:0.0252;Ġand:0.0187;Ċ:0.0154;.:0.0149"
biotechnology,multi_token_by_design,2,0,8482,bi,31201,.,layer_5,Ġthe,0.683789,5619,41250,5,",",0.027894,7327,33380,5,"Ġthe:0.6838;,:0.3162;):0.0000;%:0.0000;*:0.0000",",:0.0279;Ġthe:0.0251;Ġand:0.0186;Ċ:0.0152;.:0.0148"
biotechnology,multi_token_by_design,2,0,8482,bi,31201,.,layer_6,Ġthe,0.640973,5634,41289,5,",",0.027517,7449,33463,5,"Ġthe:0.6410;,:0.3590;):0.0000;%:0.0000;*:0.0000",",:0.0275;Ġthe:0.0247;Ġand:0.0183;Ċ:0.0150;.:0.0147"
biotechnology,multi_token_by_design,2,0,8482,bi,31201,.,layer_7,Ġthe,0.553928,5652,41367,5,",",0.027378,7584,33555,5,"Ġthe:0.5539;,:0.4461;):0.0000;%:0.0000;*:0.0000",",:0.0274;Ġthe:0.0245;Ġand:0.0182;Ċ:0.0149;.:0.0146"
biotechnology,multi_token_by_design,2,0,8482,bi,31201,.,layer_8,",",0.542742,5673,41397,5,",",0.027412,7669,33536,5,",:0.5427;Ġthe:0.4573;):0.0000;%:0.0000;*:0.0000",",:0.0274;Ġthe:0.0243;Ġand:0.0182;Ċ:0.0148;.:0.0146"
biotechnology,multi_token_by_design,2,0,8482,bi,31201,.,layer_9,",",0.71963,5705,41445,5,",",0.027668,7746,33610,5,",:0.7196;Ġthe:0.2804;):0.0000;%:0.0000;*:0.0000",",:0.0277;Ġthe:0.0243;Ġand:0.0183;Ċ:0.0149;.:0.0148"
biotechnology,multi_token_by_design,2,0,8482,bi,31201,.,layer_10,",",0.860955,5733,41479,5,",",0.028018,7861,33673,4,",:0.8610;Ġthe:0.1390;):0.0000;%:0.0000;*:0.0000",",:0.0280;Ġthe:0.0243;Ġand:0.0185;.:0.0150;Ċ:0.0149"
biotechnology,multi_token_by_design,2,0,8482,bi,31201,.,layer_11,",",0.963831,5757,41544,5,",",0.028664,7915,34034,4,",:0.9638;Ġthe:0.0362;):0.0000;%:0.0000;*:0.0000",",:0.0287;Ġthe:0.0244;Ġand:0.0188;.:0.0154;Ċ:0.0150"
biotechnology,multi_token_by_design,2,0,8482,bi,31201,.,layer_12,",",0.999996,2477,31775,3,.,0.042124,607,4749,1,",:1.0000;-:0.0000;.:0.0000;Ġthe:0.0000;Ġand:0.0000",".:0.0421;,:0.0360;-:0.0303;Ċ:0.0203;Ġand:0.0178"
biotechnology,multi_token_by_design,2,0,8482,bi,31201,.,final_logits,.,0.042124,607,4749,1,,,,,,".:0.0421;,:0.0360;-:0.0303;Ċ:0.0203;Ġand:0.0178",
biotechnology,multi_token_by_design,2,1,31201,otechnology,,",",emb,otechnology,0.283733,1,,50252,otechnology,1.0,1,,49867,otechnology:0.2837;otech:0.0031;ochemistry:0.0014;Technology:0.0007;aceutical:0.0007,otechnology:1.0000;otech:0.0000;Ġmathemat:0.0000;ochemistry:0.0000;Ġchalleng:0.0000
biotechnology,multi_token_by_design,2,1,31201,otechnology,,",",layer_1,",",0.476551,388,,1,Ġtechnology,0.221932,2,,19,",:0.4766;Ġand:0.4458;-:0.0396;.:0.0214;Ġ(:0.0066",Ġtechnology:0.2219;otechnology:0.1228;ĠTechnology:0.0339;Ġresearch:0.0275;ĠAwareness:0.0239
biotechnology,multi_token_by_design,2,1,31201,otechnology,,",",layer_2,",",0.834233,573,,1,Ġtechnology,0.338318,3,,9,",:0.8342;Ġand:0.1438;-:0.0151;.:0.0059;Ġ(:0.0006",Ġtechnology:0.3383;Ġresearch:0.0692;otechnology:0.0420;Ġand:0.0325;Ġexperts:0.0284
biotechnology,multi_token_by_design,2,1,31201,otechnology,,",",layer_3,",",0.979506,1534,,1,Ġtechnology,0.299584,6,,4,",:0.9795;Ġand:0.0156;-:0.0037;.:0.0011;Ġ(:0.0001","Ġtechnology:0.2996;Ġresearch:0.0707;Ġtrade:0.0362;,:0.0265;Ġand:0.0253"
biotechnology,multi_token_by_design,2,1,31201,otechnology,,",",layer_4,",",0.889634,1515,,1,Ġtechnology,0.342098,18,,6,",:0.8896;Ġand:0.1040;-:0.0046;.:0.0016;Ġ(:0.0001",Ġtechnology:0.3421;Ġresearch:0.0750;Ġand:0.0429;ĠTechnology:0.0256;ĠImaging:0.0217
biotechnology,multi_token_by_design,2,1,31201,otechnology,,",",layer_5,",",0.956748,3865,,1,Ġtechnology,0.269284,248,,4,",:0.9567;Ġand:0.0415;-:0.0013;.:0.0005;Ġ(:0.0000","Ġtechnology:0.2693;Ġand:0.1085;Ġresearch:0.0865;,:0.0677;ĠTechnology:0.0352"
biotechnology,multi_token_by_design,2,1,31201,otechnology,,",",layer_6,",",0.944302,4831,,1,Ġand,0.206222,236,,3,",:0.9443;Ġand:0.0542;-:0.0012;.:0.0003;Ġ(:0.0000","Ġand:0.2062;Ġtechnology:0.1629;,:0.0929;Ġresearch:0.0461;Ġ(:0.0198"
biotechnology,multi_token_by_design,2,1,31201,otechnology,,",",layer_7,",",0.991771,6454,,1,Ġand,0.350466,229,,2,",:0.9918;Ġand:0.0078;-:0.0004;.:0.0000;Ġ(:0.0000","Ġand:0.3505;,:0.1862;Ġtechnology:0.0405;Ġ(:0.0335;::0.0315"
biotechnology,multi_token_by_design,2,1,31201,otechnology,,",",layer_8,",",0.99884,11334,,1,Ġand,0.394256,500,,2,",:0.9988;Ġand:0.0010;-:0.0001;.:0.0000;Ġ(:0.0000","Ġand:0.3943;,:0.2066;-:0.0469;.:0.0405;::0.0324"
biotechnology,multi_token_by_design,2,1,31201,otechnology,,",",layer_9,",",0.999974,13845,,1,Ġand,0.323407,841,,2,",:1.0000;Ġand:0.0000;-:0.0000;.:0.0000;Ġ(:0.0000","Ġand:0.3234;,:0.2440;.:0.0586;::0.0329;-:0.0309"
biotechnology,multi_token_by_design,2,1,31201,otechnology,,",",layer_10,",",0.999996,14513,,1,Ġand,0.310275,1020,,2,",:1.0000;Ġand:0.0000;-:0.0000;.:0.0000;Ġin:0.0000","Ġand:0.3103;,:0.2249;.:0.0697;::0.0357;-:0.0287"
biotechnology,multi_token_by_design,2,1,31201,otechnology,,",",layer_11,",",1.0,22344,,1,",",0.17686,2237,,1,",:1.0000;Ġand:0.0000;.:0.0000;-:0.0000;Ġthe:0.0000",",:0.1769;Ġand:0.1421;.:0.1209;Ġis:0.0371;::0.0266"
biotechnology,multi_token_by_design,2,1,31201,otechnology,,",",layer_12,",",1.0,35176,,1,",",0.120705,6498,,1,",:1.0000;Ġand:0.0000;.:0.0000;Ġthe:0.0000;-:0.0000",",:0.1207;.:0.1198;Ġand:0.0910;Ġis:0.0331;Ġ(:0.0300"
biotechnology,multi_token_by_design,2,1,31201,otechnology,,",",final_logits,",",0.120705,6498,,1,,,,,,",:0.1207;.:0.1198;Ġand:0.0910;Ġis:0.0331;Ġ(:0.0300",
.,punctuation,1,0,13,.,,Ċ,emb,.,0.036757,1,,29,Ġchalleng,0.952161,4,,28486,".:0.0368;,:0.0122;-:0.0054;::0.0041;'s:0.0039",Ġchalleng:0.9522;Ġmathemat:0.0399;Ġdestro:0.0015;.:0.0014;Ġagre:0.0013
.,punctuation,1,0,13,.,,Ċ,layer_1,Ġthe,0.87491,5,,3,Ċ,0.272116,8,,1,"Ġthe:0.8749;,:0.1020;Ċ:0.0231;Ġand:0.0000;.:0.0000","Ċ:0.2721;ĠThe:0.0224;Ġ(:0.0178;ĠThis:0.0126;Ġ"":0.0110"
.,punctuation,1,0,13,.,,Ċ,layer_2,Ġthe,0.99829,5,,6,Ċ,0.070015,5,,1,"Ġthe:0.9983;,:0.0017;Ġand:0.0000;-:0.0000;.:0.0000","Ċ:0.0700;Ġthe:0.0463;,:0.0402;Ġand:0.0295;.:0.0234"
.,punctuation,1,0,13,.,,Ċ,layer_3,Ġthe,0.999997,5,,8,Ġthe,0.02651,5,,3,"Ġthe:1.0000;,:0.0000;):0.0000;%:0.0000;*:0.0000","Ġthe:0.0265;,:0.0254;Ċ:0.0185;Ġand:0.0179;.:0.0141"
.,punctuation,1,0,13,.,,Ċ,layer_4,Ġthe,0.999998,5,,8,Ġthe,0.026767,5,,3,"Ġthe:1.0000;,:0.0000;):0.0000;%:0.0000;*:0.0000","Ġthe:0.0268;,:0.0258;Ċ:0.0183;Ġand:0.0180;.:0.0143"
.,punctuation,1,0,13,.,,Ċ,layer_5,Ġthe,0.999998,5,,8,Ġthe,0.026528,5,,3,"Ġthe:1.0000;,:0.0000;):0.0000;%:0.0000;*:0.0000","Ġthe:0.0265;,:0.0257;Ċ:0.0180;Ġand:0.0179;.:0.0142"
.,punctuation,1,0,13,.,,Ċ,layer_6,Ġthe,0.999998,5,,8,Ġthe,0.026089,5,,4,"Ġthe:1.0000;,:0.0000;):0.0000;%:0.0000;*:0.0000","Ġthe:0.0261;,:0.0254;Ġand:0.0177;Ċ:0.0176;.:0.0141"
.,punctuation,1,0,13,.,,Ċ,layer_7,Ġthe,0.999997,5,,8,Ġthe,0.025797,5,,4,"Ġthe:1.0000;,:0.0000;):0.0000;%:0.0000;*:0.0000","Ġthe:0.0258;,:0.0253;Ġand:0.0176;Ċ:0.0174;.:0.0140"
.,punctuation,1,0,13,.,,Ċ,layer_8,Ġthe,0.999996,5,,8,Ġthe,0.025674,5,,4,"Ġthe:1.0000;,:0.0000;):0.0000;%:0.0000;*:0.0000","Ġthe:0.0257;,:0.0253;Ġand:0.0176;Ċ:0.0174;.:0.0140"
.,punctuation,1,0,13,.,,Ċ,layer_9,Ġthe,0.999995,5,,8,Ġthe,0.025676,5,,4,"Ġthe:1.0000;,:0.0000;):0.0000;%:0.0000;*:0.0000","Ġthe:0.0257;,:0.0255;Ġand:0.0177;Ċ:0.0174;.:0.0142"
.,punctuation,1,0,13,.,,Ċ,layer_10,Ġthe,0.999994,5,,8,",",0.025797,5,,4,"Ġthe:1.0000;,:0.0000;):0.0000;%:0.0000;*:0.0000",",:0.0258;Ġthe:0.0257;Ġand:0.0178;Ċ:0.0176;.:0.0144"
.,punctuation,1,0,13,.,,Ċ,layer_11,Ġthe,0.999994,5,,8,",",0.026188,5,,4,"Ġthe:1.0000;,:0.0000;):0.0000;%:0.0000;*:0.0000",",:0.0262;Ġthe:0.0260;Ġand:0.0182;Ċ:0.0179;.:0.0147"
.,punctuation,1,0,13,.,,Ċ,layer_12,Ġthe,0.999993,7,,2,Ċ,0.182002,6,,1,"Ġthe:1.0000;Ċ:0.0000;,:0.0000;Ġand:0.0000;Ġa:0.0000","Ċ:0.1820;ĠThe:0.0194;ĠI:0.0147;Ġ"":0.0139;Ġ(:0.0114"
.,punctuation,1,0,13,.,,Ċ,final_logits,Ċ,0.182002,6,,1,,,,,,"Ċ:0.1820;ĠThe:0.0194;ĠI:0.0147;Ġ"":0.0139;Ġ(:0.0114",
",",punctuation,1,0,11,",",,Ġthe,emb,",",0.071518,1,,24,Ġmathemat,0.848369,5,,44677,",:0.0715;.:0.0158;-:0.0100;'s:0.0074;::0.0065","Ġmathemat:0.8484;Ġchalleng:0.1285;Ġconduc:0.0052;Ġdestro:0.0045;,:0.0025"
",",punctuation,1,0,11,",",,Ġthe,layer_1,Ġthe,0.998716,3,,1,Ġwhich,0.11869,10,,3,"Ġthe:0.9987;Ġand:0.0009;,:0.0004;Ġa:0.0000;Ċ:0.0000",Ġwhich:0.1187;Ġand:0.0744;Ġthe:0.0318;Ċ:0.0251;Ġwhile:0.0174
",",punctuation,1,0,11,",",,Ġthe,layer_2,Ġthe,0.99999,2,,1,Ġthe,0.064047,3,,1,"Ġthe:1.0000;,:0.0000;Ġand:0.0000;-:0.0000;Ġa:0.0000","Ġthe:0.0640;Ġand:0.0476;,:0.0411;Ċ:0.0280;Ġa:0.0277"
",",punctuation,1,0,11,",",,Ġthe,layer_3,Ġthe,1.0,2,,1,Ġthe,0.028717,2,,1,"Ġthe:1.0000;,:0.0000;):0.0000;%:0.0000;*:0.0000","Ġthe:0.0287;,:0.0255;Ġand:0.0201;Ġa:0.0148;Ċ:0.0147"
",",punctuation,1,0,11,",",,Ġthe,layer_4,Ġthe,1.0,2,,1,Ġthe,0.028802,2,,1,"Ġthe:1.0000;,:0.0000;):0.0000;%:0.0000;*:0.0000","Ġthe:0.0288;,:0.0258;Ġand:0.0200;Ġa:0.0148;Ċ:0.0148"
",",punctuation,1,0,11,",",,Ġthe,layer_5,Ġthe,1.0,2,,1,Ġthe,0.028423,2,,1,"Ġthe:1.0000;,:0.0000;):0.0000;%:0.0000;*:0.0000","Ġthe:0.0284;,:0.0257;Ġand:0.0197;Ċ:0.0147;Ġa:0.0147"
",",punctuation,1,0,11,",",,Ġthe,layer_6,Ġthe,1.0,2,,1,Ġthe,0.027874,2,,1,"Ġthe:1.0000;,:0.0000;):0.0000;%:0.0000;*:0.0000","Ġthe:0.0279;,:0.0255;Ġand:0.0194;Ċ:0.0145;Ġa:0.0144"
",",punctuation,1,0,11,",",,Ġthe,layer_7,Ġthe,1.0,2,,1,Ġthe,0.027534,2,,1,"Ġthe:1.0000;,:0.0000;):0.0000;%:0.0000;*:0.0000","Ġthe:0.0275;,:0.0254;Ġand:0.0193;Ċ:0.0143;Ġa:0.0143"
",",punctuation,1,0,11,",",,Ġthe,layer_8,Ġthe,1.0,2,,1,Ġthe,0.027415,2,,1,"Ġthe:1.0000;,:0.0000;):0.0000;%:0.0000;*:0.0000","Ġthe:0.0274;,:0.0254;Ġand:0.0193;Ċ:0.0143;Ġa:0.0143"
",",punctuation,1,0,11,",",,Ġthe,layer_9,Ġthe,1.0,2,,1,Ġthe,0.027421,2,,1,"Ġthe:1.0000;,:0.0000;):0.0000;%:0.0000;*:0.0000","Ġthe:0.0274;,:0.0257;Ġand:0.0194;Ċ:0.0144;Ġa:0.0143"
",",punctuation,1,0,11,",",,Ġthe,layer_10,Ġthe,1.0,2,,1,Ġthe,0.027563,2,,1,"Ġthe:1.0000;,:0.0000;):0.0000;%:0.0000;*:0.0000","Ġthe:0.0276;,:0.0260;Ġand:0.0196;Ċ:0.0144;Ġa:0.0144"
",",punctuation,1,0,11,",",,Ġthe,layer_11,Ġthe,1.0,2,,1,Ġthe,0.027933,2,,1,"Ġthe:1.0000;,:0.0000;):0.0000;%:0.0000;*:0.0000","Ġthe:0.0279;,:0.0264;Ġand:0.0200;Ġa:0.0146;Ċ:0.0145"
",",punctuation,1,0,11,",",,Ġthe,layer_12,Ġthe,1.0,3,,1,Ġthe,0.042903,10,,1,"Ġthe:1.0000;Ġand:0.0000;,:0.0000;Ġa:0.0000;Ġin:0.0000",Ġthe:0.0429;Ġand:0.0408;Ġa:0.0204;Ċ:0.0163;Ġin:0.0136
",",punctuation,1,0,11,",",,Ġthe,final_logits,Ġthe,0.042903,10,,1,,,,,,Ġthe:0.0429;Ġand:0.0408;Ġa:0.0204;Ċ:0.0163;Ġin:0.0136,
!,punctuation,1,0,0,!,,Ċ,emb,!,0.017638,1,,797,!,0.996475,1,,29653,!:0.0176;!':0.0044;!::0.0036;!!:0.0035;!!!:0.0033,"!:0.9965;!':0.0022;!"".:0.0008;!::0.0002;!.:0.0001"
!,punctuation,1,0,0,!,,Ċ,layer_1,Ġthe,0.602051,52,,3,Ċ,0.230375,2,,1,"Ġthe:0.6021;,:0.3938;Ċ:0.0041;Ġand:0.0000;.:0.0000","Ċ:0.2304;!:0.0215;ĠThe:0.0167;Ġ(:0.0142;,:0.0130"
!,punctuation,1,0,0,!,,Ċ,layer_2,Ġthe,0.976786,131,,6,Ċ,0.066488,49,,1,"Ġthe:0.9768;,:0.0232;Ġand:0.0000;-:0.0000;.:0.0000","Ċ:0.0665;Ġthe:0.0458;,:0.0454;Ġand:0.0313;.:0.0255"
!,punctuation,1,0,0,!,,Ċ,layer_3,Ġthe,0.999957,158,,8,Ġthe,0.026511,101,,4,"Ġthe:1.0000;,:0.0000;):0.0000;%:0.0000;*:0.0000","Ġthe:0.0265;,:0.0263;Ġand:0.0183;Ċ:0.0183;.:0.0145"
!,punctuation,1,0,0,!,,Ċ,layer_4,Ġthe,0.999974,158,,8,Ġthe,0.026764,102,,4,"Ġthe:1.0000;,:0.0000;):0.0000;%:0.0000;*:0.0000","Ġthe:0.0268;,:0.0265;Ġand:0.0184;Ċ:0.0181;.:0.0146"
!,punctuation,1,0,0,!,,Ċ,layer_5,Ġthe,0.999977,158,,8,Ġthe,0.026518,105,,4,"Ġthe:1.0000;,:0.0000;):0.0000;%:0.0000;*:0.0000","Ġthe:0.0265;,:0.0264;Ġand:0.0182;Ċ:0.0178;.:0.0145"
!,punctuation,1,0,0,!,,Ċ,layer_6,Ġthe,0.999969,160,,8,",",0.026094,105,,4,"Ġthe:1.0000;,:0.0000;):0.0000;%:0.0000;*:0.0000",",:0.0261;Ġthe:0.0261;Ġand:0.0180;Ċ:0.0175;.:0.0144"
!,punctuation,1,0,0,!,,Ċ,layer_7,Ġthe,0.99996,160,,8,",",0.025973,106,,4,"Ġthe:1.0000;,:0.0000;):0.0000;%:0.0000;*:0.0000",",:0.0260;Ġthe:0.0258;Ġand:0.0179;Ċ:0.0172;.:0.0143"
!,punctuation,1,0,0,!,,Ċ,layer_8,Ġthe,0.999952,161,,8,",",0.025989,106,,4,"Ġthe:1.0000;,:0.0000;):0.0000;%:0.0000;*:0.0000",",:0.0260;Ġthe:0.0257;Ġand:0.0179;Ċ:0.0172;.:0.0143"
!,punctuation,1,0,0,!,,Ċ,layer_9,Ġthe,0.999925,161,,8,",",0.026218,107,,4,"Ġthe:0.9999;,:0.0001;):0.0000;%:0.0000;*:0.0000",",:0.0262;Ġthe:0.0257;Ġand:0.0180;Ċ:0.0173;.:0.0144"
!,punctuation,1,0,0,!,,Ċ,layer_10,Ġthe,0.999895,160,,8,",",0.026531,108,,4,"Ġthe:0.9999;,:0.0001;):0.0000;%:0.0000;*:0.0000",",:0.0265;Ġthe:0.0257;Ġand:0.0181;Ċ:0.0174;.:0.0146"
!,punctuation,1,0,0,!,,Ċ,layer_11,Ġthe,0.999828,159,,8,",",0.027049,108,,4,"Ġthe:0.9998;,:0.0002;):0.0000;%:0.0000;*:0.0000",",:0.0270;Ġthe:0.0260;Ġand:0.0185;Ċ:0.0177;.:0.0150"
!,punctuation,1,0,0,!,,Ċ,layer_12,Ġthe,0.99386,102,,3,Ċ,0.161387,26,,1,"Ġthe:0.9939;,:0.0061;Ċ:0.0000;Ġand:0.0000;.:0.0000","Ċ:0.1614;.:0.0207;ĠI:0.0171;,:0.0162;Ġand:0.0145"
!,punctuation,1,0,0,!,,Ċ,final_logits,Ċ,0.161387,26,,1,,,,,,"Ċ:0.1614;.:0.0207;ĠI:0.0171;,:0.0162;Ġand:0.0145",
?,punctuation,1,0,30,?,,Ċ,emb,?,0.027593,1,,685,?,0.966069,1,,32109,?:0.0276;)?:0.0070;'?:0.0042;?ãĢį:0.0037;?).:0.0033,?:0.9661;)?:0.0300;?ãĢį:0.0025;'?:0.0013;?).:0.0001
?,punctuation,1,0,30,?,,Ċ,layer_1,Ġthe,0.717643,107,,3,Ċ,0.258382,82,,1,"Ġthe:0.7176;,:0.2695;Ċ:0.0128;Ġand:0.0000;.:0.0000",Ċ:0.2584;ĠWhat:0.0164;ĠI:0.0158;ĠAnd:0.0132;Ġ(:0.0121
?,punctuation,1,0,30,?,,Ċ,layer_2,Ġthe,0.98508,133,,6,Ċ,0.0675,85,,1,"Ġthe:0.9851;,:0.0149;Ġand:0.0000;-:0.0000;.:0.0000","Ċ:0.0675;Ġthe:0.0481;,:0.0444;Ġand:0.0316;.:0.0242"
?,punctuation,1,0,30,?,,Ċ,layer_3,Ġthe,0.999971,131,,8,Ġthe,0.026654,117,,4,"Ġthe:1.0000;,:0.0000;):0.0000;%:0.0000;*:0.0000","Ġthe:0.0267;,:0.0260;Ġand:0.0183;Ċ:0.0182;.:0.0142"
?,punctuation,1,0,30,?,,Ċ,layer_4,Ġthe,0.999982,131,,8,Ġthe,0.026931,116,,4,"Ġthe:1.0000;,:0.0000;):0.0000;%:0.0000;*:0.0000","Ġthe:0.0269;,:0.0263;Ġand:0.0183;Ċ:0.0181;.:0.0144"
?,punctuation,1,0,30,?,,Ċ,layer_5,Ġthe,0.999984,131,,8,Ġthe,0.026685,116,,4,"Ġthe:1.0000;,:0.0000;):0.0000;%:0.0000;*:0.0000","Ġthe:0.0267;,:0.0262;Ġand:0.0182;Ċ:0.0178;.:0.0143"
?,punctuation,1,0,30,?,,Ċ,layer_6,Ġthe,0.999979,131,,8,Ġthe,0.026223,115,,4,"Ġthe:1.0000;,:0.0000;):0.0000;%:0.0000;*:0.0000","Ġthe:0.0262;,:0.0259;Ġand:0.0180;Ċ:0.0175;.:0.0142"
?,punctuation,1,0,30,?,,Ċ,layer_7,Ġthe,0.999972,131,,8,Ġthe,0.025937,115,,4,"Ġthe:1.0000;,:0.0000;):0.0000;%:0.0000;*:0.0000","Ġthe:0.0259;,:0.0258;Ġand:0.0179;Ċ:0.0172;.:0.0141"
?,punctuation,1,0,30,?,,Ċ,layer_8,Ġthe,0.999967,131,,8,Ġthe,0.025827,114,,4,"Ġthe:1.0000;,:0.0000;):0.0000;%:0.0000;*:0.0000","Ġthe:0.0258;,:0.0258;Ġand:0.0179;Ċ:0.0172;.:0.0141"
?,punctuation,1,0,30,?,,Ċ,layer_9,Ġthe,0.99995,131,,8,",",0.026039,112,,4,"Ġthe:0.9999;,:0.0001;):0.0000;%:0.0000;*:0.0000",",:0.0260;Ġthe:0.0258;Ġand:0.0180;Ċ:0.0172;.:0.0142"
?,punctuation,1,0,30,?,,Ċ,layer_10,Ġthe,0.999938,131,,8,",",0.026354,111,,4,"Ġthe:0.9999;,:0.0001;):0.0000;%:0.0000;*:0.0000",",:0.0264;Ġthe:0.0259;Ġand:0.0181;Ċ:0.0174;.:0.0145"
?,punctuation,1,0,30,?,,Ċ,layer_11,Ġthe,0.999905,129,,8,",",0.026877,110,,4,"Ġthe:0.9999;,:0.0001;):0.0000;%:0.0000;*:0.0000",",:0.0269;Ġthe:0.0262;Ġand:0.0184;Ċ:0.0177;.:0.0148"
?,punctuation,1,0,30,?,,Ċ,layer_12,Ġthe,0.999397,93,,3,Ċ,0.190468,26,,1,"Ġthe:0.9994;,:0.0006;Ċ:0.0000;Ġand:0.0000;.:0.0000","Ċ:0.1905;ĠI:0.0194;.:0.0194;,:0.0156;Ġand:0.0148"
?,punctuation,1,0,30,?,,Ċ,final_logits,Ċ,0.190468,26,,1,,,,,,"Ċ:0.1905;ĠI:0.0194;.:0.0194;,:0.0156;Ġand:0.0148",
;,punctuation,1,0,26,;,,Ċ,emb,;,0.01459,1,,366,;,0.999895,1,,30548,";:0.0146;.;:0.0013;,:0.0012;;"":0.0011;.:0.0011",";:0.9999;.;:0.0001;Ġchalleng:0.0000;;"":0.0000;Ġconduc:0.0000"
;,punctuation,1,0,26,;,,Ċ,layer_1,Ġthe,0.9684,37,,4,Ċ,0.175863,8,,1,"Ġthe:0.9684;,:0.0306;Ġand:0.0007;Ċ:0.0003;Ġa:0.0000","Ċ:0.1759;Ġand:0.0562;Ġwhich:0.0306;Ġthe:0.0282;,:0.0161"
;,punctuation,1,0,26,;,,Ċ,layer_2,Ġthe,0.999612,83,,7,Ġthe,0.060847,51,,3,"Ġthe:0.9996;,:0.0004;Ġand:0.0000;-:0.0000;Ġa:0.0000","Ġthe:0.0608;,:0.0475;Ċ:0.0446;Ġand:0.0434;Ġa:0.0261"
;,punctuation,1,0,26,;,,Ċ,layer_3,Ġthe,0.999999,92,,8,Ġthe,0.028424,77,,4,"Ġthe:1.0000;,:0.0000;):0.0000;%:0.0000;*:0.0000","Ġthe:0.0284;,:0.0265;Ġand:0.0197;Ċ:0.0166;Ġa:0.0146"
;,punctuation,1,0,26,;,,Ċ,layer_4,Ġthe,1.0,92,,8,Ġthe,0.028541,77,,4,"Ġthe:1.0000;,:0.0000;):0.0000;%:0.0000;*:0.0000","Ġthe:0.0285;,:0.0267;Ġand:0.0197;Ċ:0.0166;Ġa:0.0147"
;,punctuation,1,0,26,;,,Ċ,layer_5,Ġthe,1.0,92,,8,Ġthe,0.028171,80,,4,"Ġthe:1.0000;,:0.0000;):0.0000;%:0.0000;*:0.0000","Ġthe:0.0282;,:0.0266;Ġand:0.0194;Ċ:0.0164;Ġa:0.0145"
;,punctuation,1,0,26,;,,Ċ,layer_6,Ġthe,0.999999,93,,8,Ġthe,0.02763,80,,4,"Ġthe:1.0000;,:0.0000;):0.0000;%:0.0000;*:0.0000","Ġthe:0.0276;,:0.0263;Ġand:0.0191;Ċ:0.0161;Ġa:0.0143"
;,punctuation,1,0,26,;,,Ċ,layer_7,Ġthe,0.999999,92,,8,Ġthe,0.027292,79,,4,"Ġthe:1.0000;,:0.0000;):0.0000;%:0.0000;*:0.0000","Ġthe:0.0273;,:0.0262;Ġand:0.0190;Ċ:0.0159;Ġa:0.0142"
;,punctuation,1,0,26,;,,Ċ,layer_8,Ġthe,0.999999,92,,8,Ġthe,0.027173,78,,4,"Ġthe:1.0000;,:0.0000;):0.0000;%:0.0000;*:0.0000","Ġthe:0.0272;,:0.0262;Ġand:0.0190;Ċ:0.0159;Ġa:0.0141"
;,punctuation,1,0,26,;,,Ċ,layer_9,Ġthe,0.999998,92,,8,Ġthe,0.027162,78,,4,"Ġthe:1.0000;,:0.0000;):0.0000;%:0.0000;*:0.0000","Ġthe:0.0272;,:0.0264;Ġand:0.0191;Ċ:0.0159;Ġa:0.0141"
;,punctuation,1,0,26,;,,Ċ,layer_10,Ġthe,0.999998,92,,8,Ġthe,0.027311,76,,4,"Ġthe:1.0000;,:0.0000;):0.0000;%:0.0000;*:0.0000","Ġthe:0.0273;,:0.0267;Ġand:0.0193;Ċ:0.0160;Ġa:0.0142"
;,punctuation,1,0,26,;,,Ċ,layer_11,Ġthe,0.999998,92,,8,Ġthe,0.027664,75,,4,"Ġthe:1.0000;,:0.0000;):0.0000;%:0.0000;*:0.0000","Ġthe:0.0277;,:0.0272;Ġand:0.0196;Ċ:0.0161;.:0.0145"
;,punctuation,1,0,26,;,,Ċ,layer_12,Ġthe,1.0,83,,5,Ċ,0.06004,45,,1,"Ġthe:1.0000;,:0.0000;Ġand:0.0000;Ġa:0.0000;Ċ:0.0000","Ċ:0.0600;Ġthe:0.0385;Ġand:0.0368;Ġa:0.0172;,:0.0157"
;,punctuation,1,0,26,;,,Ċ,final_logits,Ċ,0.06004,45,,1,,,,,,"Ċ:0.0600;Ġthe:0.0385;Ġand:0.0368;Ġa:0.0172;,:0.0157",
:,punctuation,1,0,25,:,,Ċ,emb,:,0.05225,1,,51,:,0.999975,1,,18087,"::0.0522;,:0.0034;.:0.0028;'s:0.0017;-:0.0016",::1.0000;!::0.0000;:[:0.0000;Ġmathemat:0.0000;Ġconduc:0.0000
:,punctuation,1,0,25,:,,Ċ,layer_1,Ġthe,0.994953,13,,3,Ċ,0.125294,4,,1,"Ġthe:0.9950;,:0.0050;Ċ:0.0000;Ġa:0.0000;Ġand:0.0000","Ċ:0.1253;ĠThe:0.0262;Ġthe:0.0224;::0.0217;Ġ"":0.0182"
:,punctuation,1,0,25,:,,Ċ,layer_2,Ġthe,0.999959,16,,7,Ġthe,0.057613,16,,2,"Ġthe:1.0000;,:0.0000;Ġand:0.0000;-:0.0000;Ġa:0.0000","Ġthe:0.0576;Ċ:0.0523;,:0.0399;Ġand:0.0291;Ġa:0.0252"
:,punctuation,1,0,25,:,,Ċ,layer_3,Ġthe,1.0,17,,8,Ġthe,0.027775,23,,4,"Ġthe:1.0000;,:0.0000;):0.0000;%:0.0000;*:0.0000","Ġthe:0.0278;,:0.0252;Ġand:0.0178;Ċ:0.0171;Ġa:0.0144"
:,punctuation,1,0,25,:,,Ċ,layer_4,Ġthe,1.0,17,,8,Ġthe,0.027948,23,,4,"Ġthe:1.0000;,:0.0000;):0.0000;%:0.0000;*:0.0000","Ġthe:0.0279;,:0.0256;Ġand:0.0179;Ċ:0.0171;Ġa:0.0144"
:,punctuation,1,0,25,:,,Ċ,layer_5,Ġthe,1.0,17,,8,Ġthe,0.027617,23,,4,"Ġthe:1.0000;,:0.0000;):0.0000;%:0.0000;*:0.0000","Ġthe:0.0276;,:0.0255;Ġand:0.0178;Ċ:0.0168;Ġa:0.0143"
:,punctuation,1,0,25,:,,Ċ,layer_6,Ġthe,1.0,17,,8,Ġthe,0.027099,22,,4,"Ġthe:1.0000;,:0.0000;):0.0000;%:0.0000;*:0.0000","Ġthe:0.0271;,:0.0252;Ġand:0.0176;Ċ:0.0165;Ġa:0.0141"
:,punctuation,1,0,25,:,,Ċ,layer_7,Ġthe,1.0,17,,8,Ġthe,0.02678,22,,4,"Ġthe:1.0000;,:0.0000;):0.0000;%:0.0000;*:0.0000","Ġthe:0.0268;,:0.0251;Ġand:0.0175;Ċ:0.0164;Ġa:0.0140"
:,punctuation,1,0,25,:,,Ċ,layer_8,Ġthe,1.0,17,,8,Ġthe,0.026649,22,,4,"Ġthe:1.0000;,:0.0000;):0.0000;%:0.0000;*:0.0000","Ġthe:0.0266;,:0.0251;Ġand:0.0175;Ċ:0.0163;Ġa:0.0139"
:,punctuation,1,0,25,:,,Ċ,layer_9,Ġthe,1.0,17,,8,Ġthe,0.02665,22,,4,"Ġthe:1.0000;,:0.0000;):0.0000;%:0.0000;*:0.0000","Ġthe:0.0267;,:0.0254;Ġand:0.0176;Ċ:0.0164;Ġa:0.0139"
:,punctuation,1,0,25,:,,Ċ,layer_10,Ġthe,1.0,17,,8,Ġthe,0.026757,22,,4,"Ġthe:1.0000;,:0.0000;):0.0000;%:0.0000;*:0.0000","Ġthe:0.0268;,:0.0256;Ġand:0.0177;Ċ:0.0165;Ġa:0.0140"
:,punctuation,1,0,25,:,,Ċ,layer_11,Ġthe,1.0,17,,8,Ġthe,0.02707,22,,4,"Ġthe:1.0000;,:0.0000;):0.0000;%:0.0000;*:0.0000","Ġthe:0.0271;,:0.0260;Ġand:0.0180;Ċ:0.0167;Ġa:0.0142"
:,punctuation,1,0,25,:,,Ċ,layer_12,Ġthe,1.0,18,,3,Ċ,0.101177,11,,1,"Ġthe:1.0000;,:0.0000;Ċ:0.0000;Ġa:0.0000;Ġand:0.0000","Ċ:0.1012;Ġthe:0.0212;Ġ"":0.0182;ĠThe:0.0146;Ġand:0.0106"
:,punctuation,1,0,25,:,,Ċ,final_logits,Ċ,0.101177,11,,1,,,,,,"Ċ:0.1012;Ġthe:0.0212;Ġ"":0.0182;ĠThe:0.0146;Ġand:0.0106",
',punctuation,1,0,6,',,Ċ,emb,',0.089961,1,,780,',1.0,1,,41588,"':0.0900;'?:0.0049;']:0.0043;',"":0.0042;'-:0.0038","':1.0000;']:0.0000;'?:0.0000;',"":0.0000;'"":0.0000"
',punctuation,1,0,6,',,Ċ,layer_1,Ġthe,0.992395,55,,4,Ċ,0.03516,17,,1,"Ġthe:0.9924;,:0.0076;Ġand:0.0000;Ċ:0.0000;Ġa:0.0000",Ċ:0.0352;Ġand:0.0136;Ġ(:0.0112;Ġthe:0.0108;Ġ':0.0083
',punctuation,1,0,6,',,Ċ,layer_2,Ġthe,0.986972,75,,7,",",0.04375,59,,4,"Ġthe:0.9870;,:0.0130;Ġand:0.0000;-:0.0000;.:0.0000",",:0.0438;Ġthe:0.0433;Ġand:0.0343;Ċ:0.0338;Ġin:0.0206"
',punctuation,1,0,6,',,Ċ,layer_3,Ġthe,0.999965,80,,8,",",0.025888,100,,4,"Ġthe:1.0000;,:0.0000;):0.0000;%:0.0000;*:0.0000",",:0.0259;Ġthe:0.0259;Ġand:0.0185;Ċ:0.0154;.:0.0136"
',punctuation,1,0,6,',,Ċ,layer_4,Ġthe,0.999978,81,,8,",",0.026139,103,,4,"Ġthe:1.0000;,:0.0000;):0.0000;%:0.0000;*:0.0000",",:0.0261;Ġthe:0.0261;Ġand:0.0185;Ċ:0.0155;.:0.0138"
',punctuation,1,0,6,',,Ċ,layer_5,Ġthe,0.999979,81,,8,",",0.02604,103,,4,"Ġthe:1.0000;,:0.0000;):0.0000;%:0.0000;*:0.0000",",:0.0260;Ġthe:0.0259;Ġand:0.0184;Ċ:0.0153;.:0.0138"
',punctuation,1,0,6,',,Ċ,layer_6,Ġthe,0.999971,81,,8,",",0.025764,104,,4,"Ġthe:1.0000;,:0.0000;):0.0000;%:0.0000;*:0.0000",",:0.0258;Ġthe:0.0255;Ġand:0.0181;Ċ:0.0151;.:0.0137"
',punctuation,1,0,6,',,Ċ,layer_7,Ġthe,0.999961,80,,8,",",0.025666,104,,4,"Ġthe:1.0000;,:0.0000;):0.0000;%:0.0000;*:0.0000",",:0.0257;Ġthe:0.0252;Ġand:0.0180;Ċ:0.0149;.:0.0136"
',punctuation,1,0,6,',,Ċ,layer_8,Ġthe,0.999945,80,,8,",",0.025716,105,,4,"Ġthe:0.9999;,:0.0001;):0.0000;%:0.0000;*:0.0000",",:0.0257;Ġthe:0.0251;Ġand:0.0180;Ċ:0.0149;.:0.0136"
',punctuation,1,0,6,',,Ċ,layer_9,Ġthe,0.999902,80,,8,",",0.02596,104,,4,"Ġthe:0.9999;,:0.0001;):0.0000;%:0.0000;*:0.0000",",:0.0260;Ġthe:0.0251;Ġand:0.0182;Ċ:0.0150;.:0.0137"
',punctuation,1,0,6,',,Ċ,layer_10,Ġthe,0.999878,80,,8,",",0.026211,104,,4,"Ġthe:0.9999;,:0.0001;):0.0000;%:0.0000;*:0.0000",",:0.0262;Ġthe:0.0251;Ġand:0.0183;Ċ:0.0151;.:0.0139"
',punctuation,1,0,6,',,Ċ,layer_11,Ġthe,0.999793,80,,8,",",0.026658,101,,4,"Ġthe:0.9998;,:0.0002;):0.0000;%:0.0000;*:0.0000",",:0.0267;Ġthe:0.0253;Ġand:0.0186;Ċ:0.0151;.:0.0142"
',punctuation,1,0,6,',,Ċ,layer_12,Ġthe,0.998929,58,,7,Ċ,0.029514,21,,1,"Ġthe:0.9989;,:0.0011;Ġand:0.0000;Ġa:0.0000;-:0.0000","Ċ:0.0295;Ġand:0.0196;,:0.0149;.:0.0147;Ġto:0.0126"
',punctuation,1,0,6,',,Ċ,final_logits,Ċ,0.029514,21,,1,,,,,,"Ċ:0.0295;Ġand:0.0196;,:0.0149;.:0.0147;Ġto:0.0126",
"""",punctuation,1,0,1,"""",,Ċ,emb,"""",0.022877,1,,519,"""",0.999824,1,,43599,""":0.0229;""-:0.0031;""...:0.0019;""âĢ¦:0.0019;""[:0.0018",""":0.9998;""-:0.0001;%"":0.0000;""[:0.0000;""...:0.0000"
"""",punctuation,1,0,1,"""",,Ċ,layer_1,Ġthe,0.763091,49,,4,Ċ,0.06607,21,,1,"Ġthe:0.7631;,:0.2365;Ġand:0.0003;Ċ:0.0001;Ġa:0.0000","Ċ:0.0661;I:0.0452;Ġ(:0.0222;Ġand:0.0158;,:0.0125"
"""",punctuation,1,0,1,"""",,Ċ,layer_2,Ġthe,0.956378,58,,7,",",0.048075,54,,3,"Ġthe:0.9564;,:0.0436;Ġand:0.0000;-:0.0000;.:0.0000",",:0.0481;Ġthe:0.0436;Ċ:0.0416;Ġand:0.0368;Ġin:0.0229"
"""",punctuation,1,0,1,"""",,Ċ,layer_3,Ġthe,0.999883,69,,8,",",0.026593,96,,4,"Ġthe:0.9999;,:0.0001;):0.0000;%:0.0000;*:0.0000",",:0.0266;Ġthe:0.0260;Ġand:0.0189;Ċ:0.0163;.:0.0140"
"""",punctuation,1,0,1,"""",,Ċ,layer_4,Ġthe,0.999932,69,,8,",",0.026833,96,,4,"Ġthe:0.9999;,:0.0001;):0.0000;%:0.0000;*:0.0000",",:0.0268;Ġthe:0.0263;Ġand:0.0190;Ċ:0.0163;.:0.0142"
"""",punctuation,1,0,1,"""",,Ċ,layer_5,Ġthe,0.999937,69,,8,",",0.02668,96,,4,"Ġthe:0.9999;,:0.0001;):0.0000;%:0.0000;*:0.0000",",:0.0267;Ġthe:0.0261;Ġand:0.0188;Ċ:0.0161;.:0.0141"
"""",punctuation,1,0,1,"""",,Ċ,layer_6,Ġthe,0.999915,69,,8,",",0.026373,96,,4,"Ġthe:0.9999;,:0.0001;):0.0000;%:0.0000;*:0.0000",",:0.0264;Ġthe:0.0257;Ġand:0.0185;Ċ:0.0159;.:0.0140"
"""",punctuation,1,0,1,"""",,Ċ,layer_7,Ġthe,0.99989,69,,8,",",0.02625,96,,4,"Ġthe:0.9999;,:0.0001;):0.0000;%:0.0000;*:0.0000",",:0.0262;Ġthe:0.0254;Ġand:0.0184;Ċ:0.0157;.:0.0140"
"""",punctuation,1,0,1,"""",,Ċ,layer_8,Ġthe,0.999856,69,,8,",",0.026278,96,,4,"Ġthe:0.9999;,:0.0001;):0.0000;%:0.0000;*:0.0000",",:0.0263;Ġthe:0.0253;Ġand:0.0184;Ċ:0.0157;.:0.0140"
"""",punctuation,1,0,1,"""",,Ċ,layer_9,Ġthe,0.99976,69,,8,",",0.026515,95,,4,"Ġthe:0.9998;,:0.0002;):0.0000;%:0.0000;*:0.0000",",:0.0265;Ġthe:0.0253;Ġand:0.0185;Ċ:0.0157;.:0.0141"
"""",punctuation,1,0,1,"""",,Ċ,layer_10,Ġthe,0.999694,69,,8,",",0.026797,91,,4,"Ġthe:0.9997;,:0.0003;):0.0000;%:0.0000;*:0.0000",",:0.0268;Ġthe:0.0254;Ġand:0.0187;Ċ:0.0158;.:0.0143"
"""",punctuation,1,0,1,"""",,Ċ,layer_11,Ġthe,0.999619,69,,8,",",0.027232,90,,4,"Ġthe:0.9996;,:0.0004;):0.0000;%:0.0000;*:0.0000",",:0.0272;Ġthe:0.0256;Ġand:0.0191;Ċ:0.0160;.:0.0146"
"""",punctuation,1,0,1,"""",,Ċ,layer_12,Ġthe,0.999745,42,,4,Ċ,0.053783,18,,1,"Ġthe:0.9997;,:0.0003;Ġand:0.0000;Ċ:0.0000;Ġa:0.0000",Ċ:0.0538;Ġand:0.0248;Ġto:0.0178;Ġof:0.0167;.:0.0160
"""",punctuation,1,0,1,"""",,Ċ,final_logits,Ċ,0.053783,18,,1,,,,,,Ċ:0.0538;Ġand:0.0248;Ġto:0.0178;Ġof:0.0167;.:0.0160,
(,punctuation,1,0,7,(,,Ċ,emb,(,0.02429,1,,298,(,1.0,1,,33626,"(:0.0243;(-:0.0019;((:0.0018;("":0.0015;(&:0.0015",(:1.0000;((:0.0000;(-:0.0000;([:0.0000;(*:0.0000
(,punctuation,1,0,7,(,,Ċ,layer_1,",",0.857477,39,,5,s,0.034881,15,,2,",:0.8575;Ġthe:0.1425;Ġand:0.0000;.:0.0000;Ċ:0.0000",s:0.0349;Ċ:0.0293;e:0.0179;\/:0.0171;1:0.0144
(,punctuation,1,0,7,(,,Ċ,layer_2,Ġthe,0.97367,69,,7,",",0.044672,61,,3,"Ġthe:0.9737;,:0.0263;-:0.0000;Ġand:0.0000;.:0.0000",",:0.0447;Ġthe:0.0443;Ċ:0.0388;Ġand:0.0306;.:0.0223"
(,punctuation,1,0,7,(,,Ċ,layer_3,Ġthe,0.999912,87,,8,",",0.026006,111,,4,"Ġthe:0.9999;,:0.0001;):0.0000;%:0.0000;*:0.0000",",:0.0260;Ġthe:0.0259;Ġand:0.0179;Ċ:0.0159;.:0.0139"
(,punctuation,1,0,7,(,,Ċ,layer_4,Ġthe,0.999945,87,,8,",",0.026294,114,,4,"Ġthe:0.9999;,:0.0001;):0.0000;%:0.0000;*:0.0000",",:0.0263;Ġthe:0.0262;Ġand:0.0180;Ċ:0.0160;.:0.0141"
(,punctuation,1,0,7,(,,Ċ,layer_5,Ġthe,0.999949,87,,8,",",0.026176,116,,4,"Ġthe:0.9999;,:0.0001;):0.0000;%:0.0000;*:0.0000",",:0.0262;Ġthe:0.0260;Ġand:0.0179;Ċ:0.0158;.:0.0141"
(,punctuation,1,0,7,(,,Ċ,layer_6,Ġthe,0.999932,88,,8,",",0.025876,117,,4,"Ġthe:0.9999;,:0.0001;):0.0000;%:0.0000;*:0.0000",",:0.0259;Ġthe:0.0256;Ġand:0.0177;Ċ:0.0156;.:0.0140"
(,punctuation,1,0,7,(,,Ċ,layer_7,Ġthe,0.999909,88,,8,",",0.025759,116,,4,"Ġthe:0.9999;,:0.0001;):0.0000;%:0.0000;*:0.0000",",:0.0258;Ġthe:0.0253;Ġand:0.0176;Ċ:0.0154;.:0.0139"
(,punctuation,1,0,7,(,,Ċ,layer_8,Ġthe,0.999883,88,,8,",",0.025766,115,,4,"Ġthe:0.9999;,:0.0001;):0.0000;%:0.0000;*:0.0000",",:0.0258;Ġthe:0.0252;Ġand:0.0176;Ċ:0.0154;.:0.0139"
(,punctuation,1,0,7,(,,Ċ,layer_9,Ġthe,0.999813,88,,8,",",0.025988,115,,4,"Ġthe:0.9998;,:0.0002;):0.0000;%:0.0000;*:0.0000",",:0.0260;Ġthe:0.0251;Ġand:0.0177;Ċ:0.0154;.:0.0140"
(,punctuation,1,0,7,(,,Ċ,layer_10,Ġthe,0.999765,88,,8,",",0.02623,113,,4,"Ġthe:0.9998;,:0.0002;):0.0000;%:0.0000;*:0.0000",",:0.0262;Ġthe:0.0252;Ġand:0.0178;Ċ:0.0155;.:0.0142"
(,punctuation,1,0,7,(,,Ċ,layer_11,Ġthe,0.999716,88,,8,",",0.026665,113,,4,"Ġthe:0.9997;,:0.0003;):0.0000;%:0.0000;*:0.0000",",:0.0267;Ġthe:0.0254;Ġand:0.0181;Ċ:0.0156;.:0.0145"
(,punctuation,1,0,7,(,,Ċ,layer_12,Ġthe,0.968194,68,,7,Ċ,0.032007,27,,1,"Ġthe:0.9682;,:0.0318;Ġand:0.0000;.:0.0000;-:0.0000",Ċ:0.0320;1:0.0154;.:0.0144;2:0.0105;s:0.0105
(,punctuation,1,0,7,(,,Ċ,final_logits,Ċ,0.032007,27,,1,,,,,,Ċ:0.0320;1:0.0154;.:0.0144;2:0.0105;s:0.0105,
),punctuation,1,0,8,),,Ċ,emb,),0.021366,1,,599,),0.994974,1,,41138,"):0.0214;)."":0.0038;),:0.0036;).:0.0030;),"":0.0029","):0.9950;)."":0.0027;),"":0.0020;)?:0.0001;)"":0.0001"
),punctuation,1,0,8,),,Ċ,layer_1,Ġthe,0.979582,86,,3,Ċ,0.200744,72,,1,"Ġthe:0.9796;,:0.0173;Ċ:0.0030;Ġand:0.0002;Ġa:0.0000",Ċ:0.2007;Ġand:0.0197;Ġ(:0.0155;Ġthe:0.0142;Ġwhich:0.0140
),punctuation,1,0,8,),,Ċ,layer_2,Ġthe,0.971358,98,,7,Ċ,0.048547,74,,1,"Ġthe:0.9714;,:0.0286;Ġand:0.0000;-:0.0000;.:0.0000","Ċ:0.0485;,:0.0477;Ġthe:0.0474;Ġand:0.0382;.:0.0240"
),punctuation,1,0,8,),,Ċ,layer_3,Ġthe,0.999926,108,,8,Ġthe,0.026631,98,,4,"Ġthe:0.9999;,:0.0001;):0.0000;%:0.0000;*:0.0000","Ġthe:0.0266;,:0.0266;Ġand:0.0191;Ċ:0.0169;.:0.0143"
),punctuation,1,0,8,),,Ċ,layer_4,Ġthe,0.999955,108,,8,Ġthe,0.026877,98,,4,"Ġthe:1.0000;,:0.0000;):0.0000;%:0.0000;*:0.0000","Ġthe:0.0269;,:0.0268;Ġand:0.0191;Ċ:0.0169;.:0.0144"
),punctuation,1,0,8,),,Ċ,layer_5,Ġthe,0.999958,108,,8,",",0.026651,98,,4,"Ġthe:1.0000;,:0.0000;):0.0000;%:0.0000;*:0.0000",",:0.0267;Ġthe:0.0266;Ġand:0.0189;Ċ:0.0167;.:0.0143"
),punctuation,1,0,8,),,Ċ,layer_6,Ġthe,0.999943,108,,8,",",0.026349,98,,4,"Ġthe:0.9999;,:0.0001;):0.0000;%:0.0000;*:0.0000",",:0.0263;Ġthe:0.0262;Ġand:0.0186;Ċ:0.0164;.:0.0142"
),punctuation,1,0,8,),,Ċ,layer_7,Ġthe,0.999916,107,,8,",",0.026255,98,,4,"Ġthe:0.9999;,:0.0001;):0.0000;%:0.0000;*:0.0000",",:0.0263;Ġthe:0.0259;Ġand:0.0185;Ċ:0.0162;.:0.0142"
),punctuation,1,0,8,),,Ċ,layer_8,Ġthe,0.999889,108,,8,",",0.026291,98,,4,"Ġthe:0.9999;,:0.0001;):0.0000;%:0.0000;*:0.0000",",:0.0263;Ġthe:0.0258;Ġand:0.0185;Ċ:0.0162;.:0.0142"
),punctuation,1,0,8,),,Ċ,layer_9,Ġthe,0.999806,108,,8,",",0.026541,96,,4,"Ġthe:0.9998;,:0.0002;):0.0000;%:0.0000;*:0.0000",",:0.0265;Ġthe:0.0257;Ġand:0.0187;Ċ:0.0163;.:0.0143"
),punctuation,1,0,8,),,Ċ,layer_10,Ġthe,0.999759,108,,8,",",0.026835,96,,4,"Ġthe:0.9998;,:0.0002;):0.0000;%:0.0000;*:0.0000",",:0.0268;Ġthe:0.0258;Ġand:0.0188;Ċ:0.0164;.:0.0145"
),punctuation,1,0,8,),,Ċ,layer_11,Ġthe,0.999622,108,,8,",",0.027349,96,,4,"Ġthe:0.9996;,:0.0004;):0.0000;%:0.0000;*:0.0000",",:0.0273;Ġthe:0.0261;Ġand:0.0192;Ċ:0.0165;.:0.0148"
),punctuation,1,0,8,),,Ċ,layer_12,Ġthe,0.999415,87,,4,Ċ,0.083137,34,,1,"Ġthe:0.9994;,:0.0006;Ġand:0.0000;Ċ:0.0000;Ġa:0.0000","Ċ:0.0831;Ġand:0.0303;.:0.0208;Ġto:0.0203;,:0.0199"
),punctuation,1,0,8,),,Ċ,final_logits,Ċ,0.083137,34,,1,,,,,,"Ċ:0.0831;Ġand:0.0303;.:0.0208;Ġto:0.0203;,:0.0199",
—,punctuation,1,0,960,âĢĶ,,Ċ,emb,âĢĶ,0.043468,1,,2463,âĢĶ,0.997981,1,,41764,"âĢĶ:0.0435;)âĢĶ:0.0150;""âĢĶ:0.0105;âĢĶ"":0.0103;,âĢĶ:0.0050","âĢĶ:0.9980;)âĢĶ:0.0018;âĢĶ"":0.0002;""âĢĶ:0.0001;,âĢĶ:0.0000"
—,punctuation,1,0,960,âĢĶ,,Ċ,layer_1,Ġthe,0.970441,111,,4,Ċ,0.047087,8,,1,"Ġthe:0.9704;,:0.0290;Ġand:0.0005;Ċ:0.0001;Ġa:0.0000",Ċ:0.0471;the:0.0231;Ġwhich:0.0205;Ġand:0.0177;s:0.0149
—,punctuation,1,0,960,âĢĶ,,Ċ,layer_2,Ġthe,0.998456,234,,7,Ġthe,0.052198,117,,3,"Ġthe:0.9985;,:0.0015;Ġand:0.0000;-:0.0000;Ġa:0.0000","Ġthe:0.0522;,:0.0457;Ċ:0.0404;Ġand:0.0377;Ġa:0.0240"
—,punctuation,1,0,960,âĢĶ,,Ċ,layer_3,Ġthe,0.999995,228,,8,Ġthe,0.027225,182,,4,"Ġthe:1.0000;,:0.0000;):0.0000;%:0.0000;*:0.0000","Ġthe:0.0272;,:0.0264;Ġand:0.0191;Ċ:0.0162;Ġa:0.0143"
—,punctuation,1,0,960,âĢĶ,,Ċ,layer_4,Ġthe,0.999997,228,,8,Ġthe,0.027409,184,,4,"Ġthe:1.0000;,:0.0000;):0.0000;%:0.0000;*:0.0000","Ġthe:0.0274;,:0.0266;Ġand:0.0191;Ċ:0.0162;Ġa:0.0143"
—,punctuation,1,0,960,âĢĶ,,Ċ,layer_5,Ġthe,0.999997,228,,8,Ġthe,0.027132,187,,4,"Ġthe:1.0000;,:0.0000;):0.0000;%:0.0000;*:0.0000","Ġthe:0.0271;,:0.0265;Ġand:0.0189;Ċ:0.0160;Ġa:0.0142"
—,punctuation,1,0,960,âĢĶ,,Ċ,layer_6,Ġthe,0.999996,228,,8,Ġthe,0.026639,188,,4,"Ġthe:1.0000;,:0.0000;):0.0000;%:0.0000;*:0.0000","Ġthe:0.0266;,:0.0262;Ġand:0.0186;Ċ:0.0158;.:0.0140"
—,punctuation,1,0,960,âĢĶ,,Ċ,layer_7,Ġthe,0.999994,227,,8,Ġthe,0.026341,188,,4,"Ġthe:1.0000;,:0.0000;):0.0000;%:0.0000;*:0.0000","Ġthe:0.0263;,:0.0261;Ġand:0.0185;Ċ:0.0156;.:0.0139"
—,punctuation,1,0,960,âĢĶ,,Ċ,layer_8,Ġthe,0.999993,227,,8,Ġthe,0.026211,187,,4,"Ġthe:1.0000;,:0.0000;):0.0000;%:0.0000;*:0.0000","Ġthe:0.0262;,:0.0261;Ġand:0.0185;Ċ:0.0156;.:0.0139"
—,punctuation,1,0,960,âĢĶ,,Ċ,layer_9,Ġthe,0.999989,227,,8,",",0.026325,184,,4,"Ġthe:1.0000;,:0.0000;):0.0000;%:0.0000;*:0.0000",",:0.0263;Ġthe:0.0262;Ġand:0.0186;Ċ:0.0156;.:0.0141"
—,punctuation,1,0,960,âĢĶ,,Ċ,layer_10,Ġthe,0.999988,226,,8,",",0.026622,178,,4,"Ġthe:1.0000;,:0.0000;):0.0000;%:0.0000;*:0.0000",",:0.0266;Ġthe:0.0263;Ġand:0.0188;Ċ:0.0158;.:0.0143"
—,punctuation,1,0,960,âĢĶ,,Ċ,layer_11,Ġthe,0.99999,226,,8,",",0.027033,175,,4,"Ġthe:1.0000;,:0.0000;):0.0000;%:0.0000;*:0.0000",",:0.0270;Ġthe:0.0266;Ġand:0.0192;Ċ:0.0159;.:0.0146"
—,punctuation,1,0,960,âĢĶ,,Ċ,layer_12,Ġthe,0.999995,162,,5,Ċ,0.051377,52,,1,"Ġthe:1.0000;,:0.0000;Ġand:0.0000;Ġa:0.0000;Ċ:0.0000","Ċ:0.0514;Ġand:0.0203;.:0.0157;,:0.0126;Ġthe:0.0115"
—,punctuation,1,0,960,âĢĶ,,Ċ,final_logits,Ċ,0.051377,52,,1,,,,,,"Ċ:0.0514;Ġand:0.0203;.:0.0157;,:0.0126;Ġthe:0.0115",
…,punctuation,1,0,1399,âĢ¦,,Ċ,emb,âĢ¦,0.030469,1,,2367,âĢ¦,0.999981,1,,39030,"âĢ¦:0.0305;âĢ¦.:0.0075;âĢ¦"":0.0068;âĢ¦..:0.0056;âĢ¦]:0.0054","âĢ¦:1.0000;âĢ¦.:0.0000;âĢ¦]:0.0000;âĢ¦"":0.0000;âĢ¦):0.0000"
…,punctuation,1,0,1399,âĢ¦,,Ċ,layer_1,Ġthe,0.963582,145,,3,Ċ,0.210899,3,,1,"Ġthe:0.9636;,:0.0344;Ċ:0.0018;Ġand:0.0002;Ġa:0.0000","Ċ:0.2109;Ġand:0.0195;âĢ¦:0.0138;Ġthe:0.0137;,:0.0116"
…,punctuation,1,0,1399,âĢ¦,,Ċ,layer_2,Ġthe,0.997672,287,,7,Ċ,0.052621,124,,1,"Ġthe:0.9977;,:0.0023;Ġand:0.0000;-:0.0000;Ġa:0.0000","Ċ:0.0526;Ġthe:0.0503;,:0.0463;Ġand:0.0366;Ġa:0.0227"
…,punctuation,1,0,1399,âĢ¦,,Ċ,layer_3,Ġthe,0.999996,295,,8,Ġthe,0.027104,236,,4,"Ġthe:1.0000;,:0.0000;):0.0000;%:0.0000;*:0.0000","Ġthe:0.0271;,:0.0263;Ġand:0.0189;Ċ:0.0172;Ġa:0.0141"
…,punctuation,1,0,1399,âĢ¦,,Ċ,layer_4,Ġthe,0.999998,297,,8,Ġthe,0.027326,238,,4,"Ġthe:1.0000;,:0.0000;):0.0000;%:0.0000;*:0.0000","Ġthe:0.0273;,:0.0266;Ġand:0.0189;Ċ:0.0172;Ġa:0.0142"
…,punctuation,1,0,1399,âĢ¦,,Ċ,layer_5,Ġthe,0.999998,297,,8,Ġthe,0.027057,240,,4,"Ġthe:1.0000;,:0.0000;):0.0000;%:0.0000;*:0.0000","Ġthe:0.0271;,:0.0264;Ġand:0.0188;Ċ:0.0169;Ġa:0.0141"
…,punctuation,1,0,1399,âĢ¦,,Ċ,layer_6,Ġthe,0.999997,298,,8,Ġthe,0.026566,241,,4,"Ġthe:1.0000;,:0.0000;):0.0000;%:0.0000;*:0.0000","Ġthe:0.0266;,:0.0262;Ġand:0.0185;Ċ:0.0166;.:0.0140"
…,punctuation,1,0,1399,âĢ¦,,Ċ,layer_7,Ġthe,0.999996,297,,8,Ġthe,0.026302,242,,4,"Ġthe:1.0000;,:0.0000;):0.0000;%:0.0000;*:0.0000","Ġthe:0.0263;,:0.0260;Ġand:0.0184;Ċ:0.0164;.:0.0139"
…,punctuation,1,0,1399,âĢ¦,,Ċ,layer_8,Ġthe,0.999995,297,,8,Ġthe,0.026166,240,,4,"Ġthe:1.0000;,:0.0000;):0.0000;%:0.0000;*:0.0000","Ġthe:0.0262;,:0.0261;Ġand:0.0184;Ċ:0.0164;.:0.0139"
…,punctuation,1,0,1399,âĢ¦,,Ċ,layer_9,Ġthe,0.999991,297,,8,",",0.026289,240,,4,"Ġthe:1.0000;,:0.0000;):0.0000;%:0.0000;*:0.0000",",:0.0263;Ġthe:0.0262;Ġand:0.0185;Ċ:0.0164;.:0.0141"
…,punctuation,1,0,1399,âĢ¦,,Ċ,layer_10,Ġthe,0.99999,296,,8,",",0.026579,231,,4,"Ġthe:1.0000;,:0.0000;):0.0000;%:0.0000;*:0.0000",",:0.0266;Ġthe:0.0262;Ġand:0.0186;Ċ:0.0166;.:0.0143"
…,punctuation,1,0,1399,âĢ¦,,Ċ,layer_11,Ġthe,0.999987,294,,8,",",0.027042,224,,4,"Ġthe:1.0000;,:0.0000;):0.0000;%:0.0000;*:0.0000",",:0.0270;Ġthe:0.0265;Ġand:0.0190;Ċ:0.0167;.:0.0146"
…,punctuation,1,0,1399,âĢ¦,,Ċ,layer_12,Ġthe,0.999979,192,,4,Ċ,0.100517,51,,1,"Ġthe:1.0000;,:0.0000;Ġand:0.0000;Ċ:0.0000;Ġa:0.0000","Ċ:0.1005;Ġand:0.0238;Ġthe:0.0195;,:0.0178;.:0.0178"
…,punctuation,1,0,1399,âĢ¦,,Ċ,final_logits,Ċ,0.100517,51,,1,,,,,,"Ċ:0.1005;Ġand:0.0238;Ġthe:0.0195;,:0.0178;.:0.0178",
@,symbol,1,0,31,@,,Ċ,emb,@,0.311352,1,,42595,@,1.0,1,,39838,"@:0.3114;Ġ@:0.0014;Ġ""@:0.0013;@#:0.0009;Ġ(@:0.0006","@:1.0000;Ġ@:0.0000;Ġ""@:0.0000;@#:0.0000;Ġoun:0.0000"
@,symbol,1,0,31,@,,Ċ,layer_1,Ġthe,0.981101,212,,5,g,0.063367,3,,4,"Ġthe:0.9811;,:0.0189;Ġand:0.0000;.:0.0000;Ċ:0.0000",g:0.0634;wcsstore:0.0477;@:0.0387;Ċ:0.0255;\/:0.0237
@,symbol,1,0,31,@,,Ċ,layer_2,Ġthe,0.999849,609,,7,Ġthe,0.051494,328,,3,"Ġthe:0.9998;,:0.0002;-:0.0000;Ġand:0.0000;.:0.0000","Ġthe:0.0515;,:0.0396;Ċ:0.0375;Ġand:0.0276;.:0.0258"
@,symbol,1,0,31,@,,Ċ,layer_3,Ġthe,0.999999,933,,8,Ġthe,0.026935,856,,4,"Ġthe:1.0000;,:0.0000;):0.0000;%:0.0000;*:0.0000","Ġthe:0.0269;,:0.0253;Ġand:0.0175;Ċ:0.0159;.:0.0145"
@,symbol,1,0,31,@,,Ċ,layer_4,Ġthe,1.0,936,,8,Ġthe,0.027122,878,,4,"Ġthe:1.0000;,:0.0000;):0.0000;%:0.0000;*:0.0000","Ġthe:0.0271;,:0.0256;Ġand:0.0176;Ċ:0.0159;.:0.0146"
@,symbol,1,0,31,@,,Ċ,layer_5,Ġthe,1.0,941,,8,Ġthe,0.02684,899,,4,"Ġthe:1.0000;,:0.0000;):0.0000;%:0.0000;*:0.0000","Ġthe:0.0268;,:0.0255;Ġand:0.0175;Ċ:0.0158;.:0.0145"
@,symbol,1,0,31,@,,Ċ,layer_6,Ġthe,0.999999,946,,8,Ġthe,0.026353,905,,4,"Ġthe:1.0000;,:0.0000;):0.0000;%:0.0000;*:0.0000","Ġthe:0.0264;,:0.0253;Ġand:0.0173;Ċ:0.0155;.:0.0144"
@,symbol,1,0,31,@,,Ċ,layer_7,Ġthe,0.999999,954,,8,Ġthe,0.026062,904,,4,"Ġthe:1.0000;,:0.0000;):0.0000;%:0.0000;*:0.0000","Ġthe:0.0261;,:0.0251;Ġand:0.0172;Ċ:0.0154;.:0.0143"
@,symbol,1,0,31,@,,Ċ,layer_8,Ġthe,0.999999,955,,8,Ġthe,0.025916,905,,4,"Ġthe:1.0000;,:0.0000;):0.0000;%:0.0000;*:0.0000","Ġthe:0.0259;,:0.0252;Ġand:0.0172;Ċ:0.0153;.:0.0143"
@,symbol,1,0,31,@,,Ċ,layer_9,Ġthe,0.999999,956,,8,Ġthe,0.025881,904,,4,"Ġthe:1.0000;,:0.0000;):0.0000;%:0.0000;*:0.0000","Ġthe:0.0259;,:0.0254;Ġand:0.0173;Ċ:0.0154;.:0.0144"
@,symbol,1,0,31,@,,Ċ,layer_10,Ġthe,0.999998,957,,8,Ġthe,0.025952,891,,4,"Ġthe:1.0000;,:0.0000;):0.0000;%:0.0000;*:0.0000","Ġthe:0.0260;,:0.0256;Ġand:0.0173;Ċ:0.0155;.:0.0146"
@,symbol,1,0,31,@,,Ċ,layer_11,Ġthe,0.999998,959,,8,Ġthe,0.026204,868,,4,"Ġthe:1.0000;,:0.0000;):0.0000;%:0.0000;*:0.0000","Ġthe:0.0262;,:0.0260;Ġand:0.0176;Ċ:0.0156;.:0.0150"
@,symbol,1,0,31,@,,Ċ,layer_12,Ġthe,0.999371,510,,7,Ċ,0.027784,43,,1,"Ġthe:0.9994;,:0.0006;.:0.0000;-:0.0000;Ġa:0.0000","Ċ:0.0278;.:0.0248;-:0.0113;1:0.0101;,:0.0074"
@,symbol,1,0,31,@,,Ċ,final_logits,Ċ,0.027784,43,,1,,,,,,"Ċ:0.0278;.:0.0248;-:0.0113;1:0.0101;,:0.0074",
#,symbol,1,0,2,#,,Ċ,emb,#,0.150683,1,,41482,#,1.0,1,,39886,#:0.1507;/#:0.0020;##:0.0018;.#:0.0015;=#:0.0011,#:1.0000;##:0.0000;/#:0.0000;.#:0.0000;#$#$:0.0000
#,symbol,1,0,2,#,,Ċ,layer_1,",",0.557349,428,,3,Ċ,0.064925,26,,1,",:0.5573;Ġthe:0.4423;Ċ:0.0003;.:0.0000;Ġand:0.0000",Ċ:0.0649;Ġ#:0.0187;wcsstore:0.0143;1:0.0099;$:0.0093
#,symbol,1,0,2,#,,Ċ,layer_2,Ġthe,0.989357,715,,7,Ċ,0.050116,469,,1,"Ġthe:0.9894;,:0.0106;-:0.0000;Ġand:0.0000;.:0.0000","Ċ:0.0501;Ġthe:0.0433;,:0.0408;.:0.0255;Ġand:0.0254"
#,symbol,1,0,2,#,,Ċ,layer_3,Ġthe,0.999973,947,,8,Ġthe,0.025793,1084,,4,"Ġthe:1.0000;,:0.0000;):0.0000;%:0.0000;*:0.0000","Ġthe:0.0258;,:0.0254;Ġand:0.0172;Ċ:0.0169;.:0.0143"
#,symbol,1,0,2,#,,Ċ,layer_4,Ġthe,0.999981,946,,8,Ġthe,0.026125,1105,,4,"Ġthe:1.0000;,:0.0000;):0.0000;%:0.0000;*:0.0000","Ġthe:0.0261;,:0.0257;Ġand:0.0173;Ċ:0.0170;.:0.0145"
#,symbol,1,0,2,#,,Ċ,layer_5,Ġthe,0.999982,948,,8,Ġthe,0.025932,1118,,4,"Ġthe:1.0000;,:0.0000;):0.0000;%:0.0000;*:0.0000","Ġthe:0.0259;,:0.0257;Ġand:0.0173;Ċ:0.0167;.:0.0144"
#,symbol,1,0,2,#,,Ċ,layer_6,Ġthe,0.999974,952,,8,Ġthe,0.025483,1122,,4,"Ġthe:1.0000;,:0.0000;):0.0000;%:0.0000;*:0.0000","Ġthe:0.0255;,:0.0254;Ġand:0.0171;Ċ:0.0164;.:0.0143"
#,symbol,1,0,2,#,,Ċ,layer_7,Ġthe,0.999972,954,,8,",",0.025246,1123,,4,"Ġthe:1.0000;,:0.0000;):0.0000;%:0.0000;*:0.0000",",:0.0252;Ġthe:0.0252;Ġand:0.0170;Ċ:0.0162;.:0.0142"
#,symbol,1,0,2,#,,Ċ,layer_8,Ġthe,0.999966,953,,8,",",0.025238,1114,,4,"Ġthe:1.0000;,:0.0000;):0.0000;%:0.0000;*:0.0000",",:0.0252;Ġthe:0.0251;Ġand:0.0170;Ċ:0.0162;.:0.0142"
#,symbol,1,0,2,#,,Ċ,layer_9,Ġthe,0.999949,953,,8,",",0.025432,1108,,4,"Ġthe:0.9999;,:0.0001;):0.0000;%:0.0000;*:0.0000",",:0.0254;Ġthe:0.0250;Ġand:0.0171;Ċ:0.0163;.:0.0143"
#,symbol,1,0,2,#,,Ċ,layer_10,Ġthe,0.999941,949,,8,",",0.02568,1092,,4,"Ġthe:0.9999;,:0.0001;):0.0000;%:0.0000;*:0.0000",",:0.0257;Ġthe:0.0251;Ġand:0.0171;Ċ:0.0164;.:0.0145"
#,symbol,1,0,2,#,,Ċ,layer_11,Ġthe,0.999889,947,,8,",",0.026206,1052,,4,"Ġthe:0.9999;,:0.0001;):0.0000;%:0.0000;*:0.0000",",:0.0262;Ġthe:0.0253;Ġand:0.0174;Ċ:0.0166;.:0.0149"
#,symbol,1,0,2,#,,Ċ,layer_12,Ġthe,0.815541,479,,4,Ċ,0.081193,55,,1,"Ġthe:0.8155;,:0.1845;.:0.0000;Ċ:0.0000;-:0.0000","Ċ:0.0812;.:0.0288;1:0.0137;,:0.0129;-:0.0120"
#,symbol,1,0,2,#,,Ċ,final_logits,Ċ,0.081193,55,,1,,,,,,"Ċ:0.0812;.:0.0288;1:0.0137;,:0.0129;-:0.0120",
$,symbol,1,0,3,$,,Ċ,emb,$,0.331406,1,,49175,$,1.0,1,,45573,"$:0.3314;$.:0.0136;$,:0.0121;Â£:0.0029;.$:0.0025","$:1.0000;$.:0.0000;$,:0.0000;Â£:0.0000;.$:0.0000"
$,symbol,1,0,3,$,,Ċ,layer_1,Ġthe,0.937688,285,,3,$,0.27159,1,,3,"Ġthe:0.9377;,:0.0618;Ċ:0.0004;Ġand:0.0001;Ġa:0.0000",$:0.2716;Ġ$:0.0534;Ċ:0.0274;1:0.0255;5:0.0177
$,symbol,1,0,3,$,,Ċ,layer_2,Ġthe,0.994212,941,,7,Ċ,0.044088,306,,1,"Ġthe:0.9942;,:0.0058;-:0.0000;Ġand:0.0000;.:0.0000","Ċ:0.0441;Ġthe:0.0407;,:0.0397;Ġand:0.0279;.:0.0238"
$,symbol,1,0,3,$,,Ċ,layer_3,Ġthe,0.999983,1519,,8,Ġthe,0.025413,1201,,4,"Ġthe:1.0000;,:0.0000;):0.0000;%:0.0000;*:0.0000","Ġthe:0.0254;,:0.0252;Ġand:0.0175;Ċ:0.0164;.:0.0141"
$,symbol,1,0,3,$,,Ċ,layer_4,Ġthe,0.999989,1525,,8,Ġthe,0.025762,1261,,4,"Ġthe:1.0000;,:0.0000;):0.0000;%:0.0000;*:0.0000","Ġthe:0.0258;,:0.0256;Ġand:0.0177;Ċ:0.0165;.:0.0143"
$,symbol,1,0,3,$,,Ċ,layer_5,Ġthe,0.999989,1531,,8,Ġthe,0.025589,1290,,4,"Ġthe:1.0000;,:0.0000;):0.0000;%:0.0000;*:0.0000","Ġthe:0.0256;,:0.0255;Ġand:0.0176;Ċ:0.0163;.:0.0142"
$,symbol,1,0,3,$,,Ċ,layer_6,Ġthe,0.999985,1538,,8,",",0.02525,1305,,4,"Ġthe:1.0000;,:0.0000;):0.0000;%:0.0000;*:0.0000",",:0.0253;Ġthe:0.0252;Ġand:0.0174;Ċ:0.0160;.:0.0141"
$,symbol,1,0,3,$,,Ċ,layer_7,Ġthe,0.999982,1543,,8,",",0.025124,1322,,4,"Ġthe:1.0000;,:0.0000;):0.0000;%:0.0000;*:0.0000",",:0.0251;Ġthe:0.0249;Ġand:0.0173;Ċ:0.0158;.:0.0140"
$,symbol,1,0,3,$,,Ċ,layer_8,Ġthe,0.999976,1551,,8,",",0.025148,1330,,4,"Ġthe:1.0000;,:0.0000;):0.0000;%:0.0000;*:0.0000",",:0.0251;Ġthe:0.0248;Ġand:0.0173;Ċ:0.0158;.:0.0140"
$,symbol,1,0,3,$,,Ċ,layer_9,Ġthe,0.999956,1556,,8,",",0.025383,1328,,4,"Ġthe:1.0000;,:0.0000;):0.0000;%:0.0000;*:0.0000",",:0.0254;Ġthe:0.0247;Ġand:0.0174;Ċ:0.0158;.:0.0142"
$,symbol,1,0,3,$,,Ċ,layer_10,Ġthe,0.999933,1555,,8,",",0.025675,1319,,4,"Ġthe:0.9999;,:0.0001;):0.0000;%:0.0000;*:0.0000",",:0.0257;Ġthe:0.0248;Ġand:0.0175;Ċ:0.0159;.:0.0144"
$,symbol,1,0,3,$,,Ċ,layer_11,Ġthe,0.999883,1561,,8,",",0.026178,1314,,4,"Ġthe:0.9999;,:0.0001;):0.0000;%:0.0000;*:0.0000",",:0.0262;Ġthe:0.0250;Ġand:0.0178;Ċ:0.0160;.:0.0147"
$,symbol,1,0,3,$,,Ċ,layer_12,Ġthe,0.961199,601,,6,Ċ,0.049248,34,,1,"Ġthe:0.9612;,:0.0388;.:0.0000;Ġand:0.0000;-:0.0000","Ċ:0.0492;.:0.0258;1:0.0208;2:0.0166;,:0.0113"
$,symbol,1,0,3,$,,Ċ,final_logits,Ċ,0.049248,34,,1,,,,,,"Ċ:0.0492;.:0.0258;1:0.0208;2:0.0166;,:0.0113",
%,symbol,1,0,4,%,,Ċ,emb,%,0.031144,1,,25912,%,0.999997,1,,43107,"%:0.0311;%.:0.0071;%"":0.0057;%-:0.0053;%,:0.0052","%:1.0000;%.:0.0000;%"":0.0000;%-:0.0000;%,:0.0000"
%,symbol,1,0,4,%,,Ċ,layer_1,",",0.807035,200,,3,Ċ,0.101388,5,,1,",:0.8070;Ġthe:0.1925;Ċ:0.0005;Ġand:0.0000;.:0.0000","Ċ:0.1014;Ġof:0.0390;Ġ(:0.0248;,:0.0146;%:0.0144"
%,symbol,1,0,4,%,,Ċ,layer_2,Ġthe,0.809097,401,,7,",",0.048024,188,,3,"Ġthe:0.8091;,:0.1909;-:0.0000;Ġand:0.0000;.:0.0000",",:0.0480;Ġthe:0.0440;Ċ:0.0417;Ġand:0.0310;.:0.0247"
%,symbol,1,0,4,%,,Ċ,layer_3,Ġthe,0.999032,518,,8,",",0.026631,411,,4,"Ġthe:0.9990;,:0.0010;):0.0000;%:0.0000;*:0.0000",",:0.0266;Ġthe:0.0260;Ġand:0.0182;Ċ:0.0163;.:0.0144"
%,symbol,1,0,4,%,,Ċ,layer_4,Ġthe,0.999412,518,,8,",",0.026876,416,,4,"Ġthe:0.9994;,:0.0006;):0.0000;%:0.0000;*:0.0000",",:0.0269;Ġthe:0.0263;Ġand:0.0183;Ċ:0.0163;.:0.0145"
%,symbol,1,0,4,%,,Ċ,layer_5,Ġthe,0.999517,521,,8,",",0.026692,424,,4,"Ġthe:0.9995;,:0.0005;):0.0000;%:0.0000;*:0.0000",",:0.0267;Ġthe:0.0261;Ġand:0.0181;Ċ:0.0161;.:0.0144"
%,symbol,1,0,4,%,,Ċ,layer_6,Ġthe,0.999403,522,,8,",",0.026376,424,,4,"Ġthe:0.9994;,:0.0006;):0.0000;%:0.0000;*:0.0000",",:0.0264;Ġthe:0.0257;Ġand:0.0179;Ċ:0.0158;.:0.0143"
%,symbol,1,0,4,%,,Ċ,layer_7,Ġthe,0.999196,522,,8,",",0.026264,424,,4,"Ġthe:0.9992;,:0.0008;):0.0000;%:0.0000;*:0.0000",",:0.0263;Ġthe:0.0254;Ġand:0.0178;Ċ:0.0157;.:0.0143"
%,symbol,1,0,4,%,,Ċ,layer_8,Ġthe,0.999014,522,,8,",",0.026277,420,,4,"Ġthe:0.9990;,:0.0010;):0.0000;%:0.0000;*:0.0000",",:0.0263;Ġthe:0.0253;Ġand:0.0178;Ċ:0.0156;.:0.0143"
%,symbol,1,0,4,%,,Ċ,layer_9,Ġthe,0.998007,522,,8,",",0.026541,419,,4,"Ġthe:0.9980;,:0.0020;):0.0000;%:0.0000;*:0.0000",",:0.0265;Ġthe:0.0253;Ġand:0.0179;Ċ:0.0157;.:0.0144"
%,symbol,1,0,4,%,,Ċ,layer_10,Ġthe,0.996996,522,,8,",",0.026851,416,,4,"Ġthe:0.9970;,:0.0030;):0.0000;%:0.0000;*:0.0000",",:0.0269;Ġthe:0.0253;Ġand:0.0181;Ċ:0.0158;.:0.0146"
%,symbol,1,0,4,%,,Ċ,layer_11,Ġthe,0.994609,522,,8,",",0.027371,410,,4,"Ġthe:0.9946;,:0.0054;):0.0000;%:0.0000;*:0.0000",",:0.0274;Ġthe:0.0255;Ġand:0.0184;Ċ:0.0159;.:0.0150"
%,symbol,1,0,4,%,,Ċ,layer_12,",",0.529091,236,,5,Ċ,0.05194,36,,1,",:0.5291;Ġthe:0.4709;.:0.0000;Ġand:0.0000;Ċ:0.0000","Ċ:0.0519;Ġof:0.0508;.:0.0271;,:0.0237;Ġand:0.0198"
%,symbol,1,0,4,%,,Ċ,final_logits,Ċ,0.05194,36,,1,,,,,,"Ċ:0.0519;Ġof:0.0508;.:0.0271;,:0.0237;Ġand:0.0198",
~,symbol,1,0,93,~,,Ċ,emb,~,0.328411,1,,48878,~,1.0,1,,39516,~:0.3284;~~:0.0033;Ġ~:0.0013;~~~~:0.0013;=~:0.0006,~:1.0000;~~:0.0000;Ġ~:0.0000;~~~~:0.0000;Ġawa:0.0000
~,symbol,1,0,93,~,,Ċ,layer_1,",",0.621581,1188,,3,Ċ,0.091644,22,,1,",:0.6216;Ġthe:0.3783;Ċ:0.0000;Ġand:0.0000;.:0.0000","Ċ:0.0916;\/:0.0235;,:0.0126;Ġand:0.0103;Ġ(:0.0101"
~,symbol,1,0,93,~,,Ċ,layer_2,Ġthe,0.951588,2171,,7,Ċ,0.051431,825,,1,"Ġthe:0.9516;,:0.0484;-:0.0000;Ġand:0.0000;.:0.0000","Ċ:0.0514;,:0.0471;Ġthe:0.0439;Ġand:0.0319;.:0.0258"
~,symbol,1,0,93,~,,Ċ,layer_3,Ġthe,0.999866,2797,,8,",",0.026396,1960,,4,"Ġthe:0.9999;,:0.0001;):0.0000;%:0.0000;*:0.0000",",:0.0264;Ġthe:0.0260;Ġand:0.0181;Ċ:0.0171;.:0.0145"
~,symbol,1,0,93,~,,Ċ,layer_4,Ġthe,0.999918,2800,,8,",",0.026661,2010,,4,"Ġthe:0.9999;,:0.0001;):0.0000;%:0.0000;*:0.0000",",:0.0267;Ġthe:0.0263;Ġand:0.0182;Ċ:0.0171;.:0.0146"
~,symbol,1,0,93,~,,Ċ,layer_5,Ġthe,0.999927,2805,,8,",",0.026503,2038,,4,"Ġthe:0.9999;,:0.0001;):0.0000;%:0.0000;*:0.0000",",:0.0265;Ġthe:0.0261;Ġand:0.0181;Ċ:0.0169;.:0.0145"
~,symbol,1,0,93,~,,Ċ,layer_6,Ġthe,0.9999,2810,,8,",",0.026201,2037,,4,"Ġthe:0.9999;,:0.0001;):0.0000;%:0.0000;*:0.0000",",:0.0262;Ġthe:0.0256;Ġand:0.0179;Ċ:0.0165;.:0.0144"
~,symbol,1,0,93,~,,Ċ,layer_7,Ġthe,0.999879,2811,,8,",",0.02606,2027,,4,"Ġthe:0.9999;,:0.0001;):0.0000;%:0.0000;*:0.0000",",:0.0261;Ġthe:0.0254;Ġand:0.0178;Ċ:0.0164;.:0.0143"
~,symbol,1,0,93,~,,Ċ,layer_8,Ġthe,0.999845,2807,,8,",",0.026069,2013,,4,"Ġthe:0.9998;,:0.0002;):0.0000;%:0.0000;*:0.0000",",:0.0261;Ġthe:0.0252;Ġand:0.0178;Ċ:0.0163;.:0.0143"
~,symbol,1,0,93,~,,Ċ,layer_9,Ġthe,0.999739,2809,,8,",",0.026311,2010,,4,"Ġthe:0.9997;,:0.0003;):0.0000;%:0.0000;*:0.0000",",:0.0263;Ġthe:0.0252;Ġand:0.0179;Ċ:0.0164;.:0.0145"
~,symbol,1,0,93,~,,Ċ,layer_10,Ġthe,0.999594,2799,,8,",",0.02663,1976,,4,"Ġthe:0.9996;,:0.0004;):0.0000;%:0.0000;*:0.0000",",:0.0266;Ġthe:0.0253;Ġand:0.0180;Ċ:0.0165;.:0.0147"
~,symbol,1,0,93,~,,Ċ,layer_11,Ġthe,0.999263,2793,,8,",",0.02717,1939,,4,"Ġthe:0.9993;,:0.0007;):0.0000;%:0.0000;*:0.0000",",:0.0272;Ġthe:0.0255;Ġand:0.0183;Ċ:0.0167;.:0.0150"
~,symbol,1,0,93,~,,Ċ,layer_12,Ġthe,0.544767,1486,,6,Ċ,0.083368,168,,1,"Ġthe:0.5448;,:0.4552;.:0.0000;Ġand:0.0000;-:0.0000","Ċ:0.0834;.:0.0288;,:0.0177;-:0.0136;Ġand:0.0119"
~,symbol,1,0,93,~,,Ċ,final_logits,Ċ,0.083368,168,,1,,,,,,"Ċ:0.0834;.:0.0288;,:0.0177;-:0.0136;Ġand:0.0119",
 ,whitespace,1,0,220,Ġ,,Ċ,emb,Ġ,0.060541,1,,2720,Ġ,1.0,1,,32780,Ġ:0.0605;ĠÂł:0.0048;Âł:0.0033;ĠÂłÂł:0.0021;ĠÂłĠÂł:0.0018,Ġ:1.0000;ĠÂł:0.0000;ĠÂłÂł:0.0000;ĠÂłĠÂł:0.0000;ĠÂłĠÂłĠÂłĠÂł:0.0000
 ,whitespace,1,0,220,Ġ,,Ċ,layer_1,Ġthe,0.987691,111,,2,Ċ,0.116548,2,,1,"Ġthe:0.9877;Ċ:0.0065;,:0.0058;Ġand:0.0000;Ġa:0.0000",Ċ:0.1165;Ġ:0.0400;akings:0.0299;Âł:0.0267;Ġ(:0.0111
 ,whitespace,1,0,220,Ġ,,Ċ,layer_2,Ġthe,0.995299,303,,7,Ċ,0.055438,86,,1,"Ġthe:0.9953;,:0.0047;-:0.0000;Ġand:0.0000;.:0.0000","Ċ:0.0554;,:0.0391;Ġthe:0.0356;.:0.0253;Ġand:0.0245"
 ,whitespace,1,0,220,Ġ,,Ċ,layer_3,Ġthe,0.99997,334,,8,",",0.025012,262,,3,"Ġthe:1.0000;,:0.0000;):0.0000;%:0.0000;*:0.0000",",:0.0250;Ġthe:0.0242;Ċ:0.0171;Ġand:0.0169;.:0.0143"
 ,whitespace,1,0,220,Ġ,,Ċ,layer_4,Ġthe,0.99998,337,,8,",",0.02546,268,,4,"Ġthe:1.0000;,:0.0000;):0.0000;%:0.0000;*:0.0000",",:0.0255;Ġthe:0.0247;Ġand:0.0172;Ċ:0.0171;.:0.0144"
 ,whitespace,1,0,220,Ġ,,Ċ,layer_5,Ġthe,0.999979,338,,8,",",0.025402,272,,4,"Ġthe:1.0000;,:0.0000;):0.0000;%:0.0000;*:0.0000",",:0.0254;Ġthe:0.0246;Ġand:0.0171;Ċ:0.0169;.:0.0144"
 ,whitespace,1,0,220,Ġ,,Ċ,layer_6,Ġthe,0.999976,338,,8,",",0.025099,272,,4,"Ġthe:1.0000;,:0.0000;):0.0000;%:0.0000;*:0.0000",",:0.0251;Ġthe:0.0242;Ġand:0.0169;Ċ:0.0166;.:0.0143"
 ,whitespace,1,0,220,Ġ,,Ċ,layer_7,Ġthe,0.999975,337,,8,",",0.024943,271,,4,"Ġthe:1.0000;,:0.0000;):0.0000;%:0.0000;*:0.0000",",:0.0249;Ġthe:0.0240;Ġand:0.0168;Ċ:0.0164;.:0.0142"
 ,whitespace,1,0,220,Ġ,,Ċ,layer_8,Ġthe,0.999965,335,,8,",",0.024939,269,,4,"Ġthe:1.0000;,:0.0000;):0.0000;%:0.0000;*:0.0000",",:0.0249;Ġthe:0.0238;Ġand:0.0168;Ċ:0.0164;.:0.0141"
 ,whitespace,1,0,220,Ġ,,Ċ,layer_9,Ġthe,0.999941,334,,8,",",0.025149,268,,4,"Ġthe:0.9999;,:0.0001;):0.0000;%:0.0000;*:0.0000",",:0.0251;Ġthe:0.0238;Ġand:0.0169;Ċ:0.0165;.:0.0143"
 ,whitespace,1,0,220,Ġ,,Ċ,layer_10,Ġthe,0.999918,335,,8,",",0.025424,264,,4,"Ġthe:0.9999;,:0.0001;):0.0000;%:0.0000;*:0.0000",",:0.0254;Ġthe:0.0238;Ġand:0.0170;Ċ:0.0166;.:0.0145"
 ,whitespace,1,0,220,Ġ,,Ċ,layer_11,Ġthe,0.999804,331,,8,",",0.025947,254,,4,"Ġthe:0.9998;,:0.0002;):0.0000;%:0.0000;*:0.0000",",:0.0259;Ġthe:0.0240;Ġand:0.0173;Ċ:0.0168;.:0.0148"
 ,whitespace,1,0,220,Ġ,,Ċ,layer_12,",",0.55913,89,,3,Ċ,0.076577,15,,1,",:0.5591;Ġthe:0.4365;Ċ:0.0038;-:0.0004;.:0.0001","Ċ:0.0766;.:0.0222;-:0.0160;,:0.0093;I:0.0065"
 ,whitespace,1,0,220,Ġ,,Ċ,final_logits,Ċ,0.076577,15,,1,,,,,,"Ċ:0.0766;.:0.0222;-:0.0160;,:0.0093;I:0.0065",
"
",whitespace,1,0,198,Ċ,,Ċ,emb,Ċ,0.007122,1,,1,Ġchalleng,0.970613,10,,10,Ċ:0.0071;<|endoftext|>:0.0012;ĊĊ:0.0010;ĠThe:0.0005;.:0.0004,Ġchalleng:0.9706;Ġmathemat:0.0132;Ġconduc:0.0095;Ġdestro:0.0017;Ġencount:0.0013
"
",whitespace,1,0,198,Ċ,,Ċ,layer_1,Ċ,0.88831,1,,1,Ċ,0.664337,1,,1,"Ċ:0.8883;,:0.1003;Ġthe:0.0114;.:0.0000;Ġand:0.0000","Ċ:0.6643;The:0.0108;"":0.0078;.:0.0058;,:0.0049"
"
",whitespace,1,0,198,Ċ,,Ċ,layer_2,",",0.615406,5,,5,Ċ,0.10875,1,,1,",:0.6154;Ġthe:0.3846;-:0.0000;Ġand:0.0000;Ċ:0.0000","Ċ:0.1087;,:0.0476;Ġthe:0.0368;Ġand:0.0291;.:0.0290"
"
",whitespace,1,0,198,Ċ,,Ċ,layer_3,Ġthe,0.994625,8,,8,",",0.027062,3,,3,"Ġthe:0.9946;,:0.0054;):0.0000;%:0.0000;*:0.0000",",:0.0271;Ġthe:0.0253;Ċ:0.0210;Ġand:0.0182;.:0.0152"
"
",whitespace,1,0,198,Ċ,,Ċ,layer_4,Ġthe,0.996649,8,,8,",",0.027266,3,,3,"Ġthe:0.9966;,:0.0034;):0.0000;%:0.0000;*:0.0000",",:0.0273;Ġthe:0.0256;Ċ:0.0206;Ġand:0.0182;.:0.0153"
"
",whitespace,1,0,198,Ċ,,Ċ,layer_5,Ġthe,0.996977,8,,8,",",0.027081,3,,3,"Ġthe:0.9970;,:0.0030;):0.0000;%:0.0000;*:0.0000",",:0.0271;Ġthe:0.0255;Ċ:0.0201;Ġand:0.0181;.:0.0152"
"
",whitespace,1,0,198,Ċ,,Ċ,layer_6,Ġthe,0.996076,8,,8,",",0.026745,3,,3,"Ġthe:0.9961;,:0.0039;):0.0000;%:0.0000;*:0.0000",",:0.0267;Ġthe:0.0251;Ċ:0.0196;Ġand:0.0179;.:0.0150"
"
",whitespace,1,0,198,Ċ,,Ċ,layer_7,Ġthe,0.994642,8,,8,",",0.026618,3,,3,"Ġthe:0.9946;,:0.0054;):0.0000;%:0.0000;*:0.0000",",:0.0266;Ġthe:0.0248;Ċ:0.0194;Ġand:0.0178;.:0.0149"
"
",whitespace,1,0,198,Ċ,,Ċ,layer_8,Ġthe,0.992939,8,,8,",",0.026639,3,,3,"Ġthe:0.9929;,:0.0071;):0.0000;%:0.0000;*:0.0000",",:0.0266;Ġthe:0.0247;Ċ:0.0193;Ġand:0.0178;.:0.0149"
"
",whitespace,1,0,198,Ċ,,Ċ,layer_9,Ġthe,0.987788,8,,8,",",0.026873,3,,3,"Ġthe:0.9878;,:0.0122;):0.0000;%:0.0000;*:0.0000",",:0.0269;Ġthe:0.0247;Ċ:0.0195;Ġand:0.0179;.:0.0151"
"
",whitespace,1,0,198,Ċ,,Ċ,layer_10,Ġthe,0.981453,8,,8,",",0.027168,3,,3,"Ġthe:0.9815;,:0.0185;):0.0000;%:0.0000;*:0.0000",",:0.0272;Ġthe:0.0247;Ċ:0.0197;Ġand:0.0180;.:0.0153"
"
",whitespace,1,0,198,Ċ,,Ċ,layer_11,Ġthe,0.969179,8,,8,",",0.027685,3,,3,"Ġthe:0.9692;,:0.0308;):0.0000;%:0.0000;*:0.0000",",:0.0277;Ġthe:0.0248;Ċ:0.0202;Ġand:0.0183;.:0.0157"
"
",whitespace,1,0,198,Ċ,,Ċ,layer_12,",",0.9948,3,,3,Ċ,0.235285,1,,1,",:0.9948;Ġthe:0.0046;Ċ:0.0006;-:0.0000;.:0.0000","Ċ:0.2353;The:0.0288;"":0.0254;.:0.0175;I:0.0136"
"
",whitespace,1,0,198,Ċ,,Ċ,final_logits,Ċ,0.235285,1,,1,,,,,,"Ċ:0.2353;The:0.0288;"":0.0254;.:0.0175;I:0.0136",
	,whitespace,1,0,197,ĉ,,",",emb,conservancy,0.001025,23,,50257,Ġdestro,0.835728,106,,50257,conservancy:0.0010;ModLoader:0.0010;BuyableInstoreAndOnline:0.0009;DragonMagazine:0.0009;ertodd:0.0008,Ġdestro:0.8357;Ġmathemat:0.1212;Ġchalleng:0.0201;Ġtremend:0.0144;Ġconclud:0.0049
	,whitespace,1,0,197,ĉ,,",",layer_1,",",0.985349,49807,,1,Ċ,0.057797,49976,,2,",:0.9853;Ġthe:0.0146;Ġand:0.0001;.:0.0000;Ċ:0.0000","Ċ:0.0578;,:0.0509;Ġand:0.0489;Ġ(:0.0210;.:0.0177"
	,whitespace,1,0,197,ĉ,,",",layer_2,",",0.857306,49132,,1,",",0.061051,50236,,1,",:0.8573;Ġthe:0.1427;-:0.0000;Ġand:0.0000;.:0.0000",",:0.0611;Ġthe:0.0487;Ġand:0.0393;Ċ:0.0352;.:0.0267"
	,whitespace,1,0,197,ĉ,,",",layer_3,Ġthe,0.98443,50201,,2,",",0.027695,50233,,1,"Ġthe:0.9844;,:0.0156;):0.0000;%:0.0000;*:0.0000",",:0.0277;Ġthe:0.0263;Ġand:0.0188;Ċ:0.0154;.:0.0144"
	,whitespace,1,0,197,ĉ,,",",layer_4,Ġthe,0.990172,50200,,2,",",0.027988,50233,,1,"Ġthe:0.9902;,:0.0098;):0.0000;%:0.0000;*:0.0000",",:0.0280;Ġthe:0.0267;Ġand:0.0189;Ċ:0.0156;.:0.0146"
	,whitespace,1,0,197,ĉ,,",",layer_5,Ġthe,0.99117,50200,,2,",",0.027757,50231,,1,"Ġthe:0.9912;,:0.0088;):0.0000;%:0.0000;*:0.0000",",:0.0278;Ġthe:0.0265;Ġand:0.0188;Ċ:0.0154;.:0.0145"
	,whitespace,1,0,197,ĉ,,",",layer_6,Ġthe,0.988698,50201,,2,",",0.027398,50230,,1,"Ġthe:0.9887;,:0.0113;):0.0000;%:0.0000;*:0.0000",",:0.0274;Ġthe:0.0260;Ġand:0.0185;Ċ:0.0152;.:0.0144"
	,whitespace,1,0,197,ĉ,,",",layer_7,Ġthe,0.984653,50202,,2,",",0.027259,50230,,1,"Ġthe:0.9847;,:0.0153;):0.0000;%:0.0000;*:0.0000",",:0.0273;Ġthe:0.0257;Ġand:0.0184;Ċ:0.0151;.:0.0143"
	,whitespace,1,0,197,ĉ,,",",layer_8,Ġthe,0.981122,50202,,2,",",0.027244,50230,,1,"Ġthe:0.9811;,:0.0189;):0.0000;%:0.0000;*:0.0000",",:0.0272;Ġthe:0.0256;Ġand:0.0184;Ċ:0.0150;.:0.0143"
	,whitespace,1,0,197,ĉ,,",",layer_9,Ġthe,0.969541,50202,,2,",",0.027473,50230,,1,"Ġthe:0.9695;,:0.0305;):0.0000;%:0.0000;*:0.0000",",:0.0275;Ġthe:0.0256;Ġand:0.0185;Ċ:0.0150;.:0.0144"
	,whitespace,1,0,197,ĉ,,",",layer_10,Ġthe,0.951108,50202,,2,",",0.027839,50230,,1,"Ġthe:0.9511;,:0.0489;):0.0000;%:0.0000;*:0.0000",",:0.0278;Ġthe:0.0256;Ġand:0.0186;Ċ:0.0151;.:0.0147"
	,whitespace,1,0,197,ĉ,,",",layer_11,Ġthe,0.834137,50203,,2,",",0.028548,50231,,1,"Ġthe:0.8341;,:0.1659;):0.0000;%:0.0000;*:0.0000",",:0.0285;Ġthe:0.0259;Ġand:0.0190;Ċ:0.0152;.:0.0150"
	,whitespace,1,0,197,ĉ,,",",layer_12,",",0.999422,50211,,1,",",0.050912,50238,,1,",:0.9994;.:0.0004;Ġthe:0.0001;-:0.0000;Ġand:0.0000",",:0.0509;.:0.0461;Ċ:0.0338;Ġand:0.0278;Ġto:0.0186"
	,whitespace,1,0,197,ĉ,,",",final_logits,",",0.050912,50238,,1,,,,,,",:0.0509;.:0.0461;Ċ:0.0338;Ġand:0.0278;Ġto:0.0186",
's,subword_fragment,1,0,338,'s,,Ġthe,emb,'s,0.058619,1,,210,'s,1.0,1,,49699,"'s:0.0586;,:0.0028;-:0.0021;.:0.0019;::0.0012",'s:1.0000;Ġmathemat:0.0000;Ġchalleng:0.0000;Ġagre:0.0000;Ġdestro:0.0000
's,subword_fragment,1,0,338,'s,,Ġthe,layer_1,Ġthe,0.996926,22,,1,Ġthe,0.023382,101,,1,"Ġthe:0.9969;,:0.0031;Ġa:0.0000;Ġand:0.0000;Ċ:0.0000",Ġthe:0.0234;Ġa:0.0147;Ċ:0.0126;Ġown:0.0111;Ġbest:0.0107
's,subword_fragment,1,0,338,'s,,Ġthe,layer_2,Ġthe,0.999636,19,,1,Ġthe,0.058726,32,,1,"Ġthe:0.9996;,:0.0004;Ġand:0.0000;-:0.0000;Ġa:0.0000","Ġthe:0.0587;,:0.0399;Ġa:0.0289;Ġand:0.0282;Ċ:0.0248"
's,subword_fragment,1,0,338,'s,,Ġthe,layer_3,Ġthe,0.999999,19,,1,Ġthe,0.027862,28,,1,"Ġthe:1.0000;,:0.0000;):0.0000;%:0.0000;*:0.0000","Ġthe:0.0279;,:0.0252;Ġand:0.0176;Ġa:0.0148;Ċ:0.0141"
's,subword_fragment,1,0,338,'s,,Ġthe,layer_4,Ġthe,1.0,19,,1,Ġthe,0.02802,27,,1,"Ġthe:1.0000;,:0.0000;):0.0000;%:0.0000;*:0.0000","Ġthe:0.0280;,:0.0255;Ġand:0.0177;Ġa:0.0149;Ċ:0.0143"
's,subword_fragment,1,0,338,'s,,Ġthe,layer_5,Ġthe,0.999999,19,,1,Ġthe,0.027701,27,,1,"Ġthe:1.0000;,:0.0000;):0.0000;%:0.0000;*:0.0000","Ġthe:0.0277;,:0.0254;Ġand:0.0176;Ġa:0.0147;Ċ:0.0142"
's,subword_fragment,1,0,338,'s,,Ġthe,layer_6,Ġthe,0.999999,19,,1,Ġthe,0.027178,27,,1,"Ġthe:1.0000;,:0.0000;):0.0000;%:0.0000;*:0.0000","Ġthe:0.0272;,:0.0252;Ġand:0.0174;Ġa:0.0145;Ċ:0.0140"
's,subword_fragment,1,0,338,'s,,Ġthe,layer_7,Ġthe,0.999999,19,,1,Ġthe,0.026874,27,,1,"Ġthe:1.0000;,:0.0000;):0.0000;%:0.0000;*:0.0000","Ġthe:0.0269;,:0.0251;Ġand:0.0173;Ġa:0.0143;Ċ:0.0139"
's,subword_fragment,1,0,338,'s,,Ġthe,layer_8,Ġthe,0.999999,19,,1,Ġthe,0.026755,27,,1,"Ġthe:1.0000;,:0.0000;):0.0000;%:0.0000;*:0.0000","Ġthe:0.0268;,:0.0251;Ġand:0.0173;Ġa:0.0143;Ċ:0.0138"
's,subword_fragment,1,0,338,'s,,Ġthe,layer_9,Ġthe,0.999998,19,,1,Ġthe,0.026734,26,,1,"Ġthe:1.0000;,:0.0000;):0.0000;%:0.0000;*:0.0000","Ġthe:0.0267;,:0.0253;Ġand:0.0174;Ġa:0.0143;Ċ:0.0139"
's,subword_fragment,1,0,338,'s,,Ġthe,layer_10,Ġthe,0.999998,19,,1,Ġthe,0.02686,26,,1,"Ġthe:1.0000;,:0.0000;):0.0000;%:0.0000;*:0.0000","Ġthe:0.0269;,:0.0256;Ġand:0.0175;Ġa:0.0144;Ċ:0.0139"
's,subword_fragment,1,0,338,'s,,Ġthe,layer_11,Ġthe,0.999997,19,,1,Ġthe,0.027116,26,,1,"Ġthe:1.0000;,:0.0000;):0.0000;%:0.0000;*:0.0000","Ġthe:0.0271;,:0.0260;Ġand:0.0178;Ġa:0.0146;Ċ:0.0139"
's,subword_fragment,1,0,338,'s,,Ġthe,layer_12,Ġthe,0.999972,19,,1,Ġthe,0.027248,30,,1,"Ġthe:1.0000;,:0.0000;Ġa:0.0000;Ġand:0.0000;.:0.0000","Ġthe:0.0272;Ġa:0.0197;,:0.0118;Ġto:0.0110;Ġand:0.0100"
's,subword_fragment,1,0,338,'s,,Ġthe,final_logits,Ġthe,0.027248,30,,1,,,,,,"Ġthe:0.0272;Ġa:0.0197;,:0.0118;Ġto:0.0110;Ġand:0.0100",
n't,subword_fragment,2,0,77,n,470,.,emb,n,0.146317,1,152,727,n,1.0,1,2266,40369,n:0.1463;ns:0.0017;nia:0.0010;nen:0.0009;nb:0.0009,n:1.0000;ns:0.0000;nen:0.0000;nia:0.0000;nb:0.0000
n't,subword_fragment,2,0,77,n,470,.,layer_1,",",0.897308,70,495,3,Ċ,0.020967,45,49,3,",:0.8973;Ġthe:0.1027;.:0.0000;Ġand:0.0000;-:0.0000","Ċ:0.0210;,:0.0201;.:0.0127;\/:0.0113;ag:0.0112"
n't,subword_fragment,2,0,77,n,470,.,layer_2,",",0.98757,113,754,5,",",0.06067,145,285,4,",:0.9876;Ġthe:0.0124;-:0.0000;Ġand:0.0000;.:0.0000",",:0.0607;Ġthe:0.0414;Ġand:0.0324;.:0.0317;Ċ:0.0313"
n't,subword_fragment,2,0,77,n,470,.,layer_3,Ġthe,0.83439,132,989,5,",",0.028062,250,407,4,"Ġthe:0.8344;,:0.1656;):0.0000;%:0.0000;*:0.0000",",:0.0281;Ġthe:0.0256;Ġand:0.0182;.:0.0152;Ċ:0.0152"
n't,subword_fragment,2,0,77,n,470,.,layer_4,Ġthe,0.904207,134,989,5,",",0.028149,253,408,4,"Ġthe:0.9042;,:0.0958;):0.0000;%:0.0000;*:0.0000",",:0.0281;Ġthe:0.0259;Ġand:0.0183;.:0.0153;Ċ:0.0153"
n't,subword_fragment,2,0,77,n,470,.,layer_5,Ġthe,0.918261,134,993,5,",",0.027899,259,409,4,"Ġthe:0.9183;,:0.0817;):0.0000;%:0.0000;*:0.0000",",:0.0279;Ġthe:0.0257;Ġand:0.0181;.:0.0151;Ċ:0.0151"
n't,subword_fragment,2,0,77,n,470,.,layer_6,Ġthe,0.900705,134,1000,5,",",0.027518,259,408,4,"Ġthe:0.9007;,:0.0993;):0.0000;%:0.0000;*:0.0000",",:0.0275;Ġthe:0.0253;Ġand:0.0179;.:0.0150;Ċ:0.0149"
n't,subword_fragment,2,0,77,n,470,.,layer_7,Ġthe,0.862641,135,1001,5,",",0.027387,258,405,4,"Ġthe:0.8626;,:0.1374;):0.0000;%:0.0000;*:0.0000",",:0.0274;Ġthe:0.0250;Ġand:0.0178;.:0.0149;Ċ:0.0147"
n't,subword_fragment,2,0,77,n,470,.,layer_8,Ġthe,0.805096,135,1003,5,",",0.027411,260,401,4,"Ġthe:0.8051;,:0.1949;):0.0000;%:0.0000;*:0.0000",",:0.0274;Ġthe:0.0249;Ġand:0.0178;.:0.0149;Ċ:0.0147"
n't,subword_fragment,2,0,77,n,470,.,layer_9,Ġthe,0.68873,135,1004,5,",",0.027662,258,397,4,"Ġthe:0.6887;,:0.3113;):0.0000;%:0.0000;*:0.0000",",:0.0277;Ġthe:0.0248;Ġand:0.0179;.:0.0150;Ċ:0.0147"
n't,subword_fragment,2,0,77,n,470,.,layer_10,Ġthe,0.527317,135,1007,5,",",0.028011,256,396,4,"Ġthe:0.5273;,:0.4727;):0.0000;%:0.0000;*:0.0000",",:0.0280;Ġthe:0.0249;Ġand:0.0180;.:0.0153;Ċ:0.0148"
n't,subword_fragment,2,0,77,n,470,.,layer_11,",",0.78403,135,1005,5,",",0.028698,250,395,4,",:0.7840;Ġthe:0.2160;):0.0000;%:0.0000;*:0.0000",",:0.0287;Ġthe:0.0250;Ġand:0.0183;.:0.0157;Ċ:0.0149"
n't,subword_fragment,2,0,77,n,470,.,layer_12,",",0.999999,92,557,3,.,0.062015,43,41,1,",:1.0000;Ġthe:0.0000;.:0.0000;-:0.0000;Ġand:0.0000",".:0.0620;,:0.0395;Ċ:0.0206;-:0.0179;Ġand:0.0136"
n't,subword_fragment,2,0,77,n,470,.,final_logits,.,0.062015,43,41,1,,,,,,".:0.0620;,:0.0395;Ċ:0.0206;-:0.0179;Ġand:0.0136",
n't,subword_fragment,2,1,470,'t,,Ġhave,emb,'t,0.120749,1,,36806,'t,1.0,1,,24318,"'t:0.1207;',"":0.0004;Ġmathemat:0.0004;Ġhorizont:0.0004;\':0.0003",'t:1.0000;Ġmathemat:0.0000;Ġdestro:0.0000;Ġtiss:0.0000;Ġunden:0.0000
n't,subword_fragment,2,1,470,'t,,Ġhave,layer_1,Ġthe,0.850863,1566,,10,Ġeven,0.25005,519,,4,"Ġthe:0.8509;Ġa:0.0455;,:0.0270;Ġ"":0.0258;Ġeven:0.0155",Ġeven:0.2501;Ġreally:0.1816;Ġget:0.0799;Ġhave:0.0174;Ġhurt:0.0146
n't,subword_fragment,2,1,470,'t,,Ġhave,layer_2,Ġeven,0.570087,3132,,6,Ġreally,0.331123,946,,13,Ġeven:0.5701;Ġget:0.1825;Ġreally:0.1260;Ġthe:0.0372;Ġ':0.0170,Ġreally:0.3311;Ġeven:0.3048;Ġget:0.0599;Ġnecessarily:0.0210;Ġalways:0.0207
n't,subword_fragment,2,1,470,'t,,Ġhave,layer_3,Ġget,0.289801,5610,,12,Ġreally,0.374434,2479,,28,Ġget:0.2898;Ġreally:0.2714;Ġeven:0.1885;Ġthe:0.1044;Ġa:0.0200,Ġreally:0.3744;Ġeven:0.0861;Ġfit:0.0794;Ġnecessarily:0.0699;Ġget:0.0556
n't,subword_fragment,2,1,470,'t,,Ġhave,layer_4,Ġget,0.408589,6436,,12,Ġreally,0.381881,2859,,28,Ġget:0.4086;Ġreally:0.3058;Ġthe:0.1363;Ġeven:0.0434;Ġa:0.0379,Ġreally:0.3819;Ġfit:0.2050;Ġnecessarily:0.0712;Ġget:0.0577;Ġalways:0.0350
n't,subword_fragment,2,1,470,'t,,Ġhave,layer_5,Ġthe,0.422514,4661,,14,Ġreally,0.339132,3083,,29,"Ġthe:0.4225;Ġget:0.3250;Ġreally:0.0662;Ġa:0.0507;,:0.0435",Ġreally:0.3391;cha:0.1189;Ġfit:0.0952;Ġget:0.0806;Ġgot:0.0353
n't,subword_fragment,2,1,470,'t,,Ġhave,layer_6,Ġthe,0.75055,3960,,12,cha,0.367437,2674,,26,"Ġthe:0.7505;,:0.0982;Ġa:0.0720;Ġget:0.0477;Ġreally:0.0080",cha:0.3674;Ġreally:0.2906;Ġgot:0.0473;Ġget:0.0453;Ġbother:0.0239
n't,subword_fragment,2,1,470,'t,,Ġhave,layer_7,",",0.782864,2708,,10,cha,0.389888,1684,,23,",:0.7829;Ġthe:0.1617;Ġa:0.0241;.:0.0164;-:0.0141",cha:0.3899;Ġreally:0.3019;Ġget:0.0354;Ġbother:0.0218;Ġgot:0.0218
n't,subword_fragment,2,1,470,'t,,Ġhave,layer_8,",",0.899134,1460,,11,Ġreally,0.207129,677,,16,",:0.8991;Ġthe:0.0980;.:0.0016;-:0.0007;Ġa:0.0006",Ġreally:0.2071;cha:0.1868;Ġget:0.0584;Ġgot:0.0417;Ġlike:0.0265
n't,subword_fragment,2,1,470,'t,,Ġhave,layer_9,",",0.633639,1487,,11,Ġreally,0.364874,819,,8,",:0.6336;Ġthe:0.3655;-:0.0005;.:0.0003;Ġa:0.0001",Ġreally:0.3649;Ġget:0.0582;Ġgonna:0.0412;cha:0.0390;Ġmean:0.0265
n't,subword_fragment,2,1,470,'t,,Ġhave,layer_10,",",0.835597,1193,,9,Ġreally,0.214052,705,,2,",:0.8356;Ġthe:0.1639;-:0.0005;.:0.0000;Ġa:0.0000",Ġreally:0.2141;Ġhave:0.0655;cha:0.0488;Ġget:0.0476;Ġknow:0.0383
n't,subword_fragment,2,1,470,'t,,Ġhave,layer_11,Ġthe,0.795499,1367,,12,Ġhave,0.106025,793,,1,"Ġthe:0.7955;,:0.2045;-:0.0000;.:0.0000;Ġa:0.0000",Ġhave:0.1060;Ġknow:0.0827;Ġreally:0.0603;Ġget:0.0555;Ġbe:0.0309
n't,subword_fragment,2,1,470,'t,,Ġhave,layer_12,Ġthe,0.684462,1141,,24,Ġhave,0.050244,507,,1,"Ġthe:0.6845;,:0.3155;-:0.0000;.:0.0000;Ġa:0.0000",Ġhave:0.0502;Ġknow:0.0422;Ġbe:0.0362;Ġget:0.0257;Ġyou:0.0179
n't,subword_fragment,2,1,470,'t,,Ġhave,final_logits,Ġhave,0.050244,507,,1,,,,,,Ġhave:0.0502;Ġknow:0.0422;Ġbe:0.0362;Ġget:0.0257;Ġyou:0.0179,
ing,subword_fragment,1,0,278,ing,,",",emb,ing,0.135777,1,,203,ing,1.0,1,,27280,ing:0.1358;ed:0.0023;ING:0.0019;ings:0.0010;ingly:0.0010,ing:1.0000;ING:0.0000;ed:0.0000;ingly:0.0000;ings:0.0000
ing,subword_fragment,1,0,278,ing,,",",layer_1,Ġthe,0.751395,169,,2,Ġthe,0.046983,49,,2,"Ġthe:0.7514;,:0.2486;Ġand:0.0000;.:0.0000;Ċ:0.0000","Ġthe:0.0470;,:0.0332;Ġand:0.0315;Ċ:0.0258;Ġto:0.0165"
ing,subword_fragment,1,0,278,ing,,",",layer_2,Ġthe,0.878092,247,,2,Ġthe,0.062793,192,,2,"Ġthe:0.8781;,:0.1219;-:0.0000;Ġand:0.0000;.:0.0000","Ġthe:0.0628;,:0.0579;Ġand:0.0377;Ċ:0.0285;Ġa:0.0255"
ing,subword_fragment,1,0,278,ing,,",",layer_3,Ġthe,0.999593,232,,2,Ġthe,0.028494,260,,2,"Ġthe:0.9996;,:0.0004;):0.0000;%:0.0000;*:0.0000","Ġthe:0.0285;,:0.0279;Ġand:0.0190;Ċ:0.0149;Ġa:0.0145"
ing,subword_fragment,1,0,278,ing,,",",layer_4,Ġthe,0.999762,233,,2,Ġthe,0.028582,263,,2,"Ġthe:0.9998;,:0.0002;):0.0000;%:0.0000;*:0.0000","Ġthe:0.0286;,:0.0280;Ġand:0.0190;Ċ:0.0150;.:0.0146"
ing,subword_fragment,1,0,278,ing,,",",layer_5,Ġthe,0.999795,233,,2,Ġthe,0.02823,264,,2,"Ġthe:0.9998;,:0.0002;):0.0000;%:0.0000;*:0.0000","Ġthe:0.0282;,:0.0278;Ġand:0.0188;Ċ:0.0149;.:0.0145"
ing,subword_fragment,1,0,278,ing,,",",layer_6,Ġthe,0.999747,233,,2,Ġthe,0.0277,264,,2,"Ġthe:0.9997;,:0.0003;):0.0000;%:0.0000;*:0.0000","Ġthe:0.0277;,:0.0274;Ġand:0.0185;Ċ:0.0147;.:0.0144"
ing,subword_fragment,1,0,278,ing,,",",layer_7,Ġthe,0.999635,231,,2,Ġthe,0.027388,264,,2,"Ġthe:0.9996;,:0.0004;):0.0000;%:0.0000;*:0.0000","Ġthe:0.0274;,:0.0273;Ġand:0.0184;Ċ:0.0145;.:0.0143"
ing,subword_fragment,1,0,278,ing,,",",layer_8,Ġthe,0.999522,231,,2,",",0.027369,263,,1,"Ġthe:0.9995;,:0.0005;):0.0000;%:0.0000;*:0.0000",",:0.0274;Ġthe:0.0273;Ġand:0.0184;Ċ:0.0145;.:0.0143"
ing,subword_fragment,1,0,278,ing,,",",layer_9,Ġthe,0.999278,232,,2,",",0.027616,260,,1,"Ġthe:0.9993;,:0.0007;):0.0000;%:0.0000;*:0.0000",",:0.0276;Ġthe:0.0273;Ġand:0.0185;Ċ:0.0145;.:0.0144"
ing,subword_fragment,1,0,278,ing,,",",layer_10,Ġthe,0.998849,230,,2,",",0.027996,256,,1,"Ġthe:0.9988;,:0.0012;):0.0000;%:0.0000;*:0.0000",",:0.0280;Ġthe:0.0274;Ġand:0.0187;.:0.0147;Ċ:0.0146"
ing,subword_fragment,1,0,278,ing,,",",layer_11,Ġthe,0.997069,230,,2,",",0.028647,254,,1,"Ġthe:0.9971;,:0.0029;):0.0000;%:0.0000;*:0.0000",",:0.0286;Ġthe:0.0277;Ġand:0.0190;.:0.0150;Ċ:0.0146"
ing,subword_fragment,1,0,278,ing,,",",layer_12,",",0.811209,118,,1,",",0.042039,85,,1,",:0.8112;Ġthe:0.1888;.:0.0000;-:0.0000;Ġand:0.0000",",:0.0420;Ġthe:0.0374;.:0.0333;Ġand:0.0255;Ġto:0.0246"
ing,subword_fragment,1,0,278,ing,,",",final_logits,",",0.042039,85,,1,,,,,,",:0.0420;Ġthe:0.0374;.:0.0333;Ġand:0.0255;Ġto:0.0246",
pre,subword_fragment,1,0,3866,pre,,-,emb,pre,0.195236,1,,48732,pre,1.0,1,,46563,pre:0.1952;PRE:0.0019;Pre:0.0018;ĠPRE:0.0005;ĠPre:0.0004,pre:1.0000;Pre:0.0000;PRE:0.0000;Ġobser:0.0000;Ġdestro:0.0000
pre,subword_fragment,1,0,3866,pre,,-,layer_1,Ġthe,0.723945,840,,3,-,0.043249,75,,1,"Ġthe:0.7239;,:0.2701;-:0.0059;Ġand:0.0000;.:0.0000","-:0.0432;cision:0.0271;ec:0.0234;Ġthe:0.0135;,:0.0119"
pre,subword_fragment,1,0,3866,pre,,-,layer_2,Ġthe,0.937376,1569,,3,Ġthe,0.049995,1127,,3,"Ġthe:0.9374;,:0.0626;-:0.0000;Ġand:0.0000;.:0.0000","Ġthe:0.0500;,:0.0477;-:0.0306;Ġand:0.0270;Ċ:0.0266"
pre,subword_fragment,1,0,3866,pre,,-,layer_3,Ġthe,0.99968,1630,,3,Ġthe,0.026128,2317,,9,"Ġthe:0.9997;,:0.0003;):0.0000;%:0.0000;*:0.0000","Ġthe:0.0261;,:0.0261;Ġand:0.0172;Ċ:0.0144;.:0.0138"
pre,subword_fragment,1,0,3866,pre,,-,layer_4,Ġthe,0.999785,1638,,3,Ġthe,0.026486,2362,,9,"Ġthe:0.9998;,:0.0002;):0.0000;%:0.0000;*:0.0000","Ġthe:0.0265;,:0.0265;Ġand:0.0173;Ċ:0.0146;.:0.0140"
pre,subword_fragment,1,0,3866,pre,,-,layer_5,Ġthe,0.999769,1648,,3,",",0.026352,2400,,9,"Ġthe:0.9998;,:0.0002;):0.0000;%:0.0000;*:0.0000",",:0.0264;Ġthe:0.0263;Ġand:0.0173;Ċ:0.0145;.:0.0140"
pre,subword_fragment,1,0,3866,pre,,-,layer_6,Ġthe,0.999709,1654,,3,",",0.026033,2423,,9,"Ġthe:0.9997;,:0.0003;):0.0000;%:0.0000;*:0.0000",",:0.0260;Ġthe:0.0258;Ġand:0.0171;Ċ:0.0143;.:0.0139"
pre,subword_fragment,1,0,3866,pre,,-,layer_7,Ġthe,0.999605,1657,,3,",",0.025905,2445,,9,"Ġthe:0.9996;,:0.0004;):0.0000;%:0.0000;*:0.0000",",:0.0259;Ġthe:0.0255;Ġand:0.0170;Ċ:0.0142;.:0.0138"
pre,subword_fragment,1,0,3866,pre,,-,layer_8,Ġthe,0.999373,1656,,3,",",0.025914,2444,,8,"Ġthe:0.9994;,:0.0006;):0.0000;%:0.0000;*:0.0000",",:0.0259;Ġthe:0.0253;Ġand:0.0170;Ċ:0.0141;.:0.0138"
pre,subword_fragment,1,0,3866,pre,,-,layer_9,Ġthe,0.999022,1656,,3,",",0.026106,2447,,8,"Ġthe:0.9990;,:0.0010;):0.0000;%:0.0000;*:0.0000",",:0.0261;Ġthe:0.0253;Ġand:0.0171;Ċ:0.0141;.:0.0139"
pre,subword_fragment,1,0,3866,pre,,-,layer_10,Ġthe,0.997985,1658,,3,",",0.026439,2437,,8,"Ġthe:0.9980;,:0.0020;):0.0000;%:0.0000;*:0.0000",",:0.0264;Ġthe:0.0253;Ġand:0.0172;Ċ:0.0142;.:0.0141"
pre,subword_fragment,1,0,3866,pre,,-,layer_11,Ġthe,0.993257,1656,,3,",",0.027016,2423,,8,"Ġthe:0.9933;,:0.0067;):0.0000;%:0.0000;*:0.0000",",:0.0270;Ġthe:0.0254;Ġand:0.0175;.:0.0145;Ċ:0.0142"
pre,subword_fragment,1,0,3866,pre,,-,layer_12,-,0.995136,677,,1,-,0.069567,226,,1,"-:0.9951;,:0.0049;Ġthe:0.0000;.:0.0000;Ġand:0.0000","-:0.0696;.:0.0248;,:0.0181;Ċ:0.0123;Ġto:0.0074"
pre,subword_fragment,1,0,3866,pre,,-,final_logits,-,0.069567,226,,1,,,,,,"-:0.0696;.:0.0248;,:0.0181;Ċ:0.0123;Ġto:0.0074",
 SolidGoldMagikarp,glitch_token,1,0,43453,ĠSolidGoldMagikarp,,",",emb,ĠSolidGoldMagikarp,0.371615,1,,50257,ĠSolidGoldMagikarp,1.0,1,,50247,ĠSolidGoldMagikarp:0.3716;ĠAdinida:0.0029;ĠRandomRedditorWithNo:0.0016;ĠSmartstocks:0.0015;ertodd:0.0010,ĠSolidGoldMagikarp:1.0000;Ġdestro:0.0000;ĠAdinida:0.0000;Ġmathemat:0.0000;Ġmosqu:0.0000
 SolidGoldMagikarp,glitch_token,1,0,43453,ĠSolidGoldMagikarp,,",",layer_1,",",0.997964,33583,,1,Ċ,0.039038,505,,2,",:0.9980;Ġthe:0.0020;Ġand:0.0000;.:0.0000;Ċ:0.0000","Ċ:0.0390;,:0.0344;Ġand:0.0241;Ġ(:0.0177;Ġcan:0.0138"
 SolidGoldMagikarp,glitch_token,1,0,43453,ĠSolidGoldMagikarp,,",",layer_2,",",0.999506,48481,,1,",",0.068899,17173,,1,",:0.9995;Ġthe:0.0005;-:0.0000;Ġand:0.0000;.:0.0000",",:0.0689;Ġthe:0.0417;Ġand:0.0379;Ċ:0.0357;.:0.0304"
 SolidGoldMagikarp,glitch_token,1,0,43453,ĠSolidGoldMagikarp,,",",layer_3,",",0.731754,49400,,1,",",0.028768,27939,,1,",:0.7318;Ġthe:0.2682;):0.0000;%:0.0000;*:0.0000",",:0.0288;Ġthe:0.0258;Ġand:0.0189;Ċ:0.0156;.:0.0150"
 SolidGoldMagikarp,glitch_token,1,0,43453,ĠSolidGoldMagikarp,,",",layer_4,",",0.627523,49418,,1,",",0.028947,28399,,1,",:0.6275;Ġthe:0.3725;):0.0000;%:0.0000;*:0.0000",",:0.0289;Ġthe:0.0261;Ġand:0.0190;Ċ:0.0157;.:0.0151"
 SolidGoldMagikarp,glitch_token,1,0,43453,ĠSolidGoldMagikarp,,",",layer_5,",",0.582432,49420,,1,",",0.028642,28678,,1,",:0.5824;Ġthe:0.4176;):0.0000;%:0.0000;*:0.0000",",:0.0286;Ġthe:0.0260;Ġand:0.0188;Ċ:0.0156;.:0.0150"
 SolidGoldMagikarp,glitch_token,1,0,43453,ĠSolidGoldMagikarp,,",",layer_6,",",0.650412,49424,,1,",",0.028261,28799,,1,",:0.6504;Ġthe:0.3496;):0.0000;%:0.0000;*:0.0000",",:0.0283;Ġthe:0.0255;Ġand:0.0185;Ċ:0.0153;.:0.0149"
 SolidGoldMagikarp,glitch_token,1,0,43453,ĠSolidGoldMagikarp,,",",layer_7,",",0.740268,49421,,1,",",0.028138,28765,,1,",:0.7403;Ġthe:0.2597;):0.0000;%:0.0000;*:0.0000",",:0.0281;Ġthe:0.0253;Ġand:0.0184;Ċ:0.0152;.:0.0148"
 SolidGoldMagikarp,glitch_token,1,0,43453,ĠSolidGoldMagikarp,,",",layer_8,",",0.758063,49415,,1,",",0.028111,28634,,1,",:0.7581;Ġthe:0.2419;):0.0000;%:0.0000;*:0.0000",",:0.0281;Ġthe:0.0252;Ġand:0.0184;Ċ:0.0151;.:0.0148"
 SolidGoldMagikarp,glitch_token,1,0,43453,ĠSolidGoldMagikarp,,",",layer_9,",",0.851367,49410,,1,",",0.028369,28515,,1,",:0.8514;Ġthe:0.1486;):0.0000;%:0.0000;*:0.0000",",:0.0284;Ġthe:0.0252;Ġand:0.0185;Ċ:0.0151;.:0.0149"
 SolidGoldMagikarp,glitch_token,1,0,43453,ĠSolidGoldMagikarp,,",",layer_10,",",0.905677,49404,,1,",",0.02874,28183,,1,",:0.9057;Ġthe:0.0943;):0.0000;%:0.0000;*:0.0000",",:0.0287;Ġthe:0.0253;Ġand:0.0186;Ċ:0.0152;.:0.0152"
 SolidGoldMagikarp,glitch_token,1,0,43453,ĠSolidGoldMagikarp,,",",layer_11,",",0.978219,49399,,1,",",0.029495,28289,,1,",:0.9782;Ġthe:0.0218;):0.0000;%:0.0000;*:0.0000",",:0.0295;Ġthe:0.0254;Ġand:0.0190;.:0.0156;Ċ:0.0153"
 SolidGoldMagikarp,glitch_token,1,0,43453,ĠSolidGoldMagikarp,,",",layer_12,",",0.999973,41232,,1,",",0.075806,5865,,1,",:1.0000;.:0.0000;Ġthe:0.0000;Ġand:0.0000;-:0.0000",",:0.0758;.:0.0606;Ċ:0.0343;Ġand:0.0279;Ġin:0.0207"
 SolidGoldMagikarp,glitch_token,1,0,43453,ĠSolidGoldMagikarp,,",",final_logits,",",0.075806,5865,,1,,,,,,",:0.0758;.:0.0606;Ċ:0.0343;Ġand:0.0279;Ġin:0.0207",
 petertodd,glitch_token,1,0,37444,Ġpetertodd,,",",emb,Ġpetertodd,0.442437,1,,50257,Ġpetertodd,1.0,1,,50228,Ġpetertodd:0.4424;maxwell:0.0131;ertodd:0.0103;Ġgmaxwell:0.0079;ĠCanaver:0.0016,Ġpetertodd:1.0000;maxwell:0.0000;Ġgmaxwell:0.0000;ertodd:0.0000;Ġdestro:0.0000
 petertodd,glitch_token,1,0,37444,Ġpetertodd,,",",layer_1,",",0.999875,28412,,1,",",0.071256,904,,1,",:0.9999;Ġthe:0.0001;Ġand:0.0000;.:0.0000;Ċ:0.0000",",:0.0713;Ġand:0.0581;Ċ:0.0378;Ġwhich:0.0180;Ġto:0.0172"
 petertodd,glitch_token,1,0,37444,Ġpetertodd,,",",layer_2,",",0.999954,47634,,1,",",0.077752,27054,,1,",:1.0000;Ġthe:0.0000;-:0.0000;Ġand:0.0000;.:0.0000",",:0.0778;Ġand:0.0452;Ġthe:0.0402;Ċ:0.0375;.:0.0324"
 petertodd,glitch_token,1,0,37444,Ġpetertodd,,",",layer_3,",",0.978133,49141,,1,",",0.02956,40952,,1,",:0.9781;Ġthe:0.0219;):0.0000;%:0.0000;*:0.0000",",:0.0296;Ġthe:0.0254;Ġand:0.0196;Ċ:0.0158;.:0.0152"
 petertodd,glitch_token,1,0,37444,Ġpetertodd,,",",layer_4,",",0.961583,49151,,1,",",0.029706,41243,,1,",:0.9616;Ġthe:0.0384;):0.0000;%:0.0000;*:0.0000",",:0.0297;Ġthe:0.0258;Ġand:0.0196;Ċ:0.0159;.:0.0154"
 petertodd,glitch_token,1,0,37444,Ġpetertodd,,",",layer_5,",",0.953988,49162,,1,",",0.029367,41493,,1,",:0.9540;Ġthe:0.0460;):0.0000;%:0.0000;*:0.0000",",:0.0294;Ġthe:0.0256;Ġand:0.0194;Ċ:0.0158;.:0.0152"
 petertodd,glitch_token,1,0,37444,Ġpetertodd,,",",layer_6,",",0.968088,49178,,1,",",0.028955,41577,,1,",:0.9681;Ġthe:0.0319;):0.0000;%:0.0000;*:0.0000",",:0.0290;Ġthe:0.0252;Ġand:0.0191;Ċ:0.0155;.:0.0151"
 petertodd,glitch_token,1,0,37444,Ġpetertodd,,",",layer_7,",",0.976769,49182,,1,",",0.028791,41551,,1,",:0.9768;Ġthe:0.0232;):0.0000;%:0.0000;*:0.0000",",:0.0288;Ġthe:0.0250;Ġand:0.0190;Ċ:0.0154;.:0.0150"
 petertodd,glitch_token,1,0,37444,Ġpetertodd,,",",layer_8,",",0.98241,49179,,1,",",0.028792,41488,,1,",:0.9824;Ġthe:0.0176;):0.0000;%:0.0000;*:0.0000",",:0.0288;Ġthe:0.0248;Ġand:0.0190;Ċ:0.0153;.:0.0150"
 petertodd,glitch_token,1,0,37444,Ġpetertodd,,",",layer_9,",",0.990781,49168,,1,",",0.029056,41310,,1,",:0.9908;Ġthe:0.0092;):0.0000;%:0.0000;*:0.0000",",:0.0291;Ġthe:0.0248;Ġand:0.0191;Ċ:0.0153;.:0.0151"
 petertodd,glitch_token,1,0,37444,Ġpetertodd,,",",layer_10,",",0.995774,49157,,1,",",0.029482,40892,,1,",:0.9958;Ġthe:0.0042;):0.0000;%:0.0000;*:0.0000",",:0.0295;Ġthe:0.0249;Ġand:0.0192;Ċ:0.0154;.:0.0154"
 petertodd,glitch_token,1,0,37444,Ġpetertodd,,",",layer_11,",",0.999379,49136,,1,",",0.030312,40365,,1,",:0.9994;Ġthe:0.0006;):0.0000;%:0.0000;*:0.0000",",:0.0303;Ġthe:0.0250;Ġand:0.0196;.:0.0159;Ċ:0.0155"
 petertodd,glitch_token,1,0,37444,Ġpetertodd,,",",layer_12,",",0.999982,39730,,1,",",0.086505,5548,,1,",:1.0000;.:0.0000;-:0.0000;Ġand:0.0000;Ġthe:0.0000",",:0.0865;.:0.0801;Ċ:0.0375;Ġand:0.0358;Ġto:0.0218"
 petertodd,glitch_token,1,0,37444,Ġpetertodd,,",",final_logits,",",0.086505,5548,,1,,,,,,",:0.0865;.:0.0801;Ċ:0.0375;Ġand:0.0358;Ġto:0.0218",
 ,control_byte,1,0,188,Ā,,",",emb,conservancy,0.00105,23,,50257,Ġdestro,0.870043,105,,50256,conservancy:0.0010;ModLoader:0.0010;BuyableInstoreAndOnline:0.0009;DragonMagazine:0.0009;ĸļ:0.0008,Ġdestro:0.8700;Ġmathemat:0.0877;Ġchalleng:0.0243;Ġtremend:0.0092;Ġconclud:0.0058
 ,control_byte,1,0,188,Ā,,",",layer_1,",",0.98702,49837,,1,Ċ,0.057819,49983,,2,",:0.9870;Ġthe:0.0129;Ġand:0.0001;Ċ:0.0000;.:0.0000","Ċ:0.0578;,:0.0508;Ġand:0.0478;Ġ(:0.0212;.:0.0178"
 ,control_byte,1,0,188,Ā,,",",layer_2,",",0.85973,49224,,1,",",0.060857,50246,,1,",:0.8597;Ġthe:0.1403;-:0.0000;Ġand:0.0000;.:0.0000",",:0.0609;Ġthe:0.0484;Ġand:0.0391;Ċ:0.0354;.:0.0267"
 ,control_byte,1,0,188,Ā,,",",layer_3,Ġthe,0.984428,50224,,2,",",0.027655,50248,,1,"Ġthe:0.9844;,:0.0156;):0.0000;%:0.0000;*:0.0000",",:0.0277;Ġthe:0.0262;Ġand:0.0188;Ċ:0.0154;.:0.0144"
 ,control_byte,1,0,188,Ā,,",",layer_4,Ġthe,0.990148,50223,,2,",",0.027955,50248,,1,"Ġthe:0.9901;,:0.0099;):0.0000;%:0.0000;*:0.0000",",:0.0280;Ġthe:0.0266;Ġand:0.0189;Ċ:0.0156;.:0.0146"
 ,control_byte,1,0,188,Ā,,",",layer_5,Ġthe,0.991138,50223,,2,",",0.027725,50249,,1,"Ġthe:0.9911;,:0.0089;):0.0000;%:0.0000;*:0.0000",",:0.0277;Ġthe:0.0264;Ġand:0.0187;Ċ:0.0155;.:0.0145"
 ,control_byte,1,0,188,Ā,,",",layer_6,Ġthe,0.988611,50224,,2,",",0.027368,50250,,1,"Ġthe:0.9886;,:0.0114;):0.0000;%:0.0000;*:0.0000",",:0.0274;Ġthe:0.0259;Ġand:0.0185;Ċ:0.0152;.:0.0144"
 ,control_byte,1,0,188,Ā,,",",layer_7,Ġthe,0.984564,50224,,2,",",0.027229,50250,,1,"Ġthe:0.9846;,:0.0154;):0.0000;%:0.0000;*:0.0000",",:0.0272;Ġthe:0.0257;Ġand:0.0184;Ċ:0.0151;.:0.0143"
 ,control_byte,1,0,188,Ā,,",",layer_8,Ġthe,0.981054,50224,,2,",",0.027214,50250,,1,"Ġthe:0.9811;,:0.0189;):0.0000;%:0.0000;*:0.0000",",:0.0272;Ġthe:0.0255;Ġand:0.0183;Ċ:0.0150;.:0.0143"
 ,control_byte,1,0,188,Ā,,",",layer_9,Ġthe,0.969455,50224,,2,",",0.027443,50250,,1,"Ġthe:0.9695;,:0.0305;):0.0000;%:0.0000;*:0.0000",",:0.0274;Ġthe:0.0255;Ġand:0.0184;Ċ:0.0150;.:0.0144"
 ,control_byte,1,0,188,Ā,,",",layer_10,Ġthe,0.950698,50224,,2,",",0.027809,50250,,1,"Ġthe:0.9507;,:0.0493;):0.0000;%:0.0000;*:0.0000",",:0.0278;Ġthe:0.0256;Ġand:0.0186;Ċ:0.0151;.:0.0147"
 ,control_byte,1,0,188,Ā,,",",layer_11,Ġthe,0.832679,50224,,2,",",0.028517,50249,,1,"Ġthe:0.8327;,:0.1673;):0.0000;%:0.0000;*:0.0000",",:0.0285;Ġthe:0.0258;Ġand:0.0190;Ċ:0.0152;.:0.0150"
 ,control_byte,1,0,188,Ā,,",",layer_12,",",0.999375,50221,,1,",",0.0501,50245,,1,",:0.9994;.:0.0005;Ġthe:0.0001;-:0.0000;Ġand:0.0000",",:0.0501;.:0.0461;Ċ:0.0342;Ġand:0.0270;Ġto:0.0183"
 ,control_byte,1,0,188,Ā,,",",final_logits,",",0.0501,50245,,1,,,,,,",:0.0501;.:0.0461;Ċ:0.0342;Ġand:0.0270;Ġto:0.0183",
<|reserved_special_token_0|>,reserved_special,12,0,27,<,91,Ċ,emb,<,0.158668,1,367,42828,<,1.0,1,585,39389,<:0.1587;<?:0.0040;.<:0.0037;Ġ<:0.0026;</:0.0016,<:1.0000;<?:0.0000;.<:0.0000;Ġ<:0.0000;</:0.0000
<|reserved_special_token_0|>,reserved_special,12,0,27,<,91,Ċ,layer_1,Ġthe,0.71355,156,722,3,\/,0.120814,2,289,4,"Ġthe:0.7136;,:0.2853;Ċ:0.0007;Ġand:0.0004;Ġa:0.0000",\/:0.1208;<:0.0740;g:0.0351;Ċ:0.0323;Ġ<:0.0205
<|reserved_special_token_0|>,reserved_special,12,0,27,<,91,Ċ,layer_2,Ġthe,0.999396,594,889,7,Ġthe,0.042304,296,554,2,"Ġthe:0.9994;,:0.0006;-:0.0000;Ġand:0.0000;Ġa:0.0000","Ġthe:0.0423;Ċ:0.0414;,:0.0376;Ġand:0.0271;Ġa:0.0230"
<|reserved_special_token_0|>,reserved_special,12,0,27,<,91,Ċ,layer_3,Ġthe,0.999997,1024,1191,8,Ġthe,0.025554,847,895,4,"Ġthe:1.0000;,:0.0000;):0.0000;%:0.0000;*:0.0000","Ġthe:0.0256;,:0.0249;Ġand:0.0174;Ċ:0.0162;Ġa:0.0139"
<|reserved_special_token_0|>,reserved_special,12,0,27,<,91,Ċ,layer_4,Ġthe,0.999998,1028,1191,8,Ġthe,0.025864,868,910,4,"Ġthe:1.0000;,:0.0000;):0.0000;%:0.0000;*:0.0000","Ġthe:0.0259;,:0.0253;Ġand:0.0175;Ċ:0.0163;.:0.0141"
<|reserved_special_token_0|>,reserved_special,12,0,27,<,91,Ċ,layer_5,Ġthe,0.999998,1033,1196,8,Ġthe,0.025663,889,915,4,"Ġthe:1.0000;,:0.0000;):0.0000;%:0.0000;*:0.0000","Ġthe:0.0257;,:0.0252;Ġand:0.0175;Ċ:0.0161;.:0.0140"
<|reserved_special_token_0|>,reserved_special,12,0,27,<,91,Ċ,layer_6,Ġthe,0.999997,1042,1199,8,Ġthe,0.025223,893,918,4,"Ġthe:1.0000;,:0.0000;):0.0000;%:0.0000;*:0.0000","Ġthe:0.0252;,:0.0250;Ġand:0.0173;Ċ:0.0158;.:0.0139"
<|reserved_special_token_0|>,reserved_special,12,0,27,<,91,Ċ,layer_7,Ġthe,0.999997,1048,1203,8,Ġthe,0.02497,896,916,4,"Ġthe:1.0000;,:0.0000;):0.0000;%:0.0000;*:0.0000","Ġthe:0.0250;,:0.0249;Ġand:0.0172;Ċ:0.0157;.:0.0139"
<|reserved_special_token_0|>,reserved_special,12,0,27,<,91,Ċ,layer_8,Ġthe,0.999996,1053,1204,8,",",0.024871,897,909,4,"Ġthe:1.0000;,:0.0000;):0.0000;%:0.0000;*:0.0000",",:0.0249;Ġthe:0.0248;Ġand:0.0171;Ċ:0.0156;.:0.0139"
<|reserved_special_token_0|>,reserved_special,12,0,27,<,91,Ċ,layer_9,Ġthe,0.999994,1062,1205,8,",",0.025066,896,900,4,"Ġthe:1.0000;,:0.0000;):0.0000;%:0.0000;*:0.0000",",:0.0251;Ġthe:0.0248;Ġand:0.0172;Ċ:0.0157;.:0.0139"
<|reserved_special_token_0|>,reserved_special,12,0,27,<,91,Ċ,layer_10,Ġthe,0.999992,1061,1201,8,",",0.025286,877,881,4,"Ġthe:1.0000;,:0.0000;):0.0000;%:0.0000;*:0.0000",",:0.0253;Ġthe:0.0248;Ġand:0.0173;Ċ:0.0157;.:0.0141"
<|reserved_special_token_0|>,reserved_special,12,0,27,<,91,Ċ,layer_11,Ġthe,0.99999,1067,1199,8,",",0.02569,874,871,4,"Ġthe:1.0000;,:0.0000;):0.0000;%:0.0000;*:0.0000",",:0.0257;Ġthe:0.0250;Ġand:0.0176;Ċ:0.0159;.:0.0144"
<|reserved_special_token_0|>,reserved_special,12,0,27,<,91,Ċ,layer_12,Ġthe,0.996238,453,756,6,Ċ,0.029959,40,146,1,"Ġthe:0.9962;,:0.0038;-:0.0000;.:0.0000;Ġa:0.0000",Ċ:0.0300;.:0.0135;1:0.0118;-:0.0102;0:0.0093
<|reserved_special_token_0|>,reserved_special,12,0,27,<,91,Ċ,final_logits,Ċ,0.029959,40,146,1,,,,,,Ċ:0.0300;.:0.0135;1:0.0118;-:0.0102;0:0.0093,
<|reserved_special_token_0|>,reserved_special,12,1,91,|,411,Ġ|,emb,|,0.108985,1,36032,5,|,1.0,1,27899,9,|:0.1090;)|:0.0038;-|:0.0029;||:0.0020;Ġ|:0.0007,|:1.0000;)|:0.0000;-|:0.0000;||:0.0000;Ġmathemat:0.0000
<|reserved_special_token_0|>,reserved_special,12,1,91,|,411,Ġ|,layer_1,Ġthe,0.490161,253,498,39,Ġ|,0.192523,20,1046,1,"Ġthe:0.4902;Ġa:0.1939;Ġ"":0.0592;Ġand:0.0548;Ġ(:0.0328",Ġ|:0.1925;c:0.0458;Ġl:0.0294;Ġd:0.0264;f:0.0192
<|reserved_special_token_0|>,reserved_special,12,1,91,|,411,Ġ|,layer_2,c,0.229295,325,255,26,c,0.195221,63,347,3,c:0.2293;Ġa:0.2007;ĠD:0.1685;d:0.0915;Ġthe:0.0897,c:0.1952;d:0.1001;Ġ|:0.0831;f:0.0330;Ġl:0.0191
<|reserved_special_token_0|>,reserved_special,12,1,91,|,411,Ġ|,layer_3,Ġa,0.426983,350,471,8,Ġ|,0.168039,85,638,1,"Ġa:0.4270;Ġthe:0.2723;ĠD:0.0727;c:0.0580;Ġ"":0.0382",Ġ|:0.1680;__:0.0784;c:0.0655;static:0.0510;>:0.0316
<|reserved_special_token_0|>,reserved_special,12,1,91,|,411,Ġ|,layer_4,"Ġ""",0.359211,421,533,10,cffffcc,0.334522,124,705,2,"Ġ"":0.3592;c:0.2416;Ġhost:0.1565;Ġa:0.0530;ĠD:0.0342",cffffcc:0.3345;Ġ|:0.0616;c:0.0585;Ġhost:0.0294;pre:0.0212
<|reserved_special_token_0|>,reserved_special,12,1,91,|,411,Ġ|,layer_5,Ġa,0.301481,376,306,10,cffffcc,0.848846,102,317,2,"Ġa:0.3015;Ġhost:0.1932;Ġthe:0.1471;Ġ"":0.1371;ĠD:0.0642",cffffcc:0.8488;Ġ|:0.0178;Ġhost:0.0139;cos:0.0101;c:0.0065
<|reserved_special_token_0|>,reserved_special,12,1,91,|,411,Ġ|,layer_6,Ġa,0.603607,446,291,7,cffffcc,0.347914,97,270,2,"Ġa:0.6036;Ġthe:0.2147;,:0.0627;Ġ-:0.0277;ĠD:0.0192",cffffcc:0.3479;Ġ|:0.1767;>:0.0771;]:0.0575;cos:0.0213
<|reserved_special_token_0|>,reserved_special,12,1,91,|,411,Ġ|,layer_7,Ġa,0.479511,405,383,12,cffffcc,0.294072,78,346,3,"Ġa:0.4795;Ġthe:0.3507;Ċ:0.0705;Ġ"":0.0420;Ġ-:0.0133",cffffcc:0.2941;>:0.1666;Ġ|:0.1598;]:0.1211;Ġ^:0.0344
<|reserved_special_token_0|>,reserved_special,12,1,91,|,411,Ġ|,layer_8,Ġthe,0.526016,541,600,21,>,0.283809,93,922,2,"Ġthe:0.5260;Ġa:0.2252;Ċ:0.1174;Ġ"":0.0672;,:0.0444",>:0.2838;Ġ|:0.2539;]:0.0624;Ġ^:0.0441;cffffcc:0.0392
<|reserved_special_token_0|>,reserved_special,12,1,91,|,411,Ġ|,layer_9,-,0.318483,376,501,25,>,0.461336,23,710,2,"-:0.3185;Ġthe:0.2902;Ċ:0.2251;,:0.1000;Ġ"":0.0368",>:0.4613;Ġ|:0.1928;><:0.0666;<:0.0651;]:0.0599
<|reserved_special_token_0|>,reserved_special,12,1,91,|,411,Ġ|,layer_10,-,0.894408,380,695,53,>,0.404486,14,845,3,"-:0.8944;,:0.1044;Ġthe:0.0011;Ġa:0.0001;Ġ"":0.0000",>:0.4045;<:0.1112;Ġ|:0.1059;><:0.0935;cffffcc:0.0799
<|reserved_special_token_0|>,reserved_special,12,1,91,|,411,Ġ|,layer_11,",",0.982597,564,962,123,Ġ|,0.170071,13,1015,1,",:0.9826;-:0.0166;Ġthe:0.0008;Ġa:0.0000;Ġand:0.0000",Ġ|:0.1701;>:0.1548;<:0.0669;]:0.0357;-:0.0200
<|reserved_special_token_0|>,reserved_special,12,1,91,|,411,Ġ|,layer_12,",",0.999197,773,970,229,Ġ|,0.12005,7,799,1,",:0.9992;Ġthe:0.0008;-:0.0000;Ġa:0.0000;Ġand:0.0000",Ġ|:0.1200;>:0.0694;<:0.0313;Ċ:0.0281;]:0.0214
<|reserved_special_token_0|>,reserved_special,12,1,91,|,411,Ġ|,final_logits,Ġ|,0.120049,7,799,1,,,,,,Ġ|:0.1200;>:0.0694;<:0.0313;Ċ:0.0281;]:0.0214,
<|reserved_special_token_0|>,reserved_special,12,2,411,res,8520,|,emb,res,0.676431,1,23425,30685,res,1.0,1,19774,38267,res:0.6764;Res:0.0007;RES:0.0007;re:0.0004;resh:0.0004,res:1.0000;RES:0.0000;re:0.0000;Res:0.0000;resh:0.0000
<|reserved_special_token_0|>,reserved_special,12,2,411,res,8520,|,layer_1,res,0.757816,1,1138,3247,res,0.514003,1,85,7883,"res:0.7578;,:0.1153;.:0.0790;-:0.0156;Ġres:0.0101",res:0.5140;ign:0.0845;iter:0.0803;ense:0.0630;istance:0.0571
<|reserved_special_token_0|>,reserved_special,12,2,411,res,8520,|,layer_2,Ġres,0.406352,3,105,2667,ign,0.475493,8,30,3963,Ġres:0.4064;ign:0.4050;res:0.1443;::0.0123;c:0.0080,ign:0.4755;istance:0.1345;iter:0.0741;idency:0.0414;pos:0.0408
<|reserved_special_token_0|>,reserved_special,12,2,411,res,8520,|,layer_3,.,0.263027,15,263,1361,ign,0.548446,12,37,2033,.:0.2630;::0.2358;ign:0.1499;Ġres:0.1488;-:0.0835,ign:0.5484;istance:0.1294;pos:0.1257;idency:0.0318;ort:0.0307
<|reserved_special_token_0|>,reserved_special,12,2,411,res,8520,|,layer_4,.,0.42383,67,356,515,ign,0.292076,87,32,803,".:0.4238;-:0.2760;,:0.2699;::0.0144;/:0.0076",ign:0.2921;istance:0.2699;ort:0.1525;pos:0.0664;olve:0.0237
<|reserved_special_token_0|>,reserved_special,12,2,411,res,8520,|,layer_5,-,0.440521,175,312,229,ign,0.41361,225,14,319,"-:0.4405;.:0.3480;,:0.2044;::0.0031;/:0.0019",ign:0.4136;istance:0.2349;pos:0.0957;ort:0.0553;olve:0.0117
<|reserved_special_token_0|>,reserved_special,12,2,411,res,8520,|,layer_6,-,0.653785,180,402,156,ign,0.342291,215,17,220,"-:0.6538;.:0.2999;,:0.0410;_:0.0037;::0.0011",ign:0.3423;pos:0.1710;istance:0.1602;ort:0.0518;olve:0.0189
<|reserved_special_token_0|>,reserved_special,12,2,411,res,8520,|,layer_7,-,0.407636,366,370,138,ign,0.379508,427,8,163,"-:0.4076;.:0.4004;,:0.1909;::0.0009;_:0.0001",ign:0.3795;istance:0.2675;pos:0.0620;olve:0.0224;olver:0.0179
<|reserved_special_token_0|>,reserved_special,12,2,411,res,8520,|,layer_8,-,0.626098,528,304,102,istance,0.412381,688,2,56,"-:0.6261;.:0.2162;,:0.1573;::0.0004;_:0.0000",istance:0.4124;erved:0.1240;ign:0.0953;ort:0.0354;olver:0.0303
<|reserved_special_token_0|>,reserved_special,12,2,411,res,8520,|,layer_9,-,0.711465,503,1215,23,|,0.36301,508,9,1,"-:0.7115;,:0.2753;.:0.0132;::0.0000;Ġa:0.0000",|:0.3630;istance:0.2107;Ġ|:0.0578;pt:0.0519;_:0.0423
<|reserved_special_token_0|>,reserved_special,12,2,411,res,8520,|,layer_10,-,0.684465,717,2568,53,|,0.324764,814,15,1,"-:0.6845;,:0.3146;.:0.0009;::0.0000;Ġthe:0.0000",|:0.3248;istance:0.1455;_:0.0955;Ġ|:0.0665;olver:0.0588
<|reserved_special_token_0|>,reserved_special,12,2,411,res,8520,|,layer_11,",",0.999989,881,5261,167,|,0.201512,964,8,1,",:1.0000;-:0.0000;.:0.0000;Ġthe:0.0000;Ġa:0.0000",|:0.2015;istance:0.0567;Ġ|:0.0560;olver:0.0443;_:0.0365
<|reserved_special_token_0|>,reserved_special,12,2,411,res,8520,|,layer_12,",",1.0,1099,14291,458,|,0.204511,1692,10,1,",:1.0000;Ġthe:0.0000;-:0.0000;.:0.0000;Ġa:0.0000",|:0.2045;::0.0350;Ġ|:0.0318;istance:0.0286;.:0.0280
<|reserved_special_token_0|>,reserved_special,12,2,411,res,8520,|,final_logits,|,0.20451,1692,10,1,,,,,,|:0.2045;::0.0350;Ġ|:0.0318;istance:0.0286;.:0.0281,
<|reserved_special_token_0|>,reserved_special,12,3,8520,erved,62,|,emb,erved,0.949662,1,49438,43918,erved,1.0,1,43031,34689,erved:0.9497;erves:0.0019;erving:0.0013;erve:0.0010;ervation:0.0002,erved:1.0000;erves:0.0000;erving:0.0000;erve:0.0000;ervation:0.0000
<|reserved_special_token_0|>,reserved_special,12,3,8520,erved,62,|,layer_1,",",0.652837,14,21,5918,erved,0.984089,1,164,21521,",:0.6528;-:0.1423;Ġto:0.0665;Ġthe:0.0615;.:0.0491",erved:0.9841;erve:0.0037;erves:0.0027;ĠData:0.0010;erving:0.0003
<|reserved_special_token_0|>,reserved_special,12,3,8520,erved,62,|,layer_2,",",0.387574,15,3,4670,erved,0.572965,1,7,11905,",:0.3876;Ġto:0.2050;_:0.1528;ly:0.0458;-:0.0413",erved:0.5730;ĠData:0.1644;ĠService:0.0130;ly:0.0092;Ġdata:0.0091
<|reserved_special_token_0|>,reserved_special,12,3,8520,erved,62,|,layer_3,",",0.520281,31,2,2147,erved,0.167618,1,8,8357,",:0.5203;_:0.2337;Ġto:0.1481;.:0.0280;ly:0.0133",erved:0.1676;Ġreserve:0.1381;ĠData:0.0830;Ġreserved:0.0666;Ġreserves:0.0332
<|reserved_special_token_0|>,reserved_special,12,3,8520,erved,62,|,layer_4,_,0.475532,226,1,646,_,0.270516,10,1,2126,"_:0.4755;,:0.4752;.:0.0186;Ġto:0.0137;-:0.0115",_:0.2705;Ġreserve:0.0999;ĠProperty:0.0509;Ġreserved:0.0461;Ġproperty:0.0426
<|reserved_special_token_0|>,reserved_special,12,3,8520,erved,62,|,layer_5,",",0.972362,720,3,160,_,0.482753,48,1,111,",:0.9724;.:0.0120;_:0.0099;-:0.0042;::0.0008",_:0.4828;Ġdata:0.0292;Ġstatus:0.0291;Ġreserve:0.0268;Ġproperty:0.0241
<|reserved_special_token_0|>,reserved_special,12,3,8520,erved,62,|,layer_6,",",0.990085,1916,2,110,_,0.864044,178,1,31,",:0.9901;_:0.0051;-:0.0025;.:0.0022;::0.0001","_:0.8640;Ġstatus:0.0093;):0.0091;ly:0.0080;,:0.0067"
<|reserved_special_token_0|>,reserved_special,12,3,8520,erved,62,|,layer_7,",",0.967556,4328,3,93,_,0.95833,487,1,11,",:0.9676;-:0.0247;_:0.0051;.:0.0027;Ġto:0.0000",_:0.9583;):0.0036;ly:0.0033;Ġstatus:0.0031;}:0.0020
<|reserved_special_token_0|>,reserved_special,12,3,8520,erved,62,|,layer_8,",",0.996676,6057,4,91,_,0.968856,466,1,2,",:0.9967;-:0.0021;.:0.0012;_:0.0000;::0.0000",_:0.9689;|:0.0035;):0.0031;::0.0021;>:0.0021
<|reserved_special_token_0|>,reserved_special,12,3,8520,erved,62,|,layer_9,",",0.997952,8379,4,18,|,0.816071,1209,2,1,",:0.9980;-:0.0017;.:0.0003;_:0.0000;::0.0000",|:0.8161;_:0.1158;]:0.0447;}:0.0087;Ġ|:0.0072
<|reserved_special_token_0|>,reserved_special,12,3,8520,erved,62,|,layer_10,",",0.999158,12273,8,25,|,0.907643,2158,2,1,",:0.9992;-:0.0007;.:0.0001;Ġthe:0.0000;Ġin:0.0000",|:0.9076;_:0.0695;]:0.0094;}:0.0034;Ġ|:0.0021
<|reserved_special_token_0|>,reserved_special,12,3,8520,erved,62,|,layer_11,",",0.999956,23943,17,76,|,0.786318,6281,2,1,",:1.0000;-:0.0000;.:0.0000;Ġthe:0.0000;Ġin:0.0000",|:0.7863;_:0.1033;]:0.0282;}:0.0103;Ġby:0.0090
<|reserved_special_token_0|>,reserved_special,12,3,8520,erved,62,|,layer_12,",",1.0,36746,41,385,|,0.581905,14526,2,1,",:1.0000;-:0.0000;Ġthe:0.0000;.:0.0000;Ġand:0.0000",|:0.5819;_:0.0669;-:0.0457;]:0.0337;}:0.0167
<|reserved_special_token_0|>,reserved_special,12,3,8520,erved,62,|,final_logits,|,0.581904,14526,2,1,,,,,,|:0.5819;_:0.0669;-:0.0457;]:0.0337;}:0.0167,
<|reserved_special_token_0|>,reserved_special,12,4,62,_,20887,by,emb,_,0.031338,1,9594,4673,_,1.0,1,18435,30411,_:0.0313;_(:0.0008;_-_:0.0005;__:0.0005;_.:0.0005,_:1.0000;_(:0.0000;Ġmathemat:0.0000;_-:0.0000;_-_:0.0000
<|reserved_special_token_0|>,reserved_special,12,4,62,_,20887,by,layer_1,Ġthe,0.58839,50,1603,245,to,0.147422,258,221,168,"Ġthe:0.5884;Ġa:0.0741;-:0.0698;c:0.0660;Ġ"":0.0446",to:0.1474;tr:0.0467;c:0.0350;image:0.0341;state:0.0282
<|reserved_special_token_0|>,reserved_special,12,4,62,_,20887,by,layer_2,to,0.608154,70,2775,255,to,0.147886,498,900,323,to:0.6082;c:0.1543;p:0.0542;m:0.0303;d:0.0270,to:0.1479;state:0.0573;429:0.0348;dict:0.0319;name:0.0305
<|reserved_special_token_0|>,reserved_special,12,4,62,_,20887,by,layer_3,to,0.546259,82,1613,196,state,0.120328,536,501,240,to:0.5463;c:0.2422;p:0.0479;tr:0.0358;C:0.0222,state:0.1203;429:0.1149;dict:0.0937;tr:0.0777;to:0.0715
<|reserved_special_token_0|>,reserved_special,12,4,62,_,20887,by,layer_4,p,0.443584,67,2800,145,dict,0.425523,509,912,166,p:0.4436;to:0.2140;c:0.1676;/:0.0551;C:0.0469,dict:0.4255;429:0.1310;state:0.0592;to:0.0297;pre:0.0195
<|reserved_special_token_0|>,reserved_special,12,4,62,_,20887,by,layer_5,p,0.586999,37,2583,89,dict,0.450912,316,781,61,p:0.5870;to:0.2762;/:0.0350;c:0.0312;d:0.0094,dict:0.4509;to:0.0528;state:0.0461;429:0.0456;pre:0.0282
<|reserved_special_token_0|>,reserved_special,12,4,62,_,20887,by,layer_6,/,0.503643,26,4433,38,dict,0.273916,174,1335,8,"/:0.5036;-:0.2065;,:0.1776;p:0.0474;.:0.0156",dict:0.2739;state:0.1275;to:0.0426;pre:0.0223;data:0.0208
<|reserved_special_token_0|>,reserved_special,12,4,62,_,20887,by,layer_7,",",0.537958,24,4897,40,dict,0.297525,165,1340,4,",:0.5380;-:0.1998;/:0.1816;Ġthe:0.0389;.:0.0249",dict:0.2975;state:0.1989;data:0.0299;by:0.0271;type:0.0234
<|reserved_special_token_0|>,reserved_special,12,4,62,_,20887,by,layer_8,",",0.692219,52,5799,47,state,0.224121,394,1660,5,",:0.6922;Ġthe:0.2671;Ġin:0.0183;-:0.0104;.:0.0071",state:0.2241;dict:0.1005;base:0.0376;memory:0.0324;by:0.0316
<|reserved_special_token_0|>,reserved_special,12,4,62,_,20887,by,layer_9,",",0.664043,57,5378,45,state,0.13434,456,1461,4,",:0.6640;Ġthe:0.2973;.:0.0211;-:0.0095;Ġin:0.0069",state:0.1343;dict:0.1040;data:0.0735;by:0.0458;type:0.0367
<|reserved_special_token_0|>,reserved_special,12,4,62,_,20887,by,layer_10,Ġthe,0.603167,54,5033,82,data,0.138756,431,1229,3,"Ġthe:0.6032;,:0.3951;.:0.0010;-:0.0005;Ġin:0.0001",data:0.1388;text:0.0562;by:0.0514;type:0.0393;state:0.0305
<|reserved_special_token_0|>,reserved_special,12,4,62,_,20887,by,layer_11,",",0.779004,59,5907,170,data,0.067928,336,1404,2,",:0.7790;Ġthe:0.2210;.:0.0000;-:0.0000;Ġa:0.0000",data:0.0679;by:0.0572;type:0.0262;name:0.0258;title:0.0254
<|reserved_special_token_0|>,reserved_special,12,4,62,_,20887,by,layer_12,",",0.983975,82,6227,402,by,0.034722,576,882,1,",:0.9840;Ġthe:0.0160;-:0.0000;.:0.0000;Ġa:0.0000",by:0.0347;key:0.0172;data:0.0149;type:0.0140;text:0.0133
<|reserved_special_token_0|>,reserved_special,12,4,62,_,20887,by,final_logits,by,0.034722,576,882,1,,,,,,by:0.0347;key:0.0172;data:0.0149;type:0.0140;text:0.0133,
<|reserved_special_token_0|>,reserved_special,12,5,20887,special,62,_,emb,special,0.44095,1,48303,48303,special,1.0,1,40347,40347,special:0.4409;Special:0.0025;ĠSPECIAL:0.0017;Ġspecial:0.0007;ĠSpecial:0.0006,special:1.0000;Special:0.0000;ĠSPECIAL:0.0000;Ġspecial:0.0000;Ġhelicop:0.0000
<|reserved_special_token_0|>,reserved_special,12,5,20887,special,62,_,layer_1,Ġspecial,0.958692,3,8,8,special,0.577176,1,80,80,"Ġspecial:0.9587;,:0.0153;special:0.0147;-:0.0032;Ġthe:0.0023",special:0.5772;Ġspecial:0.1611;ised:0.0260;ized:0.0255;ise:0.0215
<|reserved_special_token_0|>,reserved_special,12,5,20887,special,62,_,layer_2,_,0.513677,22,1,1,ized,0.362502,14,11,11,"_:0.5137;Ġspecial:0.4423;ized:0.0209;,:0.0116;-:0.0056",ized:0.3625;ised:0.2323;Ġspecial:0.0680;ization:0.0633;ize:0.0433
<|reserved_special_token_0|>,reserved_special,12,5,20887,special,62,_,layer_3,_,0.938116,47,1,1,ized,0.184199,22,5,5,"_:0.9381;Ġspecial:0.0613;-:0.0002;,:0.0002;Ġ(:0.0000",ized:0.1842;Ġspecial:0.1563;ised:0.1484;ization:0.0961;_:0.0961
<|reserved_special_token_0|>,reserved_special,12,5,20887,special,62,_,layer_4,_,0.999929,235,1,1,_,0.362327,209,1,1,"_:0.9999;Ġspecial:0.0000;-:0.0000;,:0.0000;.:0.0000",_:0.3623;ized:0.2301;ization:0.1050;izations:0.0746;ised:0.0452
<|reserved_special_token_0|>,reserved_special,12,5,20887,special,62,_,layer_5,_,0.999938,954,1,1,_,0.639456,691,1,1,"_:0.9999;-:0.0000;,:0.0000;.:0.0000;Ġ(:0.0000",_:0.6395;ization:0.1179;ized:0.0826;izations:0.0701;ities:0.0138
<|reserved_special_token_0|>,reserved_special,12,5,20887,special,62,_,layer_6,_,0.999989,1660,1,1,_,0.512211,1072,1,1,"_:1.0000;,:0.0000;-:0.0000;.:0.0000;Ġ(:0.0000",_:0.5122;ization:0.1795;izations:0.0922;ized:0.0912;ities:0.0433
<|reserved_special_token_0|>,reserved_special,12,5,20887,special,62,_,layer_7,_,0.999986,2369,1,1,_,0.332404,1154,1,1,"_:1.0000;,:0.0000;-:0.0000;.:0.0000;::0.0000",_:0.3324;ization:0.2456;izations:0.2093;ized:0.0778;ities:0.0526
<|reserved_special_token_0|>,reserved_special,12,5,20887,special,62,_,layer_8,_,1.0,3155,1,1,_,0.907689,1292,1,1,"_:1.0000;-:0.0000;,:0.0000;.:0.0000;::0.0000",_:0.9077;izations:0.0340;ties:0.0186;ization:0.0150;ists:0.0092
<|reserved_special_token_0|>,reserved_special,12,5,20887,special,62,_,layer_9,_,1.0,2756,1,1,_,0.986487,675,1,1,"_:1.0000;,:0.0000;-:0.0000;.:0.0000;::0.0000",_:0.9865;izations:0.0075;ties:0.0014;ization:0.0012;ized:0.0010
<|reserved_special_token_0|>,reserved_special,12,5,20887,special,62,_,layer_10,_,1.0,2332,1,1,_,0.973331,360,1,1,"_:1.0000;,:0.0000;.:0.0000;-:0.0000;s:0.0000",_:0.9733;izations:0.0131;ties:0.0054;ization:0.0021;ities:0.0013
<|reserved_special_token_0|>,reserved_special,12,5,20887,special,62,_,layer_11,",",1.0,2325,6,6,_,0.772831,105,1,1,",:1.0000;.:0.0000;-:0.0000;Ġthe:0.0000;Ġand:0.0000",_:0.7728;izations:0.0721;s:0.0309;ties:0.0247;ization:0.0181
<|reserved_special_token_0|>,reserved_special,12,5,20887,special,62,_,layer_12,",",1.0,4953,30,30,_,0.341107,190,1,1,",:1.0000;Ġthe:0.0000;.:0.0000;-:0.0000;Ġand:0.0000",_:0.3411;|:0.1043;s:0.0796;ties:0.0364;izations:0.0332
<|reserved_special_token_0|>,reserved_special,12,5,20887,special,62,_,final_logits,_,0.341106,190,1,1,,,,,,_:0.3411;|:0.1043;s:0.0796;ties:0.0364;izations:0.0332,
<|reserved_special_token_0|>,reserved_special,12,6,62,_,30001,info,emb,_,0.031338,1,20876,490,_,1.0,1,15017,1640,_:0.0313;_(:0.0008;_-_:0.0005;__:0.0005;_.:0.0005,_:1.0000;_(:0.0000;Ġmathemat:0.0000;_-:0.0000;_-_:0.0000
<|reserved_special_token_0|>,reserved_special,12,6,62,_,30001,info,layer_1,Ġthe,0.695926,58,3412,625,to,0.179754,329,49,40,"Ġthe:0.6959;Ġ"":0.0784;Ġa:0.0535;to:0.0530;c:0.0396",to:0.1798;pre:0.0831;data:0.0425;default:0.0418;command:0.0396
<|reserved_special_token_0|>,reserved_special,12,6,62,_,30001,info,layer_2,to,0.643452,78,1532,236,to,0.193811,528,58,38,to:0.6435;c:0.1617;p:0.0684;n:0.0454;l:0.0151,to:0.1938;dict:0.0786;pre:0.0751;state:0.0496;c:0.0288
<|reserved_special_token_0|>,reserved_special,12,6,62,_,30001,info,layer_3,to,0.466065,37,2050,284,dict,0.166754,448,112,37,to:0.4661;c:0.3373;d:0.0478;p:0.0279;n:0.0225,dict:0.1668;state:0.1150;pre:0.1047;to:0.0499;type:0.0425
<|reserved_special_token_0|>,reserved_special,12,6,62,_,30001,info,layer_4,d,0.27665,41,2797,582,pre,0.135726,440,193,107,d:0.2766;c:0.1908;p:0.1722;pre:0.1385;to:0.0789,pre:0.1357;dict:0.1300;type:0.0626;state:0.0603;order:0.0490
<|reserved_special_token_0|>,reserved_special,12,6,62,_,30001,info,layer_5,d,0.422807,48,2873,1925,pre,0.347966,499,164,300,d:0.4228;pre:0.3026;p:0.0762;l:0.0745;c:0.0413,pre:0.3480;state:0.0610;title:0.0347;class:0.0312;disc:0.0302
<|reserved_special_token_0|>,reserved_special,12,6,62,_,30001,info,layer_6,l,0.366326,23,2446,2129,pre,0.208889,272,116,284,l:0.3663;p:0.3401;pre:0.0828;c:0.0615;-:0.0483,pre:0.2089;state:0.0781;language:0.0705;crit:0.0693;order:0.0456
<|reserved_special_token_0|>,reserved_special,12,6,62,_,30001,info,layer_7,l,0.507228,29,3695,1633,state,0.189754,337,217,178,"l:0.5072;,:0.1367;s:0.1156;p:0.0866;-:0.0714",state:0.1898;access:0.0704;language:0.0640;command:0.0435;reg:0.0410
<|reserved_special_token_0|>,reserved_special,12,6,62,_,30001,info,layer_8,",",0.934884,41,3738,1390,language,0.10186,870,169,142,",:0.9349;s:0.0300;-:0.0124;c:0.0076;.:0.0075",language:0.1019;task:0.0911;mode:0.0803;state:0.0535;settings:0.0527
<|reserved_special_token_0|>,reserved_special,12,6,62,_,30001,info,layer_9,",",0.947974,67,5518,1333,param,0.128948,1310,162,79,",:0.9480;-:0.0489;.:0.0027;s:0.0003;/:0.0001",param:0.1289;reg:0.1058;state:0.0606;crit:0.0583;task:0.0404
<|reserved_special_token_0|>,reserved_special,12,6,62,_,30001,info,layer_10,",",0.990894,47,7014,1325,param,0.255415,895,93,35,",:0.9909;-:0.0088;.:0.0003;Ġand:0.0000;Ġthe:0.0000",param:0.2554;category:0.0648;title:0.0523;type:0.0384;reg:0.0379
<|reserved_special_token_0|>,reserved_special,12,6,62,_,30001,info,layer_11,",",0.999999,64,10394,1566,title,0.08348,1083,85,9,",:1.0000;Ġthe:0.0000;-:0.0000;.:0.0000;Ġand:0.0000",title:0.0835;param:0.0664;category:0.0584;name:0.0303;description:0.0275
<|reserved_special_token_0|>,reserved_special,12,6,62,_,30001,info,layer_12,",",1.0,83,20304,4203,info,0.017069,1009,81,1,",:1.0000;Ġthe:0.0000;-:0.0000;.:0.0000;Ġand:0.0000",info:0.0171;name:0.0150;key:0.0138;reg:0.0120;data:0.0117
<|reserved_special_token_0|>,reserved_special,12,6,62,_,30001,info,final_logits,info,0.017069,1009,81,1,,,,,,info:0.0171;name:0.0150;key:0.0138;reg:0.0120;data:0.0117,
<|reserved_special_token_0|>,reserved_special,12,7,30001,token,62,|,emb,token,0.426605,1,49569,47190,token,1.0,1,41515,41158,token:0.4266;Token:0.0098;Tokens:0.0039;ĠToken:0.0029;Ġtoken:0.0027,token:1.0000;Token:0.0000;Ġtoken:0.0000;ĠToken:0.0000;Tokens:0.0000
<|reserved_special_token_0|>,reserved_special,12,7,30001,token,62,|,layer_1,Ġtoken,0.585888,15,20,5306,Ġtoken,0.845541,2,186,16182,"Ġtoken:0.5859;,:0.2608;-:0.1351;.:0.0154;Ġtokens:0.0009",Ġtoken:0.8455;token:0.0949;Ġtokens:0.0265;Token:0.0140;ĠToken:0.0112
<|reserved_special_token_0|>,reserved_special,12,7,30001,token,62,|,layer_2,",",0.850038,52,5,3426,Ġtoken,0.839791,4,23,9855,",:0.8500;-:0.0823;.:0.0540;Ġtoken:0.0115;_:0.0008",Ġtoken:0.8398;Ġtokens:0.0451;Token:0.0346;token:0.0273;ĠToken:0.0253
<|reserved_special_token_0|>,reserved_special,12,7,30001,token,62,|,layer_3,",",0.894961,187,7,3058,Ġtoken,0.747803,5,9,9438,",:0.8950;-:0.0654;.:0.0381;Ġ(:0.0011;::0.0001",Ġtoken:0.7478;Ġtokens:0.0754;Token:0.0627;ĠToken:0.0298;token:0.0295
<|reserved_special_token_0|>,reserved_special,12,7,30001,token,62,|,layer_4,",",0.751038,213,4,2520,Ġtoken,0.607217,7,5,6361,",:0.7510;-:0.1577;.:0.0850;_:0.0039;Ġ(:0.0016",Ġtoken:0.6072;Token:0.1048;ĠToken:0.0571;Ġtokens:0.0457;_:0.0206
<|reserved_special_token_0|>,reserved_special,12,7,30001,token,62,|,layer_5,",",0.831796,900,6,1371,Ġtoken,0.233502,25,2,2257,",:0.8318;.:0.1031;-:0.0606;::0.0024;Ġ(:0.0010",Ġtoken:0.2335;_:0.2072;ize:0.0785;Token:0.0611;izer:0.0503
<|reserved_special_token_0|>,reserved_special,12,7,30001,token,62,|,layer_6,",",0.966689,1825,6,634,_,0.436631,42,1,502,",:0.9667;.:0.0277;-:0.0040;::0.0011;Ġ(:0.0005",_:0.4366;ize:0.0798;izer:0.0472;::0.0398;Token:0.0380
<|reserved_special_token_0|>,reserved_special,12,7,30001,token,62,|,layer_7,",",0.991819,3008,6,446,_,0.891725,50,1,184,",:0.9918;.:0.0067;-:0.0013;Ġ(:0.0001;::0.0000",_:0.8917;(:0.0103;::0.0100;izer:0.0086;Ġ(:0.0086
<|reserved_special_token_0|>,reserved_special,12,7,30001,token,62,|,layer_8,",",0.999735,4080,3,214,_,0.978558,92,1,42,",:0.9997;.:0.0002;_:0.0000;-:0.0000;::0.0000",_:0.9786;():0.0032;(:0.0030;__:0.0022;::0.0017
<|reserved_special_token_0|>,reserved_special,12,7,30001,token,62,|,layer_9,",",0.999991,7964,3,55,_,0.974012,285,1,2,",:1.0000;.:0.0000;_:0.0000;-:0.0000;::0.0000",_:0.9740;|:0.0071;]:0.0028;>:0.0026;(:0.0023
<|reserved_special_token_0|>,reserved_special,12,7,30001,token,62,|,layer_10,",",0.999982,7721,3,47,_,0.960175,281,1,2,",:1.0000;.:0.0000;_:0.0000;-:0.0000;Ġ(:0.0000","_:0.9602;|:0.0156;(:0.0052;"":"":0.0029;():0.0024"
<|reserved_special_token_0|>,reserved_special,12,7,30001,token,62,|,layer_11,",",1.0,15433,11,83,_,0.493384,735,1,2,",:1.0000;.:0.0000;-:0.0000;::0.0000;Ġ(:0.0000",_:0.4934;|:0.2188;]:0.0641;}:0.0330;):0.0293
<|reserved_special_token_0|>,reserved_special,12,7,30001,token,62,|,layer_12,",",1.0,27269,40,430,|,0.277544,1383,2,1,",:1.0000;Ġthe:0.0000;-:0.0000;.:0.0000;Ġand:0.0000",|:0.2775;_:0.1003;]:0.0701;}:0.0496;Ġ|:0.0346
<|reserved_special_token_0|>,reserved_special,12,7,30001,token,62,|,final_logits,|,0.277544,1383,2,1,,,,,,|:0.2775;_:0.1003;]:0.0701;}:0.0496;Ġ|:0.0346,
<|reserved_special_token_0|>,reserved_special,12,8,62,_,15,name,emb,_,0.031338,1,116,856,_,1.0,1,1222,3707,_:0.0313;_(:0.0008;_-_:0.0005;__:0.0005;_.:0.0005,_:1.0000;_(:0.0000;Ġmathemat:0.0000;_-:0.0000;_-_:0.0000
<|reserved_special_token_0|>,reserved_special,12,8,62,_,15,name,layer_1,Ġthe,0.720285,49,292,311,to,0.195877,216,431,16,"Ġthe:0.7203;Ġ"":0.0829;Ġa:0.0708;to:0.0327;c:0.0199",to:0.1959;pre:0.1210;default:0.0402;data:0.0380;state:0.0252
<|reserved_special_token_0|>,reserved_special,12,8,62,_,15,name,layer_2,to,0.800543,49,200,111,to,0.235288,388,263,11,to:0.8005;c:0.0678;p:0.0410;n:0.0260;Ġthe:0.0116,to:0.2353;dict:0.1270;pre:0.0540;state:0.0519;default:0.0343
<|reserved_special_token_0|>,reserved_special,12,8,62,_,15,name,layer_3,to,0.691337,54,303,113,dict,0.318282,507,543,20,to:0.6913;c:0.1878;p:0.0528;n:0.0230;d:0.0121,dict:0.3183;to:0.0867;state:0.0855;type:0.0520;pre:0.0328
<|reserved_special_token_0|>,reserved_special,12,8,62,_,15,name,layer_4,p,0.723021,126,406,148,dict,0.439312,986,719,24,p:0.7230;to:0.1455;l:0.0637;c:0.0345;s:0.0126,dict:0.4393;state:0.0623;type:0.0591;param:0.0511;last:0.0483
<|reserved_special_token_0|>,reserved_special,12,8,62,_,15,name,layer_5,l,0.52281,157,400,408,dict,0.165697,1133,646,71,l:0.5228;p:0.1374;s:0.1079;Ġand:0.0751;to:0.0619,dict:0.1657;last:0.1112;to:0.0590;param:0.0570;access:0.0563
<|reserved_special_token_0|>,reserved_special,12,8,62,_,15,name,layer_6,p,0.348121,132,345,313,to,0.103171,1146,547,44,"p:0.3481;to:0.2642;l:0.1199;,:0.1076;s:0.0574",to:0.1032;dict:0.0932;last:0.0816;access:0.0524;param:0.0500
<|reserved_special_token_0|>,reserved_special,12,8,62,_,15,name,layer_7,",",0.459696,117,246,162,to,0.050402,1143,340,5,",:0.4597;Ġ(:0.1309;l:0.1029;s:0.0832;Ġand:0.0753",to:0.0504;type:0.0474;dict:0.0452;service:0.0427;name:0.0375
<|reserved_special_token_0|>,reserved_special,12,8,62,_,15,name,layer_8,",",0.963139,153,242,191,to,0.118133,1872,364,3,",:0.9631;.:0.0173;Ġ(:0.0054;Ġthe:0.0052;Ġin:0.0049",to:0.1181;prefix:0.0533;name:0.0506;service:0.0444;handler:0.0404
<|reserved_special_token_0|>,reserved_special,12,8,62,_,15,name,layer_9,",",0.99585,133,174,131,name,0.15411,1800,243,1,",:0.9958;.:0.0035;Ġand:0.0003;::0.0002;Ġin:0.0001",name:0.1541;code:0.1036;type:0.0585;prefix:0.0570;list:0.0513
<|reserved_special_token_0|>,reserved_special,12,8,62,_,15,name,layer_10,",",0.997962,88,147,109,name,0.336175,1170,160,1,",:0.9980;.:0.0020;Ġthe:0.0000;-:0.0000;Ġand:0.0000",name:0.3362;token:0.2800;code:0.0884;hash:0.0394;codes:0.0197
<|reserved_special_token_0|>,reserved_special,12,8,62,_,15,name,layer_11,",",0.999988,84,185,291,name,0.239407,993,145,1,",:1.0000;Ġthe:0.0000;.:0.0000;-:0.0000;Ġand:0.0000",name:0.2394;token:0.2009;code:0.0501;hash:0.0352;string:0.0331
<|reserved_special_token_0|>,reserved_special,12,8,62,_,15,name,layer_12,",",1.0,91,312,1500,name,0.050476,627,36,1,",:1.0000;Ġthe:0.0000;-:0.0000;.:0.0000;Ġand:0.0000",name:0.0505;id:0.0364;token:0.0285;key:0.0262;type:0.0258
<|reserved_special_token_0|>,reserved_special,12,8,62,_,15,name,final_logits,name,0.050477,627,36,1,,,,,,name:0.0505;id:0.0364;token:0.0285;key:0.0262;type:0.0258,
<|reserved_special_token_0|>,reserved_special,12,9,15,0,91,|,emb,0,0.016974,1,1886,1886,0,1.0,1,10485,10485,0:0.0170;1:0.0005;5:0.0004;Ġmathemat:0.0004;2:0.0003,0:1.0000;Ġmathemat:0.0000;Ġdestro:0.0000;Ġchalleng:0.0000;ccording:0.0000
<|reserved_special_token_0|>,reserved_special,12,9,15,0,91,|,layer_1,.,0.599226,137,668,668,x,0.427219,26,215,215,".:0.5992;,:0.1700;-:0.1620;Ġthe:0.0508;Ġa:0.0100",x:0.4272;xff:0.1049;xe:0.0928;Ġ0:0.0294;a:0.0282
<|reserved_special_token_0|>,reserved_special,12,9,15,0,91,|,layer_2,x,0.811208,114,258,258,x,0.803478,48,75,75,"x:0.8112;.:0.1598;-:0.0250;,:0.0024;Ġ-:0.0002",x:0.8035;xff:0.1189;xe:0.0219;xd:0.0191;Ġ0:0.0035
<|reserved_special_token_0|>,reserved_special,12,9,15,0,91,|,layer_3,.,0.46609,160,283,283,x,0.666574,108,101,101,".:0.4661;x:0.3818;-:0.1384;,:0.0091;_:0.0028",x:0.6666;xff:0.2218;xd:0.0345;_:0.0249;.:0.0062
<|reserved_special_token_0|>,reserved_special,12,9,15,0,91,|,layer_4,x,0.582064,482,347,347,x,0.53439,590,137,137,"x:0.5821;.:0.3263;-:0.0835;,:0.0039;_:0.0023",x:0.5344;xff:0.3529;_:0.0340;.:0.0126;xd:0.0068
<|reserved_special_token_0|>,reserved_special,12,9,15,0,91,|,layer_5,.,0.610681,447,178,178,x,0.723545,432,40,40,".:0.6107;-:0.3093;x:0.0482;,:0.0308;Ġ(:0.0004",x:0.7235;xff:0.1532;_:0.0324;.:0.0122;xd:0.0062
<|reserved_special_token_0|>,reserved_special,12,9,15,0,91,|,layer_6,.,0.82665,521,98,98,x,0.746031,475,18,18,".:0.8266;,:0.1188;x:0.0329;-:0.0162;Ġ(:0.0024",x:0.7460;_:0.0828;xff:0.0723;.:0.0091;xd:0.0069
<|reserved_special_token_0|>,reserved_special,12,9,15,0,91,|,layer_7,.,0.458047,376,71,71,x,0.470339,362,7,7,".:0.4580;-:0.2759;,:0.2513;_:0.0134;x:0.0007",x:0.4703;_:0.4691;fc:0.0061;xd:0.0055;xff:0.0046
<|reserved_special_token_0|>,reserved_special,12,9,15,0,91,|,layer_8,",",0.461843,445,32,32,_,0.956859,480,4,4,",:0.4618;_:0.4398;.:0.0571;-:0.0409;::0.0003",_:0.9569;x:0.0163;__:0.0106;|:0.0084;xd:0.0007
<|reserved_special_token_0|>,reserved_special,12,9,15,0,91,|,layer_9,",",0.999395,355,17,17,|,0.518459,365,1,1,",:0.9994;.:0.0005;_:0.0000;-:0.0000;::0.0000",|:0.5185;_:0.4603;x:0.0069;__:0.0041;}:0.0028
<|reserved_special_token_0|>,reserved_special,12,9,15,0,91,|,layer_10,",",0.993432,459,28,28,|,0.64798,639,1,1,",:0.9934;.:0.0066;-:0.0000;Ġ(:0.0000;::0.0000",|:0.6480;_:0.3279;x:0.0085;}:0.0036;__:0.0024
<|reserved_special_token_0|>,reserved_special,12,9,15,0,91,|,layer_11,",",0.999982,474,56,56,|,0.710825,701,1,1,",:1.0000;.:0.0000;-:0.0000;Ġ(:0.0000;::0.0000",|:0.7108;_:0.0986;}:0.0696;]:0.0366;x:0.0272
<|reserved_special_token_0|>,reserved_special,12,9,15,0,91,|,layer_12,",",1.0,455,415,415,|,0.52341,492,1,1,",:1.0000;Ġthe:0.0000;-:0.0000;.:0.0000;Ġand:0.0000",|:0.5234;x:0.0554;}:0.0494;]:0.0489;_:0.0361
<|reserved_special_token_0|>,reserved_special,12,9,15,0,91,|,final_logits,|,0.52341,492,1,1,,,,,,|:0.5234;x:0.0554;}:0.0494;]:0.0489;_:0.0361,
<|reserved_special_token_0|>,reserved_special,12,10,91,|,29,0,emb,|,0.108985,1,278,4149,|,1.0,1,379,2844,|:0.1090;)|:0.0038;-|:0.0029;||:0.0020;Ġ|:0.0007,|:1.0000;)|:0.0000;-|:0.0000;||:0.0000;Ġmathemat:0.0000
<|reserved_special_token_0|>,reserved_special,12,10,91,|,29,0,layer_1,Ġthe,0.76424,470,1295,231,Ġ|,0.064773,71,451,48,"Ġthe:0.7642;Ġa:0.1316;Ġ"":0.0430;Ġ(:0.0144;Ċ:0.0105",Ġ|:0.0648;Ġ[:0.0269;64:0.0219;c:0.0199;Ċ:0.0155
<|reserved_special_token_0|>,reserved_special,12,10,91,|,29,0,layer_2,Ġa,0.56708,883,853,156,__,0.053252,407,232,45,"Ġa:0.5671;Ġthe:0.2796;ĠD:0.0444;Ġand:0.0331;Ġ"":0.0187",__:0.0533;Ġ|:0.0402;d:0.0293;access:0.0191;I:0.0183
<|reserved_special_token_0|>,reserved_special,12,10,91,|,29,0,layer_3,Ġa,0.533111,1049,739,159,__,0.105836,477,182,45,Ġa:0.5331;Ġthe:0.2374;Ċ:0.0626;Ġ(:0.0569;Ġand:0.0365,__:0.1058;Ġ[:0.0391;Ġ|:0.0338;Ċ:0.0250;ĠNS:0.0245
<|reserved_special_token_0|>,reserved_special,12,10,91,|,29,0,layer_4,Ġthe,0.504746,1425,636,235,ĠNS,0.150692,979,177,112,Ġthe:0.5047;Ġa:0.3521;Ġand:0.0471;Ċ:0.0437;ĠD:0.0265,ĠNS:0.1507;__:0.1220;d:0.0553;c:0.0314;inf:0.0222
<|reserved_special_token_0|>,reserved_special,12,10,91,|,29,0,layer_5,Ġthe,0.711824,873,665,154,__,0.102356,431,186,29,Ġthe:0.7118;Ġa:0.1476;Ġand:0.0774;Ċ:0.0311;ĠD:0.0267,__:0.1024;d:0.0801;ĠNS:0.0682;c:0.0610;inf:0.0286
<|reserved_special_token_0|>,reserved_special,12,10,91,|,29,0,layer_6,Ċ,0.508212,664,472,167,__,0.228954,195,84,38,Ċ:0.5082;Ġand:0.3862;Ġa:0.0498;Ġthe:0.0471;Ġ(:0.0045,__:0.2290;c:0.0568;d:0.0373;Ċ:0.0351;language:0.0280
<|reserved_special_token_0|>,reserved_special,12,10,91,|,29,0,layer_7,Ċ,0.898603,460,399,102,__,0.069402,90,71,13,Ċ:0.8986;Ġand:0.0410;Ġthe:0.0283;Ġa:0.0182;Ġ(:0.0135,__:0.0694;c:0.0682;Ċ:0.0493;Ġ_:0.0459;Ġ|:0.0358
<|reserved_special_token_0|>,reserved_special,12,10,91,|,29,0,layer_8,Ċ,0.998922,342,222,79,c,0.162861,67,23,10,"Ċ:0.9989;Ġ(:0.0005;Ġthe:0.0003;,:0.0001;Ġand:0.0001",c:0.1629;language:0.0918;__:0.0497;Ġ|:0.0448;Ċ:0.0306
<|reserved_special_token_0|>,reserved_special,12,10,91,|,29,0,layer_9,Ċ,0.993954,186,240,68,c,0.101931,9,35,7,"Ċ:0.9940;,:0.0038;-:0.0013;Ġthe:0.0007;Ġ(:0.0002",c:0.1019;Ġ|:0.0991;language:0.0811;sw:0.0596;<:0.0461
<|reserved_special_token_0|>,reserved_special,12,10,91,|,29,0,layer_10,Ċ,0.906465,216,323,80,Ġ|,0.119557,4,28,2,"Ċ:0.9065;,:0.0571;-:0.0232;Ġthe:0.0129;Ġ(:0.0004",Ġ|:0.1196;0:0.0722;language:0.0681;|:0.0618;<:0.0485
<|reserved_special_token_0|>,reserved_special,12,10,91,|,29,0,layer_11,",",0.919578,357,399,106,res,0.082423,6,15,3,",:0.9196;Ġthe:0.0790;Ċ:0.0010;-:0.0004;.:0.0000",res:0.0824;Ġ|:0.0740;0:0.0698;<:0.0361;re:0.0354
<|reserved_special_token_0|>,reserved_special,12,10,91,|,29,0,layer_12,",",0.973172,606,525,197,0,0.067746,4,9,1,",:0.9732;Ġthe:0.0268;-:0.0000;.:0.0000;Ġa:0.0000",0:0.0677;res:0.0508;Ġ|:0.0468;|:0.0357;Ċ:0.0244
<|reserved_special_token_0|>,reserved_special,12,10,91,|,29,0,final_logits,0,0.067746,4,9,1,,,,,,0:0.0677;res:0.0508;Ġ|:0.0468;|:0.0357;Ċ:0.0244,
<|reserved_special_token_0|>,reserved_special,12,11,29,>,,|,emb,>,0.073645,1,,176,>,0.999999,1,,358,">:0.0736;>.:0.0179;>,:0.0137;>):0.0137;>"":0.0127",">:1.0000;>.:0.0000;>):0.0000;>,:0.0000;>"":0.0000"
<|reserved_special_token_0|>,reserved_special,12,11,29,>,,|,layer_1,-,0.322276,108,,893,Ġ>,0.424199,5,,293,"-:0.3223;Ġthe:0.2556;Ġa:0.1606;,:0.0915;Ġ-:0.0408",Ġ>:0.4242;_>:0.3921;Ġ-:0.0327;Ġ<:0.0206;>:0.0177
<|reserved_special_token_0|>,reserved_special,12,11,29,>,,|,layer_2,Ġa,0.461416,150,,1272,Ġ>,0.519872,12,,546,Ġa:0.4614;Ġ-:0.3197;Ġthe:0.1076;-:0.0479;Ġand:0.0191,Ġ>:0.5199;_>:0.2624;Ġ-:0.0772;Ġ<:0.0134;Ġ--:0.0095
<|reserved_special_token_0|>,reserved_special,12,11,29,>,,|,layer_3,Ġa,0.842137,196,,506,Ġ>,0.490773,20,,136,Ġa:0.8421;Ġthe:0.0782;Ġ-:0.0328;Ġ>:0.0169;Ġand:0.0060,Ġ>:0.4908;_>:0.2203;Ġ<:0.0553;:::0.0519;=>:0.0513
<|reserved_special_token_0|>,reserved_special,12,11,29,>,,|,layer_4,Ġa,0.51346,249,,221,Ġ>,0.269962,42,,67,Ġa:0.5135;Ġ>:0.1610;Ġ-:0.1164;Ġthe:0.1078;Ġ<:0.0646,Ġ>:0.2700;:::0.2138;_>:0.1616;=>:0.1550;Ġ<:0.0747
<|reserved_special_token_0|>,reserved_special,12,11,29,>,,|,layer_5,Ġa,0.356589,387,,153,&,0.197807,85,,44,Ġa:0.3566;Ġthe:0.2765;-:0.2057;Ġ<:0.0424;Ġ-:0.0312,&:0.1978;Ġ>:0.1619;Ġ<:0.1549;:::0.1480;=:0.0890
<|reserved_special_token_0|>,reserved_special,12,11,29,>,,|,layer_6,Ġa,0.516304,387,,97,Ġ>,0.212581,67,,15,Ġa:0.5163;-:0.1602;Ċ:0.1446;Ġthe:0.1240;.:0.0287,Ġ>:0.2126;Ġ<:0.1811;=:0.1001;=>:0.0607;&:0.0566
<|reserved_special_token_0|>,reserved_special,12,11,29,>,,|,layer_7,Ġthe,0.435354,341,,55,Ġ<,0.509738,59,,5,"Ġthe:0.4354;Ċ:0.4094;Ġa:0.1386;-:0.0098;,:0.0036",Ġ<:0.5097;Ġ>:0.0752;&:0.0535;Ġ</:0.0494;|:0.0338
<|reserved_special_token_0|>,reserved_special,12,11,29,>,,|,layer_8,Ċ,0.668159,389,,85,Ġ<,0.913991,62,,4,"Ċ:0.6682;Ġthe:0.2902;,:0.0320;Ġa:0.0035;-:0.0027",Ġ<:0.9140;Ġ>:0.0161;Ġ</:0.0112;|:0.0065;=:0.0062
<|reserved_special_token_0|>,reserved_special,12,11,29,>,,|,layer_9,Ċ,0.969722,398,,29,Ġ<,0.442424,79,,2,"Ċ:0.9697;,:0.0226;Ġthe:0.0056;-:0.0019;Ġ(:0.0001",Ġ<:0.4424;|:0.4278;Ġ|:0.0431;=:0.0176;Ġ</:0.0128
<|reserved_special_token_0|>,reserved_special,12,11,29,>,,|,layer_10,Ċ,0.995169,523,,64,|,0.530286,102,,1,"Ċ:0.9952;,:0.0032;Ġthe:0.0016;Ġ(:0.0000;-:0.0000",|:0.5303;Ġ<:0.3348;Ġ|:0.0369;=:0.0255;Ċ:0.0162
<|reserved_special_token_0|>,reserved_special,12,11,29,>,,|,layer_11,",",0.973944,615,,144,|,0.583545,87,,1,",:0.9739;Ġthe:0.0211;Ċ:0.0050;Ġa:0.0000;.:0.0000",|:0.5835;Ġ<:0.1778;Ġ|:0.0827;Ċ:0.0412;Ġ</:0.0161
<|reserved_special_token_0|>,reserved_special,12,11,29,>,,|,layer_12,",",0.780406,777,,524,|,0.290353,85,,1,",:0.7804;Ġthe:0.2196;-:0.0000;Ġa:0.0000;Ġand:0.0000",|:0.2904;Ċ:0.1166;Ġ|:0.0662;Ġ<:0.0653;Ġ(:0.0155
<|reserved_special_token_0|>,reserved_special,12,11,29,>,,|,final_logits,|,0.290352,85,,1,,,,,,|:0.2904;Ċ:0.1166;Ġ|:0.0662;Ġ<:0.0653;Ġ(:0.0155,
<|extra_0|>,reserved_special,7,0,27,<,91,Ċ,emb,<,0.158668,1,367,42828,<,1.0,1,585,39389,<:0.1587;<?:0.0040;.<:0.0037;Ġ<:0.0026;</:0.0016,<:1.0000;<?:0.0000;.<:0.0000;Ġ<:0.0000;</:0.0000
<|extra_0|>,reserved_special,7,0,27,<,91,Ċ,layer_1,Ġthe,0.71355,156,722,3,\/,0.120814,2,289,4,"Ġthe:0.7136;,:0.2853;Ċ:0.0007;Ġand:0.0004;Ġa:0.0000",\/:0.1208;<:0.0740;g:0.0351;Ċ:0.0323;Ġ<:0.0205
<|extra_0|>,reserved_special,7,0,27,<,91,Ċ,layer_2,Ġthe,0.999396,594,889,7,Ġthe,0.042304,296,554,2,"Ġthe:0.9994;,:0.0006;-:0.0000;Ġand:0.0000;Ġa:0.0000","Ġthe:0.0423;Ċ:0.0414;,:0.0376;Ġand:0.0271;Ġa:0.0230"
<|extra_0|>,reserved_special,7,0,27,<,91,Ċ,layer_3,Ġthe,0.999997,1024,1191,8,Ġthe,0.025554,847,895,4,"Ġthe:1.0000;,:0.0000;):0.0000;%:0.0000;*:0.0000","Ġthe:0.0256;,:0.0249;Ġand:0.0174;Ċ:0.0162;Ġa:0.0139"
<|extra_0|>,reserved_special,7,0,27,<,91,Ċ,layer_4,Ġthe,0.999998,1028,1191,8,Ġthe,0.025864,868,910,4,"Ġthe:1.0000;,:0.0000;):0.0000;%:0.0000;*:0.0000","Ġthe:0.0259;,:0.0253;Ġand:0.0175;Ċ:0.0163;.:0.0141"
<|extra_0|>,reserved_special,7,0,27,<,91,Ċ,layer_5,Ġthe,0.999998,1033,1196,8,Ġthe,0.025663,889,915,4,"Ġthe:1.0000;,:0.0000;):0.0000;%:0.0000;*:0.0000","Ġthe:0.0257;,:0.0252;Ġand:0.0175;Ċ:0.0161;.:0.0140"
<|extra_0|>,reserved_special,7,0,27,<,91,Ċ,layer_6,Ġthe,0.999997,1042,1199,8,Ġthe,0.025223,893,918,4,"Ġthe:1.0000;,:0.0000;):0.0000;%:0.0000;*:0.0000","Ġthe:0.0252;,:0.0250;Ġand:0.0173;Ċ:0.0158;.:0.0139"
<|extra_0|>,reserved_special,7,0,27,<,91,Ċ,layer_7,Ġthe,0.999997,1048,1203,8,Ġthe,0.02497,896,916,4,"Ġthe:1.0000;,:0.0000;):0.0000;%:0.0000;*:0.0000","Ġthe:0.0250;,:0.0249;Ġand:0.0172;Ċ:0.0157;.:0.0139"
<|extra_0|>,reserved_special,7,0,27,<,91,Ċ,layer_8,Ġthe,0.999996,1053,1204,8,",",0.024871,897,909,4,"Ġthe:1.0000;,:0.0000;):0.0000;%:0.0000;*:0.0000",",:0.0249;Ġthe:0.0248;Ġand:0.0171;Ċ:0.0156;.:0.0139"
<|extra_0|>,reserved_special,7,0,27,<,91,Ċ,layer_9,Ġthe,0.999994,1062,1205,8,",",0.025066,896,900,4,"Ġthe:1.0000;,:0.0000;):0.0000;%:0.0000;*:0.0000",",:0.0251;Ġthe:0.0248;Ġand:0.0172;Ċ:0.0157;.:0.0139"
<|extra_0|>,reserved_special,7,0,27,<,91,Ċ,layer_10,Ġthe,0.999992,1061,1201,8,",",0.025286,877,881,4,"Ġthe:1.0000;,:0.0000;):0.0000;%:0.0000;*:0.0000",",:0.0253;Ġthe:0.0248;Ġand:0.0173;Ċ:0.0157;.:0.0141"
<|extra_0|>,reserved_special,7,0,27,<,91,Ċ,layer_11,Ġthe,0.99999,1067,1199,8,",",0.02569,874,871,4,"Ġthe:1.0000;,:0.0000;):0.0000;%:0.0000;*:0.0000",",:0.0257;Ġthe:0.0250;Ġand:0.0176;Ċ:0.0159;.:0.0144"
<|extra_0|>,reserved_special,7,0,27,<,91,Ċ,layer_12,Ġthe,0.996238,453,756,6,Ċ,0.029959,40,146,1,"Ġthe:0.9962;,:0.0038;-:0.0000;.:0.0000;Ġa:0.0000",Ċ:0.0300;.:0.0135;1:0.0118;-:0.0102;0:0.0093
<|extra_0|>,reserved_special,7,0,27,<,91,Ċ,final_logits,Ċ,0.029959,40,146,1,,,,,,Ċ:0.0300;.:0.0135;1:0.0118;-:0.0102;0:0.0093,
<|extra_0|>,reserved_special,7,1,91,|,26086,Ġ|,emb,|,0.108985,1,17902,5,|,1.0,1,14904,9,|:0.1090;)|:0.0038;-|:0.0029;||:0.0020;Ġ|:0.0007,|:1.0000;)|:0.0000;-|:0.0000;||:0.0000;Ġmathemat:0.0000
<|extra_0|>,reserved_special,7,1,91,|,26086,Ġ|,layer_1,Ġthe,0.490161,253,6800,39,Ġ|,0.192523,20,4538,1,"Ġthe:0.4902;Ġa:0.1939;Ġ"":0.0592;Ġand:0.0548;Ġ(:0.0328",Ġ|:0.1925;c:0.0458;Ġl:0.0294;Ġd:0.0264;f:0.0192
<|extra_0|>,reserved_special,7,1,91,|,26086,Ġ|,layer_2,c,0.229295,325,4706,26,c,0.195221,63,2402,3,c:0.2293;Ġa:0.2007;ĠD:0.1685;d:0.0915;Ġthe:0.0897,c:0.1952;d:0.1001;Ġ|:0.0831;f:0.0330;Ġl:0.0191
<|extra_0|>,reserved_special,7,1,91,|,26086,Ġ|,layer_3,Ġa,0.426983,350,3802,8,Ġ|,0.168039,85,1445,1,"Ġa:0.4270;Ġthe:0.2723;ĠD:0.0727;c:0.0580;Ġ"":0.0382",Ġ|:0.1680;__:0.0784;c:0.0655;static:0.0510;>:0.0316
<|extra_0|>,reserved_special,7,1,91,|,26086,Ġ|,layer_4,"Ġ""",0.359211,421,3036,10,cffffcc,0.334522,124,1412,2,"Ġ"":0.3592;c:0.2416;Ġhost:0.1565;Ġa:0.0530;ĠD:0.0342",cffffcc:0.3345;Ġ|:0.0616;c:0.0585;Ġhost:0.0294;pre:0.0212
<|extra_0|>,reserved_special,7,1,91,|,26086,Ġ|,layer_5,Ġa,0.301481,376,7454,10,cffffcc,0.848846,102,5164,2,"Ġa:0.3015;Ġhost:0.1932;Ġthe:0.1471;Ġ"":0.1371;ĠD:0.0642",cffffcc:0.8488;Ġ|:0.0178;Ġhost:0.0139;cos:0.0101;c:0.0065
<|extra_0|>,reserved_special,7,1,91,|,26086,Ġ|,layer_6,Ġa,0.603607,446,10379,7,cffffcc,0.347914,97,8530,2,"Ġa:0.6036;Ġthe:0.2147;,:0.0627;Ġ-:0.0277;ĠD:0.0192",cffffcc:0.3479;Ġ|:0.1767;>:0.0771;]:0.0575;cos:0.0213
<|extra_0|>,reserved_special,7,1,91,|,26086,Ġ|,layer_7,Ġa,0.479511,405,13045,12,cffffcc,0.294072,78,10782,3,"Ġa:0.4795;Ġthe:0.3507;Ċ:0.0705;Ġ"":0.0420;Ġ-:0.0133",cffffcc:0.2941;>:0.1666;Ġ|:0.1598;]:0.1211;Ġ^:0.0344
<|extra_0|>,reserved_special,7,1,91,|,26086,Ġ|,layer_8,Ġthe,0.526016,541,13884,21,>,0.283809,93,11918,2,"Ġthe:0.5260;Ġa:0.2252;Ċ:0.1174;Ġ"":0.0672;,:0.0444",>:0.2838;Ġ|:0.2539;]:0.0624;Ġ^:0.0441;cffffcc:0.0392
<|extra_0|>,reserved_special,7,1,91,|,26086,Ġ|,layer_9,-,0.318483,376,14317,25,>,0.461336,23,10996,2,"-:0.3185;Ġthe:0.2902;Ċ:0.2251;,:0.1000;Ġ"":0.0368",>:0.4613;Ġ|:0.1928;><:0.0666;<:0.0651;]:0.0599
<|extra_0|>,reserved_special,7,1,91,|,26086,Ġ|,layer_10,-,0.894408,380,16302,53,>,0.404486,14,10570,3,"-:0.8944;,:0.1044;Ġthe:0.0011;Ġa:0.0001;Ġ"":0.0000",>:0.4045;<:0.1112;Ġ|:0.1059;><:0.0935;cffffcc:0.0799
<|extra_0|>,reserved_special,7,1,91,|,26086,Ġ|,layer_11,",",0.982597,564,17590,123,Ġ|,0.170071,13,12102,1,",:0.9826;-:0.0166;Ġthe:0.0008;Ġa:0.0000;Ġand:0.0000",Ġ|:0.1701;>:0.1548;<:0.0669;]:0.0357;-:0.0200
<|extra_0|>,reserved_special,7,1,91,|,26086,Ġ|,layer_12,",",0.999197,773,15409,229,Ġ|,0.12005,7,7049,1,",:0.9992;Ġthe:0.0008;-:0.0000;Ġa:0.0000;Ġand:0.0000",Ġ|:0.1200;>:0.0694;<:0.0313;Ċ:0.0281;]:0.0214
<|extra_0|>,reserved_special,7,1,91,|,26086,Ġ|,final_logits,Ġ|,0.120049,7,7048,1,,,,,,Ġ|:0.1200;>:0.0694;<:0.0313;Ċ:0.0281;]:0.0214,
<|extra_0|>,reserved_special,7,2,26086,extra,62,|,emb,extra,0.396764,1,49499,46447,extra,1.0,1,41402,41891,extra:0.3968;Extra:0.0027;ĠExtra:0.0011;Ġhelicop:0.0004;Ġextras:0.0003,extra:1.0000;Extra:0.0000;ĠExtra:0.0000;Ġhelicop:0.0000;Ġenthusi:0.0000
<|extra_0|>,reserved_special,7,2,26086,extra,62,|,layer_1,ordinary,0.731764,11,19,6596,ordinary,0.993689,2,489,18994,"ordinary:0.7318;-:0.1494;Ġspecial:0.0806;Ġextra:0.0127;,:0.0123",ordinary:0.9937;extra:0.0019;verted:0.0015;Ġextras:0.0012;Ġextra:0.0002
<|extra_0|>,reserved_special,7,2,26086,extra,62,|,layer_2,ordinary,0.97968,23,7,2776,ordinary,0.994363,6,27,6799,ordinary:0.9797;ĠExtra:0.0114;Ġspecial:0.0040;-:0.0034;Ġextras:0.0006,ordinary:0.9944;verted:0.0034;Ġextras:0.0008;ĠExtra:0.0003;ord:0.0002
<|extra_0|>,reserved_special,7,2,26086,extra,62,|,layer_3,-,0.534154,148,3,1491,ordinary,0.993758,9,6,2805,-:0.5342;ordinary:0.3345;_:0.1193;Ġspecial:0.0028;ord:0.0025,ordinary:0.9938;ord:0.0018;verted:0.0015;Ġextras:0.0010;ĠExtra:0.0002
<|extra_0|>,reserved_special,7,2,26086,extra,62,|,layer_4,-,0.601894,493,2,1294,ordinary,0.997275,48,3,2471,"-:0.6019;_:0.2871;ordinary:0.1078;,:0.0015;::0.0006",ordinary:0.9973;Ġinfo:0.0005;_:0.0004;Ġextras:0.0003;ord:0.0003
<|extra_0|>,reserved_special,7,2,26086,extra,62,|,layer_5,-,0.813503,1261,2,539,ordinary,0.993301,172,2,545,"-:0.8135;_:0.1783;,:0.0057;::0.0016;.:0.0008",ordinary:0.9933;_:0.0020;Ġinfo:0.0016;verted:0.0007;ord:0.0004
<|extra_0|>,reserved_special,7,2,26086,extra,62,|,layer_6,-,0.663175,2144,2,363,ordinary,0.990205,389,2,186,"-:0.6632;_:0.3312;,:0.0046;::0.0007;.:0.0002",ordinary:0.9902;_:0.0059;ord:0.0010;Ġinfo:0.0010;verted:0.0003
<|extra_0|>,reserved_special,7,2,26086,extra,62,|,layer_7,-,0.986102,3153,2,152,ordinary,0.990844,568,2,30,"-:0.9861;_:0.0121;,:0.0016;::0.0001;.:0.0000",ordinary:0.9908;_:0.0057;ord:0.0016;Ġinfo:0.0007;verted:0.0002
<|extra_0|>,reserved_special,7,2,26086,extra,62,|,layer_8,-,0.998685,4550,3,127,ordinary,0.896304,840,2,10,"-:0.9987;,:0.0013;_:0.0001;.:0.0000;::0.0000",ordinary:0.8963;_:0.0822;ord:0.0105;Ġinfo:0.0026;verted:0.0012
<|extra_0|>,reserved_special,7,2,26086,extra,62,|,layer_9,-,0.999997,5596,4,24,ordinary,0.446996,800,3,2,"-:1.0000;,:0.0000;.:0.0000;_:0.0000;Ġthe:0.0000",ordinary:0.4470;|:0.3906;_:0.0915;]:0.0412;ord:0.0117
<|extra_0|>,reserved_special,7,2,26086,extra,62,|,layer_10,-,0.99815,7818,6,38,|,0.771658,1686,3,1,"-:0.9981;,:0.0019;.:0.0000;Ġthe:0.0000;::0.0000",|:0.7717;ordinary:0.0841;_:0.0768;]:0.0325;ord:0.0089
<|extra_0|>,reserved_special,7,2,26086,extra,62,|,layer_11,",",0.837979,8547,16,130,|,0.564531,1346,2,1,",:0.8380;-:0.1620;.:0.0000;Ġthe:0.0000;Ġa:0.0000",|:0.5645;_:0.1524;]:0.0525;-:0.0203;ord:0.0198
<|extra_0|>,reserved_special,7,2,26086,extra,62,|,layer_12,",",1.0,11130,41,460,|,0.253817,975,2,1,",:1.0000;Ġthe:0.0000;-:0.0000;.:0.0000;Ġa:0.0000",|:0.2538;_:0.1525;]:0.0418;-:0.0407;::0.0210
<|extra_0|>,reserved_special,7,2,26086,extra,62,|,final_logits,|,0.253817,975,2,1,,,,,,|:0.2538;_:0.1525;]:0.0418;-:0.0407;::0.0210,
<|extra_0|>,reserved_special,7,3,62,_,15,data,emb,_,0.031338,1,116,802,_,1.0,1,1222,1535,_:0.0313;_(:0.0008;_-_:0.0005;__:0.0005;_.:0.0005,_:1.0000;_(:0.0000;Ġmathemat:0.0000;_-:0.0000;_-_:0.0000
<|extra_0|>,reserved_special,7,3,62,_,15,data,layer_1,Ġthe,0.402538,45,237,242,to,0.178191,333,371,11,"Ġthe:0.4025;c:0.1638;to:0.1219;Ġ"":0.0724;-:0.0484",to:0.1782;command:0.0370;tr:0.0356;c:0.0354;image:0.0298
<|extra_0|>,reserved_special,7,3,62,_,15,data,layer_2,to,0.588503,74,147,105,to,0.148141,546,230,17,to:0.5885;c:0.2283;p:0.0432;t:0.0238;d:0.0217,to:0.1481;title:0.0720;name:0.0698;state:0.0533;c:0.0335
<|extra_0|>,reserved_special,7,3,62,_,15,data,layer_3,c,0.578521,112,238,136,state,0.216731,743,430,19,c:0.5785;to:0.2578;p:0.0323;d:0.0214;state:0.0204,state:0.2167;title:0.0487;to:0.0455;tr:0.0412;type:0.0377
<|extra_0|>,reserved_special,7,3,62,_,15,data,layer_4,c,0.701162,128,313,176,state,0.248113,836,565,12,c:0.7012;p:0.0770;to:0.0561;d:0.0514;n:0.0447,state:0.2481;def:0.0376;type:0.0333;pre:0.0254;c:0.0246
<|extra_0|>,reserved_special,7,3,62,_,15,data,layer_5,c,0.24212,80,243,225,state,0.12006,634,518,15,c:0.2421;p:0.2277;d:0.1489;s:0.1011;t:0.0688,state:0.1201;int:0.0546;pre:0.0466;reg:0.0366;pl:0.0335
<|extra_0|>,reserved_special,7,3,62,_,15,data,layer_6,c,0.540269,76,299,280,reg,0.180942,764,693,8,c:0.5403;s:0.1723;-:0.1150;p:0.0879;m:0.0212,reg:0.1809;int:0.1043;state:0.0925;base:0.0401;pre:0.0278
<|extra_0|>,reserved_special,7,3,62,_,15,data,layer_7,s,0.610183,67,294,206,reg,0.276562,692,652,7,s:0.6102;c:0.2200;-:0.1348;p:0.0170;d:0.0068,reg:0.2766;base:0.0739;state:0.0683;pre:0.0386;ref:0.0367
<|extra_0|>,reserved_special,7,3,62,_,15,data,layer_8,s,0.540075,69,230,228,reg,0.293677,875,513,5,"s:0.5401;c:0.3556;-:0.0875;d:0.0040;,:0.0025",reg:0.2937;ref:0.0751;param:0.0526;dep:0.0443;data:0.0365
<|extra_0|>,reserved_special,7,3,62,_,15,data,layer_9,-,0.906627,63,277,360,reg,0.258322,917,648,4,"-:0.9066;s:0.0715;,:0.0129;Ġthe:0.0063;Ġa:0.0009",reg:0.2583;param:0.1160;ref:0.0542;data:0.0409;info:0.0375
<|extra_0|>,reserved_special,7,3,62,_,15,data,layer_10,",",0.982398,58,249,636,param,0.109804,840,591,4,",:0.9824;-:0.0129;Ġthe:0.0042;.:0.0002;Ġand:0.0001",param:0.1098;info:0.0807;reg:0.0641;data:0.0572;temp:0.0317
<|extra_0|>,reserved_special,7,3,62,_,15,data,layer_11,",",0.99859,72,303,1492,param,0.040659,941,566,4,",:0.9986;Ġthe:0.0014;.:0.0000;Ġa:0.0000;-:0.0000",param:0.0407;ref:0.0347;info:0.0281;data:0.0271;str:0.0198
<|extra_0|>,reserved_special,7,3,62,_,15,data,layer_12,",",0.713438,87,361,3092,data,0.020302,1349,543,1,",:0.7134;Ġthe:0.2866;.:0.0000;-:0.0000;Ġa:0.0000",data:0.0203;info:0.0177;item:0.0099;name:0.0098;param:0.0098
<|extra_0|>,reserved_special,7,3,62,_,15,data,final_logits,data,0.020302,1349,543,1,,,,,,data:0.0203;info:0.0177;item:0.0099;name:0.0098;param:0.0098,
<|extra_0|>,reserved_special,7,4,15,0,91,|,emb,0,0.016974,1,1886,1886,0,1.0,1,10485,10485,0:0.0170;1:0.0005;5:0.0004;Ġmathemat:0.0004;2:0.0003,0:1.0000;Ġmathemat:0.0000;Ġdestro:0.0000;Ġchalleng:0.0000;ccording:0.0000
<|extra_0|>,reserved_special,7,4,15,0,91,|,layer_1,.,0.508896,120,550,550,x,0.643632,23,140,140,".:0.5089;-:0.2400;,:0.1211;Ġthe:0.0753;x:0.0276",x:0.6436;xff:0.0666;xe:0.0527;a:0.0161;Ġ0:0.0141
<|extra_0|>,reserved_special,7,4,15,0,91,|,layer_2,x,0.990522,62,134,134,x,0.926615,31,41,41,"x:0.9905;.:0.0082;-:0.0010;,:0.0001;d:0.0000",x:0.9266;xff:0.0296;xe:0.0128;xd:0.0113;38:0.0013
<|extra_0|>,reserved_special,7,4,15,0,91,|,layer_3,x,0.993146,102,146,146,x,0.926064,64,52,52,"x:0.9931;.:0.0050;-:0.0015;,:0.0001;d:0.0000",x:0.9261;xff:0.0284;xd:0.0209;xc:0.0036;xe:0.0027
<|extra_0|>,reserved_special,7,4,15,0,91,|,layer_4,x,0.966754,264,181,181,x,0.912237,206,62,62,"x:0.9668;-:0.0177;.:0.0147;_:0.0003;,:0.0002",x:0.9122;xd:0.0212;xff:0.0128;_:0.0127;fc:0.0040
<|extra_0|>,reserved_special,7,4,15,0,91,|,layer_5,x,0.360107,341,81,81,x,0.80654,342,31,31,"x:0.3601;-:0.3307;.:0.2952;,:0.0048;::0.0045",x:0.8065;_:0.0529;xd:0.0266;fc:0.0115;xff:0.0100
<|extra_0|>,reserved_special,7,4,15,0,91,|,layer_6,x,0.523722,462,57,57,x,0.782873,438,16,16,x:0.5237;.:0.4166;_:0.0183;-:0.0182;::0.0127,x:0.7829;_:0.0804;xe:0.0269;xd:0.0246;xa:0.0237
<|extra_0|>,reserved_special,7,4,15,0,91,|,layer_7,.,0.590578,451,47,47,x,0.798504,428,10,10,".:0.5906;x:0.1717;,:0.0750;::0.0717;-:0.0620",x:0.7985;_:0.0992;xd:0.0387;xe:0.0172;xa:0.0106
<|extra_0|>,reserved_special,7,4,15,0,91,|,layer_8,.,0.513149,541,12,12,_,0.582776,586,3,3,".:0.5131;_:0.3042;::0.1200;,:0.0553;-:0.0069",_:0.5828;x:0.2988;|:0.0534;xd:0.0236;xa:0.0110
<|extra_0|>,reserved_special,7,4,15,0,91,|,layer_9,",",0.900393,450,10,10,|,0.750658,505,1,1,",:0.9004;.:0.0920;_:0.0067;-:0.0007;::0.0003",|:0.7507;_:0.1750;]:0.0362;x:0.0238;][:0.0048
<|extra_0|>,reserved_special,7,4,15,0,91,|,layer_10,",",0.900709,586,21,21,|,0.88773,950,1,1,",:0.9007;.:0.0993;-:0.0000;::0.0000;Ġ(:0.0000",|:0.8877;_:0.0567;]:0.0226;x:0.0157;][:0.0061
<|extra_0|>,reserved_special,7,4,15,0,91,|,layer_11,",",0.999998,568,79,79,|,0.615636,908,1,1,",:1.0000;.:0.0000;-:0.0000;Ġthe:0.0000;::0.0000",|:0.6156;_:0.1532;x:0.0879;]:0.0648;}:0.0073
<|extra_0|>,reserved_special,7,4,15,0,91,|,layer_12,",",1.0,481,392,392,|,0.394362,623,1,1,",:1.0000;.:0.0000;Ġthe:0.0000;-:0.0000;Ġand:0.0000",|:0.3944;x:0.2980;.:0.0401;]:0.0395;_:0.0347
<|extra_0|>,reserved_special,7,4,15,0,91,|,final_logits,|,0.394361,623,1,1,,,,,,|:0.3944;x:0.2980;.:0.0401;]:0.0395;_:0.0347,
<|extra_0|>,reserved_special,7,5,91,|,29,1,emb,|,0.108985,1,278,28957,|,1.0,1,379,16934,|:0.1090;)|:0.0038;-|:0.0029;||:0.0020;Ġ|:0.0007,|:1.0000;)|:0.0000;-|:0.0000;||:0.0000;Ġmathemat:0.0000
<|extra_0|>,reserved_special,7,5,91,|,29,1,layer_1,Ġthe,0.734113,388,1098,90,Ġ|,0.061808,45,315,29,"Ġthe:0.7341;Ġa:0.1506;Ġ"":0.0453;Ċ:0.0155;Ġand:0.0132",Ġ|:0.0618;c:0.0344;f:0.0250;d:0.0206;bin:0.0152
<|extra_0|>,reserved_special,7,5,91,|,29,1,layer_2,Ġa,0.544667,682,580,96,d,0.092344,244,117,68,"Ġa:0.5447;Ġthe:0.2355;ĠD:0.1086;Ġand:0.0291;Ġ"":0.0167",d:0.0923;c:0.0385;f:0.0363;Ġ|:0.0355;__:0.0188
<|extra_0|>,reserved_special,7,5,91,|,29,1,layer_3,Ġa,0.441255,920,435,116,d,0.065442,349,61,97,Ġa:0.4413;Ġthe:0.2165;ĠD:0.1760;Ċ:0.0525;Ġand:0.0226,d:0.0654;__:0.0632;c:0.0558;f:0.0296;Ġ|:0.0260
<|extra_0|>,reserved_special,7,5,91,|,29,1,layer_4,Ġthe,0.4668,1404,536,107,ĠNS,0.152777,781,115,100,Ġthe:0.4668;Ġa:0.2788;ĠD:0.1494;Ġand:0.0354;Ċ:0.0253,ĠNS:0.1528;d:0.1298;__:0.0445;c:0.0430;inf:0.0328
<|extra_0|>,reserved_special,7,5,91,|,29,1,layer_5,ĠD,0.494586,604,391,65,d,0.176952,208,54,45,ĠD:0.4946;Ġthe:0.3141;Ġa:0.0913;d:0.0522;Ġand:0.0208,d:0.1770;inf:0.0596;c:0.0403;__:0.0343;sub:0.0310
<|extra_0|>,reserved_special,7,5,91,|,29,1,layer_6,Ċ,0.400035,386,198,79,__,0.091441,64,17,75,Ċ:0.4000;Ġand:0.2907;ĠD:0.1647;Ġa:0.0752;Ġthe:0.0449,__:0.0914;url:0.0671;d:0.0500;hide:0.0486;inf:0.0423
<|extra_0|>,reserved_special,7,5,91,|,29,1,layer_7,Ċ,0.582287,340,171,50,hide,0.096613,51,10,67,Ċ:0.5823;Ġand:0.1599;Ġn:0.0747;Ġa:0.0672;Ġthe:0.0552,hide:0.0966;Ġ_:0.0627;Ġn:0.0536;inf:0.0462;Ġ|:0.0267
<|extra_0|>,reserved_special,7,5,91,|,29,1,layer_8,Ċ,0.992128,324,99,30,hide,0.211166,55,6,36,Ċ:0.9921;c:0.0020;Ġthe:0.0011;Ġn:0.0011;Ġ-:0.0010,hide:0.2112;sub:0.0472;Ġlur:0.0468;c:0.0392;-|:0.0373
<|extra_0|>,reserved_special,7,5,91,|,29,1,layer_9,Ċ,0.973902,389,209,20,hidden,0.080937,52,17,12,"Ċ:0.9739;Ġthe:0.0167;-:0.0056;,:0.0026;Ġa:0.0007",hidden:0.0809;sub:0.0688;def:0.0614;c:0.0535;0:0.0450
<|extra_0|>,reserved_special,7,5,91,|,29,1,layer_10,Ġthe,0.629329,443,201,32,0,0.106515,28,2,10,"Ġthe:0.6293;Ċ:0.2818;,:0.0541;-:0.0300;Ġa:0.0030",0:0.1065;>:0.0580;<:0.0540;[:0.0406;sub:0.0353
<|extra_0|>,reserved_special,7,5,91,|,29,1,layer_11,",",0.608217,621,394,37,0,0.093947,31,11,5,",:0.6082;Ġthe:0.3892;.:0.0016;-:0.0008;Ċ:0.0002",0:0.0939;2:0.0485;<:0.0461;[:0.0433;1:0.0390
<|extra_0|>,reserved_special,7,5,91,|,29,1,layer_12,Ġthe,0.765007,900,533,36,1,0.108625,198,46,1,"Ġthe:0.7650;,:0.2350;-:0.0000;.:0.0000;Ġa:0.0000",1:0.1086;0:0.0863;2:0.0784;up:0.0690;r:0.0266
<|extra_0|>,reserved_special,7,5,91,|,29,1,final_logits,1,0.108625,198,46,1,,,,,,1:0.1086;0:0.0863;2:0.0784;up:0.0690;r:0.0266,
<|extra_0|>,reserved_special,7,6,29,>,,|,emb,>,0.073645,1,,176,>,0.999999,1,,358,">:0.0736;>.:0.0179;>,:0.0137;>):0.0137;>"":0.0127",">:1.0000;>.:0.0000;>):0.0000;>,:0.0000;>"":0.0000"
<|extra_0|>,reserved_special,7,6,29,>,,|,layer_1,-,0.265396,64,,711,_>,0.52859,3,,196,"-:0.2654;Ġthe:0.2388;Ġa:0.1782;,:0.0643;Ġ-:0.0561",_>:0.5286;Ġ>:0.3812;>:0.0192;Ġ<:0.0075;Ġ-:0.0073
<|extra_0|>,reserved_special,7,6,29,>,,|,layer_2,Ġ-,0.452267,84,,1022,_>,0.533991,6,,369,Ġ-:0.4523;Ġ>:0.2315;Ġa:0.1950;Ġthe:0.0452;-:0.0241,_>:0.5340;Ġ>:0.4025;Ġ-:0.0159;=>:0.0046;Ġ<:0.0040
<|extra_0|>,reserved_special,7,6,29,>,,|,layer_3,Ġa,0.541748,142,,478,Ġ>,0.576926,10,,117,Ġa:0.5417;Ġ>:0.1560;Ġ-:0.1331;Ġthe:0.0979;Ġand:0.0141,Ġ>:0.5769;_>:0.2525;=>:0.0321;Ġ<:0.0244;Ġ-:0.0152
<|extra_0|>,reserved_special,7,6,29,>,,|,layer_4,Ġ>,0.560834,157,,239,_>,0.456678,19,,60,Ġ>:0.5608;Ġ-:0.1798;Ġ<:0.1221;Ġa:0.0678;Ġthe:0.0335,_>:0.4567;Ġ>:0.3487;Ġ<:0.0561;=>:0.0339;:::0.0150
<|extra_0|>,reserved_special,7,6,29,>,,|,layer_5,-,0.292537,252,,162,Ġ<,0.208215,43,,40,-:0.2925;Ġ<:0.2730;Ġa:0.0830;Ġthe:0.0791;Ġn:0.0468,Ġ<:0.2082;Ġ>:0.1896;=>:0.1046;&:0.1025;=:0.0679
<|extra_0|>,reserved_special,7,6,29,>,,|,layer_6,-,0.731816,291,,96,Ġ>,0.193574,47,,17,-:0.7318;Ġa:0.1233;Ġthe:0.0410;Ċ:0.0329;.:0.0183,Ġ>:0.1936;Ġ<:0.1373;&:0.0689;=:0.0604;---:0.0488
<|extra_0|>,reserved_special,7,6,29,>,,|,layer_7,Ġthe,0.432155,359,,79,Ġ<,0.375624,59,,6,"Ġthe:0.4322;-:0.3098;Ġa:0.2141;Ċ:0.0295;,:0.0066",Ġ<:0.3756;&:0.0713;Ġ>:0.0544;=:0.0435;.<:0.0387
<|extra_0|>,reserved_special,7,6,29,>,,|,layer_8,Ġthe,0.695966,524,,58,Ġ<,0.705762,88,,2,"Ġthe:0.6960;,:0.0992;Ċ:0.0820;-:0.0590;Ġa:0.0362",Ġ<:0.7058;|:0.0511;Ġ>:0.0284;Ġ/:0.0241;.<:0.0196
<|extra_0|>,reserved_special,7,6,29,>,,|,layer_9,Ġthe,0.394442,606,,24,|,0.867991,117,,1,"Ġthe:0.3944;-:0.2820;,:0.2292;Ċ:0.0855;Ġ(:0.0052",|:0.8680;Ġ<:0.0458;Ġ|:0.0242;.<:0.0151;---:0.0102
<|extra_0|>,reserved_special,7,6,29,>,,|,layer_10,Ġthe,0.521647,799,,76,|,0.708042,194,,1,"Ġthe:0.5216;,:0.3933;Ċ:0.0725;-:0.0111;Ġ(:0.0010",|:0.7080;Ġ<:0.1263;Ġ|:0.0387;=:0.0172;.<:0.0156
<|extra_0|>,reserved_special,7,6,29,>,,|,layer_11,Ġthe,0.895208,876,,211,|,0.588361,207,,1,"Ġthe:0.8952;,:0.1048;Ġa:0.0000;-:0.0000;Ċ:0.0000",|:0.5884;Ġ|:0.0552;Ġ<:0.0547;\:0.0246;Ċ:0.0204
<|extra_0|>,reserved_special,7,6,29,>,,|,layer_12,Ġthe,0.874634,816,,555,|,0.240845,142,,1,"Ġthe:0.8746;,:0.1254;-:0.0000;Ġa:0.0000;Ġand:0.0000",|:0.2408;Ġ|:0.0534;Ċ:0.0457;Ġ<:0.0423;\:0.0191
<|extra_0|>,reserved_special,7,6,29,>,,|,final_logits,|,0.240845,142,,1,,,,,,|:0.2408;Ġ|:0.0534;Ċ:0.0457;Ġ<:0.0423;\:0.0191,
<unk>,unk_token,3,0,27,<,2954,Ċ,emb,<,0.158668,1,11134,42828,<,1.0,1,11896,39389,<:0.1587;<?:0.0040;.<:0.0037;Ġ<:0.0026;</:0.0016,<:1.0000;<?:0.0000;.<:0.0000;Ġ<:0.0000;</:0.0000
<unk>,unk_token,3,0,27,<,2954,Ċ,layer_1,Ġthe,0.71355,156,6274,3,\/,0.120814,2,12864,4,"Ġthe:0.7136;,:0.2853;Ċ:0.0007;Ġand:0.0004;Ġa:0.0000",\/:0.1208;<:0.0740;g:0.0351;Ċ:0.0323;Ġ<:0.0205
<unk>,unk_token,3,0,27,<,2954,Ċ,layer_2,Ġthe,0.999396,594,5112,7,Ġthe,0.042304,296,5958,2,"Ġthe:0.9994;,:0.0006;-:0.0000;Ġand:0.0000;Ġa:0.0000","Ġthe:0.0423;Ċ:0.0414;,:0.0376;Ġand:0.0271;Ġa:0.0230"
<unk>,unk_token,3,0,27,<,2954,Ċ,layer_3,Ġthe,0.999997,1024,5284,8,Ġthe,0.025554,847,6315,4,"Ġthe:1.0000;,:0.0000;):0.0000;%:0.0000;*:0.0000","Ġthe:0.0256;,:0.0249;Ġand:0.0174;Ċ:0.0162;Ġa:0.0139"
<unk>,unk_token,3,0,27,<,2954,Ċ,layer_4,Ġthe,0.999998,1028,5280,8,Ġthe,0.025864,868,6358,4,"Ġthe:1.0000;,:0.0000;):0.0000;%:0.0000;*:0.0000","Ġthe:0.0259;,:0.0253;Ġand:0.0175;Ċ:0.0163;.:0.0141"
<unk>,unk_token,3,0,27,<,2954,Ċ,layer_5,Ġthe,0.999998,1033,5281,8,Ġthe,0.025663,889,6380,4,"Ġthe:1.0000;,:0.0000;):0.0000;%:0.0000;*:0.0000","Ġthe:0.0257;,:0.0252;Ġand:0.0175;Ċ:0.0161;.:0.0140"
<unk>,unk_token,3,0,27,<,2954,Ċ,layer_6,Ġthe,0.999997,1042,5288,8,Ġthe,0.025223,893,6392,4,"Ġthe:1.0000;,:0.0000;):0.0000;%:0.0000;*:0.0000","Ġthe:0.0252;,:0.0250;Ġand:0.0173;Ċ:0.0158;.:0.0139"
<unk>,unk_token,3,0,27,<,2954,Ċ,layer_7,Ġthe,0.999997,1048,5304,8,Ġthe,0.02497,896,6406,4,"Ġthe:1.0000;,:0.0000;):0.0000;%:0.0000;*:0.0000","Ġthe:0.0250;,:0.0249;Ġand:0.0172;Ċ:0.0157;.:0.0139"
<unk>,unk_token,3,0,27,<,2954,Ċ,layer_8,Ġthe,0.999996,1053,5313,8,",",0.024871,897,6462,4,"Ġthe:1.0000;,:0.0000;):0.0000;%:0.0000;*:0.0000",",:0.0249;Ġthe:0.0248;Ġand:0.0171;Ċ:0.0156;.:0.0139"
<unk>,unk_token,3,0,27,<,2954,Ċ,layer_9,Ġthe,0.999994,1062,5325,8,",",0.025066,896,6473,4,"Ġthe:1.0000;,:0.0000;):0.0000;%:0.0000;*:0.0000",",:0.0251;Ġthe:0.0248;Ġand:0.0172;Ċ:0.0157;.:0.0139"
<unk>,unk_token,3,0,27,<,2954,Ċ,layer_10,Ġthe,0.999992,1061,5337,8,",",0.025286,877,6521,4,"Ġthe:1.0000;,:0.0000;):0.0000;%:0.0000;*:0.0000",",:0.0253;Ġthe:0.0248;Ġand:0.0173;Ċ:0.0157;.:0.0141"
<unk>,unk_token,3,0,27,<,2954,Ċ,layer_11,Ġthe,0.99999,1067,5338,8,",",0.02569,874,6552,4,"Ġthe:1.0000;,:0.0000;):0.0000;%:0.0000;*:0.0000",",:0.0257;Ġthe:0.0250;Ġand:0.0176;Ċ:0.0159;.:0.0144"
<unk>,unk_token,3,0,27,<,2954,Ċ,layer_12,Ġthe,0.996238,453,5792,6,Ċ,0.029959,40,3498,1,"Ġthe:0.9962;,:0.0038;-:0.0000;.:0.0000;Ġa:0.0000",Ċ:0.0300;.:0.0135;1:0.0118;-:0.0102;0:0.0093
<unk>,unk_token,3,0,27,<,2954,Ċ,final_logits,Ċ,0.029959,40,3498,1,,,,,,Ċ:0.0300;.:0.0135;1:0.0118;-:0.0102;0:0.0093,
<unk>,unk_token,3,1,2954,unk,29,it,emb,unk,0.810133,1,47830,38691,unk,1.0,1,45862,17432,unk:0.8101;unks:0.0076;unker:0.0012;unky:0.0003;inking:0.0001,unk:1.0000;unks:0.0000;unker:0.0000;Ġunden:0.0000;unky:0.0000
<unk>,unk_token,3,1,2954,unk,29,it,layer_1,unk,0.997715,1,1110,93,unk,0.992684,1,743,311,"unk:0.9977;a:0.0006;Ġ':0.0004;,:0.0002;-:0.0002",unk:0.9927;geon:0.0008;iel:0.0003;buster:0.0003;Ġlump:0.0002
<unk>,unk_token,3,1,2954,unk,29,it,layer_2,unk,0.91176,1,470,74,unk,0.806067,1,142,168,unk:0.9118;a:0.0248;-:0.0164;l:0.0140;Ġa:0.0094,unk:0.8061;geon:0.0156;ock:0.0076;l:0.0074;buster:0.0070
<unk>,unk_token,3,1,2954,unk,29,it,layer_3,a,0.39657,18,146,50,unk,0.172293,1,19,95,"a:0.3966;-:0.2966;Ġa:0.1018;,:0.0557;.:0.0392",unk:0.1723;ip:0.0824;a:0.0588;ock:0.0330;ra:0.0303
<unk>,unk_token,3,1,2954,unk,29,it,layer_4,-,0.914172,35,104,114,unk,0.135248,1,15,194,"-:0.9142;,:0.0371;Ġand:0.0124;.:0.0091;Ġa:0.0072",unk:0.1352;ed:0.0511;script:0.0340;buster:0.0332;ock:0.0327
<unk>,unk_token,3,1,2954,unk,29,it,layer_5,-,0.968404,96,95,149,ed,0.42511,7,11,223,"-:0.9684;,:0.0283;Ġin:0.0013;.:0.0009;ed:0.0008",ed:0.4251;rew:0.0482;-:0.0406;rem:0.0325;buster:0.0301
<unk>,unk_token,3,1,2954,unk,29,it,layer_6,-,0.97693,199,76,141,ed,0.265292,10,5,166,"-:0.9769;,:0.0224;.:0.0004;Ġin:0.0002;Ġof:0.0000",ed:0.2653;-:0.0685;ert:0.0684;_:0.0384;>:0.0375
<unk>,unk_token,3,1,2954,unk,29,it,layer_7,-,0.998736,298,47,91,ed,0.422548,24,5,103,"-:0.9987;,:0.0012;.:0.0000;::0.0000;Ġin:0.0000",ed:0.4225;ert:0.0834;-:0.0825;rew:0.0631;>:0.0441
<unk>,unk_token,3,1,2954,unk,29,it,layer_8,-,0.999831,511,57,105,ed,0.436028,57,3,101,"-:0.9998;,:0.0002;.:0.0000;Ġin:0.0000;Ġthe:0.0000",ed:0.4360;-:0.0885;>:0.0703;_:0.0555;ert:0.0441
<unk>,unk_token,3,1,2954,unk,29,it,layer_9,-,0.99891,873,95,122,_,0.205131,96,4,86,"-:0.9989;,:0.0011;.:0.0000;Ġthe:0.0000;Ġin:0.0000",_:0.2051;ed:0.1409;-:0.1010;>:0.0760;dir:0.0278
<unk>,unk_token,3,1,2954,unk,29,it,layer_10,-,0.844133,1706,201,109,_,0.494948,258,8,45,"-:0.8441;,:0.1558;.:0.0001;Ġthe:0.0000;Ġin:0.0000",_:0.4949;ed:0.0582;-:0.0547;now:0.0259;en:0.0246
<unk>,unk_token,3,1,2954,unk,29,it,layer_11,",",0.996885,2893,305,126,_,0.358073,400,5,10,",:0.9969;-:0.0031;.:0.0000;Ġthe:0.0000;Ġand:0.0000","_:0.3581;-:0.0531;now:0.0259;"":0.0231;>:0.0212"
<unk>,unk_token,3,1,2954,unk,29,it,layer_12,",",1.0,3659,450,169,it,0.041091,418,7,1,",:1.0000;Ġthe:0.0000;-:0.0000;.:0.0000;Ġand:0.0000",it:0.0411;]:0.0388;_:0.0321;id:0.0270;now:0.0255
<unk>,unk_token,3,1,2954,unk,29,it,final_logits,it,0.041091,418,7,1,,,,,,it:0.0411;]:0.0388;_:0.0321;id:0.0270;now:0.0255,
<unk>,unk_token,3,2,29,>,,Ġ<,emb,>,0.073645,1,,102,>,0.999999,1,,225,">:0.0736;>.:0.0179;>,:0.0137;>):0.0137;>"":0.0127",">:1.0000;>.:0.0000;>):0.0000;>,:0.0000;>"":0.0000"
<unk>,unk_token,3,2,29,>,,Ġ<,layer_1,Ġthe,0.244279,48,,17,_>,0.678076,3,,4,"Ġthe:0.2443;Ġa:0.1830;Ġ>:0.1161;Ġ"":0.0748;Ġand:0.0724",_>:0.6781;Ġ>:0.2754;>:0.0157;Ġ<:0.0066;Ġ-:0.0012
<unk>,unk_token,3,2,29,>,,Ġ<,layer_2,Ġ>,0.902188,33,,9,_>,0.523513,3,,5,Ġ>:0.9022;Ġ-:0.0468;Ġa:0.0249;Ġthe:0.0047;Ġand:0.0035,_>:0.5235;Ġ>:0.4420;>:0.0086;Ġ::0.0050;Ġ<:0.0034
<unk>,unk_token,3,2,29,>,,Ġ<,layer_3,Ġa,0.423596,101,,7,Ġ>,0.501541,7,,3,Ġa:0.4236;Ġthe:0.1742;Ġ>:0.1105;Ġ-:0.1082;Ġand:0.0907,Ġ>:0.5015;_>:0.3287;Ġ<:0.0509;Ġ::0.0376;Ġ-:0.0072
<unk>,unk_token,3,2,29,>,,Ġ<,layer_4,Ġthe,0.354564,137,,3,Ġ>,0.455238,9,,2,Ġthe:0.3546;Ġa:0.3519;Ġ<:0.1647;Ġand:0.0332;Ġ>:0.0245,Ġ>:0.4552;Ġ<:0.3908;Ġ::0.0198;Ġ/:0.0118;ĠPh:0.0078
<unk>,unk_token,3,2,29,>,,Ġ<,layer_5,Ġand,0.300781,195,,6,Ġ<,0.410512,18,,1,Ġand:0.3008;Ġthe:0.2999;Ġa:0.2948;Ċ:0.0555;Ġto:0.0140,Ġ<:0.4105;Ġ>:0.3000;Ġ::0.0420;Ġ/:0.0401;ĠPh:0.0165
<unk>,unk_token,3,2,29,>,,Ġ<,layer_6,Ġa,0.417338,212,,5,Ġ<,0.538875,16,,1,Ġa:0.4173;Ċ:0.2033;Ġand:0.1912;Ġthe:0.0819;Ġ<:0.0477,Ġ<:0.5389;Ġ>:0.2160;Ġ::0.0838;Ġ/:0.0210;Ġ</:0.0113
<unk>,unk_token,3,2,29,>,,Ġ<,layer_7,Ġa,0.29921,334,,5,Ġ<,0.836165,49,,1,Ġa:0.2992;Ġand:0.2931;Ġthe:0.2006;Ċ:0.1644;Ġ<:0.0163,Ġ<:0.8362;Ġ>:0.0331;Ġ::0.0291;Ġ/:0.0131;ĠX:0.0088
<unk>,unk_token,3,2,29,>,,Ġ<,layer_8,Ġand,0.51113,475,,7,Ġ<,0.945968,77,,1,"Ġand:0.5111;Ċ:0.2251;Ġthe:0.1549;Ġa:0.0576;,:0.0327",Ġ<:0.9460;Ġ::0.0142;Ġ>:0.0057;Ġ</:0.0047;Ġ/:0.0045
<unk>,unk_token,3,2,29,>,,Ġ<,layer_9,Ċ,0.38513,661,,18,Ġ<,0.896252,128,,1,"Ċ:0.3851;,:0.2565;Ġand:0.1758;Ġthe:0.1734;Ġa:0.0075",Ġ<:0.8963;Ġ::0.0248;Ġ[:0.0122;Ġ-:0.0086;Ġ</:0.0084
<unk>,unk_token,3,2,29,>,,Ġ<,layer_10,Ġthe,0.473227,782,,26,Ġ<,0.875059,184,,1,"Ġthe:0.4732;Ċ:0.3031;Ġand:0.1097;Ġ(:0.0732;,:0.0383",Ġ<:0.8751;Ġ</:0.0219;Ġ::0.0099;Ġ-:0.0079;Ċ:0.0070
<unk>,unk_token,3,2,29,>,,Ġ<,layer_11,Ġthe,0.993477,861,,92,Ġ<,0.394778,157,,1,"Ġthe:0.9935;,:0.0065;Ġand:0.0000;Ġa:0.0000;Ċ:0.0000",Ġ<:0.3948;Ċ:0.0528;Ġ-:0.0312;Ġ</:0.0298;Ġ[:0.0283
<unk>,unk_token,3,2,29,>,,Ġ<,layer_12,Ġthe,1.0,900,,231,Ġ<,0.121188,192,,1,"Ġthe:1.0000;,:0.0000;Ġand:0.0000;Ġa:0.0000;-:0.0000",Ġ<:0.1212;Ċ:0.0504;Ġ[:0.0339;Ġ(:0.0317;Ġ-:0.0274
<unk>,unk_token,3,2,29,>,,Ġ<,final_logits,Ġ<,0.121188,192,,1,,,,,,Ġ<:0.1212;Ċ:0.0504;Ġ[:0.0339;Ġ(:0.0317;Ġ-:0.0274,
<|endoftext|>,special_bos,1,0,50256,<|endoftext|>,,Ċ,emb,<|endoftext|>,0.031155,1,,3,<|endoftext|>,1.0,1,,329,<|endoftext|>:0.0312;Advertisements:0.0004;Ċ:0.0003;ĊĊ:0.0003;Ġconduc:0.0002,<|endoftext|>:1.0000;Ġchalleng:0.0000;Ġconduc:0.0000;Ġconfir:0.0000;Ġtherap:0.0000
<|endoftext|>,special_bos,1,0,50256,<|endoftext|>,,Ċ,layer_1,",",0.824048,36,,3,Ċ,0.344422,2,,1,",:0.8240;Ġthe:0.1590;Ċ:0.0169;.:0.0000;Ġand:0.0000","Ċ:0.3444;<|endoftext|>:0.0296;The:0.0206;,:0.0084;"":0.0079"
<|endoftext|>,special_bos,1,0,50256,<|endoftext|>,,Ċ,layer_2,",",0.516321,72,,6,Ċ,0.080099,28,,1,",:0.5163;Ġthe:0.4837;-:0.0000;Ġand:0.0000;.:0.0000","Ċ:0.0801;,:0.0464;Ġthe:0.0387;Ġand:0.0281;.:0.0258"
<|endoftext|>,special_bos,1,0,50256,<|endoftext|>,,Ċ,layer_3,Ġthe,0.995757,109,,8,",",0.02691,57,,3,"Ġthe:0.9958;,:0.0042;):0.0000;%:0.0000;*:0.0000",",:0.0269;Ġthe:0.0256;Ċ:0.0195;Ġand:0.0180;.:0.0148"
<|endoftext|>,special_bos,1,0,50256,<|endoftext|>,,Ċ,layer_4,Ġthe,0.9974,109,,8,",",0.027061,58,,3,"Ġthe:0.9974;,:0.0026;):0.0000;%:0.0000;*:0.0000",",:0.0271;Ġthe:0.0258;Ċ:0.0192;Ġand:0.0181;.:0.0149"
<|endoftext|>,special_bos,1,0,50256,<|endoftext|>,,Ċ,layer_5,Ġthe,0.997606,109,,8,",",0.026887,60,,3,"Ġthe:0.9976;,:0.0024;):0.0000;%:0.0000;*:0.0000",",:0.0269;Ġthe:0.0257;Ċ:0.0188;Ġand:0.0179;.:0.0148"
<|endoftext|>,special_bos,1,0,50256,<|endoftext|>,,Ċ,layer_6,Ġthe,0.997237,110,,8,",",0.026548,60,,3,"Ġthe:0.9972;,:0.0028;):0.0000;%:0.0000;*:0.0000",",:0.0265;Ġthe:0.0252;Ċ:0.0183;Ġand:0.0177;.:0.0146"
<|endoftext|>,special_bos,1,0,50256,<|endoftext|>,,Ċ,layer_7,Ġthe,0.996436,110,,8,",",0.026424,60,,3,"Ġthe:0.9964;,:0.0036;):0.0000;%:0.0000;*:0.0000",",:0.0264;Ġthe:0.0250;Ċ:0.0181;Ġand:0.0176;.:0.0146"
<|endoftext|>,special_bos,1,0,50256,<|endoftext|>,,Ċ,layer_8,Ġthe,0.995333,110,,8,",",0.026437,60,,3,"Ġthe:0.9953;,:0.0047;):0.0000;%:0.0000;*:0.0000",",:0.0264;Ġthe:0.0249;Ċ:0.0181;Ġand:0.0176;.:0.0145"
<|endoftext|>,special_bos,1,0,50256,<|endoftext|>,,Ċ,layer_9,Ġthe,0.991609,110,,8,",",0.026673,59,,3,"Ġthe:0.9916;,:0.0084;):0.0000;%:0.0000;*:0.0000",",:0.0267;Ġthe:0.0248;Ċ:0.0182;Ġand:0.0177;.:0.0147"
<|endoftext|>,special_bos,1,0,50256,<|endoftext|>,,Ċ,layer_10,Ġthe,0.98724,110,,8,",",0.02695,59,,3,"Ġthe:0.9872;,:0.0128;):0.0000;%:0.0000;*:0.0000",",:0.0269;Ġthe:0.0249;Ċ:0.0184;Ġand:0.0178;.:0.0149"
<|endoftext|>,special_bos,1,0,50256,<|endoftext|>,,Ċ,layer_11,Ġthe,0.976356,110,,8,",",0.027445,59,,3,"Ġthe:0.9764;,:0.0236;):0.0000;%:0.0000;*:0.0000",",:0.0274;Ġthe:0.0250;Ċ:0.0187;Ġand:0.0181;.:0.0152"
<|endoftext|>,special_bos,1,0,50256,<|endoftext|>,,Ċ,layer_12,",",0.987472,75,,3,Ċ,0.062299,65,,1,",:0.9875;Ġthe:0.0125;Ċ:0.0000;.:0.0000;-:0.0000","Ċ:0.0623;The:0.0377;"":0.0241;A:0.0194;I:0.0183"
<|endoftext|>,special_bos,1,0,50256,<|endoftext|>,,Ċ,final_logits,Ċ,0.062299,65,,1,,,,,,"Ċ:0.0623;The:0.0377;"":0.0241;A:0.0194;I:0.0183",
<|endoftext|>,special_eos,1,0,50256,<|endoftext|>,,Ċ,emb,<|endoftext|>,0.031155,1,,3,<|endoftext|>,1.0,1,,329,<|endoftext|>:0.0312;Advertisements:0.0004;Ċ:0.0003;ĊĊ:0.0003;Ġconduc:0.0002,<|endoftext|>:1.0000;Ġchalleng:0.0000;Ġconduc:0.0000;Ġconfir:0.0000;Ġtherap:0.0000
<|endoftext|>,special_eos,1,0,50256,<|endoftext|>,,Ċ,layer_1,",",0.824048,36,,3,Ċ,0.344422,2,,1,",:0.8240;Ġthe:0.1590;Ċ:0.0169;.:0.0000;Ġand:0.0000","Ċ:0.3444;<|endoftext|>:0.0296;The:0.0206;,:0.0084;"":0.0079"
<|endoftext|>,special_eos,1,0,50256,<|endoftext|>,,Ċ,layer_2,",",0.516321,72,,6,Ċ,0.080099,28,,1,",:0.5163;Ġthe:0.4837;-:0.0000;Ġand:0.0000;.:0.0000","Ċ:0.0801;,:0.0464;Ġthe:0.0387;Ġand:0.0281;.:0.0258"
<|endoftext|>,special_eos,1,0,50256,<|endoftext|>,,Ċ,layer_3,Ġthe,0.995757,109,,8,",",0.02691,57,,3,"Ġthe:0.9958;,:0.0042;):0.0000;%:0.0000;*:0.0000",",:0.0269;Ġthe:0.0256;Ċ:0.0195;Ġand:0.0180;.:0.0148"
<|endoftext|>,special_eos,1,0,50256,<|endoftext|>,,Ċ,layer_4,Ġthe,0.9974,109,,8,",",0.027061,58,,3,"Ġthe:0.9974;,:0.0026;):0.0000;%:0.0000;*:0.0000",",:0.0271;Ġthe:0.0258;Ċ:0.0192;Ġand:0.0181;.:0.0149"
<|endoftext|>,special_eos,1,0,50256,<|endoftext|>,,Ċ,layer_5,Ġthe,0.997606,109,,8,",",0.026887,60,,3,"Ġthe:0.9976;,:0.0024;):0.0000;%:0.0000;*:0.0000",",:0.0269;Ġthe:0.0257;Ċ:0.0188;Ġand:0.0179;.:0.0148"
<|endoftext|>,special_eos,1,0,50256,<|endoftext|>,,Ċ,layer_6,Ġthe,0.997237,110,,8,",",0.026548,60,,3,"Ġthe:0.9972;,:0.0028;):0.0000;%:0.0000;*:0.0000",",:0.0265;Ġthe:0.0252;Ċ:0.0183;Ġand:0.0177;.:0.0146"
<|endoftext|>,special_eos,1,0,50256,<|endoftext|>,,Ċ,layer_7,Ġthe,0.996436,110,,8,",",0.026424,60,,3,"Ġthe:0.9964;,:0.0036;):0.0000;%:0.0000;*:0.0000",",:0.0264;Ġthe:0.0250;Ċ:0.0181;Ġand:0.0176;.:0.0146"
<|endoftext|>,special_eos,1,0,50256,<|endoftext|>,,Ċ,layer_8,Ġthe,0.995333,110,,8,",",0.026437,60,,3,"Ġthe:0.9953;,:0.0047;):0.0000;%:0.0000;*:0.0000",",:0.0264;Ġthe:0.0249;Ċ:0.0181;Ġand:0.0176;.:0.0145"
<|endoftext|>,special_eos,1,0,50256,<|endoftext|>,,Ċ,layer_9,Ġthe,0.991609,110,,8,",",0.026673,59,,3,"Ġthe:0.9916;,:0.0084;):0.0000;%:0.0000;*:0.0000",",:0.0267;Ġthe:0.0248;Ċ:0.0182;Ġand:0.0177;.:0.0147"
<|endoftext|>,special_eos,1,0,50256,<|endoftext|>,,Ċ,layer_10,Ġthe,0.98724,110,,8,",",0.02695,59,,3,"Ġthe:0.9872;,:0.0128;):0.0000;%:0.0000;*:0.0000",",:0.0269;Ġthe:0.0249;Ċ:0.0184;Ġand:0.0178;.:0.0149"
<|endoftext|>,special_eos,1,0,50256,<|endoftext|>,,Ċ,layer_11,Ġthe,0.976356,110,,8,",",0.027445,59,,3,"Ġthe:0.9764;,:0.0236;):0.0000;%:0.0000;*:0.0000",",:0.0274;Ġthe:0.0250;Ċ:0.0187;Ġand:0.0181;.:0.0152"
<|endoftext|>,special_eos,1,0,50256,<|endoftext|>,,Ċ,layer_12,",",0.987472,75,,3,Ċ,0.062299,65,,1,",:0.9875;Ġthe:0.0125;Ċ:0.0000;.:0.0000;-:0.0000","Ċ:0.0623;The:0.0377;"":0.0241;A:0.0194;I:0.0183"
<|endoftext|>,special_eos,1,0,50256,<|endoftext|>,,Ċ,final_logits,Ċ,0.062299,65,,1,,,,,,"Ċ:0.0623;The:0.0377;"":0.0241;A:0.0194;I:0.0183",
<|endoftext|>,special_unk,1,0,50256,<|endoftext|>,,Ċ,emb,<|endoftext|>,0.031155,1,,3,<|endoftext|>,1.0,1,,329,<|endoftext|>:0.0312;Advertisements:0.0004;Ċ:0.0003;ĊĊ:0.0003;Ġconduc:0.0002,<|endoftext|>:1.0000;Ġchalleng:0.0000;Ġconduc:0.0000;Ġconfir:0.0000;Ġtherap:0.0000
<|endoftext|>,special_unk,1,0,50256,<|endoftext|>,,Ċ,layer_1,",",0.824048,36,,3,Ċ,0.344422,2,,1,",:0.8240;Ġthe:0.1590;Ċ:0.0169;.:0.0000;Ġand:0.0000","Ċ:0.3444;<|endoftext|>:0.0296;The:0.0206;,:0.0084;"":0.0079"
<|endoftext|>,special_unk,1,0,50256,<|endoftext|>,,Ċ,layer_2,",",0.516321,72,,6,Ċ,0.080099,28,,1,",:0.5163;Ġthe:0.4837;-:0.0000;Ġand:0.0000;.:0.0000","Ċ:0.0801;,:0.0464;Ġthe:0.0387;Ġand:0.0281;.:0.0258"
<|endoftext|>,special_unk,1,0,50256,<|endoftext|>,,Ċ,layer_3,Ġthe,0.995757,109,,8,",",0.02691,57,,3,"Ġthe:0.9958;,:0.0042;):0.0000;%:0.0000;*:0.0000",",:0.0269;Ġthe:0.0256;Ċ:0.0195;Ġand:0.0180;.:0.0148"
<|endoftext|>,special_unk,1,0,50256,<|endoftext|>,,Ċ,layer_4,Ġthe,0.9974,109,,8,",",0.027061,58,,3,"Ġthe:0.9974;,:0.0026;):0.0000;%:0.0000;*:0.0000",",:0.0271;Ġthe:0.0258;Ċ:0.0192;Ġand:0.0181;.:0.0149"
<|endoftext|>,special_unk,1,0,50256,<|endoftext|>,,Ċ,layer_5,Ġthe,0.997606,109,,8,",",0.026887,60,,3,"Ġthe:0.9976;,:0.0024;):0.0000;%:0.0000;*:0.0000",",:0.0269;Ġthe:0.0257;Ċ:0.0188;Ġand:0.0179;.:0.0148"
<|endoftext|>,special_unk,1,0,50256,<|endoftext|>,,Ċ,layer_6,Ġthe,0.997237,110,,8,",",0.026548,60,,3,"Ġthe:0.9972;,:0.0028;):0.0000;%:0.0000;*:0.0000",",:0.0265;Ġthe:0.0252;Ċ:0.0183;Ġand:0.0177;.:0.0146"
<|endoftext|>,special_unk,1,0,50256,<|endoftext|>,,Ċ,layer_7,Ġthe,0.996436,110,,8,",",0.026424,60,,3,"Ġthe:0.9964;,:0.0036;):0.0000;%:0.0000;*:0.0000",",:0.0264;Ġthe:0.0250;Ċ:0.0181;Ġand:0.0176;.:0.0146"
<|endoftext|>,special_unk,1,0,50256,<|endoftext|>,,Ċ,layer_8,Ġthe,0.995333,110,,8,",",0.026437,60,,3,"Ġthe:0.9953;,:0.0047;):0.0000;%:0.0000;*:0.0000",",:0.0264;Ġthe:0.0249;Ċ:0.0181;Ġand:0.0176;.:0.0145"
<|endoftext|>,special_unk,1,0,50256,<|endoftext|>,,Ċ,layer_9,Ġthe,0.991609,110,,8,",",0.026673,59,,3,"Ġthe:0.9916;,:0.0084;):0.0000;%:0.0000;*:0.0000",",:0.0267;Ġthe:0.0248;Ċ:0.0182;Ġand:0.0177;.:0.0147"
<|endoftext|>,special_unk,1,0,50256,<|endoftext|>,,Ċ,layer_10,Ġthe,0.98724,110,,8,",",0.02695,59,,3,"Ġthe:0.9872;,:0.0128;):0.0000;%:0.0000;*:0.0000",",:0.0269;Ġthe:0.0249;Ċ:0.0184;Ġand:0.0178;.:0.0149"
<|endoftext|>,special_unk,1,0,50256,<|endoftext|>,,Ċ,layer_11,Ġthe,0.976356,110,,8,",",0.027445,59,,3,"Ġthe:0.9764;,:0.0236;):0.0000;%:0.0000;*:0.0000",",:0.0274;Ġthe:0.0250;Ċ:0.0187;Ġand:0.0181;.:0.0152"
<|endoftext|>,special_unk,1,0,50256,<|endoftext|>,,Ċ,layer_12,",",0.987472,75,,3,Ċ,0.062299,65,,1,",:0.9875;Ġthe:0.0125;Ċ:0.0000;.:0.0000;-:0.0000","Ċ:0.0623;The:0.0377;"":0.0241;A:0.0194;I:0.0183"
<|endoftext|>,special_unk,1,0,50256,<|endoftext|>,,Ċ,final_logits,Ċ,0.062299,65,,1,,,,,,"Ċ:0.0623;The:0.0377;"":0.0241;A:0.0194;I:0.0183",
