word,category,n_tokens,pos,token_id,token,next_token_id,final_top1_token,probe,raw_top1,raw_top1_prob,raw_self_rank,raw_next_rank,raw_final1_rank,normed_top1,normed_top1_prob,normed_self_rank,normed_next_rank,normed_final1_rank,raw_top5,normed_top5
dog,common_noun,1,0,4682,▁dog,,",",emb,ailable,3.1e-05,34,,20637,ailable,0.002469,39,,19983,ailable:0.0000;eras:0.0000;qa:0.0000;kim:0.0000;▁Biography:0.0000,ailable:0.0025;eras:0.0008;qa:0.0008;kim:0.0007;▁Biography:0.0007
dog,common_noun,1,0,4682,▁dog,,",",layer_1,▁biologie,3.1e-05,6788,,27374,ẩ,0.011575,1167,,13041,▁biologie:0.0000;ẩ:0.0000;plaat:0.0000;◄:0.0000;▁giornata:0.0000,ẩ:0.0116;▁/******/:0.0083;jev:0.0078;lette:0.0050;okrat:0.0039
dog,common_noun,1,0,4682,▁dog,,",",layer_2,▁kennis,9.3e-05,20963,,32649,▁biologie,0.000383,6827,,6348,▁kennis:0.0001;▁Fuß:0.0001;▁biologie:0.0001;▁bekan:0.0001;plaat:0.0001,▁biologie:0.0004;▁kennis:0.0004;▁péri:0.0003;▁Fuß:0.0003;Ż:0.0003
dog,common_noun,1,0,4682,▁dog,,",",layer_4,▁kennis,9.3e-05,20990,,32653,▁biologie,0.000403,6939,,7234,▁kennis:0.0001;▁Fuß:0.0001;▁biologie:0.0001;▁bekan:0.0001;plaat:0.0001,▁biologie:0.0004;▁kennis:0.0004;▁péri:0.0003;▁Fuß:0.0003;Ż:0.0003
dog,common_noun,1,0,4682,▁dog,,",",layer_7,▁kennis,9.2e-05,20454,,32657,▁biologie,0.000441,6004,,7243,▁kennis:0.0001;▁Fuß:0.0001;▁biologie:0.0001;▁bekan:0.0001;plaat:0.0001,▁biologie:0.0004;▁kennis:0.0004;▁péri:0.0003;Ż:0.0003;▁Fuß:0.0003
dog,common_noun,1,0,4682,▁dog,,",",layer_11,▁kennis,8.4e-05,18156,,32586,▁biologie,0.00068,2716,,2072,▁kennis:0.0001;▁biologie:0.0001;▁Fuß:0.0001;▁bekan:0.0001;▁dévelop:0.0001,▁biologie:0.0007;▁kennis:0.0005;▁ál:0.0004;▁péri:0.0004;Ż:0.0003
dog,common_noun,1,0,4682,▁dog,,",",layer_14,▁kennis,7.6e-05,16364,,32580,▁biologie,0.000735,1030,,2663,▁kennis:0.0001;▁biologie:0.0001;▁Fuß:0.0001;▁bekan:0.0001;▁dévelop:0.0001,▁biologie:0.0007;▁kennis:0.0007;▁ál:0.0005;Ż:0.0004;▁péri:0.0004
dog,common_noun,1,0,4682,▁dog,,",",layer_18,▁kennis,6.1e-05,11472,,29185,▁morte,0.000468,91,,197,▁kennis:0.0001;▁biologie:0.0001;▁Fuß:0.0001;▁dévelop:0.0001;▁bekan:0.0001,▁morte:0.0005;↔:0.0004;🟠:0.0004;▁vé:0.0004;rcu:0.0004
dog,common_noun,1,0,4682,▁dog,,",",layer_21,▁biologie,0.000145,4180,,29391,dog,0.006263,3,,2522,▁biologie:0.0001;▁kennis:0.0001;▁Fuß:0.0001;▁dévelop:0.0001;▁bekan:0.0001,dog:0.0063;▁biologie:0.0061;▁dog:0.0047;▁dogs:0.0024;▁Dog:0.0017
dog,common_noun,1,0,4682,▁dog,,",",layer_23,▁kennis,0.000231,3703,,31109,dog,0.011523,2,,2954,▁kennis:0.0002;▁biologie:0.0002;▁Fuß:0.0002;▁bekan:0.0002;▁dévelop:0.0002,dog:0.0115;▁dog:0.0089;▁biologie:0.0041;▁dogs:0.0028;▁Dog:0.0024
dog,common_noun,1,0,4682,▁dog,,",",layer_25,▁biologie,0.000235,3519,,28008,dog,0.011974,2,,664,▁biologie:0.0002;▁kennis:0.0002;▁Fuß:0.0002;▁bekan:0.0002;▁dévelop:0.0002,dog:0.0120;▁dog:0.0082;▁biologie:0.0044;▁Dog:0.0023;gy:0.0021
dog,common_noun,1,0,4682,▁dog,,",",layer_27,▁biologie,0.000228,2508,,20528,dog,0.017224,2,,115,▁biologie:0.0002;▁kennis:0.0002;▁Fuß:0.0002;▁bekan:0.0002;▁dévelop:0.0001,dog:0.0172;▁dog:0.0148;gy:0.0062;▁biologie:0.0058;▁bark:0.0041
dog,common_noun,1,0,4682,▁dog,,",",layer_28,▁biologie,0.000183,1320,,14440,dog,0.036984,2,,75,▁biologie:0.0002;▁kennis:0.0002;▁Fuß:0.0001;▁bekan:0.0001;▁dévelop:0.0001,dog:0.0370;▁dog:0.0259;gy:0.0100;▁bark:0.0068;▁biologie:0.0068
dog,common_noun,1,0,4682,▁dog,,",",layer_29,▁biologie,0.000129,2871,,5402,gy,0.023353,33,,22,▁biologie:0.0001;▁kennis:0.0001;▁bekan:0.0001;▁Fuß:0.0001;▁péri:0.0001,gy:0.0234;▁breed:0.0078;-:0.0067;gie:0.0065;▁handler:0.0059
dog,common_noun,1,0,4682,▁dog,,",",layer_31,▁biologie,9.9e-05,146,,98,▁owners,0.026252,41,,6,▁biologie:0.0001;▁kennis:0.0001;plaat:0.0001;▁Fuß:0.0001;▁bekan:0.0001,▁owners:0.0263;▁owner:0.0250;gy:0.0246;matic:0.0141;-:0.0139
dog,common_noun,1,0,4682,▁dog,,",",layer_32,",",0.000105,88,,1,",",0.075838,55,,1,",:0.0001;.:0.0001;▁and:0.0001;’:0.0001;':0.0001",",:0.0758;.:0.0634;▁and:0.0358;’:0.0327;▁is:0.0248"
dog,common_noun,1,0,4682,▁dog,,",",final_logits,",",0.076295,55,,1,,,,,,",:0.0763;.:0.0633;▁and:0.0360;’:0.0318;▁is:0.0248",
table,common_noun,1,0,3169,▁table,,.,emb,arly,3.1e-05,3,,24795,arly,0.00138,2,,22959,arly:0.0000;unde:0.0000;▁table:0.0000;ennis:0.0000;IPS:0.0000,arly:0.0014;▁table:0.0010;unde:0.0009;ennis:0.0008;IPS:0.0006
table,common_noun,1,0,3169,▁table,,.,layer_1,▁kennis,3.1e-05,5435,,31126,ẩ,0.015809,104,,21046,▁kennis:0.0000;▁biologie:0.0000;ẩ:0.0000;plaat:0.0000;rcu:0.0000,ẩ:0.0158;▁Вла:0.0025;lette:0.0023;╔:0.0019;éta:0.0018
table,common_noun,1,0,3169,▁table,,.,layer_2,▁kennis,9.9e-05,31240,,32622,▁kennis,0.000477,8027,,6353,▁kennis:0.0001;▁Fuß:0.0001;▁biologie:0.0001;▁bekan:0.0001;plaat:0.0001,▁kennis:0.0005;▁biologie:0.0004;Ż:0.0003;▁Fuß:0.0003;▁dévelop:0.0003
table,common_noun,1,0,3169,▁table,,.,layer_4,▁kennis,9.9e-05,31240,,32626,▁kennis,0.000481,8362,,7017,▁kennis:0.0001;▁Fuß:0.0001;▁biologie:0.0001;▁bekan:0.0001;plaat:0.0001,▁kennis:0.0005;▁biologie:0.0004;Ż:0.0003;▁péri:0.0003;▁dévelop:0.0003
table,common_noun,1,0,3169,▁table,,.,layer_7,▁kennis,9.8e-05,31154,,32616,▁biologie,0.000491,8763,,6787,▁kennis:0.0001;▁Fuß:0.0001;▁biologie:0.0001;▁bekan:0.0001;plaat:0.0001,▁biologie:0.0005;▁kennis:0.0005;Ż:0.0003;▁dévelop:0.0003;▁péri:0.0003
table,common_noun,1,0,3169,▁table,,.,layer_11,▁kennis,9e-05,30571,,32473,▁biologie,0.000756,5627,,1407,▁kennis:0.0001;▁biologie:0.0001;▁Fuß:0.0001;▁bekan:0.0001;▁dévelop:0.0001,▁biologie:0.0008;▁kennis:0.0007;▁ál:0.0004;Ż:0.0003;▁péri:0.0003
table,common_noun,1,0,3169,▁table,,.,layer_14,▁kennis,8.2e-05,30508,,32436,▁kennis,0.001016,6086,,1444,▁kennis:0.0001;▁biologie:0.0001;▁Fuß:0.0001;▁bekan:0.0001;▁dévelop:0.0001,▁kennis:0.0010;▁biologie:0.0008;▁ál:0.0005;Ż:0.0004;▁péri:0.0004
table,common_noun,1,0,3169,▁table,,.,layer_18,▁kennis,6.3e-05,18319,,31711,rcu,0.000881,71,,2743,▁kennis:0.0001;▁biologie:0.0001;▁Fuß:0.0001;▁dévelop:0.0001;scriptstyle:0.0001,rcu:0.0009;rdev:0.0008;▁biologie:0.0006;scriptstyle:0.0004;▁vess:0.0004
table,common_noun,1,0,3169,▁table,,.,layer_21,▁kennis,0.000118,2737,,30272,▁table,0.044682,1,,3714,▁kennis:0.0001;▁biologie:0.0001;▁Fuß:0.0001;▁dévelop:0.0001;plaat:0.0001,▁table:0.0447;table:0.0140;▁TABLE:0.0062;▁tables:0.0059;▁Table:0.0044
table,common_noun,1,0,3169,▁table,,.,layer_23,▁kennis,0.000211,3091,,31159,▁table,0.047713,1,,2453,▁kennis:0.0002;▁biologie:0.0002;▁Fuß:0.0002;▁dévelop:0.0001;plaat:0.0001,▁table:0.0477;table:0.0089;▁Table:0.0082;▁tables:0.0063;Table:0.0043
table,common_noun,1,0,3169,▁table,,.,layer_25,▁kennis,0.00022,2906,,28771,▁table,0.040754,1,,913,▁kennis:0.0002;▁biologie:0.0002;▁Fuß:0.0002;plaat:0.0001;▁dévelop:0.0001,▁table:0.0408;table:0.0076;▁tables:0.0057;▁Table:0.0050;▁TABLE:0.0029
table,common_noun,1,0,3169,▁table,,.,layer_27,▁kennis,0.000193,5750,,21190,au,0.003177,3,,113,▁kennis:0.0002;▁biologie:0.0002;▁Fuß:0.0002;plaat:0.0001;▁bekan:0.0001,au:0.0032;top:0.0025;▁table:0.0024;aux:0.0014;▁ál:0.0014
table,common_noun,1,0,3169,▁table,,.,layer_28,▁kennis,0.00014,4655,,13607,au,0.005458,3,,30,▁kennis:0.0001;▁biologie:0.0001;▁Fuß:0.0001;plaat:0.0001;scriptstyle:0.0001,au:0.0055;top:0.0051;▁table:0.0029;ts:0.0024;aux:0.0024
table,common_noun,1,0,3169,▁table,,.,layer_29,▁kennis,0.0001,3119,,3853,au,0.026323,14,,7,▁kennis:0.0001;▁biologie:0.0001;▁Fuß:0.0001;plaat:0.0001;scriptstyle:0.0001,au:0.0263;top:0.0100;ts:0.0073;-:0.0049;_:0.0048
table,common_noun,1,0,3169,▁table,,.,layer_31,▁biologie,8.6e-05,135,,26,ts,0.095657,19,,3,▁biologie:0.0001;plaat:0.0001;ts:0.0001;▁Fuß:0.0001;top:0.0001,"ts:0.0957;top:0.0393;.:0.0313;au:0.0178;,:0.0097"
table,common_noun,1,0,3169,▁table,,.,layer_32,.,0.000122,41,,1,.,0.136617,24,,1,".:0.0001;,:0.0001;ts:0.0001;▁and:0.0001;<0x0A>:0.0001",".:0.1366;ts:0.1156;,:0.0892;▁and:0.0334;▁is:0.0286"
table,common_noun,1,0,3169,▁table,,.,final_logits,.,0.134728,24,,1,,,,,,".:0.1347;ts:0.1189;,:0.0870;▁and:0.0330;▁is:0.0282",
water,common_noun,1,0,2898,▁water,,.,emb,fen,3.1e-05,5,,24441,fen,0.001413,6,,23622,fen:0.0000;water:0.0000;▁merc:0.0000;borne:0.0000;▁water:0.0000,fen:0.0014;▁merc:0.0010;water:0.0010;borne:0.0006;falls:0.0006
water,common_noun,1,0,2898,▁water,,.,layer_1,▁biologie,3.1e-05,8336,,31410,ẩ,0.01791,786,,24272,▁biologie:0.0000;plaatst:0.0000;ẩ:0.0000;ķ:0.0000;▁kennis:0.0000,ẩ:0.0179;ász:0.0101;Servlet:0.0040;lette:0.0039;▁/******/:0.0038
water,common_noun,1,0,2898,▁water,,.,layer_2,▁kennis,0.00011,30889,,32623,▁biologie,0.000443,25200,,7063,▁kennis:0.0001;▁Fuß:0.0001;▁biologie:0.0001;▁bekan:0.0001;plaat:0.0001,▁biologie:0.0004;▁kennis:0.0004;▁péri:0.0003;▁Fuß:0.0003;Ż:0.0003
water,common_noun,1,0,2898,▁water,,.,layer_4,▁kennis,0.00011,30859,,32636,▁biologie,0.000476,25143,,7976,▁kennis:0.0001;▁Fuß:0.0001;▁biologie:0.0001;▁bekan:0.0001;plaat:0.0001,▁biologie:0.0005;▁kennis:0.0004;▁péri:0.0003;▁Fuß:0.0003;Ż:0.0003
water,common_noun,1,0,2898,▁water,,.,layer_7,▁kennis,0.000109,30819,,32633,▁biologie,0.000527,25034,,8960,▁kennis:0.0001;▁Fuß:0.0001;▁biologie:0.0001;▁bekan:0.0001;plaat:0.0001,▁biologie:0.0005;▁kennis:0.0005;▁péri:0.0003;Ż:0.0003;▁dévelop:0.0003
water,common_noun,1,0,2898,▁water,,.,layer_11,▁kennis,0.0001,30623,,32519,▁biologie,0.000821,22091,,2226,▁kennis:0.0001;▁biologie:0.0001;▁Fuß:0.0001;▁bekan:0.0001;▁dévelop:0.0001,▁biologie:0.0008;▁kennis:0.0007;▁ál:0.0004;▁péri:0.0004;Ż:0.0004
water,common_noun,1,0,2898,▁water,,.,layer_14,▁kennis,9.1e-05,30095,,32476,▁kennis,0.000938,19072,,2080,▁kennis:0.0001;▁biologie:0.0001;▁Fuß:0.0001;▁bekan:0.0001;▁dévelop:0.0001,▁kennis:0.0009;▁biologie:0.0009;▁ál:0.0005;▁péri:0.0004;Ż:0.0004
water,common_noun,1,0,2898,▁water,,.,layer_18,▁kennis,6.6e-05,16660,,31039,▁biologie,0.000792,298,,884,▁kennis:0.0001;▁biologie:0.0001;▁Fuß:0.0001;scriptstyle:0.0001;▁dévelop:0.0001,▁biologie:0.0008;borne:0.0008;scriptstyle:0.0006;▁vess:0.0006;▁libre:0.0005
water,common_noun,1,0,2898,▁water,,.,layer_21,▁biologie,0.000147,4033,,28762,▁water,0.010461,1,,775,▁biologie:0.0001;▁kennis:0.0001;▁Fuß:0.0001;plaat:0.0001;▁dévelop:0.0001,▁water:0.0105;Water:0.0093;▁biologie:0.0084;water:0.0051;▁Water:0.0048
water,common_noun,1,0,2898,▁water,,.,layer_23,▁biologie,0.000238,4189,,30638,▁water,0.012482,1,,1044,▁biologie:0.0002;▁kennis:0.0002;▁Fuß:0.0002;▁bekan:0.0002;plaat:0.0002,▁water:0.0125;Water:0.0120;water:0.0085;▁Water:0.0069;▁biologie:0.0066
water,common_noun,1,0,2898,▁water,,.,layer_25,▁biologie,0.00024,4696,,27874,Water,0.007427,3,,342,▁biologie:0.0002;▁kennis:0.0002;▁Fuß:0.0002;plaat:0.0002;▁bekan:0.0002,Water:0.0074;▁biologie:0.0066;▁water:0.0060;water:0.0058;▁Water:0.0041
water,common_noun,1,0,2898,▁water,,.,layer_27,▁biologie,0.000224,4816,,20207,▁biologie,0.005482,3,,62,▁biologie:0.0002;▁kennis:0.0002;▁Fuß:0.0002;plaat:0.0001;▁bekan:0.0001,▁biologie:0.0055;mel:0.0049;▁water:0.0039;Water:0.0031;▁bottles:0.0030
water,common_noun,1,0,2898,▁water,,.,layer_28,▁biologie,0.000176,4178,,13403,mel,0.01187,10,,36,▁biologie:0.0002;▁kennis:0.0002;▁Fuß:0.0001;plaat:0.0001;▁bekan:0.0001,mel:0.0119;-:0.0066;▁bottles:0.0065;▁biologie:0.0057;▁bottle:0.0055
water,common_noun,1,0,2898,▁water,,.,layer_29,▁biologie,0.000123,2012,,5413,-,0.018535,13,,24,▁biologie:0.0001;▁kennis:0.0001;▁Fuß:0.0001;лази:0.0001;plaat:0.0001,-:0.0185;mel:0.0172;falls:0.0108;proof:0.0106;ed:0.0098
water,common_noun,1,0,2898,▁water,,.,layer_31,▁biologie,8.9e-05,2433,,24,mel,0.045323,536,,4,▁biologie:0.0001;mel:0.0001;plaat:0.0001;front:0.0001;fall:0.0001,mel:0.0453;-:0.0292;front:0.0205;.:0.0197;▁and:0.0194
water,common_noun,1,0,2898,▁water,,.,layer_32,.,0.00011,242,,1,.,0.090786,128,,1,".:0.0001;,:0.0001;▁and:0.0001;<0x0A>:0.0001;-:0.0001",".:0.0908;,:0.0815;▁and:0.0564;▁to:0.0250;▁is:0.0236"
water,common_noun,1,0,2898,▁water,,.,final_logits,.,0.091288,124,,1,,,,,,".:0.0913;,:0.0806;▁and:0.0554;▁to:0.0246;-:0.0231",
music,common_noun,1,0,4195,▁music,,",",emb,▁Springs,3.1e-05,238,,20278,▁Springs,0.000759,385,,23128,▁Springs:0.0000;▁Syn:0.0000;▁SY:0.0000;ött:0.0000;<0xA4>:0.0000,▁Springs:0.0008;▁Syn:0.0006;<0xA4>:0.0005;vez:0.0005;▁/***/:0.0005
music,common_noun,1,0,4195,▁music,,",",layer_1,ША,3.1e-05,1925,,29465,ẩ,0.01081,67,,16945,ША:0.0000;ẩ:0.0000;◄:0.0000;ķ:0.0000;▁biologie:0.0000,ẩ:0.0108;okrat:0.0049;lette:0.0042;ША:0.0038;◄:0.0033
music,common_noun,1,0,4195,▁music,,",",layer_2,▁kennis,0.000112,23772,,32662,▁kennis,0.000459,19267,,8541,▁kennis:0.0001;▁Fuß:0.0001;▁biologie:0.0001;▁bekan:0.0001;plaat:0.0001,▁kennis:0.0005;▁biologie:0.0004;Ż:0.0003;▁péri:0.0003;▁Fuß:0.0003
music,common_noun,1,0,4195,▁music,,",",layer_4,▁kennis,0.000112,23627,,32666,▁kennis,0.000461,18254,,10762,▁kennis:0.0001;▁Fuß:0.0001;▁biologie:0.0001;▁bekan:0.0001;plaat:0.0001,▁kennis:0.0005;▁biologie:0.0005;Ż:0.0003;▁péri:0.0003;▁Fuß:0.0003
music,common_noun,1,0,4195,▁music,,",",layer_7,▁kennis,0.000111,23111,,32670,▁biologie,0.000492,14785,,11171,▁kennis:0.0001;▁Fuß:0.0001;▁biologie:0.0001;▁bekan:0.0001;plaat:0.0001,▁biologie:0.0005;▁kennis:0.0005;Ż:0.0004;▁péri:0.0003;▁Fuß:0.0003
music,common_noun,1,0,4195,▁music,,",",layer_11,▁kennis,0.000102,21675,,32635,▁biologie,0.00073,8919,,4763,▁kennis:0.0001;▁biologie:0.0001;▁Fuß:0.0001;▁bekan:0.0001;▁dévelop:0.0001,▁biologie:0.0007;▁kennis:0.0007;▁ál:0.0004;Ż:0.0004;▁péri:0.0004
music,common_noun,1,0,4195,▁music,,",",layer_14,▁kennis,9.3e-05,20789,,32616,▁kennis,0.000973,7169,,5227,▁kennis:0.0001;▁biologie:0.0001;▁Fuß:0.0001;▁bekan:0.0001;▁dévelop:0.0001,▁kennis:0.0010;▁biologie:0.0008;▁ál:0.0006;Ż:0.0005;▁péri:0.0004
music,common_noun,1,0,4195,▁music,,",",layer_18,▁kennis,6.7e-05,11281,,30198,▁ál,0.000724,71,,287,▁kennis:0.0001;▁biologie:0.0001;▁Fuß:0.0001;▁dévelop:0.0001;scriptstyle:0.0001,▁ál:0.0007;rcu:0.0006;rdev:0.0006;▁biologie:0.0006;▁vé:0.0005
music,common_noun,1,0,4195,▁music,,",",layer_21,▁kennis,0.000142,4988,,28099,▁biologie,0.005319,4,,718,▁kennis:0.0001;▁biologie:0.0001;▁Fuß:0.0001;▁dévelop:0.0001;▁bekan:0.0001,▁biologie:0.0053;▁ál:0.0036;▁mús:0.0032;▁music:0.0030;▁música:0.0030
music,common_noun,1,0,4195,▁music,,",",layer_23,▁kennis,0.000229,6464,,30707,▁biologie,0.003771,5,,1468,▁kennis:0.0002;▁biologie:0.0002;▁Fuß:0.0002;▁bekan:0.0002;▁dévelop:0.0002,▁biologie:0.0038;▁mús:0.0028;▁ál:0.0023;▁música:0.0022;▁music:0.0022
music,common_noun,1,0,4195,▁music,,",",layer_25,▁biologie,0.000224,5440,,28651,▁biologie,0.003699,4,,575,▁biologie:0.0002;▁kennis:0.0002;▁Fuß:0.0002;▁bekan:0.0002;▁dévelop:0.0001,▁biologie:0.0037;▁mús:0.0022;▁ál:0.0021;▁music:0.0020;▁lyrics:0.0018
music,common_noun,1,0,4195,▁music,,",",layer_27,▁biologie,0.000221,4875,,18938,▁biologie,0.004214,4,,69,▁biologie:0.0002;▁kennis:0.0002;▁Fuß:0.0002;▁bekan:0.0001;▁dévelop:0.0001,▁biologie:0.0042;▁mús:0.0032;▁ál:0.0027;▁music:0.0025;▁festival:0.0024
music,common_noun,1,0,4195,▁music,,",",layer_28,▁biologie,0.000174,3781,,11407,▁music,0.003996,1,,26,▁biologie:0.0002;▁kennis:0.0002;▁Fuß:0.0001;▁dévelop:0.0001;▁péri:0.0001,▁music:0.0040;▁biologie:0.0040;▁ál:0.0036;▁genre:0.0036;▁festival:0.0032
music,common_noun,1,0,4195,▁music,,",",layer_29,▁biologie,0.000123,2281,,5155,▁genre,0.004808,5,,7,▁biologie:0.0001;▁kennis:0.0001;▁Fuß:0.0001;scriptstyle:0.0001;▁péri:0.0001,▁genre:0.0048;▁played:0.0046;▁festival:0.0045;-:0.0042;▁music:0.0042
music,common_noun,1,0,4195,▁music,,",",layer_31,▁biologie,7.3e-05,348,,5,▁and,0.046824,138,,2,"▁biologie:0.0001;▁industry:0.0001;▁festival:0.0001;▁and:0.0001;,:0.0001","▁and:0.0468;,:0.0299;▁industry:0.0273;.:0.0222;▁is:0.0126"
music,common_noun,1,0,4195,▁music,,",",layer_32,",",0.000145,120,,1,",",0.134936,47,,1,",:0.0001;.:0.0001;▁and:0.0001;<0x0A>:0.0001;▁is:0.0001",",:0.1349;.:0.1058;▁and:0.0787;▁is:0.0327;▁in:0.0289"
music,common_noun,1,0,4195,▁music,,",",final_logits,",",0.135246,47,,1,,,,,,",:0.1352;.:0.1053;▁and:0.0771;▁is:0.0321;▁in:0.0283",
idea,common_noun,1,0,3796,▁idea,,▁of,emb,idea,3.1e-05,4,,4253,idea,0.001102,4,,4100,idea:0.0000;▁ideas:0.0000;erial:0.0000;▁idea:0.0000;abeth:0.0000,idea:0.0011;▁ideas:0.0010;erial:0.0008;▁idea:0.0008;▁Ori:0.0005
idea,common_noun,1,0,3796,▁idea,,▁of,layer_1,▁biologie,3.1e-05,686,,24226,lette,0.005129,37,,16696,▁biologie:0.0000;ẩ:0.0000;▁occas:0.0000;▁giornata:0.0000;шти:0.0000,lette:0.0051;▁diff:0.0049;ẩ:0.0043;ász:0.0040;cembre:0.0037
idea,common_noun,1,0,3796,▁idea,,▁of,layer_2,▁kennis,0.000118,23922,,32545,▁kennis,0.000434,10416,,6793,▁kennis:0.0001;▁Fuß:0.0001;▁biologie:0.0001;▁bekan:0.0001;plaat:0.0001,▁kennis:0.0004;▁biologie:0.0004;Ż:0.0003;▁Fuß:0.0003;▁dévelop:0.0003
idea,common_noun,1,0,3796,▁idea,,▁of,layer_4,▁kennis,0.000118,23714,,32553,▁kennis,0.000435,9663,,7617,▁kennis:0.0001;▁Fuß:0.0001;▁biologie:0.0001;▁bekan:0.0001;plaat:0.0001,▁kennis:0.0004;▁biologie:0.0004;Ż:0.0003;▁péri:0.0003;▁Fuß:0.0003
idea,common_noun,1,0,3796,▁idea,,▁of,layer_7,▁kennis,0.000118,23420,,32560,▁kennis,0.00044,9807,,9664,▁kennis:0.0001;▁Fuß:0.0001;▁biologie:0.0001;▁bekan:0.0001;plaat:0.0001,▁kennis:0.0004;▁biologie:0.0004;Ż:0.0003;▁dévelop:0.0003;▁péri:0.0003
idea,common_noun,1,0,3796,▁idea,,▁of,layer_11,▁kennis,0.000108,22779,,32483,▁biologie,0.000612,8001,,4460,▁kennis:0.0001;▁biologie:0.0001;▁Fuß:0.0001;▁bekan:0.0001;▁dévelop:0.0001,▁biologie:0.0006;▁kennis:0.0006;▁ál:0.0004;Ż:0.0004;▁péri:0.0003
idea,common_noun,1,0,3796,▁idea,,▁of,layer_14,▁kennis,9.8e-05,22139,,32439,▁kennis,0.000848,6843,,4070,▁kennis:0.0001;▁biologie:0.0001;▁Fuß:0.0001;▁bekan:0.0001;▁dévelop:0.0001,▁kennis:0.0008;▁biologie:0.0006;▁ál:0.0005;Ż:0.0004;▁dévelop:0.0003
idea,common_noun,1,0,3796,▁idea,,▁of,layer_18,▁kennis,6.2e-05,12654,,28755,ґ,0.000582,206,,546,▁kennis:0.0001;▁biologie:0.0001;▁Fuß:0.0001;▁dévelop:0.0001;scriptstyle:0.0001,ґ:0.0006;▁vé:0.0005;ギ:0.0005;🟠:0.0005;▁dévelop:0.0005
idea,common_noun,1,0,3796,▁idea,,▁of,layer_21,▁kennis,0.00012,2668,,21208,▁idea,0.021682,1,,98,▁kennis:0.0001;▁biologie:0.0001;▁dévelop:0.0001;plaat:0.0001;▁Fuß:0.0001,▁idea:0.0217;▁ideas:0.0189;idea:0.0097;▁ál:0.0022;▁biologie:0.0020
idea,common_noun,1,0,3796,▁idea,,▁of,layer_23,▁kennis,0.000189,3665,,24917,▁idea,0.011964,1,,101,▁kennis:0.0002;▁biologie:0.0002;▁Fuß:0.0001;plaat:0.0001;▁dévelop:0.0001,▁idea:0.0120;▁ideas:0.0055;idea:0.0043;▁ál:0.0022;▁biologie:0.0014
idea,common_noun,1,0,3796,▁idea,,▁of,layer_25,▁kennis,0.000178,4952,,19007,▁idea,0.003049,1,,21,▁kennis:0.0002;▁biologie:0.0002;▁Fuß:0.0002;plaat:0.0001;▁dévelop:0.0001,▁idea:0.0030;▁ál:0.0022;▁ideas:0.0012;idea:0.0011;▁biologie:0.0009
idea,common_noun,1,0,3796,▁idea,,▁of,layer_27,▁kennis,0.000167,4495,,11353,▁idea,0.003198,1,,5,▁kennis:0.0002;▁biologie:0.0002;▁Fuß:0.0001;plaat:0.0001;▁dévelop:0.0001,▁idea:0.0032;▁origin:0.0021;▁ideas:0.0016;▁ál:0.0016;▁of:0.0015
idea,common_noun,1,0,3796,▁idea,,▁of,layer_28,▁kennis,0.000118,2268,,3837,▁of,0.014742,3,,1,▁kennis:0.0001;▁biologie:0.0001;plaat:0.0001;▁Fuß:0.0001;▁dévelop:0.0001,▁of:0.0147;▁that:0.0105;▁idea:0.0075;-:0.0047;▁to:0.0044
idea,common_noun,1,0,3796,▁idea,,▁of,layer_29,▁biologie,8.8e-05,1879,,455,▁of,0.055612,31,,1,▁biologie:0.0001;▁kennis:0.0001;plaat:0.0001;scriptstyle:0.0001;▁dévelop:0.0001,"▁of:0.0556;▁that:0.0246;▁behind:0.0231;▁is:0.0164;,:0.0120"
idea,common_noun,1,0,3796,▁idea,,▁of,layer_31,▁of,9e-05,20,,1,▁of,0.309247,23,,1,▁of:0.0001;▁that:0.0001;▁behind:0.0001;▁is:0.0001;▁to:0.0001,▁of:0.3092;▁that:0.1005;▁to:0.0404;▁behind:0.0384;▁is:0.0303
idea,common_noun,1,0,3796,▁idea,,▁of,layer_32,.,0.000191,118,,2,▁of,0.25493,75,,1,".:0.0002;▁of:0.0002;,:0.0002;▁that:0.0002;▁to:0.0002","▁of:0.2549;▁that:0.1042;,:0.0709;.:0.0694;▁to:0.0672"
idea,common_noun,1,0,3796,▁idea,,▁of,final_logits,▁of,0.252522,75,,1,,,,,,"▁of:0.2525;▁that:0.1053;,:0.0723;▁to:0.0680;.:0.0680",
house,common_noun,1,0,2902,▁house,,.,emb,oku,3.1e-05,2971,,25717,▁/******/,0.000752,3327,,27063,oku:0.0000;builtin:0.0000;arden:0.0000;DRV:0.0000;▁VA:0.0000,▁/******/:0.0008;oku:0.0005;▁VA:0.0004;arden:0.0004;builtin:0.0004
house,common_noun,1,0,2902,▁house,,.,layer_1,▁biologie,3.1e-05,5854,,29817,ẩ,0.006043,256,,19354,▁biologie:0.0000;◄:0.0000;ẩ:0.0000;▁dévelop:0.0000;plaat:0.0000,ẩ:0.0060;okrat:0.0041;iek:0.0027;WARE:0.0026;◄:0.0026
house,common_noun,1,0,2902,▁house,,.,layer_2,▁kennis,0.00012,27553,,32617,▁kennis,0.000451,18410,,6375,▁kennis:0.0001;▁Fuß:0.0001;▁biologie:0.0001;▁bekan:0.0001;plaat:0.0001,▁kennis:0.0005;▁biologie:0.0004;▁dévelop:0.0003;▁péri:0.0003;Ż:0.0003
house,common_noun,1,0,2902,▁house,,.,layer_4,▁kennis,0.00012,27565,,32622,▁kennis,0.000452,18808,,7147,▁kennis:0.0001;▁Fuß:0.0001;▁biologie:0.0001;▁bekan:0.0001;plaat:0.0001,▁kennis:0.0005;▁biologie:0.0004;▁dévelop:0.0003;▁péri:0.0003;Ż:0.0003
house,common_noun,1,0,2902,▁house,,.,layer_7,▁kennis,0.00012,27453,,32620,▁biologie,0.000475,18290,,7108,▁kennis:0.0001;▁Fuß:0.0001;▁biologie:0.0001;▁bekan:0.0001;plaat:0.0001,▁biologie:0.0005;▁kennis:0.0005;▁dévelop:0.0003;Ż:0.0003;▁péri:0.0003
house,common_noun,1,0,2902,▁house,,.,layer_11,▁kennis,0.00011,26872,,32499,▁biologie,0.000675,15696,,1988,▁kennis:0.0001;▁biologie:0.0001;▁Fuß:0.0001;▁bekan:0.0001;▁dévelop:0.0001,▁biologie:0.0007;▁kennis:0.0006;Ż:0.0004;▁dévelop:0.0004;▁péri:0.0004
house,common_noun,1,0,2902,▁house,,.,layer_14,▁kennis,9.9e-05,27288,,32469,▁kennis,0.000844,18386,,1785,▁kennis:0.0001;▁biologie:0.0001;▁Fuß:0.0001;▁bekan:0.0001;▁dévelop:0.0001,▁kennis:0.0008;▁biologie:0.0007;▁ál:0.0004;Ż:0.0004;▁dévelop:0.0004
house,common_noun,1,0,2902,▁house,,.,layer_18,▁kennis,6.5e-05,20336,,31691,rcu,0.000779,2513,,1254,▁kennis:0.0001;▁biologie:0.0001;▁Fuß:0.0001;▁dévelop:0.0001;scriptstyle:0.0001,rcu:0.0008;rdev:0.0006;▁dévelop:0.0006;scriptstyle:0.0005;ギ:0.0004
house,common_noun,1,0,2902,▁house,,.,layer_21,▁biologie,0.000132,7531,,30289,▁biologie,0.007151,5,,1493,▁biologie:0.0001;▁kennis:0.0001;▁Fuß:0.0001;▁dévelop:0.0001;plaat:0.0001,▁biologie:0.0072;▁ál:0.0033;rcu:0.0031;keeping:0.0015;▁house:0.0012
house,common_noun,1,0,2902,▁house,,.,layer_23,▁kennis,0.000215,7976,,31402,▁biologie,0.003204,6,,1194,▁kennis:0.0002;▁biologie:0.0002;▁Fuß:0.0002;plaat:0.0002;▁bekan:0.0002,▁biologie:0.0032;▁ál:0.0024;rcu:0.0018;house:0.0012;keeping:0.0012
house,common_noun,1,0,2902,▁house,,.,layer_25,▁kennis,0.000216,7907,,29074,▁biologie,0.003844,8,,339,▁kennis:0.0002;▁biologie:0.0002;▁Fuß:0.0002;plaat:0.0002;▁bekan:0.0002,▁biologie:0.0038;▁ál:0.0027;keeping:0.0024;rcu:0.0015;house:0.0013
house,common_noun,1,0,2902,▁house,,.,layer_27,▁kennis,0.000207,8370,,22392,▁biologie,0.003904,19,,41,▁kennis:0.0002;▁biologie:0.0002;▁Fuß:0.0002;plaat:0.0002;▁bekan:0.0001,▁biologie:0.0039;keeping:0.0035;▁ál:0.0029;keeper:0.0014;boat:0.0014
house,common_noun,1,0,2902,▁house,,.,layer_28,▁biologie,0.000159,7183,,13995,keeping,0.010927,23,,21,▁biologie:0.0002;▁kennis:0.0002;▁Fuß:0.0001;plaat:0.0001;▁bekan:0.0001,keeping:0.0109;▁ál:0.0039;▁biologie:0.0036;mates:0.0036;-:0.0033
house,common_noun,1,0,2902,▁house,,.,layer_29,▁biologie,0.000119,3507,,5115,keeping,0.020989,14,,8,▁biologie:0.0001;▁kennis:0.0001;▁Fuß:0.0001;plaat:0.0001;▁bekan:0.0001,keeping:0.0210;mates:0.0069;mate:0.0065;-:0.0060;work:0.0052
house,common_noun,1,0,2902,▁house,,.,layer_31,▁biologie,9.2e-05,198,,6,.,0.056627,63,,1,▁biologie:0.0001;plaat:0.0001;▁Fuß:0.0001;▁kennis:0.0001;keeping:0.0001,".:0.0566;,:0.0329;▁and:0.0201;▁in:0.0190;keeping:0.0157"
house,common_noun,1,0,2902,▁house,,.,layer_32,.,0.000126,118,,1,.,0.131795,59,,1,".:0.0001;,:0.0001;▁and:0.0001;▁in:0.0001;▁is:0.0001",".:0.1318;,:0.1283;▁and:0.0581;▁in:0.0433;▁of:0.0379"
house,common_noun,1,0,2902,▁house,,.,final_logits,",",0.131523,55,,1,,,,,,",:0.1315;.:0.1315;▁and:0.0584;▁in:0.0427;▁of:0.0377",
science,common_noun,1,0,7459,▁science,,",",emb,▁seam,3.1e-05,22,,13796,▁seam,0.00095,29,,17117,▁seam:0.0000;▁Georges:0.0000;uper:0.0000;▁chim:0.0000;xfe:0.0000,▁seam:0.0009;▁Georges:0.0008;uper:0.0007;▁chim:0.0007;xfe:0.0006
science,common_noun,1,0,7459,▁science,,",",layer_1,▁biologie,3.1e-05,2441,,23882,ẩ,0.006686,175,,6505,▁biologie:0.0000;plaat:0.0000;ẩ:0.0000;ژ:0.0000;▁giornata:0.0000,ẩ:0.0067;lette:0.0060;cembre:0.0035;▁/******/:0.0034;▁giornata:0.0028
science,common_noun,1,0,7459,▁science,,",",layer_2,▁kennis,9.8e-05,24445,,32651,▁kennis,0.000425,16186,,6819,▁kennis:0.0001;▁Fuß:0.0001;▁biologie:0.0001;▁bekan:0.0001;plaat:0.0001,▁kennis:0.0004;▁biologie:0.0004;▁Fuß:0.0003;Ż:0.0003;▁péri:0.0003
science,common_noun,1,0,7459,▁science,,",",layer_4,▁kennis,9.8e-05,24374,,32657,▁biologie,0.000456,15785,,7747,▁kennis:0.0001;▁Fuß:0.0001;▁biologie:0.0001;▁bekan:0.0001;plaat:0.0001,▁biologie:0.0005;▁kennis:0.0004;Ż:0.0003;▁Fuß:0.0003;▁péri:0.0003
science,common_noun,1,0,7459,▁science,,",",layer_7,▁kennis,9.8e-05,24041,,32658,▁biologie,0.000521,13830,,9496,▁kennis:0.0001;▁Fuß:0.0001;▁biologie:0.0001;▁bekan:0.0001;plaat:0.0001,▁biologie:0.0005;▁kennis:0.0005;Ż:0.0003;▁péri:0.0003;▁Fuß:0.0003
science,common_noun,1,0,7459,▁science,,",",layer_11,▁kennis,9e-05,23636,,32618,▁biologie,0.000812,13471,,3217,▁kennis:0.0001;▁biologie:0.0001;▁Fuß:0.0001;▁bekan:0.0001;plaat:0.0001,▁biologie:0.0008;▁kennis:0.0006;▁ál:0.0005;Ż:0.0004;▁péri:0.0004
science,common_noun,1,0,7459,▁science,,",",layer_14,▁kennis,8.1e-05,22823,,32596,▁kennis,0.000938,10957,,3290,▁kennis:0.0001;▁biologie:0.0001;▁Fuß:0.0001;▁bekan:0.0001;▁dévelop:0.0001,▁kennis:0.0009;▁biologie:0.0009;▁ál:0.0006;Ż:0.0004;▁péri:0.0004
science,common_noun,1,0,7459,▁science,,",",layer_18,▁kennis,6.4e-05,10128,,30136,▁ál,0.000857,37,,582,▁kennis:0.0001;▁biologie:0.0001;▁Fuß:0.0001;▁dévelop:0.0001;scriptstyle:0.0001,▁ál:0.0009;rcu:0.0008;▁vé:0.0008;▁biologie:0.0006;▁dévelop:0.0005
science,common_noun,1,0,7459,▁science,,",",layer_21,▁kennis,0.000112,2501,,18658,▁science,0.014485,1,,121,▁kennis:0.0001;▁biologie:0.0001;▁Fuß:0.0001;▁dévelop:0.0001;▁bekan:0.0001,▁science:0.0145;▁sciences:0.0097;▁Science:0.0078;▁biologie:0.0057;science:0.0039
science,common_noun,1,0,7459,▁science,,",",layer_23,▁kennis,0.000193,2135,,23722,▁science,0.029308,1,,189,▁kennis:0.0002;▁biologie:0.0002;▁Fuß:0.0001;▁bekan:0.0001;▁dévelop:0.0001,▁science:0.0293;▁Science:0.0156;▁sciences:0.0107;science:0.0086;▁fiction:0.0042
science,common_noun,1,0,7459,▁science,,",",layer_25,▁biologie,0.000194,1629,,19706,▁science,0.036222,1,,103,▁biologie:0.0002;▁kennis:0.0002;▁Fuß:0.0001;▁bekan:0.0001;▁dévelop:0.0001,▁science:0.0362;▁Science:0.0139;▁fiction:0.0107;▁sciences:0.0089;science:0.0077
science,common_noun,1,0,7459,▁science,,",",layer_27,▁biologie,0.000188,6175,,9674,▁fiction,0.045128,52,,9,▁biologie:0.0002;▁kennis:0.0002;▁Fuß:0.0001;▁bekan:0.0001;▁dévelop:0.0001,▁fiction:0.0451;-:0.0128;▁literature:0.0027;▁biologie:0.0023;▁ál:0.0019
science,common_noun,1,0,7459,▁science,,",",layer_28,▁biologie,0.00015,4822,,5493,▁fiction,0.068754,55,,5,▁biologie:0.0002;▁kennis:0.0001;▁Fuß:0.0001;▁dévelop:0.0001;▁bekan:0.0001,"▁fiction:0.0688;-:0.0413;▁literature:0.0048;▁and:0.0039;,:0.0030"
science,common_noun,1,0,7459,▁science,,",",layer_29,▁biologie,0.000105,3327,,1402,▁fiction,0.089077,128,,5,▁biologie:0.0001;▁kennis:0.0001;▁Fuß:0.0001;Ż:0.0001;▁bekan:0.0001,"▁fiction:0.0891;-:0.0695;▁and:0.0087;▁literature:0.0084;,:0.0077"
science,common_noun,1,0,7459,▁science,,",",layer_31,▁fiction,9.3e-05,888,,3,▁and,0.148954,453,,3,"▁fiction:0.0001;▁and:0.0001;,:0.0001;.:0.0001;-:0.0001","▁and:0.1490;▁fiction:0.0642;,:0.0514;-:0.0363;.:0.0331"
science,common_noun,1,0,7459,▁science,,",",layer_32,.,0.000162,448,,3,",",0.131703,229,,1,".:0.0002;▁and:0.0002;,:0.0002;-:0.0001;▁fiction:0.0001",",:0.1317;▁and:0.1253;.:0.0810;▁fiction:0.0672;▁of:0.0379"
science,common_noun,1,0,7459,▁science,,",",final_logits,",",0.133763,222,,1,,,,,,",:0.1338;▁and:0.1257;.:0.0811;▁fiction:0.0673;▁of:0.0383",
coffee,common_noun,1,0,7813,▁coffee,,▁and,emb,▁bean,3.1e-05,5,,4339,▁bean,0.00109,3,,3674,▁bean:0.0000;▁stud:0.0000;esc:0.0000;uge:0.0000;▁coffee:0.0000,▁bean:0.0011;▁stud:0.0010;▁coffee:0.0008;bras:0.0007;esc:0.0007
coffee,common_noun,1,0,7813,▁coffee,,▁and,layer_1,▁kennis,3.1e-05,3186,,24840,ẩ,0.020892,99,,10883,▁kennis:0.0000;▁biologie:0.0000;ẩ:0.0000;plaat:0.0000;ٹ:0.0000,ẩ:0.0209;▁/******/:0.0092;▁giornata:0.0034;ász:0.0026;чин:0.0020
coffee,common_noun,1,0,7813,▁coffee,,▁and,layer_2,▁kennis,8e-05,23468,,32699,▁kennis,0.000536,15203,,13067,▁kennis:0.0001;▁Fuß:0.0001;▁biologie:0.0001;▁bekan:0.0001;plaat:0.0001,▁kennis:0.0005;▁biologie:0.0004;▁péri:0.0003;▁dévelop:0.0003;Ż:0.0003
coffee,common_noun,1,0,7813,▁coffee,,▁and,layer_4,▁kennis,8e-05,23351,,32707,▁kennis,0.000561,14404,,15515,▁kennis:0.0001;▁Fuß:0.0001;▁biologie:0.0001;▁bekan:0.0001;plaat:0.0001,▁kennis:0.0006;▁biologie:0.0004;▁péri:0.0004;▁dévelop:0.0003;Ż:0.0003
coffee,common_noun,1,0,7813,▁coffee,,▁and,layer_7,▁kennis,8e-05,22761,,32716,▁kennis,0.000554,12185,,17483,▁kennis:0.0001;▁Fuß:0.0001;▁biologie:0.0001;▁bekan:0.0001;plaat:0.0001,▁kennis:0.0006;▁biologie:0.0005;▁péri:0.0004;▁dévelop:0.0003;Ż:0.0003
coffee,common_noun,1,0,7813,▁coffee,,▁and,layer_11,▁kennis,7.3e-05,21924,,32699,▁kennis,0.000892,9966,,7637,▁kennis:0.0001;▁biologie:0.0001;▁Fuß:0.0001;▁bekan:0.0001;▁dévelop:0.0001,▁kennis:0.0009;▁biologie:0.0008;▁péri:0.0005;▁ál:0.0004;Ż:0.0004
coffee,common_noun,1,0,7813,▁coffee,,▁and,layer_14,▁kennis,6.7e-05,19952,,32697,▁kennis,0.001398,5212,,10850,▁kennis:0.0001;▁biologie:0.0001;▁Fuß:0.0001;▁bekan:0.0001;▁dévelop:0.0001,▁kennis:0.0014;▁biologie:0.0009;▁péri:0.0006;▁ál:0.0005;▁dévelop:0.0004
coffee,common_noun,1,0,7813,▁coffee,,▁and,layer_18,▁kennis,6.2e-05,11620,,30889,▁dévelop,0.000718,86,,670,▁kennis:0.0001;▁biologie:0.0001;▁Fuß:0.0001;▁dévelop:0.0001;▁bekan:0.0001,▁dévelop:0.0007;rcu:0.0007;▁kennis:0.0005;▁vé:0.0005;▁biologie:0.0005
coffee,common_noun,1,0,7813,▁coffee,,▁and,layer_21,▁biologie,8.6e-05,242,,19672,▁coffee,0.301457,1,,372,▁biologie:0.0001;▁kennis:0.0001;▁Fuß:0.0001;▁péri:0.0001;▁dévelop:0.0001,▁coffee:0.3015;▁Coffee:0.0892;▁beans:0.0223;▁coff:0.0105;▁brew:0.0088
coffee,common_noun,1,0,7813,▁coffee,,▁and,layer_23,▁kennis,0.000139,441,,22746,▁coffee,0.25184,1,,356,▁kennis:0.0001;▁biologie:0.0001;▁Fuß:0.0001;▁bekan:0.0001;▁péri:0.0001,▁coffee:0.2518;▁Coffee:0.0682;▁beans:0.0185;▁brew:0.0101;▁coff:0.0099
coffee,common_noun,1,0,7813,▁coffee,,▁and,layer_25,▁kennis,0.000139,243,,17715,▁coffee,0.290056,1,,188,▁kennis:0.0001;▁biologie:0.0001;▁Fuß:0.0001;▁bekan:0.0001;▁péri:0.0001,▁coffee:0.2901;▁Coffee:0.0503;▁shops:0.0206;▁beans:0.0180;▁shop:0.0134
coffee,common_noun,1,0,7813,▁coffee,,▁and,layer_27,▁kennis,0.000138,158,,7679,▁coffee,0.206408,1,,57,▁kennis:0.0001;▁biologie:0.0001;▁Fuß:0.0001;▁bekan:0.0001;▁péri:0.0001,▁coffee:0.2064;▁beans:0.0635;▁brew:0.0273;▁bean:0.0229;▁Coffee:0.0224
coffee,common_noun,1,0,7813,▁coffee,,▁and,layer_28,▁biologie,0.000109,463,,3402,▁beans,0.108793,8,,27,▁biologie:0.0001;▁kennis:0.0001;▁péri:0.0001;▁Fuß:0.0001;▁bekan:0.0001,▁beans:0.1088;▁brew:0.0379;▁shop:0.0316;▁drink:0.0298;▁bean:0.0236
coffee,common_noun,1,0,7813,▁coffee,,▁and,layer_29,▁biologie,8.1e-05,104,,363,▁beans,0.084862,13,,18,▁biologie:0.0001;▁kennis:0.0001;▁péri:0.0001;шти:0.0001;▁beans:0.0001,▁beans:0.0849;▁shops:0.0749;▁brew:0.0573;▁shop:0.0481;▁drink:0.0287
coffee,common_noun,1,0,7813,▁coffee,,▁and,layer_31,▁shops,9.8e-05,48,,6,▁shop,0.077288,48,,2,▁shops:0.0001;▁shop:0.0001;▁beans:0.0001;▁maker:0.0001;▁machine:0.0001,"▁shop:0.0773;▁and:0.0750;▁shops:0.0646;,:0.0414;▁or:0.0371"
coffee,common_noun,1,0,7813,▁coffee,,▁and,layer_32,",",0.000192,78,,3,",",0.10861,36,,2,",:0.0002;.:0.0002;▁and:0.0002;<0x0A>:0.0002;▁or:0.0002",",:0.1086;▁and:0.1049;.:0.0720;▁shop:0.0411;▁or:0.0303"
coffee,common_noun,1,0,7813,▁coffee,,▁and,final_logits,",",0.105781,35,,1,,,,,,",:0.1058;▁and:0.1058;.:0.0727;▁shop:0.0414;▁or:0.0303",
London,proper_noun,1,0,4990,▁London,,",",emb,ien,3.1e-05,197,,10741,ien,0.000938,115,,11684,ien:0.0000;▁Mut:0.0000;UK:0.0000;▁éc:0.0000;▁yards:0.0000,ien:0.0009;▁éc:0.0008;▁Mut:0.0007;esser:0.0007;atto:0.0006
London,proper_noun,1,0,4990,▁London,,",",layer_1,▁biologie,3.1e-05,14383,,27639,▁giornata,0.009744,3283,,12779,▁biologie:0.0000;▁giornata:0.0000;◄:0.0000;ША:0.0000;▁diffé:0.0000,▁giornata:0.0097;ẩ:0.0040;◄:0.0028;ША:0.0027;▁occas:0.0027
London,proper_noun,1,0,4990,▁London,,",",layer_2,▁kennis,0.000102,28512,,32657,▁kennis,0.000475,24577,,6972,▁kennis:0.0001;▁Fuß:0.0001;▁biologie:0.0001;▁bekan:0.0001;plaat:0.0001,▁kennis:0.0005;▁biologie:0.0005;▁péri:0.0003;▁dévelop:0.0003;Ż:0.0003
London,proper_noun,1,0,4990,▁London,,",",layer_4,▁kennis,0.000102,28286,,32662,▁kennis,0.000482,23130,,8031,▁kennis:0.0001;▁Fuß:0.0001;▁biologie:0.0001;▁bekan:0.0001;plaat:0.0001,▁kennis:0.0005;▁biologie:0.0005;▁péri:0.0004;▁dévelop:0.0003;Ż:0.0003
London,proper_noun,1,0,4990,▁London,,",",layer_7,▁kennis,0.000102,28176,,32666,▁biologie,0.000514,22634,,9622,▁kennis:0.0001;▁Fuß:0.0001;▁biologie:0.0001;▁bekan:0.0001;plaat:0.0001,▁biologie:0.0005;▁kennis:0.0005;▁péri:0.0004;▁dévelop:0.0003;Ż:0.0003
London,proper_noun,1,0,4990,▁London,,",",layer_11,▁kennis,9.4e-05,28209,,32614,▁biologie,0.000791,22320,,3507,▁kennis:0.0001;▁biologie:0.0001;▁Fuß:0.0001;▁bekan:0.0001;▁dévelop:0.0001,▁biologie:0.0008;▁kennis:0.0007;▁péri:0.0005;▁ál:0.0004;▁dévelop:0.0003
London,proper_noun,1,0,4990,▁London,,",",layer_14,▁kennis,8.6e-05,27813,,32602,▁kennis,0.000981,20204,,3723,▁kennis:0.0001;▁biologie:0.0001;▁Fuß:0.0001;▁bekan:0.0001;▁dévelop:0.0001,▁kennis:0.0010;▁biologie:0.0009;▁péri:0.0005;▁ál:0.0005;Ż:0.0004
London,proper_noun,1,0,4990,▁London,,",",layer_18,▁kennis,6.2e-05,19206,,29722,▁kennis,0.000689,1528,,353,▁kennis:0.0001;▁biologie:0.0001;▁Fuß:0.0001;▁dévelop:0.0001;▁péri:0.0001,▁kennis:0.0007;▁péri:0.0007;rcu:0.0007;▁vé:0.0005;▁dévelop:0.0005
London,proper_noun,1,0,4990,▁London,,",",layer_21,▁kennis,0.000133,7864,,26677,▁péri,0.00201,12,,632,▁kennis:0.0001;▁biologie:0.0001;▁dévelop:0.0001;▁Fuß:0.0001;▁péri:0.0001,▁péri:0.0020;▁biologie:0.0020;▁kennis:0.0018;▁mét:0.0015;▁£:0.0014
London,proper_noun,1,0,4990,▁London,,",",layer_23,▁kennis,0.000221,8459,,30616,shire,0.001697,9,,1591,▁kennis:0.0002;▁biologie:0.0002;▁Fuß:0.0002;▁dévelop:0.0002;▁péri:0.0001,shire:0.0017;▁biologie:0.0016;▁péri:0.0015;▁mét:0.0013;▁kennis:0.0012
London,proper_noun,1,0,4990,▁London,,",",layer_25,▁kennis,0.000219,4899,,28605,▁London,0.00507,1,,664,▁kennis:0.0002;▁biologie:0.0002;▁Fuß:0.0002;▁dévelop:0.0002;▁péri:0.0002,▁London:0.0051;shire:0.0034;▁£:0.0031;London:0.0024;▁mét:0.0017
London,proper_noun,1,0,4990,▁London,,",",layer_27,▁kennis,0.000208,4729,,19970,shire,0.004712,2,,57,▁kennis:0.0002;▁biologie:0.0002;▁Fuß:0.0002;▁péri:0.0002;▁dévelop:0.0001,shire:0.0047;▁London:0.0042;▁£:0.0029;▁City:0.0027;▁airport:0.0023
London,proper_noun,1,0,4990,▁London,,",",layer_28,▁kennis,0.000154,4544,,13174,shire,0.010865,4,,32,▁kennis:0.0002;▁biologie:0.0002;▁péri:0.0001;▁Fuß:0.0001;▁dévelop:0.0001,shire:0.0109;▁£:0.0079;▁City:0.0038;▁London:0.0032;▁airport:0.0031
London,proper_noun,1,0,4990,▁London,,",",layer_29,▁biologie,0.000117,2261,,6237,▁£,0.013753,4,,14,▁biologie:0.0001;▁kennis:0.0001;▁péri:0.0001;▁dévelop:0.0001;▁Fuß:0.0001,▁£:0.0138;shire:0.0078;▁City:0.0073;▁London:0.0065;ers:0.0056
London,proper_noun,1,0,4990,▁London,,",",layer_31,▁biologie,7.6e-05,40,,12,",",0.053701,5,,1,▁biologie:0.0001;▁décl:0.0001;▁Fuß:0.0001;▁péri:0.0001;▁kennis:0.0001,",:0.0537;▁and:0.0256;’:0.0206;.:0.0179;▁London:0.0098"
London,proper_noun,1,0,4990,▁London,,",",layer_32,",",0.000143,92,,1,",",0.182745,40,,1,",:0.0001;.:0.0001;<0x0A>:0.0001;▁and:0.0001;▁:0.0001",",:0.1827;.:0.1109;▁and:0.0555;<0x0A>:0.0365;’:0.0333"
London,proper_noun,1,0,4990,▁London,,",",final_logits,",",0.182457,40,,1,,,,,,",:0.1825;.:0.1107;▁and:0.0556;<0x0A>:0.0359;’:0.0338",
Einstein,proper_noun,1,0,26489,▁Einstein,,',emb,▁discipl,3.1e-05,1179,,757,▁discipl,0.001104,1709,,670,▁discipl:0.0000;▁Lav:0.0000;geb:0.0000;wort:0.0000;▁Charlotte:0.0000,▁discipl:0.0011;▁Lav:0.0010;▁Charlotte:0.0008;wort:0.0008;geb:0.0008
Einstein,proper_noun,1,0,26489,▁Einstein,,',layer_1,▁biologie,3.1e-05,10872,,10307,▁aria,0.002809,8874,,1593,▁biologie:0.0000;◄:0.0000;▁diffé:0.0000;▁giornata:0.0000;plaat:0.0000,▁aria:0.0028;◄:0.0024;ẩ:0.0022;Operations:0.0021;TabIndex:0.0019
Einstein,proper_noun,1,0,26489,▁Einstein,,',layer_2,▁kennis,7.6e-05,15180,,32491,▁biologie,0.000445,20169,,9229,▁kennis:0.0001;▁Fuß:0.0001;▁biologie:0.0001;▁bekan:0.0001;plaat:0.0001,▁biologie:0.0004;▁kennis:0.0003;▁péri:0.0003;Ż:0.0003;▁dévelop:0.0002
Einstein,proper_noun,1,0,26489,▁Einstein,,',layer_4,▁kennis,7.6e-05,15108,,32513,▁biologie,0.000485,19437,,11747,▁kennis:0.0001;▁Fuß:0.0001;▁biologie:0.0001;▁bekan:0.0001;plaat:0.0001,▁biologie:0.0005;▁kennis:0.0003;▁péri:0.0003;Ż:0.0003;▁dévelop:0.0002
Einstein,proper_noun,1,0,26489,▁Einstein,,',layer_7,▁kennis,7.6e-05,14750,,32489,▁biologie,0.000577,15996,,10631,▁kennis:0.0001;▁biologie:0.0001;▁Fuß:0.0001;▁bekan:0.0001;plaat:0.0001,▁biologie:0.0006;▁kennis:0.0004;Ż:0.0003;▁péri:0.0003;▁ál:0.0003
Einstein,proper_noun,1,0,26489,▁Einstein,,',layer_11,▁kennis,7e-05,15674,,32275,▁biologie,0.00102,20839,,4647,▁kennis:0.0001;▁biologie:0.0001;▁Fuß:0.0001;▁bekan:0.0001;▁dévelop:0.0001,▁biologie:0.0010;▁ál:0.0006;▁kennis:0.0006;▁péri:0.0004;Ż:0.0004
Einstein,proper_noun,1,0,26489,▁Einstein,,',layer_14,▁kennis,6.4e-05,14453,,32137,▁biologie,0.001167,13858,,5113,▁kennis:0.0001;▁biologie:0.0001;▁Fuß:0.0001;plaat:0.0001;▁bekan:0.0001,▁biologie:0.0012;▁kennis:0.0009;▁ál:0.0008;Ż:0.0004;▁péri:0.0004
Einstein,proper_noun,1,0,26489,▁Einstein,,',layer_18,▁kennis,6e-05,11825,,24205,▁ál,0.002168,3584,,141,▁kennis:0.0001;▁Fuß:0.0001;▁biologie:0.0001;plaat:0.0001;▁bekan:0.0001,▁ál:0.0022;▁vé:0.0006;igd:0.0006;▁spett:0.0006;ľ:0.0005
Einstein,proper_noun,1,0,26489,▁Einstein,,',layer_21,▁kennis,0.000118,3670,,10544,▁ál,0.020224,3,,13,▁kennis:0.0001;▁biologie:0.0001;plaat:0.0001;▁Fuß:0.0001;▁dévelop:0.0001,▁ál:0.0202;stein:0.0036;▁Einstein:0.0026;▁kennis:0.0025;▁biologie:0.0016
Einstein,proper_noun,1,0,26489,▁Einstein,,',layer_23,▁kennis,0.000187,3594,,10953,▁ál,0.009048,2,,9,▁kennis:0.0002;▁biologie:0.0002;▁Fuß:0.0001;plaat:0.0001;▁bekan:0.0001,▁ál:0.0090;▁Einstein:0.0033;stein:0.0026;▁kennis:0.0017;ian:0.0015
Einstein,proper_noun,1,0,26489,▁Einstein,,',layer_25,▁kennis,0.000191,2551,,9356,▁ál,0.011199,2,,11,▁kennis:0.0002;▁biologie:0.0002;▁Fuß:0.0001;plaat:0.0001;▁bekan:0.0001,▁ál:0.0112;▁Einstein:0.0072;stein:0.0029;▁equation:0.0026;▁theorem:0.0024
Einstein,proper_noun,1,0,26489,▁Einstein,,',layer_27,▁kennis,0.000191,2271,,5376,▁ál,0.010307,2,,3,▁kennis:0.0002;▁biologie:0.0002;▁Fuß:0.0001;▁bekan:0.0001;plaat:0.0001,▁ál:0.0103;▁Einstein:0.0064;':0.0048;stein:0.0036;▁theorem:0.0035
Einstein,proper_noun,1,0,26489,▁Einstein,,',layer_28,▁kennis,0.000144,1033,,3236,▁ál,0.018725,2,,3,▁kennis:0.0001;▁biologie:0.0001;▁Fuß:0.0001;▁ál:0.0001;plaat:0.0001,▁ál:0.0187;▁Einstein:0.0131;':0.0111;ian:0.0085;▁theorem:0.0082
Einstein,proper_noun,1,0,26489,▁Einstein,,',layer_29,▁kennis,9.9e-05,209,,309,',0.063294,2,,1,▁kennis:0.0001;▁biologie:0.0001;▁ál:0.0001;plaat:0.0001;▁péri:0.0001,':0.0633;▁Einstein:0.0189;▁theorem:0.0164;ian:0.0146;▁himself:0.0099
Einstein,proper_noun,1,0,26489,▁Einstein,,',layer_31,',8.4e-05,9,,1,',0.198289,13,,1,':0.0001;’:0.0001;▁equation:0.0001;ian:0.0001;▁theorem:0.0001,"':0.1983;’:0.0647;▁equation:0.0312;▁and:0.0292;,:0.0236"
Einstein,proper_noun,1,0,26489,▁Einstein,,',layer_32,",",0.000142,57,,2,',0.121218,20,,1,",:0.0001;':0.0001;’:0.0001;.:0.0001;-:0.0001","':0.1212;,:0.0943;’:0.0927;▁and:0.0454;.:0.0393"
Einstein,proper_noun,1,0,26489,▁Einstein,,',final_logits,',0.121169,20,,1,,,,,,"':0.1212;,:0.0944;’:0.0944;▁and:0.0446;.:0.0393",
Google,proper_noun,1,0,6950,▁Google,,▁Play,emb,annon,3.1e-05,1373,,532,annon,0.000948,1142,,466,annon:0.0000;▁brass:0.0000;ð:0.0000;▁Pil:0.0000;elen:0.0000,annon:0.0009;▁brass:0.0007;▁pers:0.0007;▁Pil:0.0007;ð:0.0007
Google,proper_noun,1,0,6950,▁Google,,▁Play,layer_1,ẩ,3.1e-05,14151,,10505,ẩ,0.021285,3288,,2423,ẩ:0.0000;ķ:0.0000;▁biologie:0.0000;ША:0.0000;ņ:0.0000,ẩ:0.0213;ász:0.0060;iek:0.0031;▁/******/:0.0029;ttes:0.0023
Google,proper_noun,1,0,6950,▁Google,,▁Play,layer_2,▁kennis,9.5e-05,30001,,25177,▁kennis,0.000443,16547,,16976,▁kennis:0.0001;▁Fuß:0.0001;▁biologie:0.0001;▁bekan:0.0001;plaat:0.0001,▁kennis:0.0004;▁biologie:0.0004;▁péri:0.0003;▁dévelop:0.0003;Ż:0.0003
Google,proper_noun,1,0,6950,▁Google,,▁Play,layer_4,▁kennis,9.5e-05,29981,,25199,▁biologie,0.000454,16553,,17227,▁kennis:0.0001;▁Fuß:0.0001;▁biologie:0.0001;▁bekan:0.0001;plaat:0.0001,▁biologie:0.0005;▁kennis:0.0004;▁péri:0.0003;▁dévelop:0.0003;Ż:0.0003
Google,proper_noun,1,0,6950,▁Google,,▁Play,layer_7,▁kennis,9.5e-05,29901,,25348,▁biologie,0.000501,16354,,18102,▁kennis:0.0001;▁Fuß:0.0001;▁biologie:0.0001;▁bekan:0.0001;plaat:0.0001,▁biologie:0.0005;▁kennis:0.0005;▁péri:0.0004;▁dévelop:0.0003;Ż:0.0003
Google,proper_noun,1,0,6950,▁Google,,▁Play,layer_11,▁kennis,8.7e-05,29340,,24075,▁biologie,0.000782,14085,,11697,▁kennis:0.0001;▁biologie:0.0001;▁Fuß:0.0001;▁bekan:0.0001;▁dévelop:0.0001,▁biologie:0.0008;▁kennis:0.0007;▁péri:0.0004;▁ál:0.0004;Ż:0.0004
Google,proper_noun,1,0,6950,▁Google,,▁Play,layer_14,▁kennis,8e-05,28605,,23911,▁kennis,0.00108,10519,,10570,▁kennis:0.0001;▁biologie:0.0001;▁Fuß:0.0001;▁bekan:0.0001;▁dévelop:0.0001,▁kennis:0.0011;▁biologie:0.0009;▁ál:0.0005;▁péri:0.0005;Ż:0.0004
Google,proper_noun,1,0,6950,▁Google,,▁Play,layer_18,▁kennis,6.5e-05,25114,,16395,▁péri,0.000619,3778,,912,▁kennis:0.0001;▁biologie:0.0001;▁Fuß:0.0001;▁dévelop:0.0001;plaat:0.0001,▁péri:0.0006;ľ:0.0006;▁ál:0.0005;▁vé:0.0005;▁dévelop:0.0005
Google,proper_noun,1,0,6950,▁Google,,▁Play,layer_21,▁kennis,0.000134,4826,,10347,▁Google,0.007291,1,,140,▁kennis:0.0001;▁biologie:0.0001;▁dévelop:0.0001;plaat:0.0001;▁péri:0.0001,▁Google:0.0073;Google:0.0062;▁ál:0.0033;▁google:0.0032;▁kennis:0.0030
Google,proper_noun,1,0,6950,▁Google,,▁Play,layer_23,▁kennis,0.000201,4080,,9295,▁Google,0.016082,1,,51,▁kennis:0.0002;▁biologie:0.0002;▁dévelop:0.0001;plaat:0.0001;▁Fuß:0.0001,▁Google:0.0161;Google:0.0104;▁google:0.0077;▁Chrome:0.0040;▁Android:0.0020
Google,proper_noun,1,0,6950,▁Google,,▁Play,layer_25,▁kennis,0.000189,2663,,8061,▁Google,0.046382,1,,42,▁kennis:0.0002;▁biologie:0.0002;▁dévelop:0.0001;plaat:0.0001;▁Fuß:0.0001,▁Google:0.0464;Google:0.0235;▁google:0.0161;▁Chrome:0.0118;▁Android:0.0029
Google,proper_noun,1,0,6950,▁Google,,▁Play,layer_27,▁kennis,0.000184,5122,,5300,▁Chrome,0.010368,2,,12,▁kennis:0.0002;▁biologie:0.0002;▁dévelop:0.0001;plaat:0.0001;▁Fuß:0.0001,▁Chrome:0.0104;▁Google:0.0036;Google:0.0026;▁Android:0.0026;▁biologie:0.0024
Google,proper_noun,1,0,6950,▁Google,,▁Play,layer_28,▁biologie,0.000137,4014,,3658,▁Chrome,0.014305,2,,6,▁biologie:0.0001;▁kennis:0.0001;▁dévelop:0.0001;plaat:0.0001;▁Fuß:0.0001,▁Chrome:0.0143;▁Google:0.0050;Google:0.0042;▁Anal:0.0037;▁Android:0.0034
Google,proper_noun,1,0,6950,▁Google,,▁Play,layer_29,▁biologie,0.000105,1032,,1126,▁Chrome,0.020307,2,,5,▁biologie:0.0001;▁kennis:0.0001;plaat:0.0001;▁dévelop:0.0001;▁péri:0.0001,▁Chrome:0.0203;▁Google:0.0167;▁Anal:0.0079;Google:0.0076;▁Play:0.0075
Google,proper_noun,1,0,6950,▁Google,,▁Play,layer_31,▁biologie,7.5e-05,575,,2,▁Play,0.110376,146,,1,▁biologie:0.0001;▁Play:0.0001;▁Drive:0.0001;▁Plus:0.0001;▁dévelop:0.0001,▁Play:0.1104;▁Drive:0.0340;▁Ad:0.0303;+:0.0264;▁Plus:0.0245
Google,proper_noun,1,0,6950,▁Google,,▁Play,layer_32,",",0.000101,92,,8,▁Play,0.057087,37,,1,",:0.0001;.:0.0001;’:0.0001;':0.0001;▁is:0.0001","▁Play:0.0571;,:0.0394;’:0.0371;.:0.0312;▁Ad:0.0310"
Google,proper_noun,1,0,6950,▁Google,,▁Play,final_logits,▁Play,0.05832,37,,1,,,,,,"▁Play:0.0583;,:0.0401;’:0.0377;▁Ad:0.0312;.:0.0312",
Tokyo,proper_noun,1,0,20655,▁Tokyo,,",",emb,kel,3.1e-05,316,,4023,kel,0.001633,243,,3646,kel:0.0000;alo:0.0000;▁Kil:0.0000;ръ:0.0000;▁jel:0.0000,kel:0.0016;alo:0.0013;▁Kil:0.0011;▁food:0.0007;▁jel:0.0007
Tokyo,proper_noun,1,0,20655,▁Tokyo,,",",layer_1,▁biologie,3.1e-05,7151,,23159,ẩ,0.005892,1374,,5543,▁biologie:0.0000;▁kennis:0.0000;▁diffé:0.0000;◄:0.0000;plaat:0.0000,ẩ:0.0059;▁giornata:0.0024;aku:0.0024;WARE:0.0024;╔:0.0023
Tokyo,proper_noun,1,0,20655,▁Tokyo,,",",layer_2,▁kennis,8.3e-05,19364,,32657,▁kennis,0.000462,21399,,6687,▁kennis:0.0001;▁Fuß:0.0001;▁biologie:0.0001;▁bekan:0.0001;plaat:0.0001,▁kennis:0.0005;▁biologie:0.0004;▁péri:0.0003;▁Fuß:0.0003;▁dévelop:0.0002
Tokyo,proper_noun,1,0,20655,▁Tokyo,,",",layer_4,▁kennis,8.3e-05,18747,,32660,▁kennis,0.000482,16917,,7485,▁kennis:0.0001;▁Fuß:0.0001;▁biologie:0.0001;▁bekan:0.0001;plaat:0.0001,▁kennis:0.0005;▁biologie:0.0004;▁péri:0.0003;▁Fuß:0.0003;▁dévelop:0.0002
Tokyo,proper_noun,1,0,20655,▁Tokyo,,",",layer_7,▁kennis,8.3e-05,18201,,32660,▁kennis,0.000502,13321,,7774,▁kennis:0.0001;▁Fuß:0.0001;▁biologie:0.0001;▁bekan:0.0001;plaat:0.0001,▁kennis:0.0005;▁biologie:0.0005;▁péri:0.0003;▁dévelop:0.0003;▁Fuß:0.0003
Tokyo,proper_noun,1,0,20655,▁Tokyo,,",",layer_11,▁kennis,7.8e-05,17156,,32606,▁biologie,0.000695,8490,,2284,▁kennis:0.0001;▁biologie:0.0001;▁Fuß:0.0001;▁bekan:0.0001;plaat:0.0001,▁biologie:0.0007;▁kennis:0.0007;▁péri:0.0003;▁ál:0.0003;▁dévelop:0.0003
Tokyo,proper_noun,1,0,20655,▁Tokyo,,",",layer_14,▁kennis,7.2e-05,15593,,32581,▁kennis,0.000932,4022,,2162,▁kennis:0.0001;▁biologie:0.0001;▁Fuß:0.0001;▁bekan:0.0001;plaat:0.0001,▁kennis:0.0009;▁biologie:0.0007;▁ál:0.0004;▁péri:0.0004;▁dévelop:0.0003
Tokyo,proper_noun,1,0,20655,▁Tokyo,,",",layer_18,▁kennis,5.7e-05,7955,,26651,▁Japan,0.001024,14,,134,▁kennis:0.0001;▁biologie:0.0001;▁Fuß:0.0001;▁dévelop:0.0001;▁bekan:0.0001,▁Japan:0.0010;▁Japanese:0.0010;▁vé:0.0010;▁mét:0.0007;rcu:0.0005
Tokyo,proper_noun,1,0,20655,▁Tokyo,,",",layer_21,▁kennis,0.000115,2486,,22802,▁Tokyo,0.012573,1,,233,▁kennis:0.0001;▁biologie:0.0001;▁dévelop:0.0001;▁Fuß:0.0001;▁péri:0.0001,▁Tokyo:0.0126;Tok:0.0046;▁Toy:0.0044;▁airport:0.0027;▁biologie:0.0021
Tokyo,proper_noun,1,0,20655,▁Tokyo,,",",layer_23,▁kennis,0.000186,2944,,29377,▁Tokyo,0.010767,1,,854,▁kennis:0.0002;▁biologie:0.0002;▁Fuß:0.0001;▁dévelop:0.0001;▁bekan:0.0001,▁Tokyo:0.0108;Tok:0.0043;▁Toy:0.0029;▁Olympics:0.0023;▁airport:0.0021
Tokyo,proper_noun,1,0,20655,▁Tokyo,,",",layer_25,▁kennis,0.000183,555,,25872,▁Tokyo,0.210351,1,,285,▁kennis:0.0002;▁biologie:0.0002;▁Fuß:0.0001;▁dévelop:0.0001;▁bekan:0.0001,▁Tokyo:0.2104;Tok:0.0286;▁Japan:0.0083;▁Toy:0.0066;▁Olympics:0.0050
Tokyo,proper_noun,1,0,20655,▁Tokyo,,",",layer_27,▁kennis,0.000184,802,,15460,▁Tokyo,0.074812,1,,28,▁kennis:0.0002;▁biologie:0.0002;▁Fuß:0.0001;▁dévelop:0.0001;▁péri:0.0001,▁Tokyo:0.0748;▁Japan:0.0094;Tok:0.0089;▁Olympics:0.0067;▁Toy:0.0065
Tokyo,proper_noun,1,0,20655,▁Tokyo,,",",layer_28,▁kennis,0.000141,420,,8719,▁Tokyo,0.087095,1,,14,▁kennis:0.0001;▁biologie:0.0001;▁Fuß:0.0001;▁dévelop:0.0001;▁péri:0.0001,▁Tokyo:0.0871;▁Japan:0.0177;▁Olympics:0.0132;▁Toy:0.0112;▁Japanese:0.0105
Tokyo,proper_noun,1,0,20655,▁Tokyo,,",",layer_29,▁kennis,0.000103,275,,3132,▁Tokyo,0.024777,1,,7,▁kennis:0.0001;▁biologie:0.0001;▁péri:0.0001;▁dévelop:0.0001;▁Fuß:0.0001,▁Tokyo:0.0248;▁Olympics:0.0235;-:0.0117;':0.0097;▁Toy:0.0088
Tokyo,proper_noun,1,0,20655,▁Tokyo,,",",layer_31,",",7e-05,6,,1,",",0.075123,10,,1,",:0.0001;▁Olympic:0.0001;▁Olympics:0.0001;▁décl:0.0001;▁area:0.0001",",:0.0751;.:0.0260;▁and:0.0234;▁Olympics:0.0206;▁International:0.0202"
Tokyo,proper_noun,1,0,20655,▁Tokyo,,",",layer_32,",",0.00016,30,,1,",",0.177448,13,,1,",:0.0002;.:0.0001;<0x0A>:0.0001;-:0.0001;▁and:0.0001",",:0.1774;.:0.0819;▁and:0.0356;▁to:0.0244;’:0.0222"
Tokyo,proper_noun,1,0,20655,▁Tokyo,,",",final_logits,",",0.175041,13,,1,,,,,,",:0.1750;.:0.0827;▁and:0.0367;▁to:0.0244;<0x0A>:0.0223",
Shakespeare,proper_noun,1,0,19923,▁Shakespeare,,",",emb,▁sponsored,3.1e-05,6,,6117,▁sponsored,0.001166,6,,6900,▁sponsored:0.0000;holm:0.0000;bot:0.0000;▁books:0.0000;LOT:0.0000,▁sponsored:0.0012;holm:0.0009;bot:0.0009;▁drawings:0.0008;▁books:0.0008
Shakespeare,proper_noun,1,0,19923,▁Shakespeare,,",",layer_1,▁biologie,3.1e-05,631,,25326,▁giornata,0.007465,75,,12483,▁biologie:0.0000;▁giornata:0.0000;▁diffé:0.0000;◄:0.0000;rcu:0.0000,▁giornata:0.0075;jev:0.0056;TabIndex:0.0053;ẩ:0.0030;▁aria:0.0027
Shakespeare,proper_noun,1,0,19923,▁Shakespeare,,",",layer_2,▁kennis,7.1e-05,11535,,32643,▁biologie,0.000396,8517,,5816,▁kennis:0.0001;▁Fuß:0.0001;▁biologie:0.0001;▁bekan:0.0001;plaat:0.0001,▁biologie:0.0004;▁péri:0.0003;▁kennis:0.0003;Ż:0.0003;rcu:0.0003
Shakespeare,proper_noun,1,0,19923,▁Shakespeare,,",",layer_4,▁kennis,7.1e-05,11538,,32649,▁biologie,0.000426,8594,,7029,▁kennis:0.0001;▁Fuß:0.0001;▁biologie:0.0001;▁bekan:0.0001;plaat:0.0001,▁biologie:0.0004;▁péri:0.0003;▁kennis:0.0003;Ż:0.0003;rcu:0.0003
Shakespeare,proper_noun,1,0,19923,▁Shakespeare,,",",layer_7,▁kennis,7.1e-05,11289,,32654,▁biologie,0.000511,6987,,8056,▁kennis:0.0001;▁Fuß:0.0001;▁biologie:0.0001;▁bekan:0.0001;plaat:0.0001,▁biologie:0.0005;▁péri:0.0004;Ż:0.0003;▁kennis:0.0003;▁ál:0.0003
Shakespeare,proper_noun,1,0,19923,▁Shakespeare,,",",layer_11,▁kennis,6.6e-05,11524,,32579,▁biologie,0.000882,9061,,1839,▁kennis:0.0001;▁biologie:0.0001;▁Fuß:0.0001;▁bekan:0.0001;▁dévelop:0.0001,▁biologie:0.0009;▁ál:0.0005;▁kennis:0.0004;▁péri:0.0004;Ż:0.0004
Shakespeare,proper_noun,1,0,19923,▁Shakespeare,,",",layer_14,▁kennis,6.1e-05,10775,,32572,▁biologie,0.001033,4995,,3261,▁kennis:0.0001;▁biologie:0.0001;▁Fuß:0.0001;▁bekan:0.0001;plaat:0.0001,▁biologie:0.0010;▁ál:0.0007;▁kennis:0.0007;Ż:0.0005;▁péri:0.0005
Shakespeare,proper_noun,1,0,19923,▁Shakespeare,,",",layer_18,▁kennis,6e-05,8708,,30248,▁ál,0.000585,743,,511,▁kennis:0.0001;▁biologie:0.0001;▁Fuß:0.0001;▁bekan:0.0001;▁dévelop:0.0001,▁ál:0.0006;ǀ:0.0005;rdev:0.0005;↔:0.0005;▁vé:0.0005
Shakespeare,proper_noun,1,0,19923,▁Shakespeare,,",",layer_21,▁kennis,0.000117,2550,,26719,▁Shakespeare,0.004822,1,,497,▁kennis:0.0001;▁biologie:0.0001;▁bekan:0.0001;▁Fuß:0.0001;▁dévelop:0.0001,▁Shakespeare:0.0048;▁ál:0.0045;▁kennis:0.0022;▁biologie:0.0013;▁vé:0.0011
Shakespeare,proper_noun,1,0,19923,▁Shakespeare,,",",layer_23,▁kennis,0.000202,2036,,29659,▁Shakespeare,0.011765,1,,809,▁kennis:0.0002;▁biologie:0.0002;▁Fuß:0.0001;▁bekan:0.0001;▁dévelop:0.0001,▁Shakespeare:0.0118;▁ál:0.0030;▁Theatre:0.0021;▁kennis:0.0020;▁theatre:0.0014
Shakespeare,proper_noun,1,0,19923,▁Shakespeare,,",",layer_25,▁kennis,0.000205,1072,,27442,▁Shakespeare,0.0336,1,,404,▁kennis:0.0002;▁biologie:0.0002;▁Fuß:0.0002;▁bekan:0.0001;▁dévelop:0.0001,▁Shakespeare:0.0336;▁ál:0.0031;▁Theatre:0.0029;▁theatre:0.0018;▁plays:0.0018
Shakespeare,proper_noun,1,0,19923,▁Shakespeare,,",",layer_27,▁kennis,0.000198,670,,19890,▁Shakespeare,0.052286,1,,59,▁kennis:0.0002;▁biologie:0.0002;▁bekan:0.0002;▁Fuß:0.0001;▁dévelop:0.0001,▁Shakespeare:0.0523;▁Theatre:0.0043;▁ál:0.0030;':0.0025;▁theatre:0.0022
Shakespeare,proper_noun,1,0,19923,▁Shakespeare,,",",layer_28,▁kennis,0.000156,399,,12081,▁Shakespeare,0.060244,1,,23,▁kennis:0.0002;▁biologie:0.0001;▁bekan:0.0001;▁Fuß:0.0001;▁dévelop:0.0001,▁Shakespeare:0.0602;▁ál:0.0068;':0.0057;▁Theatre:0.0037;’:0.0025
Shakespeare,proper_noun,1,0,19923,▁Shakespeare,,",",layer_29,▁kennis,0.000115,133,,4976,▁Shakespeare,0.056643,1,,9,▁kennis:0.0001;▁biologie:0.0001;▁bekan:0.0001;▁Fuß:0.0001;▁ál:0.0001,▁Shakespeare:0.0566;':0.0276;’:0.0095;an:0.0056;▁Theatre:0.0039
Shakespeare,proper_noun,1,0,19923,▁Shakespeare,,",",layer_31,’,7.7e-05,3,,8,’,0.10439,5,,4,’:0.0001;':0.0001;▁Shakespeare:0.0001;▁biologie:0.0001;▁Theatre:0.0001,"’:0.1044;':0.0666;▁and:0.0399;,:0.0340;▁Shakespeare:0.0212"
Shakespeare,proper_noun,1,0,19923,▁Shakespeare,,",",layer_32,",",0.000146,40,,1,",",0.117746,15,,1,",:0.0001;.:0.0001;’:0.0001;an:0.0001;':0.0001",",:0.1177;’:0.1110;':0.0614;.:0.0515;▁and:0.0473"
Shakespeare,proper_noun,1,0,19923,▁Shakespeare,,",",final_logits,",",0.118166,15,,1,,,,,,",:0.1182;’:0.1110;':0.0632;.:0.0524;▁and:0.0463",
Beyoncé,proper_noun,3,0,16783,▁Bey,1034,on,emb,Listeners,3.1e-05,24417,1040,1040,Listeners,0.001553,23444,1285,1285,Listeners:0.0000;oshi:0.0000;aa:0.0000;ao:0.0000;声:0.0000,Listeners:0.0016;oshi:0.0014;aa:0.0010;ao:0.0009;▁mort:0.0009
Beyoncé,proper_noun,3,0,16783,▁Bey,1034,on,layer_1,plaat,3.1e-05,17147,9277,9277,▁giornata,0.008406,14694,210,210,plaat:0.0000;▁biologie:0.0000;▁kennis:0.0000;plaatst:0.0000;▁giornata:0.0000,▁giornata:0.0084;ẩ:0.0067;ász:0.0045;okrat:0.0033;ĩ:0.0028
Beyoncé,proper_noun,3,0,16783,▁Bey,1034,on,layer_2,▁kennis,0.000101,14995,32597,32597,▁biologie,0.000434,19050,19543,19543,▁kennis:0.0001;▁Fuß:0.0001;▁biologie:0.0001;▁bekan:0.0001;plaat:0.0001,▁biologie:0.0004;▁kennis:0.0004;▁dévelop:0.0003;▁péri:0.0003;▁Fuß:0.0003
Beyoncé,proper_noun,3,0,16783,▁Bey,1034,on,layer_4,▁kennis,0.000101,14933,32600,32600,▁biologie,0.000455,18345,21490,21490,▁kennis:0.0001;▁Fuß:0.0001;▁biologie:0.0001;▁bekan:0.0001;plaat:0.0001,▁biologie:0.0005;▁kennis:0.0004;▁péri:0.0003;▁Fuß:0.0003;▁dévelop:0.0003
Beyoncé,proper_noun,3,0,16783,▁Bey,1034,on,layer_7,▁kennis,0.000101,14612,32592,32592,▁biologie,0.000511,15741,21193,21193,▁kennis:0.0001;▁Fuß:0.0001;▁biologie:0.0001;▁bekan:0.0001;plaat:0.0001,▁biologie:0.0005;▁kennis:0.0004;▁dévelop:0.0003;▁péri:0.0003;Ż:0.0003
Beyoncé,proper_noun,3,0,16783,▁Bey,1034,on,layer_11,▁kennis,9.3e-05,14439,32608,32608,▁biologie,0.000814,15297,19698,19698,▁kennis:0.0001;▁biologie:0.0001;▁Fuß:0.0001;▁bekan:0.0001;plaat:0.0001,▁biologie:0.0008;▁kennis:0.0006;▁ál:0.0004;▁dévelop:0.0003;▁péri:0.0003
Beyoncé,proper_noun,3,0,16783,▁Bey,1034,on,layer_14,▁kennis,8.6e-05,14629,32583,32583,▁kennis,0.000911,16644,17735,17735,▁kennis:0.0001;▁biologie:0.0001;▁Fuß:0.0001;▁bekan:0.0001;plaat:0.0001,▁kennis:0.0009;▁biologie:0.0009;▁ál:0.0005;▁dévelop:0.0004;▁artikel:0.0004
Beyoncé,proper_noun,3,0,16783,▁Bey,1034,on,layer_18,▁kennis,6.1e-05,16889,26177,26177,▁ál,0.001602,19713,739,739,▁kennis:0.0001;▁biologie:0.0001;▁Fuß:0.0001;plaat:0.0001;scriptstyle:0.0001,▁ál:0.0016;▁kennis:0.0010;▁biologie:0.0008;lor:0.0007;ť:0.0006
Beyoncé,proper_noun,3,0,16783,▁Bey,1034,on,layer_21,▁kennis,0.000132,4467,18451,18451,▁biologie,0.002696,3,168,168,▁kennis:0.0001;▁biologie:0.0001;▁Fuß:0.0001;▁dévelop:0.0001;plaat:0.0001,▁biologie:0.0027;▁ál:0.0017;▁Bey:0.0015;bey:0.0012;ford:0.0012
Beyoncé,proper_noun,3,0,16783,▁Bey,1034,on,layer_23,▁kennis,0.000208,3836,19547,19547,▁Bey,0.003071,1,115,115,▁kennis:0.0002;▁biologie:0.0002;▁Fuß:0.0002;▁dévelop:0.0001;▁bekan:0.0001,▁Bey:0.0031;▁biologie:0.0018;bey:0.0015;▁ál:0.0011;esian:0.0010
Beyoncé,proper_noun,3,0,16783,▁Bey,1034,on,layer_25,▁kennis,0.000208,3286,14719,14719,▁Bey,0.004324,1,33,33,▁kennis:0.0002;▁biologie:0.0002;▁Fuß:0.0002;▁dévelop:0.0001;▁bekan:0.0001,▁Bey:0.0043;bey:0.0020;▁ál:0.0013;ton:0.0012;esian:0.0012
Beyoncé,proper_noun,3,0,16783,▁Bey,1034,on,layer_27,▁kennis,0.000184,2710,9274,9274,▁Bey,0.005355,1,7,7,▁kennis:0.0002;▁biologie:0.0002;▁Fuß:0.0001;▁dévelop:0.0001;▁bekan:0.0001,▁Bey:0.0054;esian:0.0016;bey:0.0015;▁biologie:0.0013;ton:0.0012
Beyoncé,proper_noun,3,0,16783,▁Bey,1034,on,layer_28,▁kennis,0.000137,1082,6236,6236,▁Bey,0.017969,1,5,5,▁kennis:0.0001;▁biologie:0.0001;▁Fuß:0.0001;▁dévelop:0.0001;plaatst:0.0001,▁Bey:0.0180;bey:0.0034;ton:0.0022;esian:0.0020;on:0.0018
Beyoncé,proper_noun,3,0,16783,▁Bey,1034,on,layer_29,▁biologie,0.0001,209,2594,2594,▁Bey,0.044688,1,3,3,▁biologie:0.0001;▁kennis:0.0001;▁dévelop:0.0001;plaatst:0.0001;▁besk:0.0001,▁Bey:0.0447;once:0.0064;on:0.0062;bey:0.0057;esian:0.0029
Beyoncé,proper_noun,3,0,16783,▁Bey,1034,on,layer_31,▁biologie,7.9e-05,16,17,17,on,0.099632,2,1,1,▁biologie:0.0001;▁ingår:0.0001;▁dévelop:0.0001;▁kennis:0.0001;▁Fuß:0.0001,on:0.0996;▁Bey:0.0257;once:0.0253;ond:0.0250;ley:0.0192
Beyoncé,proper_noun,3,0,16783,▁Bey,1034,on,layer_32,on,8.7e-05,47,1,1,on,0.28748,51,1,1,"on:0.0001;,:0.0001;e:0.0001;er:0.0001;once:0.0001",on:0.2875;er:0.0537;once:0.0435;ond:0.0225;e:0.0212
Beyoncé,proper_noun,3,0,16783,▁Bey,1034,on,final_logits,on,0.286814,51,1,1,,,,,,on:0.2868;er:0.0531;once:0.0440;ond:0.0221;e:0.0208,
Beyoncé,proper_noun,3,1,1034,on,22802,cé,emb,geb,3.1e-05,17877,186,186,geb,0.00063,12155,376,376,geb:0.0000;nie:0.0000;▁stesso:0.0000;ゼ:0.0000;Ż:0.0000,geb:0.0006;nie:0.0004;ium:0.0003;ema:0.0003;üd:0.0003
Beyoncé,proper_noun,3,1,1034,on,22802,cé,layer_1,▁kennis,3.1e-05,17043,2021,2021,ium,0.002296,2004,55,55,▁kennis:0.0000;plaat:0.0000;ٹ:0.0000;områ:0.0000;ژ:0.0000,ium:0.0023;obil:0.0016;acci:0.0010;atta:0.0010;üg:0.0010
Beyoncé,proper_noun,3,1,1034,on,22802,cé,layer_2,▁etern,3.1e-05,13704,3478,3478,atable,0.002875,9168,5983,5983,▁etern:0.0000;cho:0.0000;osta:0.0000;atable:0.0000;eves:0.0000,atable:0.0029;cho:0.0025;eps:0.0021;▁etern:0.0020;osta:0.0019
Beyoncé,proper_noun,3,1,1034,on,22802,cé,layer_4,eres,3.1e-05,31600,592,592,eres,0.00349,30523,1434,1434,eres:0.0000;ژ:0.0000;resse:0.0000;▁accurately:0.0000;anks:0.0000,eres:0.0035;<0x96>:0.0028;resse:0.0026;▁assault:0.0025;bey:0.0023
Beyoncé,proper_noun,3,1,1034,on,22802,cé,layer_7,ژ,3.2e-05,22900,73,73,cho,0.004284,10155,93,93,ژ:0.0000;Υ:0.0000;▁Bür:0.0000;▁péri:0.0000;cho:0.0000,cho:0.0043;▁African:0.0024;▁attract:0.0019;▁wax:0.0019;▁Dun:0.0018
Beyoncé,proper_noun,3,1,1034,on,22802,cé,layer_11,ژ,3.3e-05,20951,10,10,▁African,0.007117,9016,8,8,ژ:0.0000;dern:0.0000;▁mús:0.0000;Ť:0.0000;đ:0.0000,▁African:0.0071;▁Bey:0.0042;▁fans:0.0035;dern:0.0035;▁musical:0.0034
Beyoncé,proper_noun,3,1,1034,on,22802,cé,layer_14,ژ,3.4e-05,15459,109,109,dern,0.003813,2972,21,21,ژ:0.0000;▁mús:0.0000;Ť:0.0000;Υ:0.0000;ær:0.0000,dern:0.0038;▁fans:0.0038;▁Empire:0.0030;▁Bey:0.0028;ť:0.0023
Beyoncé,proper_noun,3,1,1034,on,22802,cé,layer_18,▁biologie,4.2e-05,15662,257,257,cé,0.011826,770,1,1,▁biologie:0.0000;▁kennis:0.0000;▁mús:0.0000;ژ:0.0000;▁péri:0.0000,cé:0.0118;▁Black:0.0050;ť:0.0044;▁Bey:0.0037;▁herself:0.0026
Beyoncé,proper_noun,3,1,1034,on,22802,cé,layer_21,▁Bey,5e-05,108,2,2,▁Bey,0.740918,42,2,2,▁Bey:0.0000;cé:0.0000;▁herself:0.0000;cean:0.0000;▁lyrics:0.0000,▁Bey:0.7409;cé:0.0777;▁lyrics:0.0022;▁herself:0.0019;▁singer:0.0013
Beyoncé,proper_noun,3,1,1034,on,22802,cé,layer_23,cé,5.7e-05,286,1,1,▁Bey,0.631936,91,2,2,cé:0.0001;▁Bey:0.0001;ette:0.0000;etta:0.0000;ettes:0.0000,▁Bey:0.6319;cé:0.2585;ce:0.0014;ette:0.0014;etta:0.0013
Beyoncé,proper_noun,3,1,1034,on,22802,cé,layer_25,cé,6.9e-05,290,1,1,cé,0.729933,87,1,1,cé:0.0001;▁Bey:0.0001;ette:0.0000;etta:0.0000;once:0.0000,cé:0.7299;▁Bey:0.2172;ce:0.0005;etta:0.0005;bey:0.0005
Beyoncé,proper_noun,3,1,1034,on,22802,cé,layer_27,cé,7.8e-05,72,1,1,cé,0.891601,20,1,1,cé:0.0001;▁Bey:0.0001;ique:0.0000;once:0.0000;ae:0.0000,cé:0.8916;▁Bey:0.0500;ique:0.0013;once:0.0009;ce:0.0006
Beyoncé,proper_noun,3,1,1034,on,22802,cé,layer_28,cé,9.6e-05,79,1,1,cé,0.976515,20,1,1,cé:0.0001;▁Bey:0.0001;ique:0.0001;ce:0.0001;once:0.0001,cé:0.9765;▁Bey:0.0128;ique:0.0003;ce:0.0003;ance:0.0003
Beyoncé,proper_noun,3,1,1034,on,22802,cé,layer_29,cé,0.000114,218,1,1,cé,0.976843,107,1,1,cé:0.0001;▁Bey:0.0001;▁Know:0.0001;ay:0.0001;ique:0.0001,cé:0.9768;▁Bey:0.0173;ay:0.0004;▁Know:0.0004;ce:0.0001
Beyoncé,proper_noun,3,1,1034,on,22802,cé,layer_31,cé,0.000208,210,1,1,cé,0.998055,133,1,1,cé:0.0002;c:0.0001;ce:0.0001;▁Bey:0.0001;cy:0.0001,cé:0.9981;c:0.0005;▁Bey:0.0004;ce:0.0003;cy:0.0001
Beyoncé,proper_noun,3,1,1034,on,22802,cé,layer_32,cé,0.000394,47,1,1,cé,0.994035,44,1,1,"cé:0.0004;c:0.0002;,:0.0002;<0x0A>:0.0002;▁and:0.0001",cé:0.9940;c:0.0039;cy:0.0002;ce:0.0002;z:0.0001
Beyoncé,proper_noun,3,1,1034,on,22802,cé,final_logits,cé,0.993746,44,1,1,,,,,,cé:0.9937;c:0.0041;cy:0.0002;ce:0.0002;z:0.0001,
Beyoncé,proper_noun,3,2,22802,cé,,",",emb,ipt,3.1e-05,109,,24906,ipt,0.001077,150,,23606,ipt:0.0000;aute:0.0000;▁Tibet:0.0000;bars:0.0000;imet:0.0000,ipt:0.0011;▁Tibet:0.0008;ionato:0.0006;aute:0.0006;bars:0.0005
Beyoncé,proper_noun,3,2,22802,cé,,",",layer_1,plaat,3.1e-05,2671,,27830,▁bod,0.002922,139,,10203,plaat:0.0000;▁kennis:0.0000;ژ:0.0000;ץ:0.0000;▁Fuß:0.0000,▁bod:0.0029;▁plates:0.0021;▁propriet:0.0014;Util:0.0013;ylan:0.0012
Beyoncé,proper_noun,3,2,22802,cé,,",",layer_2,▁neither,3.1e-05,2210,,8617,imes,0.00204,2118,,4850,▁neither:0.0000;▁circa:0.0000;imes:0.0000;resse:0.0000;▁sta:0.0000,imes:0.0020;▁Ted:0.0019;▁neither:0.0018;▁sta:0.0018;▁circa:0.0017
Beyoncé,proper_noun,3,2,22802,cé,,",",layer_4,,3.1e-05,6862,,4095,▁cle,0.003883,6107,,134,:0.0000;ژ:0.0000;▁péri:0.0000;scriptstyle:0.0000;ľ:0.0000,▁cle:0.0039;▁magazine:0.0024;resse:0.0023;▁pen:0.0020;▁mon:0.0018
Beyoncé,proper_noun,3,2,22802,cé,,",",layer_7,ť,3.2e-05,995,,2798,▁Gram,0.007116,551,,153,ť:0.0000;ľ:0.0000;:0.0000;ژ:0.0000;Ζ:0.0000,▁Gram:0.0071;▁cle:0.0056;▁singing:0.0037;▁Flo:0.0037;▁music:0.0031
Beyoncé,proper_noun,3,2,22802,cé,,",",layer_11,ť,3.3e-05,751,,1503,▁Gram,0.014544,430,,162,ť:0.0000;▁Gram:0.0000;dern:0.0000;Ť:0.0000;ří:0.0000,▁Gram:0.0145;ť:0.0141;▁Archives:0.0047;▁singer:0.0041;ří:0.0039
Beyoncé,proper_noun,3,2,22802,cé,,",",layer_14,ť,3.5e-05,3110,,8877,ť,0.028655,1530,,1176,ť:0.0000;Ť:0.0000;▁biologie:0.0000;Ζ:0.0000;dern:0.0000,ť:0.0287;▁Archives:0.0151;dern:0.0060;▁herself:0.0022;ří:0.0021
Beyoncé,proper_noun,3,2,22802,cé,,",",layer_18,▁biologie,4.2e-05,3838,,7948,ť,0.008803,477,,102,▁biologie:0.0000;plaat:0.0000;ٹ:0.0000;ť:0.0000;▁Мекси:0.0000,ť:0.0088;▁herself:0.0059;’:0.0034;▁fans:0.0028;ři:0.0025
Beyoncé,proper_noun,3,2,22802,cé,,",",layer_21,▁Bey,5.6e-05,92,,1638,▁Bey,0.818037,30,,121,▁Bey:0.0001;▁herself:0.0000;▁biologie:0.0000;plaat:0.0000;▁singing:0.0000,▁Bey:0.8180;▁herself:0.0182;▁singing:0.0055;▁song:0.0028;’:0.0028
Beyoncé,proper_noun,3,2,22802,cé,,",",layer_23,▁Bey,7.2e-05,20,,2165,▁Bey,0.94714,19,,167,▁Bey:0.0001;▁herself:0.0001;▁singing:0.0001;▁ál:0.0000;▁biologie:0.0000,▁Bey:0.9471;▁herself:0.0057;▁singing:0.0030;▁singer:0.0011;▁sing:0.0011
Beyoncé,proper_noun,3,2,22802,cé,,",",layer_25,▁Bey,8.6e-05,18,,623,▁Bey,0.961868,22,,61,▁Bey:0.0001;▁herself:0.0001;▁singing:0.0001;▁ál:0.0001;▁Werk:0.0001,▁Bey:0.9619;▁herself:0.0030;▁singing:0.0017;’:0.0010;▁song:0.0006
Beyoncé,proper_noun,3,2,22802,cé,,",",layer_27,▁Bey,8.8e-05,58,,81,▁Bey,0.770832,49,,14,▁Bey:0.0001;▁herself:0.0001;▁singing:0.0001;▁Werk:0.0001;':0.0001,▁Bey:0.7708;▁herself:0.0132;':0.0132;’:0.0078;▁singing:0.0046
Beyoncé,proper_noun,3,2,22802,cé,,",",layer_28,▁Bey,9.5e-05,53,,23,▁Bey,0.716184,68,,6,▁Bey:0.0001;▁herself:0.0001;':0.0001;▁singing:0.0001;’:0.0001,▁Bey:0.7162;':0.0268;▁herself:0.0185;’:0.0149;▁and:0.0103
Beyoncé,proper_noun,3,2,22802,cé,,",",layer_29,▁Bey,0.000112,54,,8,▁Bey,0.682099,102,,6,▁Bey:0.0001;':0.0001;▁Know:0.0001;▁herself:0.0001;’:0.0001,▁Bey:0.6821;’:0.0435;':0.0387;▁Know:0.0172;▁and:0.0163
Beyoncé,proper_noun,3,2,22802,cé,,",",layer_31,’,0.00017,493,,4,▁and,0.210522,574,,3,"’:0.0002;':0.0002;▁and:0.0002;,:0.0002;.:0.0001","▁and:0.2105;’:0.1600;,:0.1517;':0.0875;.:0.0234"
Beyoncé,proper_noun,3,2,22802,cé,,",",layer_32,",",0.000365,1843,,1,",",0.156224,1221,,1,",:0.0004;.:0.0003;<0x0A>:0.0003;▁and:0.0003;’:0.0003",",:0.1562;▁and:0.1066;’:0.0825;.:0.0522;':0.0399"
Beyoncé,proper_noun,3,2,22802,cé,,",",final_logits,",",0.154973,1214,,1,,,,,,",:0.1550;▁and:0.1065;’:0.0830;.:0.0536;':0.0392",
run,verb,1,0,2250,▁run,,▁the,emb,ners,3.1e-05,939,,32100,ners,0.001032,769,,32427,ners:0.0000;nings:0.0000;adu:0.0000;河:0.0000;bia:0.0000,ners:0.0010;nings:0.0008;adu:0.0006;bia:0.0006;河:0.0005
run,verb,1,0,2250,▁run,,▁the,layer_1,ẩ,3.1e-05,23949,,32311,ẩ,0.013224,13103,,26430,ẩ:0.0000;▁biologie:0.0000;ķ:0.0000;▁giornata:0.0000;╔:0.0000,ẩ:0.0132;▁/******/:0.0056;ENDOR:0.0027;▁giornata:0.0027;lette:0.0025
run,verb,1,0,2250,▁run,,▁the,layer_2,▁kennis,0.000131,31673,,32753,▁kennis,0.000457,17353,,30371,▁kennis:0.0001;▁Fuß:0.0001;▁biologie:0.0001;▁bekan:0.0001;plaat:0.0001,▁kennis:0.0005;▁biologie:0.0004;▁Fuß:0.0003;Ż:0.0003;▁péri:0.0003
run,verb,1,0,2250,▁run,,▁the,layer_4,▁kennis,0.000131,31661,,32755,▁kennis,0.000461,17686,,31122,▁kennis:0.0001;▁Fuß:0.0001;▁biologie:0.0001;▁bekan:0.0001;plaat:0.0001,▁kennis:0.0005;▁biologie:0.0004;▁Fuß:0.0003;▁péri:0.0003;Ż:0.0003
run,verb,1,0,2250,▁run,,▁the,layer_7,▁kennis,0.000131,31627,,32755,▁biologie,0.000476,17512,,31427,▁kennis:0.0001;▁Fuß:0.0001;▁biologie:0.0001;▁bekan:0.0001;plaat:0.0001,▁biologie:0.0005;▁kennis:0.0005;Ż:0.0003;▁Fuß:0.0003;▁péri:0.0003
run,verb,1,0,2250,▁run,,▁the,layer_11,▁kennis,0.00012,30970,,32752,▁biologie,0.000683,9218,,28577,▁kennis:0.0001;▁biologie:0.0001;▁Fuß:0.0001;▁bekan:0.0001;plaat:0.0001,▁biologie:0.0007;▁kennis:0.0007;Ż:0.0003;▁ál:0.0003;▁péri:0.0003
run,verb,1,0,2250,▁run,,▁the,layer_14,▁kennis,0.00011,30431,,32752,▁kennis,0.000893,6972,,28285,▁kennis:0.0001;▁biologie:0.0001;▁Fuß:0.0001;▁bekan:0.0001;▁dévelop:0.0001,▁kennis:0.0009;▁biologie:0.0007;▁ál:0.0004;Ż:0.0004;▁péri:0.0003
run,verb,1,0,2250,▁run,,▁the,layer_18,▁kennis,6.4e-05,26398,,32746,scriptstyle,0.000602,1727,,21130,▁kennis:0.0001;▁biologie:0.0001;▁Fuß:0.0001;scriptstyle:0.0001;▁dévelop:0.0001,scriptstyle:0.0006;▁kennis:0.0005;▁péri:0.0005;▁vé:0.0004;▁dévelop:0.0004
run,verb,1,0,2250,▁run,,▁the,layer_21,▁kennis,0.000162,10054,,32750,run,0.001446,10,,27732,▁kennis:0.0002;▁biologie:0.0001;▁Fuß:0.0001;▁dévelop:0.0001;▁bekan:0.0001,run:0.0014;Run:0.0014;▁biologie:0.0012;▁kennis:0.0012;ners:0.0009
run,verb,1,0,2250,▁run,,▁the,layer_23,▁kennis,0.000249,8146,,32751,run,0.002507,3,,28679,▁kennis:0.0002;▁biologie:0.0002;▁Fuß:0.0002;▁bekan:0.0002;▁dévelop:0.0002,run:0.0025;Run:0.0023;▁run:0.0020;▁runs:0.0015;Running:0.0011
run,verb,1,0,2250,▁run,,▁the,layer_25,▁kennis,0.000238,7841,,32746,run,0.002903,3,,24799,▁kennis:0.0002;▁biologie:0.0002;▁Fuß:0.0002;plaat:0.0002;▁bekan:0.0002,run:0.0029;Run:0.0022;▁run:0.0022;▁runs:0.0017;Running:0.0016
run,verb,1,0,2250,▁run,,▁the,layer_27,▁kennis,0.000227,6297,,32706,run,0.002837,2,,11233,▁kennis:0.0002;▁biologie:0.0002;▁Fuß:0.0002;▁bekan:0.0001;plaat:0.0001,run:0.0028;▁run:0.0027;Running:0.0020;▁running:0.0020;▁Running:0.0018
run,verb,1,0,2250,▁run,,▁the,layer_28,▁kennis,0.000172,7270,,32113,-,0.003023,6,,2397,▁kennis:0.0002;▁biologie:0.0002;▁Fuß:0.0001;plaat:0.0001;▁dévelop:0.0001,-:0.0030;ners:0.0025;away:0.0025;▁biologie:0.0014;run:0.0013
run,verb,1,0,2250,▁run,,▁the,layer_29,▁kennis,0.000114,5418,,26042,ners,0.014017,18,,317,▁kennis:0.0001;▁biologie:0.0001;▁Fuß:0.0001;plaat:0.0001;scriptstyle:0.0001,ners:0.0140;away:0.0069;-:0.0064;ner:0.0026;(:0.0025
run,verb,1,0,2250,▁run,,▁the,layer_31,▁biologie,7.9e-05,270,,392,ners,0.025599,18,,6,▁biologie:0.0001;plaat:0.0001;▁Fuß:0.0001;▁kennis:0.0001;▁péri:0.0001,ners:0.0256;-:0.0244;▁through:0.0145;▁into:0.0141;▁away:0.0115
run,verb,1,0,2250,▁run,,▁the,layer_32,.,9.1e-05,58,,5,▁the,0.060534,43,,1,".:0.0001;-:0.0001;,:0.0001;▁a:0.0001;▁the:0.0001",▁the:0.0605;.:0.0547;▁a:0.0422;▁in:0.0356;-:0.0354
run,verb,1,0,2250,▁run,,▁the,final_logits,▁the,0.060968,43,,1,,,,,,▁the:0.0610;.:0.0538;▁a:0.0419;-:0.0358;▁in:0.0358,
walked,verb,1,0,6378,▁walked,,▁through,emb,▁walk,3.1e-05,67,,1772,▁walk,0.000995,38,,1959,▁walk:0.0000;▁lobby:0.0000;esar:0.0000;▁Aut:0.0000;unfinished:0.0000,▁walk:0.0010;▁lobby:0.0010;▁Aut:0.0007;esar:0.0007;ueto:0.0005
walked,verb,1,0,6378,▁walked,,▁through,layer_1,▁biologie,3.1e-05,7113,,15163,ẩ,0.029561,1469,,3404,▁biologie:0.0000;ẩ:0.0000;ई:0.0000;plaat:0.0000;╔:0.0000,ẩ:0.0296;cembre:0.0065;okrat:0.0037;чин:0.0026;chod:0.0022
walked,verb,1,0,6378,▁walked,,▁through,layer_2,▁kennis,0.000101,24977,,32378,▁biologie,0.000493,12129,,13694,▁kennis:0.0001;▁Fuß:0.0001;▁biologie:0.0001;▁bekan:0.0001;plaat:0.0001,▁biologie:0.0005;▁kennis:0.0004;▁péri:0.0003;▁Fuß:0.0003;Ż:0.0003
walked,verb,1,0,6378,▁walked,,▁through,layer_4,▁kennis,0.000101,24926,,32385,▁biologie,0.000526,12723,,14640,▁kennis:0.0001;▁Fuß:0.0001;▁biologie:0.0001;▁bekan:0.0001;plaat:0.0001,▁biologie:0.0005;▁kennis:0.0004;▁péri:0.0003;Ż:0.0003;▁Fuß:0.0003
walked,verb,1,0,6378,▁walked,,▁through,layer_7,▁kennis,0.0001,24295,,32391,▁biologie,0.000577,10394,,15221,▁kennis:0.0001;▁Fuß:0.0001;▁biologie:0.0001;▁bekan:0.0001;plaat:0.0001,▁biologie:0.0006;▁kennis:0.0005;▁péri:0.0003;Ż:0.0003;▁Fuß:0.0003
walked,verb,1,0,6378,▁walked,,▁through,layer_11,▁kennis,9.2e-05,23671,,32327,▁biologie,0.000904,8901,,10377,▁kennis:0.0001;▁biologie:0.0001;▁Fuß:0.0001;▁bekan:0.0001;▁dévelop:0.0001,▁biologie:0.0009;▁kennis:0.0006;▁ál:0.0004;▁péri:0.0004;Ż:0.0003
walked,verb,1,0,6378,▁walked,,▁through,layer_14,▁kennis,8.3e-05,23031,,32295,▁biologie,0.001002,7734,,10652,▁kennis:0.0001;▁biologie:0.0001;▁Fuß:0.0001;▁bekan:0.0001;▁dévelop:0.0001,▁biologie:0.0010;▁kennis:0.0009;▁ál:0.0005;▁péri:0.0004;Ż:0.0004
walked,verb,1,0,6378,▁walked,,▁through,layer_18,▁kennis,6.5e-05,17811,,30102,▁biologie,0.000749,1192,,2972,▁kennis:0.0001;▁biologie:0.0001;▁Fuß:0.0001;▁dévelop:0.0001;▁bekan:0.0001,▁biologie:0.0007;▁kennis:0.0006;▁dévelop:0.0006;ľ:0.0005;▁vál:0.0004
walked,verb,1,0,6378,▁walked,,▁through,layer_21,▁kennis,0.000135,8009,,18304,▁biologie,0.003024,8,,82,▁kennis:0.0001;▁biologie:0.0001;▁Fuß:0.0001;▁dévelop:0.0001;▁bekan:0.0001,▁biologie:0.0030;▁walk:0.0019;▁kennis:0.0017;▁ál:0.0014;walk:0.0012
walked,verb,1,0,6378,▁walked,,▁through,layer_23,▁kennis,0.000203,7049,,19387,▁walk,0.004235,5,,65,▁kennis:0.0002;▁biologie:0.0002;▁Fuß:0.0002;▁bekan:0.0001;▁dévelop:0.0001,▁walk:0.0042;walk:0.0023;▁biologie:0.0023;▁kennis:0.0021;▁walked:0.0019
walked,verb,1,0,6378,▁walked,,▁through,layer_25,▁kennis,0.000193,5263,,11436,▁walk,0.007695,3,,15,▁kennis:0.0002;▁biologie:0.0002;▁Fuß:0.0002;▁bekan:0.0001;▁dévelop:0.0001,▁walk:0.0077;walk:0.0050;▁walked:0.0034;Walk:0.0031;▁walks:0.0026
walked,verb,1,0,6378,▁walked,,▁through,layer_27,▁kennis,0.000184,8190,,7896,▁away,0.008138,21,,4,▁kennis:0.0002;▁biologie:0.0002;▁Fuß:0.0002;▁bekan:0.0001;▁dévelop:0.0001,▁away:0.0081;▁into:0.0032;▁onto:0.0030;▁through:0.0029;▁biologie:0.0023
walked,verb,1,0,6378,▁walked,,▁through,layer_28,▁kennis,0.000146,5591,,4425,▁away,0.030271,31,,3,▁kennis:0.0001;▁biologie:0.0001;▁Fuß:0.0001;▁bekan:0.0001;▁péri:0.0001,▁away:0.0303;▁into:0.0123;▁through:0.0104;▁onto:0.0081;▁around:0.0052
walked,verb,1,0,6378,▁walked,,▁through,layer_29,▁kennis,0.000106,3539,,884,▁away,0.094844,51,,2,▁kennis:0.0001;▁biologie:0.0001;▁Fuß:0.0001;▁bekan:0.0001;plaat:0.0001,▁away:0.0948;▁through:0.0381;▁past:0.0301;▁into:0.0257;▁onto:0.0168
walked,verb,1,0,6378,▁walked,,▁through,layer_31,▁away,7.7e-05,175,,2,▁through,0.110258,192,,1,▁away:0.0001;▁through:0.0001;▁into:0.0001;▁past:0.0001;▁up:0.0001,▁through:0.1103;▁away:0.0812;▁into:0.0648;▁around:0.0552;▁out:0.0498
walked,verb,1,0,6378,▁walked,,▁through,layer_32,▁through,0.000125,313,,1,▁through,0.080438,274,,1,"▁through:0.0001;▁in:0.0001;▁to:0.0001;.:0.0001;,:0.0001",▁through:0.0804;▁in:0.0747;▁out:0.0614;▁into:0.0593;▁to:0.0588
walked,verb,1,0,6378,▁walked,,▁through,final_logits,▁through,0.079426,269,,1,,,,,,▁through:0.0794;▁in:0.0746;▁out:0.0619;▁into:0.0581;▁to:0.0581,
is,verb,1,0,1117,▁is,,▁a,emb,nt,3.1e-05,31815,,750,nt,0.001211,32214,,362,nt:0.0000;rael:0.0000;▁part:0.0000;▁believed:0.0000;bn:0.0000,nt:0.0012;rael:0.0006;▁part:0.0006;▁believed:0.0006;▁acknow:0.0003
is,verb,1,0,1117,▁is,,▁a,layer_1,ẩ,3.1e-05,32444,,30868,ẩ,0.044138,30964,,19167,ẩ:0.0000;▁occas:0.0000;ША:0.0000;ķ:0.0000;ĩ:0.0000,ẩ:0.0441;▁/******/:0.0141;ĩ:0.0083;▁occas:0.0030;ász:0.0023
is,verb,1,0,1117,▁is,,▁a,layer_2,▁kennis,0.00013,32631,,32733,▁kennis,0.000499,12329,,10438,▁kennis:0.0001;▁Fuß:0.0001;▁biologie:0.0001;▁bekan:0.0001;plaat:0.0001,▁kennis:0.0005;▁biologie:0.0004;▁dévelop:0.0003;▁Fuß:0.0003;Ż:0.0003
is,verb,1,0,1117,▁is,,▁a,layer_4,▁kennis,0.00013,32631,,32735,▁kennis,0.000501,12862,,11264,▁kennis:0.0001;▁Fuß:0.0001;▁biologie:0.0001;▁bekan:0.0001;plaat:0.0001,▁kennis:0.0005;▁biologie:0.0004;▁dévelop:0.0003;Ż:0.0003;▁Fuß:0.0003
is,verb,1,0,1117,▁is,,▁a,layer_7,▁kennis,0.00013,32634,,32733,▁kennis,0.000512,13097,,12256,▁kennis:0.0001;▁Fuß:0.0001;▁biologie:0.0001;▁bekan:0.0001;plaat:0.0001,▁kennis:0.0005;▁biologie:0.0005;▁dévelop:0.0003;Ż:0.0003;▁péri:0.0003
is,verb,1,0,1117,▁is,,▁a,layer_11,▁kennis,0.00012,32578,,32717,▁kennis,0.000729,5810,,6122,▁kennis:0.0001;▁biologie:0.0001;▁Fuß:0.0001;▁bekan:0.0001;▁dévelop:0.0001,▁kennis:0.0007;▁biologie:0.0007;▁ál:0.0004;Ż:0.0003;▁dévelop:0.0003
is,verb,1,0,1117,▁is,,▁a,layer_14,▁kennis,0.00011,32547,,32712,▁kennis,0.001011,5210,,5624,▁kennis:0.0001;▁biologie:0.0001;▁Fuß:0.0001;▁bekan:0.0001;▁dévelop:0.0001,▁kennis:0.0010;▁biologie:0.0007;▁ál:0.0005;Ż:0.0004;▁dévelop:0.0004
is,verb,1,0,1117,▁is,,▁a,layer_18,▁kennis,6.1e-05,30795,,32600,▁kennis,0.001439,544,,2894,▁kennis:0.0001;▁biologie:0.0001;▁Fuß:0.0001;▁dévelop:0.0001;scriptstyle:0.0001,▁kennis:0.0014;▁ál:0.0008;▁dévelop:0.0006;▁biologie:0.0006;▁té:0.0005
is,verb,1,0,1117,▁is,,▁a,layer_21,▁kennis,0.000194,32135,,32700,▁kennis,0.001557,5931,,16376,▁kennis:0.0002;▁biologie:0.0002;▁Fuß:0.0002;▁dévelop:0.0001;▁bekan:0.0001,▁kennis:0.0016;▁biologie:0.0012;▁ál:0.0011;▁dévelop:0.0006;Ż:0.0005
is,verb,1,0,1117,▁is,,▁a,layer_23,▁kennis,0.000259,32280,,32701,▁kennis,0.001698,6974,,15262,▁kennis:0.0003;▁biologie:0.0002;▁Fuß:0.0002;▁dévelop:0.0002;▁bekan:0.0002,▁kennis:0.0017;▁ál:0.0010;▁biologie:0.0010;▁dévelop:0.0006;▁uitgenodigd:0.0005
is,verb,1,0,1117,▁is,,▁a,layer_25,▁kennis,0.000247,32103,,32677,▁kennis,0.001348,3757,,10747,▁kennis:0.0002;▁biologie:0.0002;▁Fuß:0.0002;▁dévelop:0.0002;▁bekan:0.0002,▁kennis:0.0013;▁ál:0.0011;▁biologie:0.0010;▁dévelop:0.0006;▁uitgenodigd:0.0005
is,verb,1,0,1117,▁is,,▁a,layer_27,▁kennis,0.000213,32028,,32533,▁kennis,0.001258,2686,,2107,▁kennis:0.0002;▁biologie:0.0002;▁Fuß:0.0002;▁dévelop:0.0001;▁bekan:0.0001,▁kennis:0.0013;▁biologie:0.0011;▁ál:0.0010;▁uitgenodigd:0.0005;▁dévelop:0.0004
is,verb,1,0,1117,▁is,,▁a,layer_28,▁kennis,0.000156,27482,,31650,▁ál,0.001016,95,,234,▁kennis:0.0002;▁biologie:0.0001;▁Fuß:0.0001;▁dévelop:0.0001;▁bekan:0.0001,▁ál:0.0010;▁kennis:0.0010;▁biologie:0.0010;omorphic:0.0005;▁uitgenodigd:0.0005
is,verb,1,0,1117,▁is,,▁a,layer_29,▁kennis,0.0001,26481,,17629,▁not,0.001066,327,,3,▁kennis:0.0001;▁biologie:0.0001;▁Fuß:0.0001;▁dévelop:0.0001;scriptstyle:0.0001,▁not:0.0011;omorphic:0.0010;▁a:0.0009;▁also:0.0009;▁able:0.0007
is,verb,1,0,1117,▁is,,▁a,layer_31,▁Fuß,6.1e-05,4110,,112,▁a,0.030406,366,,1,▁Fuß:0.0001;▁kennis:0.0001;▁biologie:0.0001;ниш:0.0001;▁Мекси:0.0001,▁a:0.0304;▁not:0.0273;▁an:0.0113;▁also:0.0107;▁the:0.0088
is,verb,1,0,1117,▁is,,▁a,layer_32,▁a,9.9e-05,98,,1,▁a,0.109475,250,,1,"▁a:0.0001;▁the:0.0001;,:0.0001;▁:0.0001;▁not:0.0001",▁a:0.1095;▁the:0.0760;▁not:0.0399;▁an:0.0222;▁to:0.0185
is,verb,1,0,1117,▁is,,▁a,final_logits,▁a,0.108821,246,,1,,,,,,▁a:0.1088;▁the:0.0748;▁not:0.0400;▁an:0.0221;▁to:0.0183,
think,verb,1,0,1841,▁think,,▁that,emb,ROP,3.1e-05,2920,,565,ROP,0.000538,3522,,794,ROP:0.0000;▁overall:0.0000;▁`:0.0000;asts:0.0000;stre:0.0000,ROP:0.0005;▁`:0.0005;▁gel:0.0004;stre:0.0004;▁Anne:0.0004
think,verb,1,0,1841,▁think,,▁that,layer_1,▁biologie,3.1e-05,18704,,17322,ẩ,0.004047,8647,,3017,▁biologie:0.0000;ķ:0.0000;ẩ:0.0000;plaatst:0.0000;ША:0.0000,ẩ:0.0040;▁/******/:0.0040;lette:0.0040;asz:0.0036;ász:0.0027
think,verb,1,0,1841,▁think,,▁that,layer_2,▁kennis,0.000136,30328,,32556,▁biologie,0.000455,9487,,17587,▁kennis:0.0001;▁Fuß:0.0001;▁biologie:0.0001;▁bekan:0.0001;plaat:0.0001,▁biologie:0.0005;▁kennis:0.0005;Ż:0.0003;▁péri:0.0003;▁dévelop:0.0003
think,verb,1,0,1841,▁think,,▁that,layer_4,▁kennis,0.000136,30332,,32560,▁biologie,0.000479,10696,,18919,▁kennis:0.0001;▁Fuß:0.0001;▁biologie:0.0001;▁bekan:0.0001;plaat:0.0001,▁biologie:0.0005;▁kennis:0.0005;▁péri:0.0003;Ż:0.0003;▁dévelop:0.0003
think,verb,1,0,1841,▁think,,▁that,layer_7,▁kennis,0.000136,30306,,32567,▁biologie,0.000507,11106,,20645,▁kennis:0.0001;▁Fuß:0.0001;▁biologie:0.0001;▁bekan:0.0001;plaat:0.0001,▁biologie:0.0005;▁kennis:0.0005;Ż:0.0003;▁péri:0.0003;▁dévelop:0.0003
think,verb,1,0,1841,▁think,,▁that,layer_11,▁kennis,0.000125,30319,,32578,▁biologie,0.000715,12611,,15409,▁kennis:0.0001;▁biologie:0.0001;▁Fuß:0.0001;▁bekan:0.0001;▁dévelop:0.0001,▁biologie:0.0007;▁kennis:0.0006;▁ál:0.0004;Ż:0.0003;▁péri:0.0003
think,verb,1,0,1841,▁think,,▁that,layer_14,▁kennis,0.000114,30005,,32587,▁kennis,0.000862,11611,,16062,▁kennis:0.0001;▁biologie:0.0001;▁Fuß:0.0001;▁bekan:0.0001;▁dévelop:0.0001,▁kennis:0.0009;▁biologie:0.0007;▁ál:0.0004;Ż:0.0004;▁péri:0.0003
think,verb,1,0,1841,▁think,,▁that,layer_18,▁kennis,6e-05,22378,,29422,▁ál,0.000597,511,,290,▁kennis:0.0001;▁biologie:0.0001;▁Fuß:0.0001;▁dévelop:0.0001;scriptstyle:0.0001,▁ál:0.0006;▁kennis:0.0006;▁biologie:0.0005;▁dévelop:0.0005;▁vál:0.0004
think,verb,1,0,1841,▁think,,▁that,layer_21,▁kennis,0.000156,19296,,29160,▁biologie,0.001578,229,,1068,▁kennis:0.0002;▁biologie:0.0001;▁Fuß:0.0001;▁dévelop:0.0001;▁bekan:0.0001,▁biologie:0.0016;▁kennis:0.0011;▁ál:0.0011;▁dévelop:0.0007;▁uitgenodigd:0.0005
think,verb,1,0,1841,▁think,,▁that,layer_23,▁kennis,0.00023,17635,,29417,▁ál,0.001202,54,,703,▁kennis:0.0002;▁biologie:0.0002;▁Fuß:0.0002;▁dévelop:0.0002;▁bekan:0.0002,▁ál:0.0012;▁biologie:0.0012;▁kennis:0.0011;▁dévelop:0.0006;able:0.0005
think,verb,1,0,1841,▁think,,▁that,layer_25,▁kennis,0.000224,16673,,28118,▁ál,0.001446,37,,294,▁kennis:0.0002;▁biologie:0.0002;▁Fuß:0.0002;▁bekan:0.0002;▁dévelop:0.0002,▁ál:0.0014;▁biologie:0.0010;▁kennis:0.0009;▁dévelop:0.0006;ingly:0.0005
think,verb,1,0,1841,▁think,,▁that,layer_27,▁kennis,0.000207,14850,,21516,▁ál,0.001481,25,,29,▁kennis:0.0002;▁biologie:0.0002;▁Fuß:0.0002;▁dévelop:0.0001;▁bekan:0.0001,▁ál:0.0015;▁biologie:0.0014;▁kennis:0.0013;ingly:0.0008;fully:0.0008
think,verb,1,0,1841,▁think,,▁that,layer_28,▁kennis,0.000147,11696,,10040,▁that,0.00191,30,,1,▁kennis:0.0001;▁biologie:0.0001;▁Fuß:0.0001;▁dévelop:0.0001;▁bekan:0.0001,▁that:0.0019;ingly:0.0018;▁biologie:0.0016;▁ál:0.0016;▁about:0.0015
think,verb,1,0,1841,▁think,,▁that,layer_29,▁biologie,9.7e-05,7062,,4594,▁about,0.013148,37,,3,▁biologie:0.0001;▁kennis:0.0001;▁Fuß:0.0001;▁dévelop:0.0001;▁péri:0.0001,▁about:0.0131;▁it:0.0059;▁that:0.0058;er:0.0058;▁they:0.0043
think,verb,1,0,1841,▁think,,▁that,layer_31,▁about,6.1e-05,625,,5,▁about,0.093417,133,,3,▁about:0.0001;▁biologie:0.0001;▁péri:0.0001;▁it:0.0001;▁that:0.0001,▁about:0.0934;▁it:0.0915;▁that:0.0719;▁you:0.0354;▁of:0.0251
think,verb,1,0,1841,▁think,,▁that,layer_32,",",0.000109,206,,4,▁that,0.110897,144,,1,",:0.0001;▁of:0.0001;.:0.0001;▁that:0.0001;▁about:0.0001",▁that:0.1109;▁about:0.0914;▁of:0.0824;▁it:0.0789;▁I:0.0546
think,verb,1,0,1841,▁think,,▁that,final_logits,▁that,0.112898,144,,1,,,,,,▁that:0.1129;▁about:0.0936;▁of:0.0826;▁it:0.0776;▁I:0.0533,
understand,verb,1,0,3148,▁understand,,▁the,emb,ings,3.1e-05,6,,19898,ings,0.000856,6,,19861,ings:0.0000;ably:0.0000;ư:0.0000;able:0.0000;▁understands:0.0000,ings:0.0009;ư:0.0006;ably:0.0006;▁understood:0.0006;able:0.0006
understand,verb,1,0,3148,▁understand,,▁the,layer_1,▁biologie,3.1e-05,9636,,31111,ẩ,0.008144,3373,,21457,▁biologie:0.0000;ẩ:0.0000;plaat:0.0000;▁diffé:0.0000;▁occas:0.0000,ẩ:0.0081;ła:0.0052;cembre:0.0050;ász:0.0028;asz:0.0028
understand,verb,1,0,3148,▁understand,,▁the,layer_2,▁kennis,0.000134,26910,,32751,▁biologie,0.000509,14059,,27196,▁kennis:0.0001;▁Fuß:0.0001;▁biologie:0.0001;▁bekan:0.0001;plaat:0.0001,▁biologie:0.0005;▁kennis:0.0005;▁péri:0.0003;Ż:0.0003;▁Fuß:0.0003
understand,verb,1,0,3148,▁understand,,▁the,layer_4,▁kennis,0.000134,26920,,32751,▁biologie,0.000539,14524,,28481,▁kennis:0.0001;▁Fuß:0.0001;▁biologie:0.0001;▁bekan:0.0001;plaat:0.0001,▁biologie:0.0005;▁kennis:0.0005;▁péri:0.0003;Ż:0.0003;▁Fuß:0.0003
understand,verb,1,0,3148,▁understand,,▁the,layer_7,▁kennis,0.000134,26660,,32753,▁biologie,0.000581,13948,,29301,▁kennis:0.0001;▁Fuß:0.0001;▁biologie:0.0001;▁bekan:0.0001;plaat:0.0001,▁biologie:0.0006;▁kennis:0.0005;▁péri:0.0003;Ż:0.0003;▁Fuß:0.0003
understand,verb,1,0,3148,▁understand,,▁the,layer_11,▁kennis,0.000123,26553,,32752,▁biologie,0.00083,15194,,24693,▁kennis:0.0001;▁biologie:0.0001;▁Fuß:0.0001;▁bekan:0.0001;plaat:0.0001,▁biologie:0.0008;▁kennis:0.0007;▁péri:0.0004;▁ál:0.0004;Ż:0.0004
understand,verb,1,0,3148,▁understand,,▁the,layer_14,▁kennis,0.000112,26131,,32751,▁kennis,0.000959,14287,,23978,▁kennis:0.0001;▁biologie:0.0001;▁Fuß:0.0001;▁bekan:0.0001;▁dévelop:0.0001,▁kennis:0.0010;▁biologie:0.0009;▁ál:0.0005;Ż:0.0004;▁péri:0.0004
understand,verb,1,0,3148,▁understand,,▁the,layer_18,▁kennis,6.2e-05,18417,,32642,▁ál,0.000575,1610,,2377,▁kennis:0.0001;▁biologie:0.0001;▁Fuß:0.0001;▁dévelop:0.0001;scriptstyle:0.0001,▁ál:0.0006;able:0.0006;▁té:0.0005;▁biologie:0.0005;▁kennis:0.0005
understand,verb,1,0,3148,▁understand,,▁the,layer_21,▁kennis,0.000167,13654,,32712,▁biologie,0.002436,176,,9959,▁kennis:0.0002;▁biologie:0.0001;▁Fuß:0.0001;▁bekan:0.0001;▁dévelop:0.0001,▁biologie:0.0024;▁kennis:0.0018;▁ál:0.0016;able:0.0011;ably:0.0009
understand,verb,1,0,3148,▁understand,,▁the,layer_23,▁kennis,0.000247,12953,,32731,▁biologie,0.001943,83,,14325,▁kennis:0.0002;▁biologie:0.0002;▁Fuß:0.0002;▁bekan:0.0002;plaat:0.0002,▁biologie:0.0019;▁kennis:0.0019;▁ál:0.0015;able:0.0011;ably:0.0009
understand,verb,1,0,3148,▁understand,,▁the,layer_25,▁kennis,0.00024,11466,,32686,▁biologie,0.00215,40,,4810,▁kennis:0.0002;▁biologie:0.0002;▁Fuß:0.0002;▁bekan:0.0002;plaat:0.0002,▁biologie:0.0021;▁ál:0.0017;▁kennis:0.0016;ably:0.0014;able:0.0014
understand,verb,1,0,3148,▁understand,,▁the,layer_27,▁kennis,0.000216,11911,,32481,▁biologie,0.002512,58,,750,▁kennis:0.0002;▁biologie:0.0002;▁Fuß:0.0002;▁bekan:0.0001;plaat:0.0001,▁biologie:0.0025;able:0.0021;▁ál:0.0020;ings:0.0016;▁kennis:0.0015
understand,verb,1,0,3148,▁understand,,▁the,layer_28,▁kennis,0.000157,9388,,28455,ings,0.010845,41,,55,▁kennis:0.0002;▁biologie:0.0001;▁Fuß:0.0001;plaat:0.0001;▁bekan:0.0001,ings:0.0108;able:0.0056;▁biologie:0.0032;ingly:0.0029;▁ál:0.0023
understand,verb,1,0,3148,▁understand,,▁the,layer_29,▁biologie,0.000109,6783,,10226,ings,0.037993,102,,15,▁biologie:0.0001;▁kennis:0.0001;▁Fuß:0.0001;scriptstyle:0.0001;plaat:0.0001,ings:0.0380;able:0.0126;▁how:0.0088;▁why:0.0084;▁what:0.0076
understand,verb,1,0,3148,▁understand,,▁the,layer_31,▁biologie,6.6e-05,595,,12,▁that,0.088109,242,,4,▁biologie:0.0001;able:0.0001;▁how:0.0001;▁what:0.0001;▁why:0.0001,▁that:0.0881;▁what:0.0875;▁how:0.0859;▁the:0.0802;▁why:0.0429
understand,verb,1,0,3148,▁understand,,▁the,layer_32,▁the,0.000119,400,,1,▁the,0.197489,361,,1,"▁the:0.0001;.:0.0001;,:0.0001;▁that:0.0001;able:0.0001",▁the:0.1975;▁that:0.1085;▁what:0.0855;▁how:0.0738;.:0.0351
understand,verb,1,0,3148,▁understand,,▁the,final_logits,▁the,0.193029,360,,1,,,,,,▁the:0.1930;▁that:0.1100;▁what:0.0857;▁how:0.0756;.:0.0357,
procrastinate,verb,4,0,1198,▁pro,4578,lifer,emb,frag,3.1e-05,1117,2386,261,frag,0.001016,580,2195,367,frag:0.0000;bes:0.0000;èle:0.0000;erg:0.0000;лове:0.0000,frag:0.0010;bes:0.0009;èle:0.0008;лове:0.0006;wig:0.0005
procrastinate,verb,4,0,1198,▁pro,4578,lifer,layer_1,ẩ,3.2e-05,12481,11656,16435,ẩ,0.069102,1979,6226,14291,ẩ:0.0000;ķ:0.0000;▁kennis:0.0000;plaatst:0.0000;╔:0.0000,ẩ:0.0691;▁/******/:0.0397;ász:0.0042;cembre:0.0038;ENDOR:0.0035
procrastinate,verb,4,0,1198,▁pro,4578,lifer,layer_2,▁kennis,0.000112,31315,23859,27792,▁kennis,0.000478,11031,17413,18771,▁kennis:0.0001;▁Fuß:0.0001;▁biologie:0.0001;▁bekan:0.0001;plaat:0.0001,▁kennis:0.0005;▁biologie:0.0004;▁péri:0.0003;▁Fuß:0.0003;Ż:0.0003
procrastinate,verb,4,0,1198,▁pro,4578,lifer,layer_4,▁kennis,0.000112,31368,23690,27792,▁kennis,0.000479,12027,16486,18816,▁kennis:0.0001;▁Fuß:0.0001;▁biologie:0.0001;▁bekan:0.0001;plaat:0.0001,▁kennis:0.0005;▁biologie:0.0004;▁péri:0.0003;▁Fuß:0.0003;Ż:0.0003
procrastinate,verb,4,0,1198,▁pro,4578,lifer,layer_7,▁kennis,0.000111,31462,23207,27676,▁kennis,0.000487,13873,14069,17944,▁kennis:0.0001;▁Fuß:0.0001;▁biologie:0.0001;▁bekan:0.0001;plaat:0.0001,▁kennis:0.0005;▁biologie:0.0005;▁péri:0.0003;Ż:0.0003;▁dévelop:0.0003
procrastinate,verb,4,0,1198,▁pro,4578,lifer,layer_11,▁kennis,0.000102,30656,22574,28218,▁biologie,0.000731,7637,11974,22063,▁kennis:0.0001;▁biologie:0.0001;▁Fuß:0.0001;▁bekan:0.0001;plaat:0.0001,▁biologie:0.0007;▁kennis:0.0007;▁ál:0.0004;▁péri:0.0004;Ż:0.0004
procrastinate,verb,4,0,1198,▁pro,4578,lifer,layer_14,▁kennis,9.3e-05,30745,22331,27521,▁kennis,0.001038,9557,11622,18483,▁kennis:0.0001;▁biologie:0.0001;▁Fuß:0.0001;▁bekan:0.0001;plaat:0.0001,▁kennis:0.0010;▁biologie:0.0008;▁ál:0.0006;Ż:0.0004;▁péri:0.0004
procrastinate,verb,4,0,1198,▁pro,4578,lifer,layer_18,▁kennis,6.1e-05,28434,19127,21677,▁ál,0.000622,7011,7690,6111,▁kennis:0.0001;▁biologie:0.0001;▁Fuß:0.0001;▁dévelop:0.0001;scriptstyle:0.0001,▁ál:0.0006;▁vé:0.0006;▁vess:0.0006;▁dévelop:0.0005;🟠:0.0005
procrastinate,verb,4,0,1198,▁pro,4578,lifer,layer_21,▁kennis,0.000184,17459,19334,15259,▁kennis,0.001507,157,9321,517,▁kennis:0.0002;▁biologie:0.0002;▁Fuß:0.0001;▁dévelop:0.0001;▁bekan:0.0001,▁kennis:0.0015;▁ál:0.0015;▁biologie:0.0011;rcu:0.0008;▁vé:0.0007
procrastinate,verb,4,0,1198,▁pro,4578,lifer,layer_23,▁kennis,0.000263,17165,17544,15823,▁ál,0.001242,87,5491,604,▁kennis:0.0003;▁biologie:0.0002;▁Fuß:0.0002;▁dévelop:0.0002;▁bekan:0.0002,▁ál:0.0012;▁kennis:0.0011;▁biologie:0.0008;▁dévelop:0.0006;rcu:0.0005
procrastinate,verb,4,0,1198,▁pro,4578,lifer,layer_25,▁kennis,0.000261,12487,16173,12807,▁kennis,0.001281,8,2877,137,▁kennis:0.0003;▁Fuß:0.0002;▁biologie:0.0002;▁bekan:0.0002;▁dévelop:0.0002,▁kennis:0.0013;▁ál:0.0010;▁biologie:0.0006;▁ingår:0.0005;rcu:0.0005
procrastinate,verb,4,0,1198,▁pro,4578,lifer,layer_27,▁kennis,0.000214,17521,16896,10699,▁kennis,0.00118,174,4801,53,▁kennis:0.0002;▁biologie:0.0002;▁Fuß:0.0002;▁bekan:0.0001;▁dévelop:0.0001,▁kennis:0.0012;▁ál:0.0010;▁biologie:0.0008;▁profes:0.0006;rcu:0.0006
procrastinate,verb,4,0,1198,▁pro,4578,lifer,layer_28,▁kennis,0.000159,22875,13821,8473,▁biologie,0.001188,2206,1355,15,▁kennis:0.0002;▁biologie:0.0001;▁Fuß:0.0001;▁dévelop:0.0001;plaat:0.0001,▁biologie:0.0012;▁kennis:0.0010;aal:0.0009;▁ál:0.0009;dig:0.0007
procrastinate,verb,4,0,1198,▁pro,4578,lifer,layer_29,▁kennis,9.7e-05,8121,11225,3543,lifer,0.002726,20,748,1,▁kennis:0.0001;▁biologie:0.0001;▁Fuß:0.0001;plaat:0.0001;▁Мекси:0.0001,lifer:0.0027;dig:0.0026;let:0.0023;verb:0.0021;jections:0.0021
procrastinate,verb,4,0,1198,▁pro,4578,lifer,layer_31,▁Fuß,7.8e-05,9239,2108,197,tot,0.036445,493,70,4,▁Fuß:0.0001;▁kennis:0.0001;▁biologie:0.0001;▁dévelop:0.0001;▁bekan:0.0001,tot:0.0364;-:0.0219;gn:0.0194;lifer:0.0185;active:0.0182
procrastinate,verb,4,0,1198,▁pro,4578,lifer,layer_32,-,8.1e-05,295,51,2,lifer,0.109596,270,41,1,-:0.0001;lifer:0.0001;jections:0.0001;gn:0.0001;tot:0.0001,lifer:0.1096;-:0.0729;gn:0.0473;jections:0.0436;tot:0.0433
procrastinate,verb,4,0,1198,▁pro,4578,lifer,final_logits,lifer,0.111858,268,40,1,,,,,,lifer:0.1119;-:0.0722;gn:0.0466;tot:0.0438;jections:0.0438,
procrastinate,verb,4,1,4578,cr,1297,ast,emb,zy,3.1e-05,19163,28053,28053,zy,0.002472,18487,28280,28280,zy:0.0000;▁Lesser:0.0000;ze:0.0000;lington:0.0000;ammen:0.0000,zy:0.0025;▁Lesser:0.0007;ze:0.0006;ammen:0.0006;lington:0.0006
procrastinate,verb,4,1,4578,cr,1297,ast,layer_1,▁kennis,3.1e-05,29666,32185,32185,ilis,0.005397,28509,31405,31405,▁kennis:0.0000;ķ:0.0000;ٹ:0.0000;▁slä:0.0000;ژ:0.0000,ilis:0.0054;ylan:0.0045;▁kennis:0.0020;lio:0.0014;▁живе:0.0013
procrastinate,verb,4,1,4578,cr,1297,ast,layer_2,osta,3.1e-05,14804,16183,16183,▁Ti,0.002377,13487,15359,15359,osta:0.0000;aml:0.0000;igen:0.0000;▁Ti:0.0000;▁humanity:0.0000,▁Ti:0.0024;osta:0.0021;inv:0.0021;aml:0.0018;▁caring:0.0018
procrastinate,verb,4,1,4578,cr,1297,ast,layer_4,干,3.1e-05,17476,10182,10182,GD,0.002562,14889,7040,7040,干:0.0000;ʹ:0.0000;GD:0.0000;usb:0.0000;anst:0.0000,GD:0.0026;▁Hall:0.0016;干:0.0014;anst:0.0014;▁early:0.0013
procrastinate,verb,4,1,4578,cr,1297,ast,layer_7,plaat,3.2e-05,19507,7053,7053,astro,0.001821,16511,1016,1016,plaat:0.0000;▁kennis:0.0000;Ζ:0.0000;ʹ:0.0000;:0.0000,astro:0.0018;▁tc:0.0018;▁ts:0.0018;atan:0.0015;jev:0.0014
procrastinate,verb,4,1,4578,cr,1297,ast,layer_11,DAI,3.3e-05,1806,14017,14017,DAI,0.003149,352,5821,5821,DAI:0.0000;▁kennis:0.0000;ʹ:0.0000;­:0.0000;✦:0.0000,DAI:0.0031;dai:0.0020;gang:0.0019;roz:0.0017;dep:0.0015
procrastinate,verb,4,1,4578,cr,1297,ast,layer_14,­,3.4e-05,1022,13430,13430,­,0.003919,176,4521,4521,­:0.0000;dai:0.0000;DAI:0.0000;Ã:0.0000;▁mús:0.0000,­:0.0039;dai:0.0027;˚:0.0022;zon:0.0016;▁lyrics:0.0016
procrastinate,verb,4,1,4578,cr,1297,ast,layer_18,▁Fuß,3.9e-05,9458,12935,12935,­,0.018603,1848,1081,1081,▁Fuß:0.0000;▁Mär:0.0000;▁kennis:0.0000;мпи:0.0000;▁bekan:0.0000,­:0.0186;gang:0.0029;gy:0.0021;amas:0.0018;agh:0.0017
procrastinate,verb,4,1,4578,cr,1297,ast,layer_21,▁pro,5.1e-05,65,1046,1046,▁pro,0.613035,58,461,461,▁pro:0.0001;▁delay:0.0000;▁delayed:0.0000;delay:0.0000;Delay:0.0000,▁pro:0.6130;▁delay:0.1786;▁delayed:0.0265;delay:0.0220;Delay:0.0130
procrastinate,verb,4,1,4578,cr,1297,ast,layer_23,▁pro,5.9e-05,63,317,317,▁pro,0.87845,48,156,156,▁pro:0.0001;▁delay:0.0000;▁delayed:0.0000;▁proc:0.0000;▁Pro:0.0000,▁pro:0.8784;▁delay:0.0192;▁proc:0.0063;▁delayed:0.0040;delay:0.0028
procrastinate,verb,4,1,4578,cr,1297,ast,layer_25,▁pro,6.9e-05,114,81,81,▁pro,0.921966,87,35,35,▁pro:0.0001;▁putting:0.0001;▁delay:0.0001;▁proc:0.0001;▁delayed:0.0001,▁pro:0.9220;▁putting:0.0086;▁delay:0.0056;▁proc:0.0038;▁Pro:0.0021
procrastinate,verb,4,1,4578,cr,1297,ast,layer_27,▁putting,5.9e-05,64,12,12,▁putting,0.144677,51,5,5,▁putting:0.0001;▁delay:0.0001;▁put:0.0001;▁delayed:0.0001;Put:0.0001,▁putting:0.1447;▁delay:0.0469;▁put:0.0316;Put:0.0162;ast:0.0137
procrastinate,verb,4,1,4578,cr,1297,ast,layer_28,▁putting,6e-05,79,4,4,▁putting,0.140413,62,4,4,▁putting:0.0001;▁delay:0.0001;▁put:0.0001;ast:0.0001;▁puts:0.0001,▁putting:0.1404;▁delay:0.0391;▁put:0.0352;ast:0.0211;▁puts:0.0132
procrastinate,verb,4,1,4578,cr,1297,ast,layer_29,ast,6.3e-05,68,1,1,ast,0.185279,44,1,1,ast:0.0001;▁putting:0.0001;▁pro:0.0001;▁put:0.0001;­:0.0001,ast:0.1853;▁putting:0.0523;▁pro:0.0297;▁delay:0.0143;▁put:0.0142
procrastinate,verb,4,1,4578,cr,1297,ast,layer_31,ast,0.000149,90,1,1,ast,0.991645,68,1,1,ast:0.0001;ust:0.0001;▁ast:0.0001;­:0.0001;at:0.0001,ast:0.9916;▁ast:0.0006;ust:0.0006;asta:0.0003;▁pro:0.0002
procrastinate,verb,4,1,4578,cr,1297,ast,layer_32,ast,0.000295,452,1,1,ast,0.995395,417,1,1,ast:0.0003;ust:0.0002;as:0.0001;at:0.0001;astic:0.0001,ast:0.9954;ust:0.0019;as:0.0005;at:0.0003;asta:0.0001
procrastinate,verb,4,1,4578,cr,1297,ast,final_logits,ast,0.995598,416,1,1,,,,,,ast:0.9956;ust:0.0018;as:0.0005;at:0.0003;asta:0.0001,
procrastinate,verb,4,2,1297,ast,5064,ination,emb,iken,3.1e-05,2152,19927,8830,iante,0.000892,1695,19409,8905,iken:0.0000;iante:0.0000;ori:0.0000;orp:0.0000;oric:0.0000,iante:0.0009;iken:0.0008;orp:0.0007;ori:0.0007;oric:0.0006
procrastinate,verb,4,2,1297,ast,5064,ination,layer_1,▁kennis,3.1e-05,18507,26534,31673,▁appeal,0.001569,6991,24653,29791,▁kennis:0.0000;úblic:0.0000;områ:0.0000;Ζ:0.0000;▁живе:0.0000,▁appeal:0.0016;▁appealing:0.0016;Forms:0.0014;ƒ:0.0011;нови:0.0010
procrastinate,verb,4,2,1297,ast,5064,ination,layer_2,ocr,3.1e-05,1321,12184,10901,▁Hud,0.004123,884,9771,7372,ocr:0.0000;▁Hud:0.0000;orno:0.0000;oup:0.0000;idy:0.0000,▁Hud:0.0041;ocr:0.0037;▁tight:0.0020;orno:0.0019;▁Marc:0.0016
procrastinate,verb,4,2,1297,ast,5064,ination,layer_4,rz,3.1e-05,14098,1474,7446,rz,0.006773,7639,710,4530,rz:0.0000;nick:0.0000;HECK:0.0000;ær:0.0000;UA:0.0000,rz:0.0068;nick:0.0054;scan:0.0027;UA:0.0025;▁Harold:0.0023
procrastinate,verb,4,2,1297,ast,5064,ination,layer_7,▁bekan,3.2e-05,23427,2764,4727,nick,0.009725,14539,868,1482,▁bekan:0.0000;nick:0.0000;Χ:0.0000;轩:0.0000;▁kennis:0.0000,nick:0.0097;icas:0.0060;oren:0.0059;eden:0.0050;▁ts:0.0042
procrastinate,verb,4,2,1297,ast,5064,ination,layer_11,▁bekan,3.3e-05,18669,3902,6096,itis,0.004416,9678,2599,3502,▁bekan:0.0000;ССР:0.0000;Χ:0.0000;▁kennis:0.0000;rok:0.0000,itis:0.0044;ób:0.0037;▁(“:0.0021;dern:0.0021;▁Schedule:0.0019
procrastinate,verb,4,2,1297,ast,5064,ination,layer_14,▁kennis,3.5e-05,26102,8050,9909,dern,0.003277,16483,5206,5347,▁kennis:0.0000;▁bekan:0.0000;̪:0.0000;ٹ:0.0000;шти:0.0000,dern:0.0033;<0xB4>:0.0023;▁ANY:0.0021;̪:0.0020;itis:0.0019
procrastinate,verb,4,2,1297,ast,5064,ination,layer_18,▁kennis,3.9e-05,28524,8874,10214,▁delay,0.012101,17481,3884,2107,▁kennis:0.0000;▁Mär:0.0000;▁bekan:0.0000;̪:0.0000;▁espa:0.0000,▁delay:0.0121;Delay:0.0052;dern:0.0040;▁deadline:0.0024;kamp:0.0023
procrastinate,verb,4,2,1297,ast,5064,ination,layer_21,▁delay,6.3e-05,13184,66,79,▁delay,0.941709,4520,53,40,▁delay:0.0001;delay:0.0001;Delay:0.0001;▁delayed:0.0001;▁pro:0.0000,▁delay:0.9417;Delay:0.0203;delay:0.0196;▁delayed:0.0105;▁pro:0.0031
procrastinate,verb,4,2,1297,ast,5064,ination,layer_23,▁delay,5.4e-05,5301,11,4,▁delay,0.218454,1012,9,3,▁delay:0.0001;▁pro:0.0001;Delay:0.0000;ination:0.0000;inating:0.0000,▁delay:0.2185;▁pro:0.2005;ination:0.0593;inating:0.0570;Delay:0.0379
procrastinate,verb,4,2,1297,ast,5064,ination,layer_25,▁pro,6.3e-05,2369,7,2,▁pro,0.631971,306,8,2,▁pro:0.0001;ination:0.0001;inating:0.0001;▁delay:0.0001;▁putting:0.0001,▁pro:0.6320;ination:0.0912;inating:0.0637;▁putting:0.0214;▁delay:0.0170
procrastinate,verb,4,2,1297,ast,5064,ination,layer_27,ination,8.8e-05,2045,3,1,ination,0.77234,396,3,1,ination:0.0001;inating:0.0001;inate:0.0001;inator:0.0001;inated:0.0001,ination:0.7723;inating:0.1662;inate:0.0157;inator:0.0098;inated:0.0090
procrastinate,verb,4,2,1297,ast,5064,ination,layer_28,ination,9.7e-05,1142,4,1,ination,0.752281,243,3,1,ination:0.0001;inating:0.0001;inator:0.0001;inate:0.0001;inated:0.0001,ination:0.7523;inating:0.1867;inate:0.0172;inator:0.0149;inated:0.0077
procrastinate,verb,4,2,1297,ast,5064,ination,layer_29,ination,0.000148,623,3,1,ination,0.79546,262,3,1,ination:0.0001;inating:0.0001;inate:0.0001;inated:0.0001;inator:0.0001,ination:0.7955;inating:0.1647;inate:0.0181;inated:0.0104;inator:0.0056
procrastinate,verb,4,2,1297,ast,5064,ination,layer_31,ination,0.000488,185,2,1,ination,0.824085,136,2,1,ination:0.0005;inate:0.0004;inating:0.0003;inated:0.0003;inator:0.0003,ination:0.8241;inate:0.1205;inating:0.0347;inated:0.0140;inator:0.0041
procrastinate,verb,4,2,1297,ast,5064,ination,layer_32,ination,0.002395,210,3,1,ination,0.555299,144,2,1,ination:0.0024;inating:0.0018;inate:0.0016;in:0.0015;inated:0.0013,ination:0.5553;inate:0.1814;inating:0.1396;inated:0.0417;inator:0.0359
procrastinate,verb,4,2,1297,ast,5064,ination,final_logits,ination,0.539191,143,2,1,,,,,,ination:0.5392;inate:0.1863;inating:0.1451;inated:0.0443;inator:0.0367,
procrastinate,verb,4,3,5064,inate,,.,emb,reich,3.1e-05,6528,,18951,reich,0.0014,7039,,22472,reich:0.0000;EA:0.0000;ritz:0.0000;▁loads:0.0000;asz:0.0000,reich:0.0014;ritz:0.0013;EA:0.0010;▁loads:0.0008;úblic:0.0006
procrastinate,verb,4,3,5064,inate,,.,layer_1,▁kennis,3.1e-05,17674,,26504,bur,0.001834,12530,,13732,▁kennis:0.0000;ژ:0.0000;ņ:0.0000;úblic:0.0000;plaat:0.0000,bur:0.0018;uple:0.0012;ær:0.0012;▁burst:0.0011;asz:0.0011
procrastinate,verb,4,3,5064,inate,,.,layer_2,alla,3.1e-05,1007,,4148,alla,0.002317,698,,5053,alla:0.0000;▁flesh:0.0000;orno:0.0000;▁laid:0.0000;ŭ:0.0000,alla:0.0023;imir:0.0020;▁flesh:0.0020;▁laid:0.0019;orno:0.0014
procrastinate,verb,4,3,5064,inate,,.,layer_4,esk,3.1e-05,1839,,15804,orum,0.00333,878,,7212,esk:0.0000;äck:0.0000;orum:0.0000;ously:0.0000;宇:0.0000,orum:0.0033;esk:0.0030;aba:0.0027;▁tid:0.0021;imir:0.0020
procrastinate,verb,4,3,5064,inate,,.,layer_7,дри,3.2e-05,11618,,16888,esk,0.004032,6899,,4215,дри:0.0000;塞:0.0000;гре:0.0000;▁slä:0.0000;ниш:0.0000,esk:0.0040;▁swe:0.0023;nick:0.0021;▁tan:0.0017;erst:0.0016
procrastinate,verb,4,3,5064,inate,,.,layer_11,dern,3.3e-05,25571,,3266,dern,0.003029,24921,,1176,dern:0.0000;дри:0.0000;▁[…]:0.0000;osta:0.0000;Ã:0.0000,dern:0.0030;ters:0.0021;▁anymore:0.0020;ér:0.0020;▁buck:0.0018
procrastinate,verb,4,3,5064,inate,,.,layer_14,▁biologie,3.4e-05,28922,,12306,dern,0.008414,28503,,3453,▁biologie:0.0000;dern:0.0000;ٹ:0.0000;▁[…]:0.0000;▁Mär:0.0000,dern:0.0084;▁biologie:0.0032;▁ANY:0.0027;▁Marine:0.0019;ivi:0.0019
procrastinate,verb,4,3,5064,inate,,.,layer_18,▁kennis,4.4e-05,30665,,8002,▁anymore,0.007895,30165,,16,▁kennis:0.0000;▁biologie:0.0000;▁Mär:0.0000;ٹ:0.0000;▁bekan:0.0000,▁anymore:0.0079;▁delay:0.0045;▁tasks:0.0028;▁because:0.0026;dern:0.0020
procrastinate,verb,4,3,5064,inate,,.,layer_21,▁delay,5.5e-05,14876,,2869,▁delay,0.641902,9256,,48,▁delay:0.0001;▁biologie:0.0000;▁Mär:0.0000;▁kennis:0.0000;ٹ:0.0000,▁delay:0.6419;▁tasks:0.0197;▁pro:0.0189;▁delayed:0.0111;▁until:0.0080
procrastinate,verb,4,3,5064,inate,,.,layer_23,▁Mär,5.7e-05,15540,,1048,▁anymore,0.170823,11291,,19,▁Mär:0.0001;▁biologie:0.0001;▁anymore:0.0001;▁kennis:0.0001;↵:0.0000,▁anymore:0.1708;▁until:0.0432;▁pro:0.0259;▁forever:0.0196;▁delay:0.0164
procrastinate,verb,4,3,5064,inate,,.,layer_25,▁anymore,6.6e-05,16708,,94,▁anymore,0.241829,13110,,15,▁anymore:0.0001;▁until:0.0001;▁forever:0.0001;▁kennis:0.0001;▁Mär:0.0001,▁anymore:0.2418;▁until:0.1137;▁forever:0.0758;▁further:0.0302;▁pro:0.0283
procrastinate,verb,4,3,5064,inate,,.,layer_27,▁anymore,7.7e-05,17850,,39,▁anymore,0.228839,13949,,10,▁anymore:0.0001;▁longer:0.0001;▁kennis:0.0001;▁forever:0.0001;?:0.0001,▁anymore:0.2288;▁longer:0.1168;▁forever:0.0934;?:0.0418;▁until:0.0354
procrastinate,verb,4,3,5064,inate,,.,layer_28,▁anymore,9e-05,16610,,25,▁anymore,0.340853,13604,,9,▁anymore:0.0001;▁longer:0.0001;▁forever:0.0001;▁kennis:0.0001;?:0.0001,▁anymore:0.3409;▁longer:0.0648;▁forever:0.0444;?:0.0429;▁because:0.0310
procrastinate,verb,4,3,5064,inate,,.,layer_29,▁anymore,0.000109,13310,,13,▁anymore,0.269055,13250,,7,▁anymore:0.0001;▁longer:0.0001;▁forever:0.0001;▁any:0.0001;?:0.0001,"▁anymore:0.2691;,:0.0479;▁forever:0.0459;▁on:0.0446;▁longer:0.0428"
procrastinate,verb,4,3,5064,inate,,.,layer_31,.,0.000199,7039,,1,.,0.167702,9198,,1,".:0.0002;,:0.0002;▁on:0.0002;▁and:0.0002;▁any:0.0002",".:0.1677;▁on:0.1665;,:0.1575;▁and:0.0659;▁or:0.0292"
procrastinate,verb,4,3,5064,inate,,.,layer_32,.,0.000496,10116,,1,.,0.194714,10832,,1,".:0.0005;,:0.0005;▁and:0.0004;<0x0A>:0.0003;▁on:0.0003",".:0.1947;,:0.1493;▁and:0.0779;▁on:0.0674;▁about:0.0271"
procrastinate,verb,4,3,5064,inate,,.,final_logits,.,0.198401,10799,,1,,,,,,".:0.1984;,:0.1452;▁and:0.0777;▁on:0.0686;▁about:0.0269",
of,preposition,1,0,1070,▁of,,▁the,emb,▁sorts,3.1e-05,32368,,3161,course,0.000618,32468,,4665,▁sorts:0.0000;course:0.0000;ﬁ:0.0000;话:0.0000;▁course:0.0000,course:0.0006;▁sorts:0.0006;▁course:0.0005;话:0.0005;ﬁ:0.0004
of,preposition,1,0,1070,▁of,,▁the,layer_1,ieux,3.6e-05,28804,,27379,efore,0.006044,28401,,25571,ieux:0.0000;▁Giov:0.0000;ota:0.0000;efore:0.0000;yll:0.0000,efore:0.0060;ieux:0.0058;▁Giov:0.0053;ota:0.0043;yll:0.0038
of,preposition,1,0,1070,▁of,,▁the,layer_2,▁kennis,0.795628,32652,,32757,▁kennis,0.000663,30874,,32744,▁kennis:0.7956;▁Fuß:0.0662;▁biologie:0.0566;▁bekan:0.0296;plaat:0.0119,▁kennis:0.0007;▁biologie:0.0005;▁dévelop:0.0004;▁besk:0.0003;▁artikel:0.0003
of,preposition,1,0,1070,▁of,,▁the,layer_4,▁kennis,0.795426,32652,,32757,▁kennis,0.000663,30898,,32744,▁kennis:0.7954;▁Fuß:0.0663;▁biologie:0.0567;▁bekan:0.0296;plaat:0.0119,▁kennis:0.0007;▁biologie:0.0005;▁dévelop:0.0004;▁besk:0.0003;▁artikel:0.0003
of,preposition,1,0,1070,▁of,,▁the,layer_7,▁kennis,0.794762,32652,,32757,▁kennis,0.000661,30946,,32745,▁kennis:0.7948;▁Fuß:0.0665;▁biologie:0.0568;▁bekan:0.0297;plaat:0.0120,▁kennis:0.0007;▁biologie:0.0005;▁dévelop:0.0004;▁besk:0.0003;▁artikel:0.0003
of,preposition,1,0,1070,▁of,,▁the,layer_11,▁kennis,0.79589,32652,,32757,▁kennis,0.000674,30918,,32745,▁kennis:0.7959;▁Fuß:0.0658;▁biologie:0.0572;▁bekan:0.0292;plaat:0.0118,▁kennis:0.0007;▁biologie:0.0006;▁dévelop:0.0004;▁besk:0.0004;▁artikel:0.0004
of,preposition,1,0,1070,▁of,,▁the,layer_14,▁kennis,0.798011,32652,,32758,▁kennis,0.000685,30921,,32746,▁kennis:0.7980;▁Fuß:0.0649;▁biologie:0.0570;▁bekan:0.0285;plaat:0.0118,▁kennis:0.0007;▁biologie:0.0006;▁dévelop:0.0004;▁artikel:0.0004;▁besk:0.0004
of,preposition,1,0,1070,▁of,,▁the,layer_18,▁kennis,0.79802,32652,,32758,▁kennis,0.000689,30963,,32747,▁kennis:0.7980;▁Fuß:0.0651;▁biologie:0.0572;▁bekan:0.0283;plaat:0.0118,▁kennis:0.0007;▁biologie:0.0006;▁dévelop:0.0004;▁artikel:0.0004;▁besk:0.0004
of,preposition,1,0,1070,▁of,,▁the,layer_21,▁kennis,0.814078,32656,,32757,▁kennis,0.000735,31851,,32748,▁kennis:0.8141;▁Fuß:0.0598;▁biologie:0.0554;▁bekan:0.0253;plaat:0.0108,▁kennis:0.0007;▁biologie:0.0006;▁artikel:0.0004;▁besk:0.0004;▁dévelop:0.0004
of,preposition,1,0,1070,▁of,,▁the,layer_23,▁kennis,0.813834,32658,,32758,▁kennis,0.000736,31914,,32748,▁kennis:0.8138;▁Fuß:0.0598;▁biologie:0.0557;▁bekan:0.0254;plaat:0.0107,▁kennis:0.0007;▁biologie:0.0006;▁dévelop:0.0004;▁artikel:0.0004;▁besk:0.0004
of,preposition,1,0,1070,▁of,,▁the,layer_25,▁kennis,0.81338,32658,,32757,▁kennis,0.000734,31891,,32748,▁kennis:0.8134;▁Fuß:0.0602;▁biologie:0.0555;▁bekan:0.0255;plaat:0.0108,▁kennis:0.0007;▁biologie:0.0006;▁dévelop:0.0004;▁artikel:0.0004;▁besk:0.0004
of,preposition,1,0,1070,▁of,,▁the,layer_27,▁kennis,0.812938,32656,,32757,▁kennis,0.000722,31794,,32748,▁kennis:0.8129;▁Fuß:0.0606;▁biologie:0.0554;▁bekan:0.0255;plaat:0.0109,▁kennis:0.0007;▁biologie:0.0006;▁dévelop:0.0004;▁artikel:0.0004;▁besk:0.0004
of,preposition,1,0,1070,▁of,,▁the,layer_28,▁kennis,0.811803,32656,,32757,▁kennis,0.000711,31754,,32748,▁kennis:0.8118;▁Fuß:0.0611;▁biologie:0.0555;▁bekan:0.0256;plaat:0.0110,▁kennis:0.0007;▁biologie:0.0006;▁artikel:0.0004;▁besk:0.0004;▁dévelop:0.0004
of,preposition,1,0,1070,▁of,,▁the,layer_29,▁kennis,0.806441,32656,,32758,▁kennis,0.000701,31700,,32747,▁kennis:0.8064;▁Fuß:0.0622;▁biologie:0.0568;▁bekan:0.0266;plaat:0.0113,▁kennis:0.0007;▁biologie:0.0006;▁artikel:0.0004;▁besk:0.0004;▁dévelop:0.0004
of,preposition,1,0,1070,▁of,,▁the,layer_31,▁kennis,0.30247,32663,,32749,▁bekan,0.000624,31981,,29038,▁kennis:0.3025;▁Fuß:0.1156;▁bekan:0.0745;▁biologie:0.0539;plaat:0.0467,▁bekan:0.0006;▁Fuß:0.0005;områ:0.0004;▁kennis:0.0004;ץ:0.0004
of,preposition,1,0,1070,▁of,,▁the,layer_32,▁the,0.000116,182,,1,▁the,0.249634,697,,1,▁the:0.0001;▁:0.0001;▁a:0.0001;▁this:0.0001;▁an:0.0001,▁the:0.2496;▁a:0.0349;▁:0.0189;▁this:0.0143;▁your:0.0100
of,preposition,1,0,1070,▁of,,▁the,final_logits,▁the,0.24617,693,,1,,,,,,▁the:0.2462;▁a:0.0355;▁:0.0190;▁this:0.0143;▁your:0.0102,
in,preposition,1,0,1065,▁in,,▁the,emb,lc,3.1e-05,32682,,1420,lc,0.001901,32678,,1123,lc:0.0000;▁accordance:0.0000;cur:0.0000;▁lieu:0.0000;▁relation:0.0000,lc:0.0019;▁accordance:0.0016;cur:0.0014;▁relation:0.0012;tra:0.0012
in,preposition,1,0,1065,▁in,,▁the,layer_1,▁Giov,3.6e-05,31674,,27802,efore,0.005849,31525,,26002,▁Giov:0.0000;ieux:0.0000;yll:0.0000;ota:0.0000;efore:0.0000,efore:0.0058;ieux:0.0052;▁Giov:0.0050;ota:0.0043;yll:0.0042
in,preposition,1,0,1065,▁in,,▁the,layer_2,▁kennis,0.796521,32707,,32757,▁kennis,0.000671,32641,,32744,▁kennis:0.7965;▁Fuß:0.0659;▁biologie:0.0564;▁bekan:0.0296;plaat:0.0118,▁kennis:0.0007;▁biologie:0.0005;▁dévelop:0.0004;▁artikel:0.0003;▁besk:0.0003
in,preposition,1,0,1065,▁in,,▁the,layer_4,▁kennis,0.796319,32707,,32757,▁kennis,0.00067,32642,,32744,▁kennis:0.7963;▁Fuß:0.0659;▁biologie:0.0565;▁bekan:0.0296;plaat:0.0118,▁kennis:0.0007;▁biologie:0.0005;▁dévelop:0.0004;▁besk:0.0003;▁artikel:0.0003
in,preposition,1,0,1065,▁in,,▁the,layer_7,▁kennis,0.795635,32707,,32757,▁kennis,0.000668,32651,,32745,▁kennis:0.7956;▁Fuß:0.0661;▁biologie:0.0566;▁bekan:0.0297;plaat:0.0119,▁kennis:0.0007;▁biologie:0.0005;▁dévelop:0.0004;▁besk:0.0003;▁artikel:0.0003
in,preposition,1,0,1065,▁in,,▁the,layer_11,▁kennis,0.796794,32707,,32757,▁kennis,0.00068,32648,,32745,▁kennis:0.7968;▁Fuß:0.0654;▁biologie:0.0570;▁bekan:0.0292;plaat:0.0117,▁kennis:0.0007;▁biologie:0.0006;▁dévelop:0.0004;▁besk:0.0004;▁artikel:0.0004
in,preposition,1,0,1065,▁in,,▁the,layer_14,▁kennis,0.798909,32707,,32758,▁kennis,0.000691,32640,,32745,▁kennis:0.7989;▁Fuß:0.0646;▁biologie:0.0568;▁bekan:0.0285;plaat:0.0117,▁kennis:0.0007;▁biologie:0.0006;▁dévelop:0.0004;▁artikel:0.0004;▁besk:0.0004
in,preposition,1,0,1065,▁in,,▁the,layer_18,▁kennis,0.798911,32707,,32758,▁kennis,0.000695,32641,,32746,▁kennis:0.7989;▁Fuß:0.0648;▁biologie:0.0570;▁bekan:0.0283;plaat:0.0117,▁kennis:0.0007;▁biologie:0.0006;▁dévelop:0.0004;▁artikel:0.0004;▁besk:0.0004
in,preposition,1,0,1065,▁in,,▁the,layer_21,▁kennis,0.814956,32709,,32757,▁kennis,0.000744,32694,,32747,▁kennis:0.8150;▁Fuß:0.0594;▁biologie:0.0552;▁bekan:0.0253;plaat:0.0108,▁kennis:0.0007;▁biologie:0.0006;▁artikel:0.0004;▁besk:0.0004;▁dévelop:0.0004
in,preposition,1,0,1065,▁in,,▁the,layer_23,▁kennis,0.814765,32709,,32758,▁kennis,0.000744,32700,,32747,▁kennis:0.8148;▁Fuß:0.0594;▁biologie:0.0555;▁bekan:0.0254;plaat:0.0107,▁kennis:0.0007;▁biologie:0.0006;▁artikel:0.0004;▁besk:0.0004;▁dévelop:0.0004
in,preposition,1,0,1065,▁in,,▁the,layer_25,▁kennis,0.814305,32708,,32758,▁kennis,0.000741,32692,,32747,▁kennis:0.8143;▁Fuß:0.0598;▁biologie:0.0553;▁bekan:0.0255;plaat:0.0107,▁kennis:0.0007;▁biologie:0.0006;▁artikel:0.0004;▁besk:0.0004;▁dévelop:0.0004
in,preposition,1,0,1065,▁in,,▁the,layer_27,▁kennis,0.813776,32706,,32757,▁kennis,0.000728,32668,,32747,▁kennis:0.8138;▁Fuß:0.0602;▁biologie:0.0553;▁bekan:0.0255;plaat:0.0108,▁kennis:0.0007;▁biologie:0.0006;▁artikel:0.0004;▁besk:0.0004;▁dévelop:0.0004
in,preposition,1,0,1065,▁in,,▁the,layer_28,▁kennis,0.812682,32705,,32757,▁kennis,0.000717,32656,,32747,▁kennis:0.8127;▁Fuß:0.0607;▁biologie:0.0554;▁bekan:0.0256;plaat:0.0109,▁kennis:0.0007;▁biologie:0.0006;▁artikel:0.0004;▁besk:0.0004;▁dévelop:0.0004
in,preposition,1,0,1065,▁in,,▁the,layer_29,▁kennis,0.807355,32704,,32758,▁kennis,0.000706,32643,,32747,▁kennis:0.8074;▁Fuß:0.0618;▁biologie:0.0567;▁bekan:0.0266;plaat:0.0113,▁kennis:0.0007;▁biologie:0.0006;▁artikel:0.0004;▁besk:0.0004;▁dévelop:0.0004
in,preposition,1,0,1065,▁in,,▁the,layer_31,▁kennis,0.312707,32695,,32748,▁bekan,0.000632,32124,,28612,▁kennis:0.3127;▁Fuß:0.1121;▁bekan:0.0736;▁biologie:0.0554;plaat:0.0449,▁bekan:0.0006;▁Fuß:0.0005;▁kennis:0.0004;områ:0.0004;▁dévelop:0.0004
in,preposition,1,0,1065,▁in,,▁the,layer_32,▁the,0.000105,88,,1,▁the,0.256808,134,,1,▁the:0.0001;▁:0.0001;▁a:0.0001;-:0.0001;▁which:0.0001,▁the:0.2568;▁a:0.0597;▁:0.0367;▁this:0.0173;▁your:0.0118
in,preposition,1,0,1065,▁in,,▁the,final_logits,▁the,0.259781,133,,1,,,,,,▁the:0.2598;▁a:0.0580;▁:0.0363;▁this:0.0171;▁your:0.0118,
under,preposition,1,0,1684,▁under,,▁the,emb,oya,3.1e-05,159,,30466,oya,0.000935,256,,31546,oya:0.0000;neath:0.0000;▁embargo:0.0000;ắ:0.0000;whel:0.0000,oya:0.0009;ắ:0.0006;▁embargo:0.0006;▁Oliver:0.0006;aja:0.0005
under,preposition,1,0,1684,▁under,,▁the,layer_1,ķ,3.1e-05,21682,,32358,ẩ,0.019443,9890,,26855,ķ:0.0000;ẩ:0.0000;▁occas:0.0000;▁kennis:0.0000;▁biologie:0.0000,ẩ:0.0194;▁/******/:0.0090;▁giornata:0.0046;cembre:0.0042;sta:0.0037
under,preposition,1,0,1684,▁under,,▁the,layer_2,▁kennis,0.000125,32528,,32752,▁kennis,0.000533,23282,,29307,▁kennis:0.0001;▁Fuß:0.0001;▁biologie:0.0001;▁bekan:0.0001;plaat:0.0001,▁kennis:0.0005;▁biologie:0.0005;▁péri:0.0003;Ż:0.0003;▁Fuß:0.0003
under,preposition,1,0,1684,▁under,,▁the,layer_4,▁kennis,0.000125,32536,,32753,▁kennis,0.000533,24949,,30159,▁kennis:0.0001;▁Fuß:0.0001;▁biologie:0.0001;▁bekan:0.0001;plaat:0.0001,▁kennis:0.0005;▁biologie:0.0005;▁péri:0.0003;Ż:0.0003;▁Fuß:0.0003
under,preposition,1,0,1684,▁under,,▁the,layer_7,▁kennis,0.000125,32543,,32753,▁biologie,0.000552,26156,,30759,▁kennis:0.0001;▁Fuß:0.0001;▁biologie:0.0001;▁bekan:0.0001;plaat:0.0001,▁biologie:0.0006;▁kennis:0.0005;Ż:0.0003;▁péri:0.0003;▁dévelop:0.0003
under,preposition,1,0,1684,▁under,,▁the,layer_11,▁kennis,0.000115,32497,,32752,▁biologie,0.00082,17859,,26304,▁kennis:0.0001;▁biologie:0.0001;▁Fuß:0.0001;▁bekan:0.0001;▁dévelop:0.0001,▁biologie:0.0008;▁kennis:0.0008;▁ál:0.0004;Ż:0.0004;▁péri:0.0003
under,preposition,1,0,1684,▁under,,▁the,layer_14,▁kennis,0.000104,32466,,32752,▁kennis,0.001118,16508,,26112,▁kennis:0.0001;▁biologie:0.0001;▁Fuß:0.0001;▁bekan:0.0001;▁dévelop:0.0001,▁kennis:0.0011;▁biologie:0.0009;▁ál:0.0005;Ż:0.0004;▁péri:0.0003
under,preposition,1,0,1684,▁under,,▁the,layer_18,▁kennis,6.3e-05,30293,,32732,▁biologie,0.000724,2291,,12083,▁kennis:0.0001;▁biologie:0.0001;▁Fuß:0.0001;▁dévelop:0.0001;plaat:0.0001,▁biologie:0.0007;▁ál:0.0006;▁kennis:0.0006;▁dévelop:0.0004;▁vál:0.0004
under,preposition,1,0,1684,▁under,,▁the,layer_21,▁kennis,0.000189,31882,,32751,▁biologie,0.003426,12931,,27428,▁kennis:0.0002;▁biologie:0.0002;▁Fuß:0.0001;▁bekan:0.0001;▁dévelop:0.0001,▁biologie:0.0034;▁kennis:0.0022;▁ál:0.0013;rcu:0.0008;Ż:0.0007
under,preposition,1,0,1684,▁under,,▁the,layer_23,▁kennis,0.000259,26466,,32756,▁biologie,0.002897,357,,28322,▁kennis:0.0003;▁biologie:0.0002;▁Fuß:0.0002;▁bekan:0.0002;▁dévelop:0.0002,▁biologie:0.0029;▁kennis:0.0021;▁ál:0.0011;▁dévelop:0.0006;rcu:0.0006
under,preposition,1,0,1684,▁under,,▁the,layer_25,▁kennis,0.000255,27959,,32748,▁biologie,0.003269,725,,23749,▁kennis:0.0003;▁biologie:0.0002;▁Fuß:0.0002;▁bekan:0.0002;▁dévelop:0.0002,▁biologie:0.0033;▁kennis:0.0023;▁ál:0.0015;rcu:0.0006;▁uitgenodigd:0.0006
under,preposition,1,0,1684,▁under,,▁the,layer_27,▁kennis,0.000225,31787,,32730,▁biologie,0.003919,9010,,14060,▁kennis:0.0002;▁biologie:0.0002;▁Fuß:0.0002;▁bekan:0.0001;plaat:0.0001,▁biologie:0.0039;▁kennis:0.0027;▁ál:0.0017;rcu:0.0007;graduate:0.0007
under,preposition,1,0,1684,▁under,,▁the,layer_28,▁kennis,0.000162,30755,,32580,▁biologie,0.005281,5115,,3638,▁kennis:0.0002;▁biologie:0.0001;▁Fuß:0.0001;plaat:0.0001;▁dévelop:0.0001,▁biologie:0.0053;▁kennis:0.0023;▁ál:0.0023;graduate:0.0015;pin:0.0010
under,preposition,1,0,1684,▁under,,▁the,layer_29,▁kennis,0.000111,20540,,27450,going,0.003439,147,,64,▁kennis:0.0001;▁biologie:0.0001;▁Fuß:0.0001;plaat:0.0001;▁bekan:0.0001,going:0.0034;graduate:0.0025;▁biologie:0.0024;pin:0.0013;standing:0.0012
under,preposition,1,0,1684,▁under,,▁the,layer_31,▁biologie,8e-05,24589,,350,▁the,0.034798,4131,,1,▁biologie:0.0001;▁kennis:0.0001;▁bekan:0.0001;▁Fuß:0.0001;▁ál:0.0001,▁the:0.0348;going:0.0227;go:0.0151;▁a:0.0119;▁control:0.0116
under,preposition,1,0,1684,▁under,,▁the,layer_32,▁the,8e-05,1949,,1,▁the,0.239039,2302,,1,▁the:0.0001;-:0.0001;▁:0.0001;▁a:0.0001;graduate:0.0001,▁the:0.2390;▁a:0.0495;graduate:0.0341;▁:0.0335;go:0.0164
under,preposition,1,0,1684,▁under,,▁the,final_logits,▁the,0.239915,2301,,1,,,,,,▁the:0.2399;▁a:0.0503;graduate:0.0346;▁:0.0325;go:0.0163,
between,preposition,1,0,2212,▁between,,▁the,emb,▁between,3.1e-05,1,,20040,▁between,0.00109,1,,23432,▁between:0.0000;wick:0.0000;between:0.0000;issen:0.0000;<0xB7>:0.0000,▁between:0.0011;wick:0.0010;issen:0.0008;between:0.0008;<0xB7>:0.0007
between,preposition,1,0,2212,▁between,,▁the,layer_1,ķ,3.1e-05,11006,,31913,ẩ,0.012222,2811,,24927,ķ:0.0000;ẩ:0.0000;▁giornata:0.0000;▁slä:0.0000;▁biologie:0.0000,ẩ:0.0122;▁giornata:0.0050;okrat:0.0038;ķ:0.0038;ĩ:0.0029
between,preposition,1,0,2212,▁between,,▁the,layer_2,▁kennis,0.000109,32049,,32750,▁kennis,0.000478,14097,,25881,▁kennis:0.0001;▁Fuß:0.0001;▁biologie:0.0001;▁bekan:0.0001;plaat:0.0001,▁kennis:0.0005;▁biologie:0.0004;▁péri:0.0003;Ż:0.0003;▁Fuß:0.0003
between,preposition,1,0,2212,▁between,,▁the,layer_4,▁kennis,0.000109,32054,,32751,▁kennis,0.000483,14733,,27473,▁kennis:0.0001;▁Fuß:0.0001;▁biologie:0.0001;▁bekan:0.0001;plaat:0.0001,▁kennis:0.0005;▁biologie:0.0005;▁péri:0.0003;Ż:0.0003;▁Fuß:0.0003
between,preposition,1,0,2212,▁between,,▁the,layer_7,▁kennis,0.000109,32001,,32752,▁biologie,0.000507,13907,,28526,▁kennis:0.0001;▁Fuß:0.0001;▁biologie:0.0001;▁bekan:0.0001;plaat:0.0001,▁biologie:0.0005;▁kennis:0.0005;▁péri:0.0003;Ż:0.0003;▁dévelop:0.0003
between,preposition,1,0,2212,▁between,,▁the,layer_11,▁kennis,0.0001,31802,,32751,▁biologie,0.000777,9639,,22443,▁kennis:0.0001;▁biologie:0.0001;▁Fuß:0.0001;▁bekan:0.0001;▁dévelop:0.0001,▁biologie:0.0008;▁kennis:0.0008;▁ál:0.0004;▁péri:0.0004;Ż:0.0004
between,preposition,1,0,2212,▁between,,▁the,layer_14,▁kennis,9.1e-05,31449,,32751,▁kennis,0.001095,7662,,22379,▁kennis:0.0001;▁biologie:0.0001;▁Fuß:0.0001;▁bekan:0.0001;▁dévelop:0.0001,▁kennis:0.0011;▁biologie:0.0008;▁ál:0.0005;Ż:0.0004;▁péri:0.0004
between,preposition,1,0,2212,▁between,,▁the,layer_18,▁kennis,6.1e-05,18760,,32719,▁kennis,0.000726,29,,7668,▁kennis:0.0001;▁biologie:0.0001;▁Fuß:0.0001;▁dévelop:0.0001;plaat:0.0001,▁kennis:0.0007;▁biologie:0.0007;rcu:0.0005;▁péri:0.0005;▁ál:0.0004
between,preposition,1,0,2212,▁between,,▁the,layer_21,▁kennis,0.00018,26787,,32742,▁biologie,0.001874,1736,,18824,▁kennis:0.0002;▁biologie:0.0002;▁Fuß:0.0001;▁dévelop:0.0001;▁bekan:0.0001,▁biologie:0.0019;▁kennis:0.0016;▁ál:0.0008;▁dévelop:0.0006;▁péri:0.0006
between,preposition,1,0,2212,▁between,,▁the,layer_23,▁kennis,0.000244,28299,,32747,▁biologie,0.00171,2534,,20604,▁kennis:0.0002;▁biologie:0.0002;▁Fuß:0.0002;▁bekan:0.0002;▁dévelop:0.0002,▁biologie:0.0017;▁kennis:0.0016;▁ál:0.0008;▁péri:0.0006;▁dévelop:0.0005
between,preposition,1,0,2212,▁between,,▁the,layer_25,▁kennis,0.000237,26756,,32741,▁biologie,0.001656,1087,,15596,▁kennis:0.0002;▁biologie:0.0002;▁Fuß:0.0002;▁bekan:0.0002;▁dévelop:0.0002,▁biologie:0.0017;▁kennis:0.0014;▁ál:0.0008;▁péri:0.0007;▁dévelop:0.0005
between,preposition,1,0,2212,▁between,,▁the,layer_27,▁kennis,0.000211,22529,,32717,▁biologie,0.001809,167,,4324,▁kennis:0.0002;▁biologie:0.0002;▁Fuß:0.0002;▁bekan:0.0001;▁dévelop:0.0001,▁biologie:0.0018;▁kennis:0.0014;▁ál:0.0009;▁péri:0.0007;▁dévelop:0.0004
between,preposition,1,0,2212,▁between,,▁the,layer_28,▁kennis,0.000156,17466,,32435,▁biologie,0.002298,45,,295,▁kennis:0.0002;▁biologie:0.0001;▁Fuß:0.0001;▁dévelop:0.0001;▁bekan:0.0001,▁biologie:0.0023;▁ál:0.0011;▁kennis:0.0010;▁péri:0.0008;▁ingår:0.0004
between,preposition,1,0,2212,▁between,,▁the,layer_29,▁kennis,0.000106,11002,,25053,▁biologie,0.001344,7,,4,▁kennis:0.0001;▁biologie:0.0001;▁Fuß:0.0001;▁dévelop:0.0001;▁péri:0.0001,▁biologie:0.0013;▁two:0.0006;▁ál:0.0006;▁the:0.0006;-:0.0006
between,preposition,1,0,2212,▁between,,▁the,layer_31,▁biologie,6.3e-05,615,,70,▁the,0.074311,31,,1,▁biologie:0.0001;▁kennis:0.0001;▁Fuß:0.0001;▁péri:0.0001;plaat:0.0001,▁the:0.0743;▁two:0.0262;▁:0.0142;▁a:0.0105;▁them:0.0073
between,preposition,1,0,2212,▁between,,▁the,layer_32,▁the,0.00011,59,,1,▁the,0.245834,78,,1,▁the:0.0001;▁:0.0001;▁a:0.0001;.:0.0001;▁and:0.0001,▁the:0.2458;▁:0.0826;▁two:0.0248;▁a:0.0246;▁them:0.0123
between,preposition,1,0,2212,▁between,,▁the,final_logits,▁the,0.251666,78,,1,,,,,,▁the:0.2517;▁:0.0817;▁two:0.0249;▁a:0.0242;▁them:0.0121,
through,preposition,1,0,1827,▁through,,▁the,emb,put,3.1e-05,23317,,26477,put,0.00169,24053,,27356,put:0.0000;quel:0.0000;ect:0.0000;ought:0.0000;out:0.0000,put:0.0017;ect:0.0007;quel:0.0006;quote:0.0005;üt:0.0004
through,preposition,1,0,1827,▁through,,▁the,layer_1,ẩ,3.1e-05,29454,,30927,ẩ,0.031328,21110,,19040,ẩ:0.0000;ķ:0.0000;▁diffé:0.0000;▁giornata:0.0000;▁occas:0.0000,ẩ:0.0313;lette:0.0058;iek:0.0038;☽:0.0027;▁diff:0.0024
through,preposition,1,0,1827,▁through,,▁the,layer_2,▁kennis,0.000127,32481,,32752,▁kennis,0.000475,22886,,27634,▁kennis:0.0001;▁Fuß:0.0001;▁biologie:0.0001;▁bekan:0.0001;plaat:0.0001,▁kennis:0.0005;▁biologie:0.0004;▁dévelop:0.0003;Ż:0.0003;▁péri:0.0003
through,preposition,1,0,1827,▁through,,▁the,layer_4,▁kennis,0.000127,32482,,32752,▁kennis,0.000479,23959,,28711,▁kennis:0.0001;▁Fuß:0.0001;▁biologie:0.0001;▁bekan:0.0001;plaat:0.0001,▁kennis:0.0005;▁biologie:0.0005;▁péri:0.0003;▁dévelop:0.0003;Ż:0.0003
through,preposition,1,0,1827,▁through,,▁the,layer_7,▁kennis,0.000127,32486,,32752,▁kennis,0.000487,23707,,29537,▁kennis:0.0001;▁Fuß:0.0001;▁biologie:0.0001;▁bekan:0.0001;plaat:0.0001,▁kennis:0.0005;▁biologie:0.0005;▁dévelop:0.0003;Ż:0.0003;▁péri:0.0003
through,preposition,1,0,1827,▁through,,▁the,layer_11,▁kennis,0.000117,32463,,32752,▁biologie,0.000701,17966,,24782,▁kennis:0.0001;▁biologie:0.0001;▁Fuß:0.0001;▁bekan:0.0001;▁dévelop:0.0001,▁biologie:0.0007;▁kennis:0.0007;▁ál:0.0004;Ż:0.0003;▁dévelop:0.0003
through,preposition,1,0,1827,▁through,,▁the,layer_14,▁kennis,0.000107,32455,,32751,▁kennis,0.000961,18465,,24260,▁kennis:0.0001;▁biologie:0.0001;▁Fuß:0.0001;▁bekan:0.0001;▁dévelop:0.0001,▁kennis:0.0010;▁biologie:0.0007;▁ál:0.0005;Ż:0.0004;▁dévelop:0.0003
through,preposition,1,0,1827,▁through,,▁the,layer_18,▁kennis,6.1e-05,31247,,32721,▁kennis,0.000884,4199,,5905,▁kennis:0.0001;▁biologie:0.0001;▁Fuß:0.0001;▁dévelop:0.0001;scriptstyle:0.0001,▁kennis:0.0009;▁biologie:0.0008;▁ál:0.0006;▁dévelop:0.0006;▁éc:0.0004
through,preposition,1,0,1827,▁through,,▁the,layer_21,▁kennis,0.000191,31424,,32737,▁biologie,0.002261,7673,,14208,▁kennis:0.0002;▁biologie:0.0002;▁Fuß:0.0001;▁dévelop:0.0001;▁bekan:0.0001,▁biologie:0.0023;▁kennis:0.0021;▁ál:0.0010;▁dévelop:0.0008;▁éc:0.0005
through,preposition,1,0,1827,▁through,,▁the,layer_23,▁kennis,0.000261,30703,,32743,▁biologie,0.00189,3973,,16560,▁kennis:0.0003;▁biologie:0.0002;▁Fuß:0.0002;▁dévelop:0.0002;▁bekan:0.0002,▁biologie:0.0019;▁kennis:0.0019;▁ál:0.0010;▁dévelop:0.0007;▁péri:0.0004
through,preposition,1,0,1827,▁through,,▁the,layer_25,▁kennis,0.000257,30159,,32734,▁biologie,0.001857,2239,,9508,▁kennis:0.0003;▁biologie:0.0002;▁Fuß:0.0002;▁dévelop:0.0002;▁bekan:0.0002,▁biologie:0.0019;▁kennis:0.0016;▁ál:0.0011;▁dévelop:0.0007;▁péri:0.0005
through,preposition,1,0,1827,▁through,,▁the,layer_27,▁kennis,0.000225,29008,,32696,▁biologie,0.002112,808,,1591,▁kennis:0.0002;▁biologie:0.0002;▁Fuß:0.0002;▁dévelop:0.0001;▁bekan:0.0001,▁biologie:0.0021;▁kennis:0.0016;▁ál:0.0012;▁dévelop:0.0006;▁péri:0.0005
through,preposition,1,0,1827,▁through,,▁the,layer_28,▁kennis,0.000164,25935,,32301,▁biologie,0.003311,229,,136,▁kennis:0.0002;▁biologie:0.0002;▁Fuß:0.0001;▁dévelop:0.0001;▁bekan:0.0001,▁biologie:0.0033;▁ál:0.0015;▁kennis:0.0013;▁péri:0.0006;▁dévelop:0.0006
through,preposition,1,0,1827,▁through,,▁the,layer_29,▁kennis,0.000108,20484,,24146,▁biologie,0.001812,71,,2,▁kennis:0.0001;▁biologie:0.0001;▁Fuß:0.0001;▁dévelop:0.0001;scriptstyle:0.0001,▁biologie:0.0018;▁the:0.0008;▁a:0.0008;▁ál:0.0007;▁her:0.0007
through,preposition,1,0,1827,▁through,,▁the,layer_31,▁biologie,6.9e-05,1129,,90,▁the,0.080946,36,,1,▁biologie:0.0001;▁kennis:0.0001;▁Fuß:0.0001;▁péri:0.0001;▁Мекси:0.0001,▁the:0.0809;▁a:0.0246;▁this:0.0109;▁their:0.0108;▁an:0.0084
through,preposition,1,0,1827,▁through,,▁the,layer_32,▁the,9.1e-05,34,,1,▁the,0.292984,43,,1,"▁the:0.0001;▁a:0.0001;.:0.0001;▁:0.0001;,:0.0001",▁the:0.2930;▁a:0.0749;▁this:0.0199;▁their:0.0151;▁:0.0151
through,preposition,1,0,1827,▁through,,▁the,final_logits,▁the,0.290891,43,,1,,,,,,▁the:0.2909;▁a:0.0735;▁this:0.0198;▁their:0.0154;▁:0.0154,
despite,preposition,1,0,8345,▁despite,,▁the,emb,zel,3.1e-05,2741,,29851,zel,0.001367,2312,,30209,zel:0.0000;auc:0.0000;▁Wahl:0.0000;verso:0.0000;hing:0.0000,zel:0.0014;auc:0.0008;▁Wahl:0.0007;yar:0.0006;hing:0.0006
despite,preposition,1,0,8345,▁despite,,▁the,layer_1,ẩ,3.1e-05,14712,,32075,ẩ,0.018722,4406,,25149,ẩ:0.0000;ķ:0.0000;▁biologie:0.0000;◄:0.0000;▁diffé:0.0000,ẩ:0.0187;chio:0.0047;▁/******/:0.0037;ķ:0.0027;ász:0.0019
despite,preposition,1,0,8345,▁despite,,▁the,layer_2,▁kennis,8.1e-05,24534,,32752,▁biologie,0.000453,11493,,27695,▁kennis:0.0001;▁Fuß:0.0001;▁biologie:0.0001;▁bekan:0.0001;plaat:0.0001,▁biologie:0.0005;▁kennis:0.0004;▁péri:0.0003;▁Fuß:0.0003;Ż:0.0003
despite,preposition,1,0,8345,▁despite,,▁the,layer_4,▁kennis,8.1e-05,24494,,32753,▁biologie,0.000495,12185,,29541,▁kennis:0.0001;▁Fuß:0.0001;▁biologie:0.0001;▁bekan:0.0001;plaat:0.0001,▁biologie:0.0005;▁kennis:0.0004;▁péri:0.0003;Ż:0.0003;▁Fuß:0.0003
despite,preposition,1,0,8345,▁despite,,▁the,layer_7,▁kennis,8e-05,24481,,32755,▁biologie,0.000544,12368,,30881,▁kennis:0.0001;▁Fuß:0.0001;▁biologie:0.0001;▁bekan:0.0001;plaat:0.0001,▁biologie:0.0005;▁kennis:0.0004;▁péri:0.0004;Ż:0.0003;▁dévelop:0.0003
despite,preposition,1,0,8345,▁despite,,▁the,layer_11,▁kennis,7.4e-05,22474,,32752,▁biologie,0.000968,6389,,24085,▁kennis:0.0001;▁biologie:0.0001;▁Fuß:0.0001;▁bekan:0.0001;▁dévelop:0.0001,▁biologie:0.0010;▁kennis:0.0007;▁péri:0.0004;▁ál:0.0004;Ż:0.0003
despite,preposition,1,0,8345,▁despite,,▁the,layer_14,▁kennis,6.7e-05,21562,,32753,▁kennis,0.001001,4827,,25160,▁kennis:0.0001;▁biologie:0.0001;▁Fuß:0.0001;▁bekan:0.0001;▁dévelop:0.0001,▁kennis:0.0010;▁biologie:0.0010;▁ál:0.0005;▁péri:0.0004;▁gepubliceerd:0.0004
despite,preposition,1,0,8345,▁despite,,▁the,layer_18,▁kennis,5.9e-05,15139,,32741,▁biologie,0.000888,292,,19122,▁kennis:0.0001;▁biologie:0.0001;▁Fuß:0.0001;▁dévelop:0.0001;plaat:0.0001,▁biologie:0.0009;rcu:0.0005;▁kennis:0.0005;rdev:0.0004;▁té:0.0004
despite,preposition,1,0,8345,▁despite,,▁the,layer_21,▁kennis,0.000169,16753,,32751,▁biologie,0.002339,982,,23994,▁kennis:0.0002;▁biologie:0.0002;▁Fuß:0.0001;▁bekan:0.0001;▁dévelop:0.0001,▁biologie:0.0023;▁ál:0.0011;▁kennis:0.0011;rcu:0.0005;rdev:0.0005
despite,preposition,1,0,8345,▁despite,,▁the,layer_23,▁kennis,0.000227,17631,,32752,▁biologie,0.002093,1151,,24377,▁kennis:0.0002;▁biologie:0.0002;▁Fuß:0.0002;▁bekan:0.0002;▁dévelop:0.0002,▁biologie:0.0021;▁kennis:0.0012;▁ál:0.0011;Ż:0.0005;▁péri:0.0004
despite,preposition,1,0,8345,▁despite,,▁the,layer_25,▁kennis,0.000224,16206,,32750,▁biologie,0.001838,511,,17844,▁kennis:0.0002;▁biologie:0.0002;▁Fuß:0.0002;▁bekan:0.0002;plaat:0.0002,▁biologie:0.0018;▁ál:0.0012;▁kennis:0.0010;Ż:0.0005;▁péri:0.0004
despite,preposition,1,0,8345,▁despite,,▁the,layer_27,▁kennis,0.000199,13922,,32734,▁biologie,0.00213,142,,5661,▁kennis:0.0002;▁biologie:0.0002;▁Fuß:0.0002;▁bekan:0.0001;plaat:0.0001,▁biologie:0.0021;▁ál:0.0012;▁kennis:0.0009;▁being:0.0005;Ż:0.0004
despite,preposition,1,0,8345,▁despite,,▁the,layer_28,▁kennis,0.000143,10619,,32362,▁biologie,0.002293,22,,176,▁kennis:0.0001;▁biologie:0.0001;▁Fuß:0.0001;▁bekan:0.0001;plaat:0.0001,▁biologie:0.0023;▁being:0.0014;▁ál:0.0012;▁having:0.0009;▁its:0.0006
despite,preposition,1,0,8345,▁despite,,▁the,layer_29,▁biologie,0.000101,6070,,21490,▁being,0.008113,22,,13,▁biologie:0.0001;▁kennis:0.0001;▁Fuß:0.0001;scriptstyle:0.0001;▁bekan:0.0001,▁being:0.0081;▁having:0.0032;▁its:0.0024;▁his:0.0018;▁her:0.0014
despite,preposition,1,0,8345,▁despite,,▁the,layer_31,▁biologie,5.8e-05,437,,6,▁the,0.108699,251,,1,▁biologie:0.0001;▁its:0.0001;▁kennis:0.0001;▁being:0.0001;▁Fuß:0.0001,▁the:0.1087;▁a:0.0288;▁its:0.0288;▁being:0.0263;▁his:0.0225
despite,preposition,1,0,8345,▁despite,,▁the,layer_32,▁the,0.000114,250,,1,▁the,0.2644,272,,1,▁the:0.0001;▁a:0.0001;▁its:0.0001;▁that:0.0001;▁being:0.0001,▁the:0.2644;▁a:0.0430;▁his:0.0377;▁its:0.0353;▁being:0.0311
despite,preposition,1,0,8345,▁despite,,▁the,final_logits,▁the,0.269378,259,,1,,,,,,▁the:0.2694;▁a:0.0440;▁his:0.0365;▁its:0.0342;▁being:0.0302,
big,adjective,1,0,2800,▁big,,",",emb,chel,3.1e-05,2,,960,chel,0.001076,3,,964,chel:0.0000;▁big:0.0000;big:0.0000;▁Buc:0.0000;▁Tel:0.0000,chel:0.0011;big:0.0009;▁big:0.0009;▁Buc:0.0008;▁Techn:0.0007
big,adjective,1,0,2800,▁big,,",",layer_1,ẩ,3.1e-05,3025,,25532,ẩ,0.023768,44,,6930,ẩ:0.0000;ķ:0.0000;▁kennis:0.0000;plaatst:0.0000;ٹ:0.0000,ẩ:0.0238;▁/******/:0.0132;cembre:0.0079;ENDOR:0.0062;▁giornata:0.0023
big,adjective,1,0,2800,▁big,,",",layer_2,▁kennis,0.000129,28029,,32658,▁kennis,0.000482,9735,,7030,▁kennis:0.0001;▁Fuß:0.0001;▁biologie:0.0001;▁bekan:0.0001;plaat:0.0001,▁kennis:0.0005;▁biologie:0.0004;Ż:0.0003;▁péri:0.0003;▁dévelop:0.0003
big,adjective,1,0,2800,▁big,,",",layer_4,▁kennis,0.000129,28093,,32663,▁kennis,0.000486,11027,,7949,▁kennis:0.0001;▁Fuß:0.0001;▁biologie:0.0001;▁bekan:0.0001;plaat:0.0001,▁kennis:0.0005;▁biologie:0.0004;▁péri:0.0003;Ż:0.0003;▁dévelop:0.0003
big,adjective,1,0,2800,▁big,,",",layer_7,▁kennis,0.000129,27643,,32662,▁kennis,0.000501,10252,,8234,▁kennis:0.0001;▁Fuß:0.0001;▁biologie:0.0001;▁bekan:0.0001;plaat:0.0001,▁kennis:0.0005;▁biologie:0.0005;Ż:0.0003;▁péri:0.0003;▁dévelop:0.0003
big,adjective,1,0,2800,▁big,,",",layer_11,▁kennis,0.000118,26262,,32630,▁kennis,0.000704,6315,,3811,▁kennis:0.0001;▁biologie:0.0001;▁Fuß:0.0001;▁bekan:0.0001;▁dévelop:0.0001,▁kennis:0.0007;▁biologie:0.0007;Ż:0.0004;▁péri:0.0004;▁dévelop:0.0003
big,adjective,1,0,2800,▁big,,",",layer_14,▁kennis,0.000107,25248,,32616,▁kennis,0.000934,4577,,3587,▁kennis:0.0001;▁biologie:0.0001;▁Fuß:0.0001;▁bekan:0.0001;▁dévelop:0.0001,▁kennis:0.0009;▁biologie:0.0007;Ż:0.0004;▁ál:0.0004;▁dévelop:0.0004
big,adjective,1,0,2800,▁big,,",",layer_18,▁kennis,6.3e-05,16030,,31305,▁dévelop,0.000576,62,,322,▁kennis:0.0001;▁biologie:0.0001;▁Fuß:0.0001;▁dévelop:0.0001;scriptstyle:0.0001,▁dévelop:0.0006;▁biologie:0.0004;rdev:0.0004;▁lanç:0.0004;scriptstyle:0.0003
big,adjective,1,0,2800,▁big,,",",layer_21,▁kennis,0.000158,8380,,30455,gest,0.002727,7,,1410,▁kennis:0.0002;▁biologie:0.0001;▁Fuß:0.0001;▁dévelop:0.0001;▁bekan:0.0001,gest:0.0027;▁ál:0.0019;▁biologie:0.0018;wig:0.0018;▁dévelop:0.0011
big,adjective,1,0,2800,▁big,,",",layer_23,▁kennis,0.00025,6795,,31696,▁big,0.002727,1,,1979,▁kennis:0.0003;▁biologie:0.0002;▁Fuß:0.0002;▁bekan:0.0002;▁dévelop:0.0002,▁big:0.0027;gest:0.0018;▁Big:0.0018;Big:0.0016;▁ál:0.0016
big,adjective,1,0,2800,▁big,,",",layer_25,▁kennis,0.000238,4776,,30858,▁big,0.007019,1,,1139,▁kennis:0.0002;▁biologie:0.0002;▁Fuß:0.0002;▁bekan:0.0002;▁dévelop:0.0002,▁big:0.0070;▁Big:0.0042;Big:0.0035;gest:0.0030;big:0.0015
big,adjective,1,0,2800,▁big,,",",layer_27,▁kennis,0.000205,4269,,24200,▁big,0.009064,1,,76,▁kennis:0.0002;▁biologie:0.0002;▁Fuß:0.0002;▁bekan:0.0002;▁diffé:0.0001,▁big:0.0091;▁Big:0.0047;gest:0.0045;Big:0.0035;▁giant:0.0024
big,adjective,1,0,2800,▁big,,",",layer_28,▁kennis,0.000151,5685,,16281,gest,0.005819,3,,25,▁kennis:0.0002;▁biologie:0.0001;▁diffé:0.0001;▁Fuß:0.0001;▁bekan:0.0001,gest:0.0058;-:0.0051;▁big:0.0019;▁giant:0.0018;wig:0.0018
big,adjective,1,0,2800,▁big,,",",layer_29,▁kennis,0.000103,4461,,9673,-,0.008772,7,,17,▁kennis:0.0001;▁biologie:0.0001;▁diffé:0.0001;▁péri:0.0001;▁bekan:0.0001,-:0.0088;gest:0.0069;▁difference:0.0031;▁chunk:0.0022;(:0.0021
big,adjective,1,0,2800,▁big,,",",layer_31,▁diffé,7.8e-05,4223,,1831,▁fan,0.008473,280,,35,▁diffé:0.0001;▁kennis:0.0001;▁dévelop:0.0001;▁péri:0.0001;▁bekan:0.0001,▁fan:0.0085;▁enough:0.0083;▁difference:0.0079;▁guy:0.0074;▁chunk:0.0072
big,adjective,1,0,2800,▁big,,",",layer_32,",",9.8e-05,595,,1,",",0.031317,224,,1,",:0.0001;-:0.0001;.:0.0001;▁and:0.0001;ot:0.0001",",:0.0313;-:0.0244;.:0.0170;▁and:0.0166;▁deal:0.0155"
big,adjective,1,0,2800,▁big,,",",final_logits,",",0.031502,221,,1,,,,,,",:0.0315;-:0.0245;.:0.0169;▁and:0.0163;▁deal:0.0154",
happy,adjective,1,0,5378,▁happy,,▁to,emb,abad,3.1e-05,27,,22858,abad,0.000996,28,,24147,abad:0.0000;▁wishes:0.0000;bug:0.0000;😔:0.0000;ride:0.0000,abad:0.0010;▁wishes:0.0007;😔:0.0006;bug:0.0006;ляр:0.0006
happy,adjective,1,0,5378,▁happy,,▁to,layer_1,ẩ,3.1e-05,12542,,27171,ẩ,0.012826,3479,,14990,ẩ:0.0000;ٹ:0.0000;◄:0.0000;ษ:0.0000;▁diffé:0.0000,ẩ:0.0128;asz:0.0044;jev:0.0034;rz:0.0025;ász:0.0024
happy,adjective,1,0,5378,▁happy,,▁to,layer_2,▁kennis,0.000102,26960,,32489,▁kennis,0.000394,13612,,6673,▁kennis:0.0001;▁Fuß:0.0001;▁biologie:0.0001;▁bekan:0.0001;plaat:0.0001,▁kennis:0.0004;▁biologie:0.0003;▁Fuß:0.0003;▁péri:0.0003;▁dévelop:0.0003
happy,adjective,1,0,5378,▁happy,,▁to,layer_4,▁kennis,0.000102,26905,,32502,▁kennis,0.000403,13210,,7544,▁kennis:0.0001;▁Fuß:0.0001;▁biologie:0.0001;▁bekan:0.0001;plaat:0.0001,▁kennis:0.0004;▁biologie:0.0004;▁Fuß:0.0003;▁péri:0.0003;Ż:0.0003
happy,adjective,1,0,5378,▁happy,,▁to,layer_7,▁kennis,0.000101,26586,,32505,▁kennis,0.000407,12198,,8478,▁kennis:0.0001;▁Fuß:0.0001;▁biologie:0.0001;▁bekan:0.0001;plaat:0.0001,▁kennis:0.0004;▁biologie:0.0004;▁Fuß:0.0003;▁péri:0.0003;Ż:0.0003
happy,adjective,1,0,5378,▁happy,,▁to,layer_11,▁kennis,9.2e-05,25108,,32286,▁kennis,0.00059,7849,,3045,▁kennis:0.0001;▁Fuß:0.0001;▁biologie:0.0001;▁bekan:0.0001;plaat:0.0001,▁kennis:0.0006;▁biologie:0.0006;▁ál:0.0004;▁péri:0.0003;scriptstyle:0.0003
happy,adjective,1,0,5378,▁happy,,▁to,layer_14,▁kennis,8.3e-05,24335,,32123,▁kennis,0.000867,6238,,2079,▁kennis:0.0001;▁Fuß:0.0001;▁biologie:0.0001;▁bekan:0.0001;▁dévelop:0.0001,▁kennis:0.0009;▁biologie:0.0006;▁ál:0.0005;▁péri:0.0003;▁dévelop:0.0003
happy,adjective,1,0,5378,▁happy,,▁to,layer_18,▁kennis,6e-05,10230,,19650,holm,0.000487,7,,13,▁kennis:0.0001;▁biologie:0.0001;▁Fuß:0.0001;▁dévelop:0.0001;scriptstyle:0.0001,holm:0.0005;▁amb:0.0005;▁vé:0.0004;scriptstyle:0.0004;▁dévelop:0.0004
happy,adjective,1,0,5378,▁happy,,▁to,layer_21,▁kennis,8.9e-05,1308,,12137,▁happy,0.031668,1,,50,▁kennis:0.0001;▁biologie:0.0001;▁bekan:0.0001;▁dévelop:0.0001;▁Fuß:0.0001,▁happy:0.0317;▁happiness:0.0237;▁Happy:0.0124;▁happ:0.0054;▁ál:0.0045
happy,adjective,1,0,5378,▁happy,,▁to,layer_23,▁kennis,0.000159,1625,,14890,▁happy,0.059732,1,,36,▁kennis:0.0002;▁biologie:0.0001;▁bekan:0.0001;▁dévelop:0.0001;▁Fuß:0.0001,▁happy:0.0597;▁Happy:0.0143;▁happiness:0.0108;▁happ:0.0074;appy:0.0041
happy,adjective,1,0,5378,▁happy,,▁to,layer_25,▁kennis,0.00015,981,,9088,▁happy,0.077712,1,,13,▁kennis:0.0002;▁biologie:0.0001;▁bekan:0.0001;▁dévelop:0.0001;▁Fuß:0.0001,▁happy:0.0777;▁Happy:0.0193;▁happiness:0.0147;▁happ:0.0116;appy:0.0040
happy,adjective,1,0,5378,▁happy,,▁to,layer_27,▁kennis,0.00015,5043,,5058,▁hour,0.006922,19,,2,▁kennis:0.0002;▁biologie:0.0001;▁bekan:0.0001;▁dévelop:0.0001;▁Fuß:0.0001,▁hour:0.0069;▁to:0.0046;▁birthday:0.0035;▁with:0.0034;▁smile:0.0033
happy,adjective,1,0,5378,▁happy,,▁to,layer_28,▁kennis,0.000109,2562,,838,▁to,0.039156,18,,1,▁kennis:0.0001;▁biologie:0.0001;▁bekan:0.0001;▁dévelop:0.0001;▁diffé:0.0001,▁to:0.0392;▁with:0.0159;▁hour:0.0100;-:0.0069;▁birthday:0.0058
happy,adjective,1,0,5378,▁happy,,▁to,layer_29,▁kennis,8.4e-05,538,,111,▁to,0.055088,11,,1,▁kennis:0.0001;▁biologie:0.0001;▁bekan:0.0001;▁dévelop:0.0001;▁diffé:0.0001,▁to:0.0551;▁with:0.0206;▁hour:0.0148;▁birthday:0.0095;▁smile:0.0062
happy,adjective,1,0,5378,▁happy,,▁to,layer_31,▁to,9.5e-05,36,,1,▁to,0.338796,31,,1,▁to:0.0001;▁with:0.0001;▁enough:0.0001;▁hour:0.0001;▁that:0.0001,▁to:0.3388;▁with:0.1050;▁and:0.0216;.:0.0210;▁that:0.0194
happy,adjective,1,0,5378,▁happy,,▁to,layer_32,▁to,0.000174,114,,1,▁to,0.280201,59,,1,"▁to:0.0002;▁with:0.0002;.:0.0002;,:0.0002;▁and:0.0002","▁to:0.2802;▁with:0.1306;.:0.0585;,:0.0476;▁and:0.0438"
happy,adjective,1,0,5378,▁happy,,▁to,final_logits,▁to,0.282576,59,,1,,,,,,"▁to:0.2826;▁with:0.1335;.:0.0592;,:0.0461;▁and:0.0433",
enormous,adjective,1,0,16090,▁enormous,,▁amount,emb,▁Von,3.1e-05,56,,8,▁Von,0.00151,38,,18,▁Von:0.0000;▁ele:0.0000;▁supporters:0.0000;▁amounts:0.0000;▁flag:0.0000,▁Von:0.0015;▁ele:0.0013;▁Lin:0.0013;▁flag:0.0010;▁red:0.0010
enormous,adjective,1,0,16090,▁enormous,,▁amount,layer_1,▁biologie,3.1e-05,5474,,3687,▁giornata,0.003717,1787,,788,▁biologie:0.0000;▁giornata:0.0000;▁diffé:0.0000;ٹ:0.0000;ژ:0.0000,▁giornata:0.0037;ẩ:0.0028;▁bl:0.0018;▁diff:0.0016;▁ru:0.0016
enormous,adjective,1,0,16090,▁enormous,,▁amount,layer_2,▁kennis,0.000101,10633,,25574,▁biologie,0.000499,12491,,7678,▁kennis:0.0001;▁Fuß:0.0001;▁biologie:0.0001;▁bekan:0.0001;plaat:0.0001,▁biologie:0.0005;▁kennis:0.0005;▁péri:0.0003;▁dévelop:0.0003;Ż:0.0003
enormous,adjective,1,0,16090,▁enormous,,▁amount,layer_4,▁kennis,0.000101,10669,,25611,▁biologie,0.000533,13785,,7892,▁kennis:0.0001;▁Fuß:0.0001;▁biologie:0.0001;▁bekan:0.0001;plaat:0.0001,▁biologie:0.0005;▁kennis:0.0005;▁péri:0.0003;▁dévelop:0.0003;Ż:0.0003
enormous,adjective,1,0,16090,▁enormous,,▁amount,layer_7,▁kennis,0.000101,10588,,25410,▁biologie,0.000563,13196,,7473,▁kennis:0.0001;▁biologie:0.0001;▁Fuß:0.0001;▁bekan:0.0001;plaat:0.0001,▁biologie:0.0006;▁kennis:0.0005;▁péri:0.0003;▁dévelop:0.0003;Ż:0.0003
enormous,adjective,1,0,16090,▁enormous,,▁amount,layer_11,▁kennis,9.2e-05,10829,,25199,▁biologie,0.000872,16732,,7947,▁kennis:0.0001;▁biologie:0.0001;▁Fuß:0.0001;▁bekan:0.0001;▁dévelop:0.0001,▁biologie:0.0009;▁kennis:0.0007;▁ál:0.0004;▁péri:0.0004;▁dévelop:0.0004
enormous,adjective,1,0,16090,▁enormous,,▁amount,layer_14,▁kennis,8.3e-05,10448,,24558,▁kennis,0.000995,12894,,7320,▁kennis:0.0001;▁biologie:0.0001;▁Fuß:0.0001;▁bekan:0.0001;▁dévelop:0.0001,▁kennis:0.0010;▁biologie:0.0009;▁ál:0.0005;▁péri:0.0004;▁dévelop:0.0004
enormous,adjective,1,0,16090,▁enormous,,▁amount,layer_18,▁kennis,6.2e-05,7205,,10004,▁dévelop,0.000579,61,,8,▁kennis:0.0001;▁biologie:0.0001;▁Fuß:0.0001;▁dévelop:0.0001;plaat:0.0001,▁dévelop:0.0006;▁péri:0.0005;▁biologie:0.0005;rcu:0.0005;▁ál:0.0004
enormous,adjective,1,0,16090,▁enormous,,▁amount,layer_21,▁kennis,0.000156,5578,,7438,▁ál,0.001856,29,,4,▁kennis:0.0002;▁biologie:0.0001;▁Fuß:0.0001;▁bekan:0.0001;▁dévelop:0.0001,▁ál:0.0019;▁biologie:0.0018;▁kennis:0.0014;▁amount:0.0012;rcu:0.0011
enormous,adjective,1,0,16090,▁enormous,,▁amount,layer_23,▁kennis,0.000227,5263,,7891,▁ál,0.001793,11,,4,▁kennis:0.0002;▁biologie:0.0002;▁Fuß:0.0002;▁bekan:0.0002;▁dévelop:0.0002,▁ál:0.0018;▁kennis:0.0013;▁biologie:0.0012;▁amount:0.0010;rcu:0.0008
enormous,adjective,1,0,16090,▁enormous,,▁amount,layer_25,▁kennis,0.000222,5057,,5942,▁amount,0.001739,15,,1,▁kennis:0.0002;▁biologie:0.0002;▁Fuß:0.0002;▁bekan:0.0002;▁dévelop:0.0002,▁amount:0.0017;▁ál:0.0016;▁biologie:0.0010;▁amounts:0.0010;▁kennis:0.0009
enormous,adjective,1,0,16090,▁enormous,,▁amount,layer_27,▁kennis,0.0002,4166,,5003,▁amount,0.002928,4,,1,▁kennis:0.0002;▁biologie:0.0002;▁Fuß:0.0002;▁bekan:0.0001;plaat:0.0001,▁amount:0.0029;▁amounts:0.0018;▁ál:0.0016;▁enormous:0.0009;▁expansion:0.0009
enormous,adjective,1,0,16090,▁enormous,,▁amount,layer_28,▁kennis,0.000149,2564,,3621,▁amount,0.005709,3,,1,▁kennis:0.0001;▁biologie:0.0001;▁Fuß:0.0001;▁diffé:0.0001;▁bekan:0.0001,"▁amount:0.0057;▁amounts:0.0034;▁enormous:0.0024;,:0.0021;▁ál:0.0018"
enormous,adjective,1,0,16090,▁enormous,,▁amount,layer_29,▁kennis,0.000107,1996,,798,▁amount,0.021941,27,,1,▁kennis:0.0001;▁biologie:0.0001;▁Fuß:0.0001;▁diffé:0.0001;plaat:0.0001,"▁amount:0.0219;▁amounts:0.0138;,:0.0025;▁expansion:0.0023;ness:0.0023"
enormous,adjective,1,0,16090,▁enormous,,▁amount,layer_31,▁amount,7.4e-05,108,,1,▁amount,0.151164,145,,1,▁amount:0.0001;▁amounts:0.0001;▁diffé:0.0001;▁kennis:0.0001;plaat:0.0001,▁amount:0.1512;▁amounts:0.0392;▁number:0.0166;▁impact:0.0092;▁potential:0.0088
enormous,adjective,1,0,16090,▁enormous,,▁amount,layer_32,.,0.00011,4781,,4,▁amount,0.073278,3178,,1,".:0.0001;,:0.0001;▁and:0.0001;▁amount:0.0001;▁amounts:0.0001","▁amount:0.0733;,:0.0318;▁number:0.0224;▁and:0.0221;▁amounts:0.0211"
enormous,adjective,1,0,16090,▁enormous,,▁amount,final_logits,▁amount,0.071372,3143,,1,,,,,,"▁amount:0.0714;,:0.0317;▁number:0.0232;▁and:0.0218;▁amounts:0.0218",
purple,adjective,1,0,20203,▁purple,,",",emb,OM,3.1e-05,513,,1194,OM,0.001295,445,,767,OM:0.0000;ahu:0.0000;uen:0.0000;fang:0.0000;aha:0.0000,OM:0.0013;aha:0.0010;▁Deb:0.0010;fang:0.0009;ahu:0.0009
purple,adjective,1,0,20203,▁purple,,",",layer_1,▁biologie,3.1e-05,3699,,23741,ẩ,0.003727,294,,6129,▁biologie:0.0000;▁delen:0.0000;▸:0.0000;ķ:0.0000;шти:0.0000,ẩ:0.0037;▁Commonwealth:0.0036;lette:0.0027;jev:0.0024;╔:0.0020
purple,adjective,1,0,20203,▁purple,,",",layer_2,▁kennis,9.3e-05,16444,,32647,▁biologie,0.00043,17934,,5992,▁kennis:0.0001;▁Fuß:0.0001;▁biologie:0.0001;▁bekan:0.0001;plaat:0.0001,▁biologie:0.0004;▁péri:0.0003;▁kennis:0.0003;Ż:0.0003;▁dévelop:0.0003
purple,adjective,1,0,20203,▁purple,,",",layer_4,▁kennis,9.3e-05,16469,,32647,▁biologie,0.000455,17637,,6498,▁kennis:0.0001;▁Fuß:0.0001;▁biologie:0.0001;▁bekan:0.0001;plaat:0.0001,▁biologie:0.0005;▁péri:0.0003;▁kennis:0.0003;Ż:0.0003;scriptstyle:0.0003
purple,adjective,1,0,20203,▁purple,,",",layer_7,▁kennis,9.2e-05,16796,,32650,▁biologie,0.000499,19194,,6835,▁kennis:0.0001;▁Fuß:0.0001;▁biologie:0.0001;▁bekan:0.0001;plaat:0.0001,▁biologie:0.0005;▁péri:0.0004;Ż:0.0003;▁kennis:0.0003;▁dévelop:0.0003
purple,adjective,1,0,20203,▁purple,,",",layer_11,▁kennis,8.5e-05,17305,,32602,▁biologie,0.000765,21151,,2525,▁kennis:0.0001;▁biologie:0.0001;▁Fuß:0.0001;▁bekan:0.0001;▁dévelop:0.0001,▁biologie:0.0008;▁kennis:0.0004;Ż:0.0004;▁péri:0.0004;▁ál:0.0004
purple,adjective,1,0,20203,▁purple,,",",layer_14,▁kennis,7.8e-05,16977,,32577,▁biologie,0.000757,19526,,2251,▁kennis:0.0001;▁biologie:0.0001;▁Fuß:0.0001;▁bekan:0.0001;▁dévelop:0.0001,▁biologie:0.0008;▁kennis:0.0006;Ż:0.0005;▁péri:0.0004;▁ál:0.0004
purple,adjective,1,0,20203,▁purple,,",",layer_18,▁kennis,5.9e-05,9169,,29667,▁ál,0.00058,90,,305,▁kennis:0.0001;▁biologie:0.0001;▁Fuß:0.0001;▁dévelop:0.0001;▁bekan:0.0001,▁ál:0.0006;▁vé:0.0006;▁dévelop:0.0006;rdev:0.0005;▁colored:0.0005
purple,adjective,1,0,20203,▁purple,,",",layer_21,▁kennis,0.000111,3341,,23570,▁purple,0.00538,1,,115,▁kennis:0.0001;▁biologie:0.0001;▁Fuß:0.0001;▁dévelop:0.0001;▁bekan:0.0001,▁purple:0.0054;▁ál:0.0026;▁biologie:0.0022;▁vé:0.0017;▁kennis:0.0011
purple,adjective,1,0,20203,▁purple,,",",layer_23,▁kennis,0.000177,4063,,29381,▁purple,0.003481,1,,411,▁kennis:0.0002;▁biologie:0.0002;▁Fuß:0.0001;▁bekan:0.0001;▁dévelop:0.0001,▁purple:0.0035;▁ál:0.0018;▁colored:0.0017;▁biologie:0.0017;berry:0.0016
purple,adjective,1,0,20203,▁purple,,",",layer_25,▁kennis,0.000187,3031,,25712,▁purple,0.007713,1,,145,▁kennis:0.0002;▁biologie:0.0002;▁Fuß:0.0001;▁bekan:0.0001;plaat:0.0001,▁purple:0.0077;berry:0.0031;berries:0.0026;▁orange:0.0017;▁flowers:0.0017
purple,adjective,1,0,20203,▁purple,,",",layer_27,▁kennis,0.000187,1892,,15147,▁purple,0.016847,1,,23,▁kennis:0.0002;▁biologie:0.0002;▁Fuß:0.0001;▁bekan:0.0001;plaat:0.0001,▁purple:0.0168;▁orange:0.0056;berry:0.0051;▁yellow:0.0048;ish:0.0032
purple,adjective,1,0,20203,▁purple,,",",layer_28,▁kennis,0.000135,609,,9342,▁purple,0.049393,1,,17,▁kennis:0.0001;▁biologie:0.0001;▁péri:0.0001;▁Fuß:0.0001;plaat:0.0001,▁purple:0.0494;▁orange:0.0139;ish:0.0113;berry:0.0091;▁yellow:0.0084
purple,adjective,1,0,20203,▁purple,,",",layer_29,▁kennis,9.7e-05,114,,3940,▁purple,0.061425,1,,12,▁kennis:0.0001;▁biologie:0.0001;plaat:0.0001;▁péri:0.0001;▁Fuß:0.0001,▁purple:0.0614;▁orange:0.0154;▁yellow:0.0137;-:0.0133;ish:0.0078
purple,adjective,1,0,20203,▁purple,,",",layer_31,ish,6.4e-05,29,,5,▁and,0.049716,23,,2,"ish:0.0001;▁flowers:0.0001;berries:0.0001;▁and:0.0001;,:0.0001","▁and:0.0497;,:0.0472;-:0.0468;▁or:0.0221;.:0.0182"
purple,adjective,1,0,20203,▁purple,,",",layer_32,",",0.000145,64,,1,",",0.10803,14,,1,",:0.0001;.:0.0001;-:0.0001;▁and:0.0001;<0x0A>:0.0001",",:0.1080;▁and:0.0627;.:0.0569;-:0.0400;▁or:0.0143"
purple,adjective,1,0,20203,▁purple,,",",final_logits,",",0.11087,14,,1,,,,,,",:0.1109;▁and:0.0632;.:0.0557;-:0.0408;▁or:0.0141",
incomprehensible,adjective,5,0,1065,▁in,1443,▁the,emb,lc,3.1e-05,32682,373,1420,lc,0.001901,32678,191,1123,lc:0.0000;▁accordance:0.0000;cur:0.0000;▁lieu:0.0000;▁relation:0.0000,lc:0.0019;▁accordance:0.0016;cur:0.0014;▁relation:0.0012;tra:0.0012
incomprehensible,adjective,5,0,1065,▁in,1443,▁the,layer_1,▁Giov,3.6e-05,31674,16244,27802,efore,0.005849,31525,17541,26002,▁Giov:0.0000;ieux:0.0000;yll:0.0000;ota:0.0000;efore:0.0000,efore:0.0058;ieux:0.0052;▁Giov:0.0050;ota:0.0043;yll:0.0042
incomprehensible,adjective,5,0,1065,▁in,1443,▁the,layer_2,▁kennis,0.796521,32707,30222,32757,▁kennis,0.000671,32641,27773,32744,▁kennis:0.7965;▁Fuß:0.0659;▁biologie:0.0564;▁bekan:0.0296;plaat:0.0118,▁kennis:0.0007;▁biologie:0.0005;▁dévelop:0.0004;▁artikel:0.0003;▁besk:0.0003
incomprehensible,adjective,5,0,1065,▁in,1443,▁the,layer_4,▁kennis,0.796319,32707,30226,32757,▁kennis,0.00067,32642,27815,32744,▁kennis:0.7963;▁Fuß:0.0659;▁biologie:0.0565;▁bekan:0.0296;plaat:0.0118,▁kennis:0.0007;▁biologie:0.0005;▁dévelop:0.0004;▁besk:0.0003;▁artikel:0.0003
incomprehensible,adjective,5,0,1065,▁in,1443,▁the,layer_7,▁kennis,0.795634,32707,30227,32757,▁kennis,0.000668,32651,27858,32745,▁kennis:0.7956;▁Fuß:0.0661;▁biologie:0.0566;▁bekan:0.0297;plaat:0.0119,▁kennis:0.0007;▁biologie:0.0005;▁dévelop:0.0004;▁besk:0.0003;▁artikel:0.0003
incomprehensible,adjective,5,0,1065,▁in,1443,▁the,layer_11,▁kennis,0.796794,32707,30243,32757,▁kennis,0.00068,32648,28065,32745,▁kennis:0.7968;▁Fuß:0.0654;▁biologie:0.0570;▁bekan:0.0292;plaat:0.0117,▁kennis:0.0007;▁biologie:0.0006;▁dévelop:0.0004;▁besk:0.0004;▁artikel:0.0004
incomprehensible,adjective,5,0,1065,▁in,1443,▁the,layer_14,▁kennis,0.798913,32707,30283,32758,▁kennis,0.000691,32640,28384,32745,▁kennis:0.7989;▁Fuß:0.0646;▁biologie:0.0568;▁bekan:0.0285;plaat:0.0117,▁kennis:0.0007;▁biologie:0.0006;▁dévelop:0.0004;▁artikel:0.0004;▁besk:0.0004
incomprehensible,adjective,5,0,1065,▁in,1443,▁the,layer_18,▁kennis,0.798918,32707,30349,32758,▁kennis,0.000695,32641,28796,32746,▁kennis:0.7989;▁Fuß:0.0648;▁biologie:0.0570;▁bekan:0.0283;plaat:0.0117,▁kennis:0.0007;▁biologie:0.0006;▁dévelop:0.0004;▁artikel:0.0004;▁besk:0.0004
incomprehensible,adjective,5,0,1065,▁in,1443,▁the,layer_21,▁kennis,0.814963,32709,30320,32757,▁kennis,0.000744,32694,28333,32747,▁kennis:0.8150;▁Fuß:0.0594;▁biologie:0.0552;▁bekan:0.0253;plaat:0.0108,▁kennis:0.0007;▁biologie:0.0006;▁artikel:0.0004;▁besk:0.0004;▁dévelop:0.0004
incomprehensible,adjective,5,0,1065,▁in,1443,▁the,layer_23,▁kennis,0.814779,32709,30309,32758,▁kennis,0.000744,32700,28239,32747,▁kennis:0.8148;▁Fuß:0.0594;▁biologie:0.0555;▁bekan:0.0254;plaat:0.0107,▁kennis:0.0007;▁biologie:0.0006;▁artikel:0.0004;▁besk:0.0004;▁dévelop:0.0004
incomprehensible,adjective,5,0,1065,▁in,1443,▁the,layer_25,▁kennis,0.814321,32708,30311,32758,▁kennis,0.000741,32692,28247,32747,▁kennis:0.8143;▁Fuß:0.0598;▁biologie:0.0553;▁bekan:0.0255;plaat:0.0107,▁kennis:0.0007;▁biologie:0.0006;▁artikel:0.0004;▁besk:0.0004;▁dévelop:0.0004
incomprehensible,adjective,5,0,1065,▁in,1443,▁the,layer_27,▁kennis,0.813798,32706,30310,32757,▁kennis,0.000729,32668,28224,32747,▁kennis:0.8138;▁Fuß:0.0602;▁biologie:0.0553;▁bekan:0.0255;plaat:0.0108,▁kennis:0.0007;▁biologie:0.0006;▁artikel:0.0004;▁besk:0.0004;▁dévelop:0.0004
incomprehensible,adjective,5,0,1065,▁in,1443,▁the,layer_28,▁kennis,0.812712,32705,30322,32757,▁kennis,0.000717,32656,28330,32747,▁kennis:0.8127;▁Fuß:0.0607;▁biologie:0.0554;▁bekan:0.0256;plaat:0.0109,▁kennis:0.0007;▁biologie:0.0006;▁artikel:0.0004;▁besk:0.0004;▁dévelop:0.0004
incomprehensible,adjective,5,0,1065,▁in,1443,▁the,layer_29,▁kennis,0.807379,32704,30298,32758,▁kennis,0.000706,32643,28091,32747,▁kennis:0.8074;▁Fuß:0.0618;▁biologie:0.0567;▁bekan:0.0266;plaat:0.0113,▁kennis:0.0007;▁biologie:0.0006;▁artikel:0.0004;▁besk:0.0004;▁dévelop:0.0004
incomprehensible,adjective,5,0,1065,▁in,1443,▁the,layer_31,▁kennis,0.312679,32695,31579,32748,▁bekan,0.000633,32125,31986,28618,▁kennis:0.3127;▁Fuß:0.1121;▁bekan:0.0736;▁biologie:0.0554;plaat:0.0449,▁bekan:0.0006;▁Fuß:0.0005;▁kennis:0.0004;områ:0.0004;▁dévelop:0.0004
incomprehensible,adjective,5,0,1065,▁in,1443,▁the,layer_32,▁the,0.000109,98,206,1,▁the,0.251428,141,557,1,▁the:0.0001;▁:0.0001;▁a:0.0001;-:0.0001;▁which:0.0001,▁the:0.2514;▁a:0.0574;▁:0.0369;▁this:0.0171;▁your:0.0120
incomprehensible,adjective,5,0,1065,▁in,1443,▁the,final_logits,▁the,0.246022,141,547,1,,,,,,▁the:0.2460;▁a:0.0584;▁:0.0377;▁this:0.0173;▁your:0.0119,
incomprehensible,adjective,5,1,1443,com,2547,pre,emb,▁Nah,3.1e-05,6379,14919,14919,▁Nah,0.00102,7343,18528,18528,▁Nah:0.0000;œ:0.0000;acs:0.0000;rug:0.0000;quin:0.0000,▁Nah:0.0010;acs:0.0007;œ:0.0006;quin:0.0005;rug:0.0005
incomprehensible,adjective,5,1,1443,com,2547,pre,layer_1,ź,3.1e-05,3591,11188,11188,ź,0.002393,2847,11418,11418,ź:0.0000;▁gen:0.0000;lc:0.0000;▁pipeline:0.0000;sap:0.0000,ź:0.0024;▁pipeline:0.0020;▁gen:0.0016;lc:0.0012;ajo:0.0010
incomprehensible,adjective,5,1,1443,com,2547,pre,layer_2,▁artic,3.1e-05,4192,16164,16164,▁line,0.001961,3312,16447,16447,▁artic:0.0000;▁тру:0.0000;ogene:0.0000;▁dove:0.0000;▁line:0.0000,▁line:0.0020;▁dove:0.0018;▁тру:0.0017;▁artic:0.0016;fort:0.0015
incomprehensible,adjective,5,1,1443,com,2547,pre,layer_4,erst,3.1e-05,19570,13301,13301,▁general,0.002284,13155,9203,9203,erst:0.0000;ов:0.0000;▁тру:0.0000;▁kennis:0.0000;▁ö:0.0000,▁general:0.0023;built:0.0017;rin:0.0016;ég:0.0014;▁matters:0.0014
incomprehensible,adjective,5,1,1443,com,2547,pre,layer_7,▁kennis,3.3e-05,17121,26427,26427,流,0.003109,6696,21038,21038,▁kennis:0.0000;Ď:0.0000;scriptstyle:0.0000;ศ:0.0000;ई:0.0000,流:0.0031;ici:0.0016;oba:0.0014;ihood:0.0012;erten:0.0011
incomprehensible,adjective,5,1,1443,com,2547,pre,layer_11,▁kennis,3.4e-05,20373,18320,18320,TOM,0.001971,11683,10604,10604,▁kennis:0.0000;scriptstyle:0.0000;▁Мекси:0.0000;Ż:0.0000;▁dévelop:0.0000,TOM:0.0020;ove:0.0018;rac:0.0015;▁charge:0.0014;тан:0.0014
incomprehensible,adjective,5,1,1443,com,2547,pre,layer_14,▁kennis,3.5e-05,23629,16538,16538,TOM,0.003618,17983,8949,8949,▁kennis:0.0000;▁Мекси:0.0000;scriptstyle:0.0000;Ď:0.0000;▁dévelop:0.0000,TOM:0.0036;ici:0.0021;rig:0.0017;rac:0.0016;­:0.0016
incomprehensible,adjective,5,1,1443,com,2547,pre,layer_18,▁Mär,3.7e-05,25649,4743,4743,oa,0.008862,17590,618,618,▁Mär:0.0000;дри:0.0000;ई:0.0000;úblic:0.0000;scriptstyle:0.0000,oa:0.0089;­:0.0031;anni:0.0030;ici:0.0026;cio:0.0023
incomprehensible,adjective,5,1,1443,com,2547,pre,layer_21,­,3.9e-05,21090,931,931,para,0.005401,17735,463,463,­:0.0000;раз:0.0000;para:0.0000;ью:0.0000;éd:0.0000,para:0.0054;éd:0.0049;ью:0.0048;mun:0.0046;anni:0.0041
incomprehensible,adjective,5,1,1443,com,2547,pre,layer_23,раз,4.2e-05,10283,698,698,plete,0.008436,4523,231,231,раз:0.0000;ври:0.0000;plete:0.0000;Ђ:0.0000;▁König:0.0000,plete:0.0084;compatible:0.0074;ably:0.0058;plement:0.0048;éd:0.0046
incomprehensible,adjective,5,1,1443,com,2547,pre,layer_25,plete,4.5e-05,9861,103,103,plete,0.028665,3803,45,45,plete:0.0000;undo:0.0000;complete:0.0000;éd:0.0000;ври:0.0000,plete:0.0287;complete:0.0137;éd:0.0100;compatible:0.0086;undo:0.0077
incomprehensible,adjective,5,1,1443,com,2547,pre,layer_27,compatible,4.9e-05,7501,99,99,compatible,0.05309,2360,42,42,compatible:0.0000;plet:0.0000;complete:0.0000;plete:0.0000;ert:0.0000,compatible:0.0531;plet:0.0257;complete:0.0212;plete:0.0146;ert:0.0114
incomprehensible,adjective,5,1,1443,com,2547,pre,layer_28,plet,5.1e-05,224,36,36,plet,0.036621,57,18,18,plet:0.0001;complete:0.0001;plete:0.0000;ert:0.0000;compatible:0.0000,plet:0.0366;complete:0.0260;plete:0.0243;compatible:0.0204;ert:0.0194
incomprehensible,adjective,5,1,1443,com,2547,pre,layer_29,plet,5.7e-05,1008,5,5,plet,0.087638,261,3,3,plet:0.0001;plete:0.0001;pleted:0.0001;mod:0.0001;pre:0.0000,plet:0.0876;plete:0.0511;pre:0.0192;ple:0.0170;pleted:0.0166
incomprehensible,adjective,5,1,1443,com,2547,pre,layer_31,pre,0.000111,11394,1,1,pre,0.87459,5085,1,1,pre:0.0001;ple:0.0001;plet:0.0001;pletion:0.0001;mod:0.0001,pre:0.8746;ple:0.0428;plet:0.0291;pletion:0.0088;mod:0.0038
incomprehensible,adjective,5,1,1443,com,2547,pre,layer_32,pre,0.000154,613,1,1,pre,0.537463,477,1,1,pre:0.0002;ple:0.0001;plet:0.0001;mod:0.0001;pletion:0.0001,pre:0.5375;plet:0.1463;ple:0.1444;mod:0.0285;ings:0.0194
incomprehensible,adjective,5,1,1443,com,2547,pre,final_logits,pre,0.540152,476,1,1,,,,,,pre:0.5402;ple:0.1454;plet:0.1454;mod:0.0286;ings:0.0185,
incomprehensible,adjective,5,2,2547,pre,8301,hens,emb,▁/******/,3.1e-05,20710,11555,11555,▁sink,0.00107,19507,12829,12829,▁/******/:0.0000;▁sink:0.0000;ńst:0.0000;cast:0.0000;́:0.0000,▁sink:0.0011;ńst:0.0010;▁/******/:0.0009;cast:0.0008;▁Nich:0.0007
incomprehensible,adjective,5,2,2547,pre,8301,hens,layer_1,▁kennis,3.1e-05,25810,18596,18596,▁kennis,0.002152,21013,15274,15274,▁kennis:0.0000;msm:0.0000;tos:0.0000;ℓ:0.0000;undial:0.0000,▁kennis:0.0022;msm:0.0017;tos:0.0013;▁stom:0.0012;jack:0.0012
incomprehensible,adjective,5,2,2547,pre,8301,hens,layer_2,bes,3.1e-05,16833,4878,4878,bes,0.004989,14167,4193,4193,bes:0.0000;ció:0.0000;tti:0.0000;▁circa:0.0000;Â:0.0000,bes:0.0050;́:0.0023;▁circa:0.0020;tti:0.0017;cir:0.0016
incomprehensible,adjective,5,2,2547,pre,8301,hens,layer_4,̌,3.1e-05,10258,19168,19168,▁sitting,0.002778,4475,15672,15672,̌:0.0000;úblic:0.0000;Ḥ:0.0000;ষ:0.0000;▁[…]:0.0000,▁sitting:0.0028;anno:0.0018;▁[…]:0.0014;▁gall:0.0014;▁wing:0.0014
incomprehensible,adjective,5,2,2547,pre,8301,hens,layer_7,▁kennis,3.2e-05,16362,25839,25839,VA,0.001558,6782,22026,22026,▁kennis:0.0000;Ζ:0.0000;úblic:0.0000;▁Мекси:0.0000;▁péri:0.0000,VA:0.0016;▁nast:0.0014;anno:0.0012;▁radio:0.0012;▁piano:0.0011
incomprehensible,adjective,5,2,2547,pre,8301,hens,layer_11,־,3.3e-05,11802,17093,17093,▁/******/,0.005937,3350,6762,6762,־:0.0000;▁Мекси:0.0000;Ζ:0.0000;▁kennis:0.0000;״:0.0000,▁/******/:0.0059;eme:0.0024;VA:0.0018;oa:0.0016;ží:0.0012
incomprehensible,adjective,5,2,2547,pre,8301,hens,layer_14,Ζ,3.4e-05,20217,21425,21425,­,0.001903,12086,10093,10093,Ζ:0.0000;▁Fuß:0.0000;▁Мекси:0.0000;дри:0.0000;▁kennis:0.0000,­:0.0019;▁pov:0.0014;CD:0.0012;roz:0.0012;LM:0.0011
incomprehensible,adjective,5,2,2547,pre,8301,hens,layer_18,▁Fuß,3.8e-05,13350,8319,8319,pt,0.002344,2081,409,409,▁Fuß:0.0000;Ζ:0.0000;▁Мекси:0.0000;־:0.0000;▁kennis:0.0000,pt:0.0023;▁sens:0.0020;DD:0.0016;ври:0.0014;pb:0.0014
incomprehensible,adjective,5,2,2547,pre,8301,hens,layer_21,пен,3.7e-05,4383,37,37,ment,0.015016,1122,5,5,пен:0.0000;ment:0.0000;vious:0.0000;cht:0.0000;­:0.0000,ment:0.0150;vious:0.0125;ments:0.0071;cht:0.0068;hens:0.0038
incomprehensible,adjective,5,2,2547,pre,8301,hens,layer_23,nder,4.1e-05,6170,8,8,vious,0.030285,2154,3,3,nder:0.0000;vious:0.0000;▁understanding:0.0000;cht:0.0000;пен:0.0000,vious:0.0303;nder:0.0274;hens:0.0061;▁understanding:0.0053;tty:0.0043
incomprehensible,adjective,5,2,2547,pre,8301,hens,layer_25,­,4.3e-05,3496,6,6,vious,0.030823,1768,2,2,­:0.0000;vious:0.0000;nder:0.0000;▁understanding:0.0000;▁comprehens:0.0000,vious:0.0308;hens:0.0128;nder:0.0094;▁comprehens:0.0093;fect:0.0079
incomprehensible,adjective,5,2,2547,pre,8301,hens,layer_27,hens,5.8e-05,22572,1,1,hens,0.812052,18812,1,1,hens:0.0001;hend:0.0001;▁comprehens:0.0000;­:0.0000;▁understanding:0.0000,hens:0.8121;hend:0.0519;▁comprehens:0.0107;vious:0.0034;▁understanding:0.0026
incomprehensible,adjective,5,2,2547,pre,8301,hens,layer_28,hens,6.6e-05,14725,1,1,hens,0.864596,9315,1,1,hens:0.0001;hend:0.0001;▁comprehens:0.0000;▁Hen:0.0000;­:0.0000,hens:0.8646;hend:0.0526;▁comprehens:0.0039;▁Hen:0.0020;vious:0.0013
incomprehensible,adjective,5,2,2547,pre,8301,hens,layer_29,hens,8.7e-05,586,1,1,hens,0.941835,336,1,1,hens:0.0001;hend:0.0001;­:0.0001;▁Hen:0.0001;▁comprehens:0.0001,hens:0.9418;hend:0.0499;▁Hen:0.0003;▁comprehens:0.0002;able:0.0002
incomprehensible,adjective,5,2,2547,pre,8301,hens,layer_31,hens,0.000173,58,1,1,hens,0.998775,34,1,1,hens:0.0002;hend:0.0001;­:0.0001;hen:0.0001;▁Henry:0.0001,hens:0.9988;hend:0.0009;hen:0.0001;▁Henry:0.0000;▁Hen:0.0000
incomprehensible,adjective,5,2,2547,pre,8301,hens,layer_32,hens,0.000331,99,1,1,hens,0.998818,61,1,1,hens:0.0003;-:0.0001;hend:0.0001;­:0.0001;hen:0.0001,hens:0.9988;hend:0.0005;hen:0.0002;hes:0.0001;-:0.0001
incomprehensible,adjective,5,2,2547,pre,8301,hens,final_logits,hens,0.998815,59,1,1,,,,,,hens:0.9988;hend:0.0005;hen:0.0002;hes:0.0001;-:0.0001,
incomprehensible,adjective,5,3,8301,hens,1838,ible,emb,ipper,3.1e-05,2504,4189,4189,ipper,0.001062,2537,4792,4792,ipper:0.0000;steller:0.0000;abad:0.0000;pread:0.0000;╝:0.0000,ipper:0.0011;steller:0.0009;╝:0.0008;abad:0.0007;pread:0.0007
incomprehensible,adjective,5,3,8301,hens,1838,ible,layer_1,▁kennis,3.1e-05,19079,4985,4985,▁kennis,0.013405,13735,4534,4534,▁kennis:0.0000;▁poz:0.0000;liferay:0.0000;▁gepubliceerd:0.0000;▁eerst:0.0000,▁kennis:0.0134;▁poz:0.0015;revs:0.0013;liferay:0.0012;▁gepubliceerd:0.0010
incomprehensible,adjective,5,3,8301,hens,1838,ible,layer_2,nih,3.1e-05,1657,11,11,nih,0.002395,1057,17,17,nih:0.0000;aka:0.0000;abeth:0.0000;set:0.0000;ieme:0.0000,nih:0.0024;set:0.0020;aka:0.0020;jon:0.0018;SW:0.0017
incomprehensible,adjective,5,3,8301,hens,1838,ible,layer_4,ably,3.1e-05,7762,180,180,lj,0.005001,6164,378,378,ably:0.0000;lj:0.0000;▁wid:0.0000;arent:0.0000;▁compre:0.0000,lj:0.0050;ably:0.0045;▁wid:0.0035;▁compre:0.0031;▁comprehens:0.0031
incomprehensible,adjective,5,3,8301,hens,1838,ible,layer_7,ably,3.2e-05,16217,12,12,ably,0.021882,13395,14,14,ably:0.0000;ness:0.0000;own:0.0000;esa:0.0000;▁comprehens:0.0000,ably:0.0219;▁compre:0.0037;ness:0.0035;▁comprehens:0.0030;esa:0.0028
incomprehensible,adjective,5,3,8301,hens,1838,ible,layer_11,▁kennis,3.3e-05,9975,46,46,etta,0.008144,3229,11,11,▁kennis:0.0000;幕:0.0000;etta:0.0000;Ď:0.0000;own:0.0000,etta:0.0081;uri:0.0027;ably:0.0023;own:0.0020;▁till:0.0019
incomprehensible,adjective,5,3,8301,hens,1838,ible,layer_14,Ď,3.4e-05,23190,93,93,own,0.003385,12346,14,14,Ď:0.0000;­:0.0000;幕:0.0000;äck:0.0000;Ľ:0.0000,own:0.0034;ably:0.0016;ence:0.0016;▁till:0.0015;vr:0.0015
incomprehensible,adjective,5,3,8301,hens,1838,ible,layer_18,ably,3.7e-05,9091,2,2,ably,0.029142,1832,2,2,ably:0.0000;ible:0.0000;äck:0.0000;▁Mär:0.0000;úblic:0.0000,ably:0.0291;ible:0.0186;enso:0.0033;own:0.0032;ibly:0.0031
incomprehensible,adjective,5,3,8301,hens,1838,ible,layer_21,ably,4.3e-05,1274,2,2,ably,0.116745,189,2,2,ably:0.0000;ible:0.0000;ibly:0.0000;∪:0.0000;own:0.0000,ably:0.1167;ible:0.0694;ibly:0.0203;able:0.0086;ment:0.0058
incomprehensible,adjective,5,3,8301,hens,1838,ible,layer_23,ible,5e-05,542,1,1,ible,0.486201,104,1,1,ible:0.0000;ably:0.0000;ibly:0.0000;ively:0.0000;iveness:0.0000,ible:0.4862;ably:0.0341;ibly:0.0340;iveness:0.0148;ively:0.0128
incomprehensible,adjective,5,3,8301,hens,1838,ible,layer_25,ible,6.2e-05,1351,1,1,ible,0.832418,262,1,1,ible:0.0001;ive:0.0001;ibly:0.0001;ably:0.0001;ively:0.0001,ible:0.8324;ive:0.0400;ibly:0.0243;ably:0.0184;ively:0.0159
incomprehensible,adjective,5,3,8301,hens,1838,ible,layer_27,ible,7.2e-05,482,1,1,ible,0.839868,93,1,1,ible:0.0001;ion:0.0001;ibly:0.0001;ive:0.0001;ively:0.0001,ible:0.8399;ion:0.0802;ive:0.0246;ibly:0.0173;ively:0.0101
incomprehensible,adjective,5,3,8301,hens,1838,ible,layer_28,ible,8.1e-05,1040,1,1,ible,0.916575,161,1,1,ible:0.0001;ion:0.0001;ibly:0.0001;ive:0.0001;ively:0.0001,ible:0.9166;ion:0.0418;ive:0.0092;ibly:0.0082;able:0.0052
incomprehensible,adjective,5,3,8301,hens,1838,ible,layer_29,ible,0.000209,1422,1,1,ible,0.981961,599,1,1,ible:0.0002;ion:0.0001;ibly:0.0001;ibles:0.0001;ibility:0.0001,ible:0.9820;ion:0.0134;ibly:0.0032;ibility:0.0007;ibles:0.0006
incomprehensible,adjective,5,3,8301,hens,1838,ible,layer_31,ible,0.000283,4324,1,1,ible,0.860271,2991,1,1,ible:0.0003;ion:0.0002;ibly:0.0002;ibility:0.0002;ive:0.0001,ible:0.8603;ion:0.1270;ibly:0.0091;ibility:0.0026;ive:0.0008
incomprehensible,adjective,5,3,8301,hens,1838,ible,layer_32,ible,0.000735,752,1,1,ible,0.681801,474,1,1,ible:0.0007;ion:0.0006;ibly:0.0005;ibility:0.0005;ive:0.0005,ible:0.6818;ion:0.1695;ibly:0.0538;ibility:0.0400;ive:0.0379
incomprehensible,adjective,5,3,8301,hens,1838,ible,final_logits,ible,0.690273,474,1,1,,,,,,ible:0.6903;ion:0.1640;ibly:0.0532;ibility:0.0389;ive:0.0366,
incomprehensible,adjective,5,4,1838,ible,,.,emb,vil,3.1e-05,2292,,9920,<0xBE>,0.000749,3069,,10711,vil:0.0000;<0xBE>:0.0000;eper:0.0000;uras:0.0000;бом:0.0000,<0xBE>:0.0007;vil:0.0007;eper:0.0006;бом:0.0006;Σ:0.0005
incomprehensible,adjective,5,4,1838,ible,,.,layer_1,▁kennis,3.1e-05,2488,,13949,▁kennis,0.004855,2072,,7261,▁kennis:0.0000;gc:0.0000;ṯ:0.0000;:0.0000;▁artikel:0.0000,▁kennis:0.0049;gc:0.0013;bid:0.0010;ookie:0.0009;▁wake:0.0008
incomprehensible,adjective,5,4,1838,ible,,.,layer_2,▁[…],3.1e-05,205,,1751,AK,0.002044,435,,3645,▁[…]:0.0000;hab:0.0000;▁[...]:0.0000;▁od:0.0000;AK:0.0000,AK:0.0020;hab:0.0018;▁buck:0.0017;SW:0.0015;▁tact:0.0014
incomprehensible,adjective,5,4,1838,ible,,.,layer_4,lv,3.1e-05,7562,,2477,lv,0.003254,10464,,1831,lv:0.0000;ably:0.0000;▁[…]:0.0000;uli:0.0000;▁and:0.0000,lv:0.0033;uli:0.0030;ably:0.0024;▁and:0.0023;hed:0.0016
incomprehensible,adjective,5,4,1838,ible,,.,layer_7,ness,3.2e-05,6737,,6361,ness,0.006687,6900,,2071,ness:0.0000;̆:0.0000;▁(“:0.0000;ly:0.0000;hed:0.0000,ness:0.0067;hed:0.0041;ly:0.0036;▁happen:0.0018;▁depth:0.0017
incomprehensible,adjective,5,4,1838,ible,,.,layer_11,▁(“,3.3e-05,16280,,1830,▁(“,0.018531,14504,,92,"▁(“:0.0000;▁kennis:0.0000;▁("":0.0000;спа:0.0000;ness:0.0000","▁(“:0.0185;▁("":0.0103;ness:0.0033;▁(':0.0032;TC:0.0024"
incomprehensible,adjective,5,4,1838,ible,,.,layer_14,▁kennis,3.4e-05,19133,,1960,ness,0.007438,16367,,102,▁kennis:0.0000;ness:0.0000;▁yet:0.0000;iveau:0.0000;▁Musik:0.0000,"ness:0.0074;▁("":0.0045;▁millions:0.0033;▁nonsense:0.0032;▁yet:0.0029"
incomprehensible,adjective,5,4,1838,ible,,.,layer_18,▁kennis,4e-05,3425,,2410,"▁(""",0.0065,375,,16,▁kennis:0.0000;▁biologie:0.0000;▁Mär:0.0000;▁dévelop:0.0000;▁Мекси:0.0000,"▁("":0.0065;ly:0.0038;▁j:0.0035;▁(“:0.0032;ness:0.0030"
incomprehensible,adjective,5,4,1838,ible,,.,layer_21,▁kennis,5.4e-05,6063,,7917,▁complexity,0.025237,783,,101,▁kennis:0.0001;▁biologie:0.0001;▁Fuß:0.0000;▁dévelop:0.0000;▁diffé:0.0000,▁complexity:0.0252;▁language:0.0142;▁mystery:0.0104;▁foreign:0.0067;▁complex:0.0064
incomprehensible,adjective,5,4,1838,ible,,.,layer_23,▁kennis,6.1e-05,9662,,5762,▁complexity,0.041987,2468,,61,▁kennis:0.0001;▁Fuß:0.0001;▁biologie:0.0001;▁dévelop:0.0001;▁diffé:0.0001,▁complexity:0.0420;▁language:0.0385;▁mystery:0.0095;▁words:0.0080;▁languages:0.0071
incomprehensible,adjective,5,4,1838,ible,,.,layer_25,▁kennis,6.6e-05,7434,,2407,▁complexity,0.072661,2057,,23,▁kennis:0.0001;▁Fuß:0.0001;▁biologie:0.0001;▁diffé:0.0001;▁bekan:0.0001,▁complexity:0.0727;▁language:0.0616;▁words:0.0219;▁nonsense:0.0138;▁languages:0.0085
incomprehensible,adjective,5,4,1838,ible,,.,layer_27,▁kennis,7e-05,10690,,613,▁language,0.039572,4387,,7,▁kennis:0.0001;▁diffé:0.0001;▁Fuß:0.0001;▁biologie:0.0001;▁Мекси:0.0001,"▁language:0.0396;▁complexity:0.0355;▁to:0.0191;▁and:0.0174;,:0.0142"
incomprehensible,adjective,5,4,1838,ible,,.,layer_28,▁kennis,6.8e-05,11401,,380,▁complexity,0.045369,5637,,7,▁kennis:0.0001;▁diffé:0.0001;▁biologie:0.0001;▁Fuß:0.0001;▁Мекси:0.0001,"▁complexity:0.0454;▁language:0.0362;▁to:0.0232;▁and:0.0158;,:0.0143"
incomprehensible,adjective,5,4,1838,ible,,.,layer_29,▁complexity,6.4e-05,12517,,57,▁to,0.040568,8149,,6,▁complexity:0.0001;▁language:0.0001;▁diffé:0.0001;▁kennis:0.0001;▁Fuß:0.0001,"▁to:0.0406;▁complexity:0.0384;▁language:0.0316;▁and:0.0226;,:0.0204"
incomprehensible,adjective,5,4,1838,ible,,.,layer_31,▁to,0.0001,7196,,3,▁to,0.145586,9547,,4,"▁to:0.0001;▁and:0.0001;.:0.0001;,:0.0001;▁language:0.0001","▁to:0.1456;▁and:0.0687;,:0.0629;.:0.0474;▁language:0.0265"
incomprehensible,adjective,5,4,1838,ible,,.,layer_32,.,0.000185,11483,,1,.,0.114024,13908,,1,".:0.0002;,:0.0002;▁and:0.0002;▁to:0.0001;<0x0A>:0.0001",".:0.1140;,:0.0890;▁to:0.0807;▁and:0.0588;▁as:0.0113"
incomprehensible,adjective,5,4,1838,ible,,.,final_logits,.,0.115292,13900,,1,,,,,,".:0.1153;,:0.0898;▁to:0.0792;▁and:0.0580;▁as:0.0114",
quickly,adverb,1,0,5145,▁quickly,,.,emb,▁/******/,3.1e-05,31,,30108,▁/******/,0.001368,16,,30285,▁/******/:0.0000;tid:0.0000;nement:0.0000;▁насеље:0.0000;annel:0.0000,▁/******/:0.0014;tid:0.0009;nement:0.0009;▁насеље:0.0007;ści:0.0007
quickly,adverb,1,0,5145,▁quickly,,.,layer_1,ẩ,3.1e-05,6682,,32285,ẩ,0.049974,295,,27699,ẩ:0.0000;▁kennis:0.0000;▁biologie:0.0000;▁occas:0.0000;▁giornata:0.0000,ẩ:0.0500;cembre:0.0094;▁/******/:0.0074;▁giornata:0.0035;▁occas:0.0029
quickly,adverb,1,0,5145,▁quickly,,.,layer_2,▁kennis,0.000105,29931,,32639,▁kennis,0.000535,12904,,8527,▁kennis:0.0001;▁Fuß:0.0001;▁biologie:0.0001;▁bekan:0.0001;plaat:0.0001,▁kennis:0.0005;▁biologie:0.0004;▁dévelop:0.0003;Ż:0.0003;▁Fuß:0.0003
quickly,adverb,1,0,5145,▁quickly,,.,layer_4,▁kennis,0.000105,29938,,32647,▁kennis,0.00055,13104,,10320,▁kennis:0.0001;▁Fuß:0.0001;▁biologie:0.0001;▁bekan:0.0001;plaat:0.0001,▁kennis:0.0005;▁biologie:0.0005;▁dévelop:0.0003;Ż:0.0003;▁Fuß:0.0003
quickly,adverb,1,0,5145,▁quickly,,.,layer_7,▁kennis,0.000105,29678,,32647,▁kennis,0.000564,12223,,10267,▁kennis:0.0001;▁Fuß:0.0001;▁biologie:0.0001;▁bekan:0.0001;plaat:0.0001,▁kennis:0.0006;▁biologie:0.0005;▁dévelop:0.0003;Ż:0.0003;▁péri:0.0003
quickly,adverb,1,0,5145,▁quickly,,.,layer_11,▁kennis,9.7e-05,29252,,32543,▁kennis,0.000872,12134,,2577,▁kennis:0.0001;▁biologie:0.0001;▁Fuß:0.0001;▁bekan:0.0001;▁dévelop:0.0001,▁kennis:0.0009;▁biologie:0.0008;▁ál:0.0004;Ż:0.0003;▁dévelop:0.0003
quickly,adverb,1,0,5145,▁quickly,,.,layer_14,▁kennis,8.9e-05,28132,,32507,▁kennis,0.001374,8437,,2404,▁kennis:0.0001;▁biologie:0.0001;▁Fuß:0.0001;▁bekan:0.0001;▁dévelop:0.0001,▁kennis:0.0014;▁biologie:0.0008;▁ál:0.0005;▁dévelop:0.0004;Ż:0.0004
quickly,adverb,1,0,5145,▁quickly,,.,layer_18,▁kennis,6.3e-05,16395,,31501,▁kennis,0.00085,75,,642,▁kennis:0.0001;▁biologie:0.0001;▁Fuß:0.0001;▁dévelop:0.0001;plaat:0.0001,▁kennis:0.0009;rdev:0.0007;▁dévelop:0.0005;scriptstyle:0.0005;▁vál:0.0005
quickly,adverb,1,0,5145,▁quickly,,.,layer_21,▁kennis,0.000185,16894,,29657,▁kennis,0.003517,131,,321,▁kennis:0.0002;▁biologie:0.0001;▁Fuß:0.0001;▁dévelop:0.0001;▁bekan:0.0001,▁kennis:0.0035;▁ál:0.0017;▁biologie:0.0012;rdev:0.0009;▁dévelop:0.0007
quickly,adverb,1,0,5145,▁quickly,,.,layer_23,▁kennis,0.000277,14682,,30918,▁kennis,0.003194,31,,373,▁kennis:0.0003;▁biologie:0.0002;▁Fuß:0.0002;▁bekan:0.0002;▁dévelop:0.0002,▁kennis:0.0032;▁ál:0.0018;▁biologie:0.0008;▁dévelop:0.0007;rdev:0.0005
quickly,adverb,1,0,5145,▁quickly,,.,layer_25,▁kennis,0.000269,17516,,29535,▁kennis,0.002545,105,,171,▁kennis:0.0003;▁biologie:0.0002;▁Fuß:0.0002;▁bekan:0.0002;▁dévelop:0.0002,▁kennis:0.0025;▁ál:0.0021;▁dévelop:0.0008;▁péri:0.0006;Ż:0.0006
quickly,adverb,1,0,5145,▁quickly,,.,layer_27,▁kennis,0.000247,11658,,22240,▁kennis,0.003046,12,,20,▁kennis:0.0002;▁biologie:0.0002;▁Fuß:0.0002;▁bekan:0.0002;▁dévelop:0.0001,▁kennis:0.0030;▁ál:0.0025;▁become:0.0008;▁péri:0.0008;▁recognize:0.0008
quickly,adverb,1,0,5145,▁quickly,,.,layer_28,▁kennis,0.000174,10673,,12481,▁ál,0.003021,26,,6,▁kennis:0.0002;▁biologie:0.0001;▁Fuß:0.0001;▁dévelop:0.0001;▁bekan:0.0001,"▁ál:0.0030;▁become:0.0023;▁kennis:0.0020;▁recognize:0.0020;,:0.0019"
quickly,adverb,1,0,5145,▁quickly,,.,layer_29,▁kennis,0.000117,8579,,6061,▁become,0.004936,134,,4,▁kennis:0.0001;▁Fuß:0.0001;▁biologie:0.0001;▁diffé:0.0001;▁bekan:0.0001,"▁become:0.0049;,:0.0045;▁recognize:0.0037;.:0.0030;▁and:0.0028"
quickly,adverb,1,0,5145,▁quickly,,.,layer_31,▁kennis,6.8e-05,765,,6,▁and,0.033452,145,,2,▁kennis:0.0001;▁Fuß:0.0001;▁péri:0.0001;plaat:0.0001;▁diffé:0.0001,"▁and:0.0335;.:0.0326;,:0.0253;▁as:0.0181;▁to:0.0156"
quickly,adverb,1,0,5145,▁quickly,,.,layer_32,.,0.000148,1191,,1,.,0.096242,721,,1,".:0.0001;,:0.0001;▁and:0.0001;▁as:0.0001;▁to:0.0001",".:0.0962;,:0.0698;▁and:0.0658;▁to:0.0337;▁as:0.0279"
quickly,adverb,1,0,5145,▁quickly,,.,final_logits,.,0.095224,718,,1,,,,,,".:0.0952;,:0.0697;▁and:0.0654;▁to:0.0329;▁as:0.0273",
very,adverb,1,0,1983,▁very,,▁good,emb,ones,3.1e-05,3460,,6210,ones,0.000689,3687,,8226,ones:0.0000;iment:0.0000;chester:0.0000;▁Zen:0.0000;▁Wis:0.0000,ones:0.0007;iment:0.0005;▁Вла:0.0005;chester:0.0005;▁вла:0.0005
very,adverb,1,0,1983,▁very,,▁good,layer_1,ẩ,3.1e-05,30427,,25879,ẩ,0.012686,20914,,16887,ẩ:0.0000;ĩ:0.0000;▁diffé:0.0000;plaat:0.0000;ķ:0.0000,ẩ:0.0127;ĩ:0.0114;asz:0.0061;cembre:0.0048;ász:0.0046
very,adverb,1,0,1983,▁very,,▁good,layer_2,▁kennis,0.000107,32611,,31619,▁kennis,0.000403,17072,,15985,▁kennis:0.0001;▁Fuß:0.0001;▁biologie:0.0001;▁bekan:0.0001;plaat:0.0001,▁kennis:0.0004;▁biologie:0.0004;▁Fuß:0.0003;Ż:0.0003;▁péri:0.0003
very,adverb,1,0,1983,▁very,,▁good,layer_4,▁kennis,0.000107,32609,,31674,▁kennis,0.000411,17905,,17760,▁kennis:0.0001;▁Fuß:0.0001;▁biologie:0.0001;▁bekan:0.0001;plaat:0.0001,▁kennis:0.0004;▁biologie:0.0004;▁Fuß:0.0003;Ż:0.0003;▁péri:0.0003
very,adverb,1,0,1983,▁very,,▁good,layer_7,▁kennis,0.000106,32606,,31776,▁biologie,0.000431,20284,,22001,▁kennis:0.0001;▁Fuß:0.0001;▁biologie:0.0001;▁bekan:0.0001;plaat:0.0001,▁biologie:0.0004;▁kennis:0.0004;Ż:0.0003;▁Fuß:0.0003;▁péri:0.0003
very,adverb,1,0,1983,▁very,,▁good,layer_11,▁kennis,9.8e-05,32615,,31397,▁kennis,0.000625,19607,,15733,▁kennis:0.0001;▁biologie:0.0001;▁Fuß:0.0001;▁bekan:0.0001;plaat:0.0001,▁kennis:0.0006;▁biologie:0.0006;▁ál:0.0004;Ż:0.0004;▁péri:0.0003
very,adverb,1,0,1983,▁very,,▁good,layer_14,▁kennis,8.9e-05,32571,,31033,▁kennis,0.000885,15118,,12943,▁kennis:0.0001;▁Fuß:0.0001;▁biologie:0.0001;▁bekan:0.0001;plaat:0.0001,▁kennis:0.0009;▁biologie:0.0006;▁ál:0.0005;Ż:0.0004;▁péri:0.0003
very,adverb,1,0,1983,▁very,,▁good,layer_18,▁kennis,6e-05,29132,,26686,rdev,0.00041,326,,2836,▁kennis:0.0001;▁Fuß:0.0001;▁biologie:0.0001;plaat:0.0001;▁dévelop:0.0001,rdev:0.0004;▁vé:0.0004;↔:0.0004;ギ:0.0004;▁kennis:0.0003
very,adverb,1,0,1983,▁very,,▁good,layer_21,▁kennis,0.000173,29112,,30658,▁ál,0.001105,725,,15892,▁kennis:0.0002;▁biologie:0.0001;▁Fuß:0.0001;plaat:0.0001;▁bekan:0.0001,▁ál:0.0011;▁kennis:0.0010;rdev:0.0010;Ż:0.0009;▁vál:0.0006
very,adverb,1,0,1983,▁very,,▁good,layer_23,▁kennis,0.00026,30933,,30345,▁kennis,0.001174,1832,,13128,▁kennis:0.0003;▁biologie:0.0002;▁Fuß:0.0002;plaat:0.0002;▁bekan:0.0002,▁kennis:0.0012;▁ál:0.0011;Ż:0.0008;rdev:0.0006;▁él:0.0005
very,adverb,1,0,1983,▁very,,▁good,layer_25,▁kennis,0.000251,29251,,29274,▁kennis,0.000932,341,,7310,▁kennis:0.0003;▁Fuß:0.0002;▁biologie:0.0002;plaat:0.0002;▁bekan:0.0002,▁kennis:0.0009;▁ál:0.0009;Ż:0.0008;rdev:0.0006;▁él:0.0005
very,adverb,1,0,1983,▁very,,▁good,layer_27,▁kennis,0.000224,19918,,26044,▁kennis,0.001276,9,,1636,▁kennis:0.0002;▁biologie:0.0002;▁Fuß:0.0002;plaat:0.0002;▁bekan:0.0002,▁kennis:0.0013;▁ál:0.0009;Ż:0.0007;Very:0.0006;▁él:0.0005
very,adverb,1,0,1983,▁very,,▁good,layer_28,▁kennis,0.000157,11357,,21448,▁very,0.001801,1,,413,▁kennis:0.0002;▁biologie:0.0001;▁Fuß:0.0001;plaat:0.0001;▁bekan:0.0001,▁very:0.0018;Very:0.0014;▁enjoyable:0.0011;▁ál:0.0010;yy:0.0009
very,adverb,1,0,1983,▁very,,▁good,layer_29,▁kennis,0.000107,5229,,10562,▁very,0.00711,1,,86,▁kennis:0.0001;▁biologie:0.0001;▁Fuß:0.0001;plaat:0.0001;▁diffé:0.0001,▁very:0.0071;▁much:0.0034;▁enjoyable:0.0032;▁effective:0.0021;▁impressive:0.0020
very,adverb,1,0,1983,▁very,,▁good,layer_31,plaat,6.1e-05,1829,,178,▁difficult,0.012787,101,,15,plaat:0.0001;▁kennis:0.0001;▁diffé:0.0001;Ż:0.0001;шти:0.0001,▁difficult:0.0128;▁well:0.0118;▁important:0.0108;▁much:0.0106;▁excited:0.0093
very,adverb,1,0,1983,▁very,,▁good,layer_32,-,9.8e-05,31,,4,▁good,0.040304,20,,1,-:0.0001;▁different:0.0001;▁much:0.0001;▁good:0.0001;▁similar:0.0001,▁good:0.0403;▁much:0.0342;▁well:0.0297;▁different:0.0276;▁best:0.0231
very,adverb,1,0,1983,▁very,,▁good,final_logits,▁good,0.039922,18,,1,,,,,,▁good:0.0399;▁much:0.0352;▁well:0.0292;▁different:0.0274;▁best:0.0227,
often,adverb,1,0,3376,▁often,,",",emb,ky,3.1e-05,513,,28219,ky,0.000692,359,,29605,ky:0.0000;ци:0.0000;▁templ:0.0000;ipa:0.0000;archive:0.0000,ky:0.0007;ци:0.0006;▁templ:0.0006;archive:0.0005;chel:0.0005
often,adverb,1,0,3376,▁often,,",",layer_1,ẩ,3.1e-05,28247,,28171,ẩ,0.023334,24532,,14826,ẩ:0.0000;ķ:0.0000;▁occas:0.0000;▁giornata:0.0000;▁biologie:0.0000,ẩ:0.0233;chio:0.0052;******/:0.0048;cembre:0.0035;▁giornata:0.0034
often,adverb,1,0,3376,▁often,,",",layer_2,▁kennis,0.000113,31643,,32664,▁kennis,0.000467,15556,,8200,▁kennis:0.0001;▁Fuß:0.0001;▁biologie:0.0001;▁bekan:0.0001;plaat:0.0001,▁kennis:0.0005;▁biologie:0.0004;▁dévelop:0.0003;▁péri:0.0003;▁Fuß:0.0003
often,adverb,1,0,3376,▁often,,",",layer_4,▁kennis,0.000113,31699,,32667,▁kennis,0.000469,16924,,10074,▁kennis:0.0001;▁Fuß:0.0001;▁biologie:0.0001;▁bekan:0.0001;plaat:0.0001,▁kennis:0.0005;▁biologie:0.0004;▁dévelop:0.0003;▁péri:0.0003;▁Fuß:0.0003
often,adverb,1,0,3376,▁often,,",",layer_7,▁kennis,0.000112,31779,,32670,▁kennis,0.000479,19904,,10318,▁kennis:0.0001;▁Fuß:0.0001;▁biologie:0.0001;▁bekan:0.0001;plaat:0.0001,▁kennis:0.0005;▁biologie:0.0005;▁dévelop:0.0003;▁péri:0.0003;Ż:0.0003
often,adverb,1,0,3376,▁often,,",",layer_11,▁kennis,0.000104,31719,,32629,▁kennis,0.000713,19969,,4062,▁kennis:0.0001;▁biologie:0.0001;▁Fuß:0.0001;▁bekan:0.0001;▁dévelop:0.0001,▁kennis:0.0007;▁biologie:0.0007;▁ál:0.0004;▁péri:0.0004;▁dévelop:0.0004
often,adverb,1,0,3376,▁often,,",",layer_14,▁kennis,9.4e-05,31469,,32625,▁kennis,0.000978,18128,,4164,▁kennis:0.0001;▁biologie:0.0001;▁Fuß:0.0001;▁bekan:0.0001;▁dévelop:0.0001,▁kennis:0.0010;▁biologie:0.0007;▁ál:0.0005;▁dévelop:0.0004;▁péri:0.0004
often,adverb,1,0,3376,▁often,,",",layer_18,▁kennis,6e-05,21779,,31679,▁dévelop,0.0006,332,,406,▁kennis:0.0001;▁biologie:0.0001;▁Fuß:0.0001;▁dévelop:0.0001;plaat:0.0001,▁dévelop:0.0006;▁vé:0.0005;rcu:0.0005;▁biologie:0.0005;▁vál:0.0004
often,adverb,1,0,3376,▁often,,",",layer_21,▁kennis,0.000186,26932,,31769,▁kennis,0.001573,3682,,1554,▁kennis:0.0002;▁biologie:0.0002;▁Fuß:0.0001;▁dévelop:0.0001;▁bekan:0.0001,▁kennis:0.0016;▁ál:0.0014;▁biologie:0.0011;Ż:0.0007;▁dévelop:0.0006
often,adverb,1,0,3376,▁often,,",",layer_23,▁kennis,0.000252,25879,,32244,▁kennis,0.001775,2052,,2847,▁kennis:0.0003;▁biologie:0.0002;▁Fuß:0.0002;▁bekan:0.0002;▁dévelop:0.0002,▁kennis:0.0018;▁ál:0.0014;▁biologie:0.0009;Ż:0.0006;▁dévelop:0.0005
often,adverb,1,0,3376,▁often,,",",layer_25,▁kennis,0.000247,25611,,32060,▁ál,0.001703,1412,,1463,▁kennis:0.0002;▁biologie:0.0002;▁Fuß:0.0002;▁bekan:0.0002;▁dévelop:0.0002,▁ál:0.0017;▁kennis:0.0015;Ż:0.0008;▁biologie:0.0007;▁dévelop:0.0006
often,adverb,1,0,3376,▁often,,",",layer_27,▁kennis,0.000224,22288,,29767,▁ál,0.001731,261,,81,▁kennis:0.0002;▁biologie:0.0002;▁Fuß:0.0002;▁bekan:0.0002;▁dévelop:0.0001,▁ál:0.0017;▁kennis:0.0015;▁biologie:0.0008;Ż:0.0006;▁occas:0.0005
often,adverb,1,0,3376,▁often,,",",layer_28,▁kennis,0.000163,19546,,22391,▁ál,0.001879,121,,6,▁kennis:0.0002;▁biologie:0.0001;▁Fuß:0.0001;▁bekan:0.0001;▁dévelop:0.0001,▁ál:0.0019;▁kennis:0.0013;▁used:0.0007;▁biologie:0.0007;▁referred:0.0007
often,adverb,1,0,3376,▁often,,",",layer_29,▁kennis,0.000112,9109,,14267,▁used,0.001972,11,,5,▁kennis:0.0001;▁biologie:0.0001;▁Fuß:0.0001;▁bekan:0.0001;scriptstyle:0.0001,"▁used:0.0020;▁referred:0.0015;▁ál:0.0015;▁require:0.0012;,:0.0011"
often,adverb,1,0,3376,▁often,,",",layer_31,▁kennis,6.1e-05,1277,,134,▁have,0.009409,200,,4,▁kennis:0.0001;▁Fuß:0.0001;scriptstyle:0.0001;Ż:0.0001;▁biologie:0.0001,"▁have:0.0094;▁used:0.0089;▁use:0.0066;,:0.0066;▁a:0.0065"
often,adverb,1,0,3376,▁often,,",",layer_32,.,0.00011,392,,2,",",0.030996,373,,1,".:0.0001;,:0.0001;▁have:0.0001;▁used:0.0001;▁a:0.0001",",:0.0310;▁the:0.0229;▁have:0.0202;▁used:0.0201;▁a:0.0197"
often,adverb,1,0,3376,▁often,,",",final_logits,",",0.031595,370,,1,,,,,,",:0.0316;▁the:0.0231;▁used:0.0204;▁have:0.0204;▁a:0.0192",
she,pronoun,1,0,1398,▁she,,▁was,emb,ioc,3.1e-05,27257,,1532,출,0.000413,27580,,1168,ioc:0.0000;pes:0.0000;fty:0.0000;yk:0.0000;출:0.0000,출:0.0004;ioc:0.0004;wo:0.0004;ween:0.0004;pes:0.0004
she,pronoun,1,0,1398,▁she,,▁was,layer_1,ẩ,3.1e-05,29613,,28336,ẩ,0.039827,24234,,17699,ẩ:0.0000;ķ:0.0000;plaat:0.0000;ٹ:0.0000;ША:0.0000,ẩ:0.0398;ász:0.0048;▁giornata:0.0034;▁/******/:0.0032;cembre:0.0029
she,pronoun,1,0,1398,▁she,,▁was,layer_2,▁kennis,0.000128,29566,,32467,▁kennis,0.000465,17011,,17157,▁kennis:0.0001;▁Fuß:0.0001;▁biologie:0.0001;▁bekan:0.0001;plaat:0.0001,▁kennis:0.0005;▁biologie:0.0004;▁Fuß:0.0003;Ż:0.0003;▁dévelop:0.0003
she,pronoun,1,0,1398,▁she,,▁was,layer_4,▁kennis,0.000128,29641,,32472,▁kennis,0.000473,17827,,18226,▁kennis:0.0001;▁Fuß:0.0001;▁biologie:0.0001;▁bekan:0.0001;plaat:0.0001,▁kennis:0.0005;▁biologie:0.0004;▁Fuß:0.0003;▁péri:0.0003;Ż:0.0003
she,pronoun,1,0,1398,▁she,,▁was,layer_7,▁kennis,0.000129,29595,,32485,▁kennis,0.00049,17634,,19187,▁kennis:0.0001;▁Fuß:0.0001;▁biologie:0.0001;▁bekan:0.0001;plaat:0.0001,▁kennis:0.0005;▁biologie:0.0004;Ż:0.0003;▁dévelop:0.0003;▁Fuß:0.0003
she,pronoun,1,0,1398,▁she,,▁was,layer_11,▁kennis,0.000118,28989,,32500,▁kennis,0.000707,13492,,16455,▁kennis:0.0001;▁biologie:0.0001;▁Fuß:0.0001;▁bekan:0.0001;▁dévelop:0.0001,▁kennis:0.0007;▁biologie:0.0007;▁ál:0.0004;Ż:0.0003;▁péri:0.0003
she,pronoun,1,0,1398,▁she,,▁was,layer_14,▁kennis,0.000108,28602,,32475,▁kennis,0.000974,12326,,15289,▁kennis:0.0001;▁biologie:0.0001;▁Fuß:0.0001;▁bekan:0.0001;▁dévelop:0.0001,▁kennis:0.0010;▁biologie:0.0007;▁ál:0.0005;Ż:0.0004;▁dévelop:0.0003
she,pronoun,1,0,1398,▁she,,▁was,layer_18,▁kennis,6e-05,20112,,32202,▁kennis,0.000922,556,,9491,▁kennis:0.0001;▁biologie:0.0001;▁Fuß:0.0001;▁dévelop:0.0001;scriptstyle:0.0001,▁kennis:0.0009;▁ál:0.0008;rcu:0.0007;▁dévelop:0.0005;▁biologie:0.0005
she,pronoun,1,0,1398,▁she,,▁was,layer_21,▁kennis,0.000172,17754,,32235,▁ál,0.001588,353,,15227,▁kennis:0.0002;▁biologie:0.0001;▁Fuß:0.0001;▁dévelop:0.0001;▁bekan:0.0001,▁ál:0.0016;▁kennis:0.0014;▁biologie:0.0012;▁dévelop:0.0010;rcu:0.0009
she,pronoun,1,0,1398,▁she,,▁was,layer_23,▁kennis,0.00023,19943,,32249,▁kennis,0.001397,573,,15418,▁kennis:0.0002;▁biologie:0.0002;▁Fuß:0.0002;▁dévelop:0.0002;▁bekan:0.0002,▁kennis:0.0014;▁ál:0.0013;▁biologie:0.0010;▁dévelop:0.0009;rcu:0.0007
she,pronoun,1,0,1398,▁she,,▁was,layer_25,▁kennis,0.000224,17244,,32051,▁ál,0.001232,196,,10802,▁kennis:0.0002;▁biologie:0.0002;▁Fuß:0.0002;▁dévelop:0.0002;▁bekan:0.0002,▁ál:0.0012;▁kennis:0.0012;▁dévelop:0.0009;▁biologie:0.0009;rcu:0.0007
she,pronoun,1,0,1398,▁she,,▁was,layer_27,▁kennis,0.000203,16126,,31262,▁kennis,0.001585,113,,3773,▁kennis:0.0002;▁biologie:0.0002;▁Fuß:0.0002;▁dévelop:0.0001;▁bekan:0.0001,▁kennis:0.0016;▁ál:0.0014;▁biologie:0.0010;▁dévelop:0.0009;rcu:0.0008
she,pronoun,1,0,1398,▁she,,▁was,layer_28,▁kennis,0.000149,12515,,28003,▁ál,0.002069,34,,641,▁kennis:0.0001;▁biologie:0.0001;▁Fuß:0.0001;▁dévelop:0.0001;plaat:0.0001,▁ál:0.0021;▁kennis:0.0016;▁herself:0.0016;▁biologie:0.0012;▁dévelop:0.0009
she,pronoun,1,0,1398,▁she,,▁was,layer_29,▁kennis,9.7e-05,7086,,17978,▁herself,0.004614,2,,64,▁kennis:0.0001;▁biologie:0.0001;▁Fuß:0.0001;▁dévelop:0.0001;plaat:0.0001,▁herself:0.0046;▁she:0.0013;':0.0012;▁ál:0.0010;▁had:0.0009
she,pronoun,1,0,1398,▁she,,▁was,layer_31,▁Fuß,6.5e-05,3418,,171,▁was,0.021827,407,,1,▁Fuß:0.0001;▁kennis:0.0001;Υ:0.0001;▁bekan:0.0001;▁biologie:0.0001,▁was:0.0218;▁said:0.0161;▁had:0.0156;’:0.0113;▁says:0.0102
she,pronoun,1,0,1398,▁she,,▁was,layer_32,▁is,8.2e-05,312,,4,▁was,0.088202,188,,1,▁is:0.0001;’:0.0001;':0.0001;▁was:0.0001;▁has:0.0001,▁was:0.0882;▁is:0.0499;’:0.0443;▁said:0.0408;▁had:0.0404
she,pronoun,1,0,1398,▁she,,▁was,final_logits,▁was,0.08711,188,,1,,,,,,▁was:0.0871;▁is:0.0496;’:0.0438;▁had:0.0411;▁has:0.0411,
they,pronoun,1,0,1358,▁they,,▁are,emb,▁succeed,3.1e-05,25187,,2203,ween,0.000603,25251,,2914,▁succeed:0.0000;ween:0.0000;▁West:0.0000;aven:0.0000;aves:0.0000,ween:0.0006;▁succeed:0.0006;▁West:0.0005;aven:0.0004;▁Se:0.0004
they,pronoun,1,0,1358,▁they,,▁are,layer_1,ẩ,3.1e-05,21922,,31142,ẩ,0.041186,12147,,28216,ẩ:0.0000;ķ:0.0000;ٹ:0.0000;◄:0.0000;ША:0.0000,ẩ:0.0412;cembre:0.0045;▁/******/:0.0040;ENDOR:0.0035;ĩ:0.0033
they,pronoun,1,0,1358,▁they,,▁are,layer_2,▁kennis,0.000127,29192,,32467,▁kennis,0.00047,17211,,15556,▁kennis:0.0001;▁Fuß:0.0001;▁biologie:0.0001;▁bekan:0.0001;plaat:0.0001,▁kennis:0.0005;▁biologie:0.0004;▁Fuß:0.0003;Ż:0.0003;▁dévelop:0.0003
they,pronoun,1,0,1358,▁they,,▁are,layer_4,▁kennis,0.000127,29249,,32462,▁kennis,0.000473,18027,,15956,▁kennis:0.0001;▁Fuß:0.0001;▁biologie:0.0001;▁bekan:0.0001;plaat:0.0001,▁kennis:0.0005;▁biologie:0.0005;▁Fuß:0.0003;Ż:0.0003;▁péri:0.0003
they,pronoun,1,0,1358,▁they,,▁are,layer_7,▁kennis,0.000127,29517,,32458,▁biologie,0.000496,20821,,16786,▁kennis:0.0001;▁Fuß:0.0001;▁biologie:0.0001;▁bekan:0.0001;plaat:0.0001,▁biologie:0.0005;▁kennis:0.0005;Ż:0.0003;▁dévelop:0.0003;▁péri:0.0003
they,pronoun,1,0,1358,▁they,,▁are,layer_11,▁kennis,0.000117,29352,,32422,▁biologie,0.000728,18768,,13746,▁kennis:0.0001;▁biologie:0.0001;▁Fuß:0.0001;▁bekan:0.0001;▁dévelop:0.0001,▁biologie:0.0007;▁kennis:0.0007;▁ál:0.0004;Ż:0.0004;▁dévelop:0.0003
they,pronoun,1,0,1358,▁they,,▁are,layer_14,▁kennis,0.000107,28944,,32394,▁kennis,0.000964,16593,,13314,▁kennis:0.0001;▁biologie:0.0001;▁Fuß:0.0001;▁bekan:0.0001;▁dévelop:0.0001,▁kennis:0.0010;▁biologie:0.0008;▁ál:0.0005;Ż:0.0004;▁dévelop:0.0004
they,pronoun,1,0,1358,▁they,,▁are,layer_18,▁kennis,6e-05,22983,,31064,▁kennis,0.001151,1987,,5565,▁kennis:0.0001;▁biologie:0.0001;▁Fuß:0.0001;▁dévelop:0.0001;scriptstyle:0.0001,▁kennis:0.0012;▁ál:0.0008;▁biologie:0.0006;rcu:0.0006;▁dévelop:0.0006
they,pronoun,1,0,1358,▁they,,▁are,layer_21,▁kennis,0.000175,26597,,30859,▁kennis,0.001368,11374,,5895,▁kennis:0.0002;▁biologie:0.0001;▁Fuß:0.0001;▁dévelop:0.0001;▁bekan:0.0001,▁kennis:0.0014;▁biologie:0.0012;▁ál:0.0010;▁dévelop:0.0009;rcu:0.0007
they,pronoun,1,0,1358,▁they,,▁are,layer_23,▁kennis,0.000231,27439,,31704,▁kennis,0.001458,13155,,9552,▁kennis:0.0002;▁biologie:0.0002;▁Fuß:0.0002;▁dévelop:0.0002;▁bekan:0.0002,▁kennis:0.0015;▁biologie:0.0011;▁ál:0.0009;▁dévelop:0.0008;Ż:0.0006
they,pronoun,1,0,1358,▁they,,▁are,layer_25,▁kennis,0.000225,25870,,30665,▁kennis,0.001274,8641,,3527,▁kennis:0.0002;▁biologie:0.0002;▁Fuß:0.0002;▁dévelop:0.0002;▁bekan:0.0002,▁kennis:0.0013;▁biologie:0.0010;▁ál:0.0009;▁dévelop:0.0008;Ż:0.0006
they,pronoun,1,0,1358,▁they,,▁are,layer_27,▁kennis,0.000203,23344,,27189,▁kennis,0.001589,3355,,434,▁kennis:0.0002;▁biologie:0.0002;▁Fuß:0.0002;▁dévelop:0.0001;▁bekan:0.0001,▁kennis:0.0016;▁biologie:0.0011;▁ál:0.0009;▁dévelop:0.0008;rcu:0.0006
they,pronoun,1,0,1358,▁they,,▁are,layer_28,▁kennis,0.000148,19157,,18078,▁kennis,0.001479,914,,24,▁kennis:0.0001;▁biologie:0.0001;▁Fuß:0.0001;▁dévelop:0.0001;plaat:0.0001,▁kennis:0.0015;▁biologie:0.0012;▁ál:0.0011;▁dévelop:0.0007;LIED:0.0005
they,pronoun,1,0,1358,▁they,,▁are,layer_29,▁kennis,9.8e-05,15713,,8126,',0.00157,669,,3,▁kennis:0.0001;▁biologie:0.0001;▁Fuß:0.0001;▁dévelop:0.0001;plaat:0.0001,':0.0016;▁have:0.0015;▁are:0.0014;▁recognize:0.0009;▁deserve:0.0008
they,pronoun,1,0,1358,▁they,,▁are,layer_31,▁kennis,6.1e-05,1771,,8,▁are,0.038314,799,,1,▁kennis:0.0001;▁Fuß:0.0001;▁bekan:0.0001;▁péri:0.0001;plaat:0.0001,▁are:0.0383;▁have:0.0242;▁were:0.0190;▁can:0.0147;’:0.0106
they,pronoun,1,0,1358,▁they,,▁are,layer_32,▁are,0.000115,173,,1,▁are,0.134126,360,,1,▁are:0.0001;’:0.0001;':0.0001;▁were:0.0001;▁can:0.0001,▁are:0.1341;▁have:0.0601;▁were:0.0569;’:0.0524;▁can:0.0421
they,pronoun,1,0,1358,▁they,,▁are,final_logits,▁are,0.134509,356,,1,,,,,,▁are:0.1345;▁have:0.0597;▁were:0.0561;’:0.0527;▁can:0.0410,
ourselves,pronoun,1,0,9683,▁ourselves,,.,emb,▁rom,3.1e-05,67,,10471,▁rom,0.000641,65,,10001,▁rom:0.0000;ello:0.0000;inks:0.0000;ied:0.0000;aco:0.0000,▁rom:0.0006;ello:0.0006;ego:0.0005;ern:0.0005;ied:0.0005
ourselves,pronoun,1,0,9683,▁ourselves,,.,layer_1,ẩ,3.1e-05,4209,,28925,ẩ,0.012939,1071,,16316,ẩ:0.0000;◄:0.0000;▁biologie:0.0000;▁slä:0.0000;чин:0.0000,ẩ:0.0129;чин:0.0031;◄:0.0030;ász:0.0024;cembre:0.0022
ourselves,pronoun,1,0,9683,▁ourselves,,.,layer_2,▁kennis,0.000108,20767,,32619,▁kennis,0.000475,9202,,6128,▁kennis:0.0001;▁Fuß:0.0001;▁biologie:0.0001;▁bekan:0.0001;plaat:0.0001,▁kennis:0.0005;▁biologie:0.0005;▁Fuß:0.0003;▁péri:0.0003;▁dévelop:0.0003
ourselves,pronoun,1,0,9683,▁ourselves,,.,layer_4,▁kennis,0.000108,20691,,32623,▁kennis,0.000485,9053,,7007,▁kennis:0.0001;▁Fuß:0.0001;▁biologie:0.0001;▁bekan:0.0001;plaat:0.0001,▁kennis:0.0005;▁biologie:0.0005;▁Fuß:0.0003;▁péri:0.0003;Ż:0.0003
ourselves,pronoun,1,0,9683,▁ourselves,,.,layer_7,▁kennis,0.000107,20260,,32621,▁biologie,0.0005,8019,,6804,▁kennis:0.0001;▁Fuß:0.0001;▁biologie:0.0001;▁bekan:0.0001;plaat:0.0001,▁biologie:0.0005;▁kennis:0.0005;▁dévelop:0.0003;Ż:0.0003;▁péri:0.0003
ourselves,pronoun,1,0,9683,▁ourselves,,.,layer_11,▁kennis,9.9e-05,19839,,32495,▁biologie,0.000741,8807,,1583,▁kennis:0.0001;▁biologie:0.0001;▁Fuß:0.0001;▁bekan:0.0001;▁dévelop:0.0001,▁biologie:0.0007;▁kennis:0.0007;▁ál:0.0004;Ż:0.0003;▁péri:0.0003
ourselves,pronoun,1,0,9683,▁ourselves,,.,layer_14,▁kennis,9e-05,19222,,32450,▁kennis,0.001059,7996,,1472,▁kennis:0.0001;▁biologie:0.0001;▁Fuß:0.0001;▁bekan:0.0001;▁dévelop:0.0001,▁kennis:0.0011;▁biologie:0.0008;▁ál:0.0005;Ż:0.0004;▁dévelop:0.0004
ourselves,pronoun,1,0,9683,▁ourselves,,.,layer_18,▁kennis,6.1e-05,10000,,32036,▁vé,0.000637,34,,1449,▁kennis:0.0001;▁biologie:0.0001;▁Fuß:0.0001;▁dévelop:0.0001;scriptstyle:0.0001,▁vé:0.0006;▁kennis:0.0006;▁dévelop:0.0006;▁ál:0.0006;rdev:0.0005
ourselves,pronoun,1,0,9683,▁ourselves,,.,layer_21,▁kennis,0.000132,9785,,29765,▁ál,0.002996,54,,263,▁kennis:0.0001;▁biologie:0.0001;▁Fuß:0.0001;▁dévelop:0.0001;▁bekan:0.0001,▁ál:0.0030;▁biologie:0.0021;▁kennis:0.0014;Ż:0.0013;▁dévelop:0.0011
ourselves,pronoun,1,0,9683,▁ourselves,,.,layer_23,▁kennis,0.0002,10066,,30757,▁ál,0.002248,45,,254,▁kennis:0.0002;▁biologie:0.0002;▁Fuß:0.0002;▁bekan:0.0001;▁dévelop:0.0001,▁ál:0.0022;▁kennis:0.0021;▁biologie:0.0016;Ż:0.0013;▁dévelop:0.0010
ourselves,pronoun,1,0,9683,▁ourselves,,.,layer_25,▁kennis,0.000192,8862,,28848,▁ál,0.002011,25,,93,▁kennis:0.0002;▁biologie:0.0002;▁Fuß:0.0002;▁bekan:0.0001;▁dévelop:0.0001,▁ál:0.0020;Ż:0.0018;▁kennis:0.0013;▁dévelop:0.0011;▁biologie:0.0011
ourselves,pronoun,1,0,9683,▁ourselves,,.,layer_27,▁kennis,0.000188,5952,,21444,▁ál,0.002465,8,,14,▁kennis:0.0002;▁biologie:0.0002;▁Fuß:0.0002;▁bekan:0.0001;▁dévelop:0.0001,▁ál:0.0025;▁kennis:0.0016;▁into:0.0012;Ż:0.0011;▁biologie:0.0010
ourselves,pronoun,1,0,9683,▁ourselves,,.,layer_28,▁kennis,0.000136,3365,,10166,▁as,0.004026,4,,6,▁kennis:0.0001;▁biologie:0.0001;▁Fuß:0.0001;▁dévelop:0.0001;▁bekan:0.0001,▁as:0.0040;▁into:0.0040;▁to:0.0038;▁ourselves:0.0037;▁ál:0.0028
ourselves,pronoun,1,0,9683,▁ourselves,,.,layer_29,▁kennis,9.3e-05,489,,3106,▁as,0.015188,5,,6,▁kennis:0.0001;▁biologie:0.0001;▁Fuß:0.0001;scriptstyle:0.0001;Ż:0.0001,"▁as:0.0152;▁into:0.0101;▁to:0.0098;,:0.0090;▁ourselves:0.0089"
ourselves,pronoun,1,0,9683,▁ourselves,,.,layer_31,.,7.5e-05,24,,1,.,0.088095,57,,1,".:0.0001;▁as:0.0001;▁and:0.0001;,:0.0001;▁to:0.0001",".:0.0881;▁to:0.0575;▁as:0.0574;,:0.0448;▁in:0.0395"
ourselves,pronoun,1,0,9683,▁ourselves,,.,layer_32,.,0.000196,163,,1,.,0.16459,144,,1,".:0.0002;,:0.0002;▁and:0.0002;▁to:0.0001;▁as:0.0001",".:0.1646;,:0.1061;▁to:0.0814;▁and:0.0615;▁in:0.0478"
ourselves,pronoun,1,0,9683,▁ourselves,,.,final_logits,.,0.161925,143,,1,,,,,,".:0.1619;,:0.1045;▁to:0.0814;▁and:0.0634;▁in:0.0494",
the,determiner,1,0,1040,▁the,,▁same,emb,ses,3.1e-05,6727,,2,klass,0.000551,1584,,2,ses:0.0000;▁same:0.0000;klass:0.0000;▁actual:0.0000;▁gro:0.0000,klass:0.0006;▁same:0.0003;▁gro:0.0003;ses:0.0003;▁inner:0.0003
the,determiner,1,0,1040,▁the,,▁same,layer_1,ẩ,3.1e-05,32555,,26392,▁/******/,0.106399,29403,,17810,ẩ:0.0000;ķ:0.0000;▁occas:0.0000;шти:0.0000;ٹ:0.0000,▁/******/:0.1064;ẩ:0.0312;chio:0.0028;ĩ:0.0027;☽:0.0021
the,determiner,1,0,1040,▁the,,▁same,layer_2,▁kennis,0.000135,32753,,32721,▁kennis,0.000483,30295,,25745,▁kennis:0.0001;▁Fuß:0.0001;▁biologie:0.0001;▁bekan:0.0001;plaat:0.0001,▁kennis:0.0005;▁biologie:0.0004;▁péri:0.0003;Ż:0.0003;▁Fuß:0.0003
the,determiner,1,0,1040,▁the,,▁same,layer_4,▁kennis,0.000135,32753,,32720,▁kennis,0.000489,30983,,25395,▁kennis:0.0001;▁Fuß:0.0001;▁biologie:0.0001;▁bekan:0.0001;plaat:0.0001,▁kennis:0.0005;▁biologie:0.0005;▁péri:0.0003;Ż:0.0003;▁Fuß:0.0003
the,determiner,1,0,1040,▁the,,▁same,layer_7,▁kennis,0.000135,32755,,32720,▁kennis,0.000496,31420,,24246,▁kennis:0.0001;▁Fuß:0.0001;▁biologie:0.0001;▁bekan:0.0001;plaat:0.0001,▁kennis:0.0005;▁biologie:0.0005;▁péri:0.0003;Ż:0.0003;▁dévelop:0.0003
the,determiner,1,0,1040,▁the,,▁same,layer_11,▁kennis,0.000125,32753,,32717,▁biologie,0.00071,28540,,18868,▁kennis:0.0001;▁biologie:0.0001;▁Fuß:0.0001;▁bekan:0.0001;▁dévelop:0.0001,▁biologie:0.0007;▁kennis:0.0007;▁ál:0.0004;Ż:0.0003;▁péri:0.0003
the,determiner,1,0,1040,▁the,,▁same,layer_14,▁kennis,0.000115,32752,,32717,▁kennis,0.000932,27876,,18548,▁kennis:0.0001;▁biologie:0.0001;▁Fuß:0.0001;▁bekan:0.0001;▁dévelop:0.0001,▁kennis:0.0009;▁biologie:0.0008;▁ál:0.0005;Ż:0.0004;▁artikel:0.0003
the,determiner,1,0,1040,▁the,,▁same,layer_18,▁kennis,6.1e-05,32747,,32604,▁kennis,0.001234,19897,,4643,▁kennis:0.0001;▁biologie:0.0001;▁Fuß:0.0001;▁dévelop:0.0001;scriptstyle:0.0001,▁kennis:0.0012;▁ál:0.0008;▁biologie:0.0008;rcu:0.0005;▁dévelop:0.0005
the,determiner,1,0,1040,▁the,,▁same,layer_21,▁kennis,0.0002,32762,,32527,▁kennis,0.001566,32722,,8914,▁kennis:0.0002;▁biologie:0.0002;▁Fuß:0.0002;▁dévelop:0.0001;▁bekan:0.0001,▁kennis:0.0016;▁biologie:0.0014;▁ál:0.0009;rcu:0.0006;▁dévelop:0.0005
the,determiner,1,0,1040,▁the,,▁same,layer_23,▁kennis,0.000254,32764,,32504,▁kennis,0.001557,32747,,8624,▁kennis:0.0003;▁biologie:0.0002;▁Fuß:0.0002;▁dévelop:0.0002;▁bekan:0.0002,▁kennis:0.0016;▁biologie:0.0012;▁ál:0.0008;Ż:0.0005;rcu:0.0005
the,determiner,1,0,1040,▁the,,▁same,layer_25,▁kennis,0.000251,32765,,32493,▁kennis,0.001461,32749,,7938,▁kennis:0.0003;▁biologie:0.0002;▁Fuß:0.0002;▁dévelop:0.0002;▁bekan:0.0002,▁kennis:0.0015;▁biologie:0.0013;▁ál:0.0008;Ż:0.0005;rcu:0.0005
the,determiner,1,0,1040,▁the,,▁same,layer_27,▁kennis,0.000226,32764,,32377,▁kennis,0.001551,32677,,3393,▁kennis:0.0002;▁biologie:0.0002;▁Fuß:0.0002;▁dévelop:0.0001;▁bekan:0.0001,▁kennis:0.0016;▁biologie:0.0015;▁ál:0.0008;rcu:0.0005;▁péri:0.0005
the,determiner,1,0,1040,▁the,,▁same,layer_28,▁kennis,0.00017,32765,,32107,▁biologie,0.001918,32678,,2154,▁kennis:0.0002;▁biologie:0.0001;▁Fuß:0.0001;▁dévelop:0.0001;▁bekan:0.0001,▁biologie:0.0019;▁kennis:0.0015;▁ál:0.0008;▁péri:0.0004;rcu:0.0004
the,determiner,1,0,1040,▁the,,▁same,layer_29,▁kennis,0.000114,32755,,28652,▁biologie,0.001051,27723,,63,▁kennis:0.0001;▁biologie:0.0001;▁Fuß:0.0001;▁dévelop:0.0001;plaat:0.0001,▁biologie:0.0011;▁kennis:0.0006;▁ál:0.0004;▁mét:0.0003;Ż:0.0003
the,determiner,1,0,1040,▁the,,▁same,layer_31,▁kennis,7e-05,24939,,2490,▁first,0.002963,1754,,2,▁kennis:0.0001;▁biologie:0.0001;▁Fuß:0.0001;▁diffé:0.0001;▁péri:0.0001,▁first:0.0030;▁same:0.0029;▁time:0.0026;▁most:0.0021;▁number:0.0020
the,determiner,1,0,1040,▁the,,▁same,layer_32,▁,0.000119,186,,2,▁same,0.012355,599,,1,▁:0.0001;▁same:0.0001;▁first:0.0001;▁most:0.0001;<0x0A>:0.0001,▁same:0.0124;▁:0.0120;▁first:0.0092;▁most:0.0084;▁world:0.0075
the,determiner,1,0,1040,▁the,,▁same,final_logits,▁same,0.012329,593,,1,,,,,,▁same:0.0123;▁:0.0119;▁first:0.0093;▁most:0.0085;▁world:0.0075,
an,determiner,1,0,1164,▁an,,▁important,emb,xi,3.1e-05,8688,,10624,oya,0.000817,2463,,11159,xi:0.0000;oya:0.0000;rib:0.0000;kit:0.0000;kers:0.0000,oya:0.0008;xi:0.0008;rib:0.0006;kit:0.0006;▁pad:0.0004
an,determiner,1,0,1164,▁an,,▁important,layer_1,ẩ,3.1e-05,29775,,22930,ẩ,0.054559,15471,,21542,ẩ:0.0000;▁occas:0.0000;ķ:0.0000;шти:0.0000;▁giornata:0.0000,ẩ:0.0546;▁/******/:0.0317;ĩ:0.0038;▁giornata:0.0036;▁occas:0.0031
an,determiner,1,0,1164,▁an,,▁important,layer_2,▁kennis,0.000119,32643,,24246,▁kennis,0.000494,13023,,6526,▁kennis:0.0001;▁Fuß:0.0001;▁biologie:0.0001;▁bekan:0.0001;plaat:0.0001,▁kennis:0.0005;▁biologie:0.0004;▁péri:0.0003;▁dévelop:0.0003;▁Fuß:0.0003
an,determiner,1,0,1164,▁an,,▁important,layer_4,▁kennis,0.000119,32644,,24404,▁kennis,0.000496,14253,,7001,▁kennis:0.0001;▁Fuß:0.0001;▁biologie:0.0001;▁bekan:0.0001;plaat:0.0001,▁kennis:0.0005;▁biologie:0.0004;▁péri:0.0003;▁Fuß:0.0003;▁dévelop:0.0003
an,determiner,1,0,1164,▁an,,▁important,layer_7,▁kennis,0.000119,32652,,24557,▁kennis,0.000503,15223,,8875,▁kennis:0.0001;▁Fuß:0.0001;▁biologie:0.0001;▁bekan:0.0001;plaat:0.0001,▁kennis:0.0005;▁biologie:0.0005;▁dévelop:0.0003;▁péri:0.0003;Ż:0.0003
an,determiner,1,0,1164,▁an,,▁important,layer_11,▁kennis,0.000109,32622,,23911,▁kennis,0.000728,8847,,8045,▁kennis:0.0001;▁biologie:0.0001;▁Fuß:0.0001;▁bekan:0.0001;▁dévelop:0.0001,▁kennis:0.0007;▁biologie:0.0007;▁ál:0.0004;▁péri:0.0003;Ż:0.0003
an,determiner,1,0,1164,▁an,,▁important,layer_14,▁kennis,0.0001,32617,,23821,▁kennis,0.000999,9702,,8723,▁kennis:0.0001;▁biologie:0.0001;▁Fuß:0.0001;▁bekan:0.0001;▁dévelop:0.0001,▁kennis:0.0010;▁biologie:0.0007;▁ál:0.0005;Ż:0.0004;▁dévelop:0.0003
an,determiner,1,0,1164,▁an,,▁important,layer_18,▁kennis,6e-05,31875,,21609,▁kennis,0.001007,1182,,6992,▁kennis:0.0001;▁biologie:0.0001;▁Fuß:0.0001;▁dévelop:0.0001;▁bekan:0.0001,▁kennis:0.0010;▁ál:0.0008;▁biologie:0.0005;▁dévelop:0.0005;▁vé:0.0004
an,determiner,1,0,1164,▁an,,▁important,layer_21,▁kennis,0.000214,32374,,21968,▁kennis,0.001744,10352,,9860,▁kennis:0.0002;▁biologie:0.0002;▁Fuß:0.0002;▁dévelop:0.0001;▁bekan:0.0001,▁kennis:0.0017;▁biologie:0.0013;▁ál:0.0011;▁dévelop:0.0007;▁giornata:0.0005
an,determiner,1,0,1164,▁an,,▁important,layer_23,▁kennis,0.000281,32486,,22732,▁kennis,0.001723,13829,,10481,▁kennis:0.0003;▁biologie:0.0002;▁Fuß:0.0002;▁dévelop:0.0002;▁bekan:0.0002,▁kennis:0.0017;▁biologie:0.0011;▁ál:0.0010;▁dévelop:0.0007;Ż:0.0004
an,determiner,1,0,1164,▁an,,▁important,layer_25,▁kennis,0.000274,32479,,21329,▁kennis,0.001589,13365,,6855,▁kennis:0.0003;▁biologie:0.0002;▁Fuß:0.0002;▁dévelop:0.0002;▁bekan:0.0002,▁kennis:0.0016;▁biologie:0.0011;▁ál:0.0010;▁dévelop:0.0007;▁giornata:0.0005
an,determiner,1,0,1164,▁an,,▁important,layer_27,▁kennis,0.00024,32226,,18550,▁kennis,0.001542,5544,,1954,▁kennis:0.0002;▁biologie:0.0002;▁Fuß:0.0002;▁dévelop:0.0002;▁bekan:0.0002,▁kennis:0.0015;▁biologie:0.0015;▁ál:0.0010;▁dévelop:0.0006;▁giornata:0.0005
an,determiner,1,0,1164,▁an,,▁important,layer_28,▁kennis,0.000175,31863,,13653,▁biologie,0.001596,3701,,277,▁kennis:0.0002;▁biologie:0.0002;▁Fuß:0.0001;▁dévelop:0.0001;▁bekan:0.0001,▁biologie:0.0016;▁kennis:0.0013;▁ál:0.0010;▁artikel:0.0007;▁dévelop:0.0006
an,determiner,1,0,1164,▁an,,▁important,layer_29,▁kennis,0.000114,25916,,9395,▁biologie,0.000827,200,,39,▁kennis:0.0001;▁biologie:0.0001;▁Fuß:0.0001;▁dévelop:0.0001;▁artikel:0.0001,▁biologie:0.0008;onym:0.0007;▁excellent:0.0007;▁extension:0.0007;kle:0.0006
an,determiner,1,0,1164,▁an,,▁important,layer_31,▁kennis,7.6e-05,11649,,1099,▁example,0.004474,258,,2,▁kennis:0.0001;▁biologie:0.0001;▁Fuß:0.0001;▁diffé:0.0001;▁Мекси:0.0001,▁example:0.0045;▁important:0.0041;▁excellent:0.0039;▁opportunity:0.0035;▁application:0.0027
an,determiner,1,0,1164,▁an,,▁important,layer_32,▁,0.000115,14,,4,▁important,0.018986,41,,1,▁:0.0001;▁in:0.0001;▁un:0.0001;▁important:0.0001;▁A:0.0001,▁important:0.0190;▁un:0.0130;▁example:0.0094;▁in:0.0092;▁individual:0.0087
an,determiner,1,0,1164,▁an,,▁important,final_logits,▁important,0.018723,38,,1,,,,,,▁important:0.0187;▁un:0.0129;▁in:0.0094;▁example:0.0094;▁individual:0.0088,
this,determiner,1,0,1224,▁this,,.,emb,▁particular,3.1e-05,31002,,9438,▁type,0.00064,31409,,7656,▁particular:0.0000;▁entire:0.0000;▁type:0.0000;arz:0.0000;▁otherwise:0.0000,▁type:0.0006;▁particular:0.0006;▁entire:0.0005;arz:0.0005;▁whole:0.0004
this,determiner,1,0,1224,▁this,,.,layer_1,ẩ,3.1e-05,31534,,28746,ẩ,0.022613,25942,,12935,ẩ:0.0000;ķ:0.0000;чин:0.0000;ٹ:0.0000;▁diffé:0.0000,ẩ:0.0226;▁/******/:0.0051;chio:0.0043;ĩ:0.0039;cembre:0.0036
this,determiner,1,0,1224,▁this,,.,layer_2,▁kennis,0.000128,32507,,32624,▁kennis,0.000464,24177,,6742,▁kennis:0.0001;▁Fuß:0.0001;▁biologie:0.0001;▁bekan:0.0001;plaat:0.0001,▁kennis:0.0005;▁biologie:0.0004;▁Fuß:0.0003;Ż:0.0003;▁péri:0.0003
this,determiner,1,0,1224,▁this,,.,layer_4,▁kennis,0.000128,32505,,32626,▁kennis,0.000472,24407,,7457,▁kennis:0.0001;▁Fuß:0.0001;▁biologie:0.0001;▁bekan:0.0001;plaat:0.0001,▁kennis:0.0005;▁biologie:0.0004;Ż:0.0003;▁Fuß:0.0003;▁péri:0.0003
this,determiner,1,0,1224,▁this,,.,layer_7,▁kennis,0.000129,32511,,32624,▁kennis,0.000479,24371,,7544,▁kennis:0.0001;▁Fuß:0.0001;▁biologie:0.0001;▁bekan:0.0001;plaat:0.0001,▁kennis:0.0005;▁biologie:0.0005;Ż:0.0003;▁péri:0.0003;▁dévelop:0.0003
this,determiner,1,0,1224,▁this,,.,layer_11,▁kennis,0.000118,32479,,32533,▁biologie,0.000702,18240,,2367,▁kennis:0.0001;▁biologie:0.0001;▁Fuß:0.0001;▁bekan:0.0001;▁dévelop:0.0001,▁biologie:0.0007;▁kennis:0.0007;▁ál:0.0004;Ż:0.0004;▁péri:0.0003
this,determiner,1,0,1224,▁this,,.,layer_14,▁kennis,0.000109,32446,,32503,▁kennis,0.000961,15902,,2328,▁kennis:0.0001;▁biologie:0.0001;▁Fuß:0.0001;▁bekan:0.0001;▁dévelop:0.0001,▁kennis:0.0010;▁biologie:0.0007;▁ál:0.0005;Ż:0.0004;▁artikel:0.0004
this,determiner,1,0,1224,▁this,,.,layer_18,▁kennis,6e-05,29945,,31271,▁kennis,0.001183,1138,,219,▁kennis:0.0001;▁biologie:0.0001;▁Fuß:0.0001;▁dévelop:0.0001;scriptstyle:0.0001,▁kennis:0.0012;▁ál:0.0007;▁biologie:0.0005;▁dévelop:0.0005;rcu:0.0005
this,determiner,1,0,1224,▁this,,.,layer_21,▁kennis,0.000188,32482,,32331,▁biologie,0.002042,26793,,5338,▁kennis:0.0002;▁biologie:0.0002;▁Fuß:0.0001;▁bekan:0.0001;▁dévelop:0.0001,▁biologie:0.0020;▁kennis:0.0014;▁ál:0.0010;Ż:0.0008;rdev:0.0005
this,determiner,1,0,1224,▁this,,.,layer_23,▁kennis,0.000261,32536,,32462,▁biologie,0.001758,28919,,6325,▁kennis:0.0003;▁biologie:0.0002;▁Fuß:0.0002;▁bekan:0.0002;▁dévelop:0.0002,▁biologie:0.0018;▁kennis:0.0016;▁ál:0.0009;Ż:0.0007;▁uitgenodigd:0.0005
this,determiner,1,0,1224,▁this,,.,layer_25,▁kennis,0.000253,32659,,32218,▁biologie,0.001936,31831,,2102,▁kennis:0.0003;▁biologie:0.0002;▁Fuß:0.0002;▁bekan:0.0002;▁dévelop:0.0002,▁biologie:0.0019;▁kennis:0.0013;▁ál:0.0009;Ż:0.0007;▁uitgenodigd:0.0005
this,determiner,1,0,1224,▁this,,.,layer_27,▁kennis,0.00023,32548,,31498,▁biologie,0.002491,27049,,438,▁kennis:0.0002;▁biologie:0.0002;▁Fuß:0.0002;▁bekan:0.0002;plaat:0.0001,▁biologie:0.0025;▁kennis:0.0014;▁ál:0.0009;Ż:0.0006;▁uitgenodigd:0.0004
this,determiner,1,0,1224,▁this,,.,layer_28,▁kennis,0.000165,32612,,28294,▁biologie,0.002655,27259,,48,▁kennis:0.0002;▁biologie:0.0002;▁Fuß:0.0001;▁bekan:0.0001;plaat:0.0001,▁biologie:0.0027;▁kennis:0.0013;▁ál:0.0008;▁artikel:0.0004;▁guy:0.0004
this,determiner,1,0,1224,▁this,,.,layer_29,▁kennis,0.000105,30304,,16347,▁article,0.001169,6022,,8,▁kennis:0.0001;▁biologie:0.0001;▁Fuß:0.0001;scriptstyle:0.0001;▁bekan:0.0001,▁article:0.0012;▁biologie:0.0009;▁guy:0.0009;▁type:0.0008;▁year:0.0008
this,determiner,1,0,1224,▁this,,.,layer_31,▁kennis,6.5e-05,6873,,324,▁article,0.015759,1242,,15,▁kennis:0.0001;▁biologie:0.0001;▁Fuß:0.0001;▁Мекси:0.0001;▁artikel:0.0001,▁article:0.0158;▁is:0.0126;▁year:0.0100;▁time:0.0097;▁case:0.0087
this,determiner,1,0,1224,▁this,,.,layer_32,.,0.000113,172,,1,.,0.062366,284,,1,".:0.0001;▁is:0.0001;,:0.0001;::0.0001;▁and:0.0001",".:0.0624;▁is:0.0610;▁year:0.0265;,:0.0238;▁time:0.0154"
this,determiner,1,0,1224,▁this,,.,final_logits,.,0.0632,273,,1,,,,,,".:0.0632;▁is:0.0594;▁year:0.0263;,:0.0240;▁time:0.0155",
and,conjunction,1,0,1072,▁and,,▁the,emb,rog,3.1e-05,32767,,21441,rog,0.001744,32767,,25282,rog:0.0000;rogen:0.0000;мен:0.0000;таль:0.0000;rea:0.0000,rog:0.0017;rogen:0.0009;мен:0.0009;таль:0.0005;ro:0.0005
and,conjunction,1,0,1072,▁and,,▁the,layer_1,▁Giov,3.6e-05,31457,,27585,efore,0.005438,31335,,25969,▁Giov:0.0000;ieux:0.0000;ota:0.0000;efore:0.0000;yll:0.0000,efore:0.0054;▁Giov:0.0054;ieux:0.0051;ota:0.0041;yll:0.0034
and,conjunction,1,0,1072,▁and,,▁the,layer_2,▁kennis,0.796133,32740,,32757,▁kennis,0.000664,32761,,32746,▁kennis:0.7961;▁Fuß:0.0661;▁biologie:0.0561;▁bekan:0.0298;plaat:0.0119,▁kennis:0.0007;▁biologie:0.0005;▁dévelop:0.0004;▁besk:0.0003;▁artikel:0.0003
and,conjunction,1,0,1072,▁and,,▁the,layer_4,▁kennis,0.795929,32740,,32757,▁kennis,0.000663,32761,,32746,▁kennis:0.7959;▁Fuß:0.0661;▁biologie:0.0561;▁bekan:0.0298;plaat:0.0119,▁kennis:0.0007;▁biologie:0.0005;▁dévelop:0.0004;▁besk:0.0003;▁artikel:0.0003
and,conjunction,1,0,1072,▁and,,▁the,layer_7,▁kennis,0.795247,32740,,32757,▁kennis,0.000661,32761,,32746,▁kennis:0.7952;▁Fuß:0.0663;▁biologie:0.0563;▁bekan:0.0299;plaat:0.0120,▁kennis:0.0007;▁biologie:0.0005;▁dévelop:0.0004;▁besk:0.0003;▁artikel:0.0003
and,conjunction,1,0,1072,▁and,,▁the,layer_11,▁kennis,0.796369,32740,,32757,▁kennis,0.000671,32761,,32747,▁kennis:0.7964;▁Fuß:0.0657;▁biologie:0.0567;▁bekan:0.0294;plaat:0.0119,▁kennis:0.0007;▁biologie:0.0006;▁dévelop:0.0004;▁besk:0.0004;▁artikel:0.0003
and,conjunction,1,0,1072,▁and,,▁the,layer_14,▁kennis,0.798517,32740,,32758,▁kennis,0.000684,32761,,32748,▁kennis:0.7985;▁Fuß:0.0648;▁biologie:0.0565;▁bekan:0.0288;plaat:0.0118,▁kennis:0.0007;▁biologie:0.0006;▁dévelop:0.0004;▁besk:0.0004;▁artikel:0.0004
and,conjunction,1,0,1072,▁and,,▁the,layer_18,▁kennis,0.798505,32740,,32758,▁kennis,0.000686,32761,,32748,▁kennis:0.7985;▁Fuß:0.0650;▁biologie:0.0566;▁bekan:0.0285;plaat:0.0118,▁kennis:0.0007;▁biologie:0.0006;▁dévelop:0.0004;▁besk:0.0004;▁artikel:0.0004
and,conjunction,1,0,1072,▁and,,▁the,layer_21,▁kennis,0.814614,32739,,32758,▁kennis,0.000734,32764,,32748,▁kennis:0.8146;▁Fuß:0.0596;▁biologie:0.0548;▁bekan:0.0255;plaat:0.0109,▁kennis:0.0007;▁biologie:0.0006;▁besk:0.0004;▁dévelop:0.0004;▁artikel:0.0004
and,conjunction,1,0,1072,▁and,,▁the,layer_23,▁kennis,0.814471,32740,,32759,▁kennis,0.000736,32764,,32748,▁kennis:0.8145;▁Fuß:0.0596;▁biologie:0.0551;▁bekan:0.0256;plaat:0.0108,▁kennis:0.0007;▁biologie:0.0006;▁dévelop:0.0004;▁besk:0.0004;▁artikel:0.0004
and,conjunction,1,0,1072,▁and,,▁the,layer_25,▁kennis,0.813978,32740,,32759,▁kennis,0.000733,32764,,32748,▁kennis:0.8140;▁Fuß:0.0600;▁biologie:0.0549;▁bekan:0.0257;plaat:0.0108,▁kennis:0.0007;▁biologie:0.0006;▁dévelop:0.0004;▁besk:0.0004;▁artikel:0.0004
and,conjunction,1,0,1072,▁and,,▁the,layer_27,▁kennis,0.813505,32740,,32758,▁kennis,0.000728,32763,,32748,▁kennis:0.8135;▁Fuß:0.0604;▁biologie:0.0548;▁bekan:0.0257;plaat:0.0109,▁kennis:0.0007;▁biologie:0.0006;▁dévelop:0.0004;▁besk:0.0004;▁artikel:0.0004
and,conjunction,1,0,1072,▁and,,▁the,layer_28,▁kennis,0.812355,32740,,32758,▁kennis,0.000716,32762,,32749,▁kennis:0.8124;▁Fuß:0.0609;▁biologie:0.0550;▁bekan:0.0259;plaat:0.0110,▁kennis:0.0007;▁biologie:0.0006;▁besk:0.0004;▁artikel:0.0004;▁dévelop:0.0004
and,conjunction,1,0,1072,▁and,,▁the,layer_29,▁kennis,0.807038,32740,,32759,▁kennis,0.000698,32762,,32748,▁kennis:0.8070;▁Fuß:0.0619;▁biologie:0.0563;▁bekan:0.0269;plaat:0.0114,▁kennis:0.0007;▁biologie:0.0006;▁artikel:0.0004;▁besk:0.0004;▁dévelop:0.0004
and,conjunction,1,0,1072,▁and,,▁the,layer_31,▁kennis,0.301224,32709,,32749,▁bekan,0.000678,31633,,30251,▁kennis:0.3012;▁Fuß:0.1194;▁bekan:0.0788;▁biologie:0.0517;plaat:0.0482,▁bekan:0.0007;▁Fuß:0.0005;områ:0.0004;ץ:0.0004;▁kennis:0.0004
and,conjunction,1,0,1072,▁and,,▁the,layer_32,▁the,0.000105,69,,1,▁the,0.058767,159,,1,▁the:0.0001;▁:0.0001;▁a:0.0001;/:0.0001;▁I:0.0001,▁the:0.0588;▁:0.0192;▁a:0.0181;▁I:0.0110;▁it:0.0086
and,conjunction,1,0,1072,▁and,,▁the,final_logits,▁the,0.057929,157,,1,,,,,,▁the:0.0579;▁:0.0194;▁a:0.0182;▁I:0.0111;▁it:0.0086,
but,conjunction,1,0,1330,▁but,,▁it,emb,ts,3.1e-05,32433,,8682,ts,0.001354,32201,,12743,ts:0.0000;ted:0.0000;cher:0.0000;том:0.0000;ler:0.0000,ts:0.0014;ted:0.0010;том:0.0009;tons:0.0007;field:0.0007
but,conjunction,1,0,1330,▁but,,▁it,layer_1,ẩ,3.1e-05,28538,,22377,ẩ,0.013667,17712,,6513,ẩ:0.0000;▁occas:0.0000;▁biologie:0.0000;ķ:0.0000;▁kennis:0.0000,ẩ:0.0137;▁/******/:0.0105;▁occas:0.0036;ĩ:0.0032;ENDOR:0.0028
but,conjunction,1,0,1330,▁but,,▁it,layer_2,▁kennis,0.000127,32279,,32466,▁kennis,0.000475,24623,,10832,▁kennis:0.0001;▁Fuß:0.0001;▁biologie:0.0001;▁bekan:0.0001;plaat:0.0001,▁kennis:0.0005;▁biologie:0.0004;▁Fuß:0.0003;Ż:0.0003;▁péri:0.0003
but,conjunction,1,0,1330,▁but,,▁it,layer_4,▁kennis,0.000127,32291,,32471,▁kennis,0.000478,25530,,11541,▁kennis:0.0001;▁Fuß:0.0001;▁biologie:0.0001;▁bekan:0.0001;plaat:0.0001,▁kennis:0.0005;▁biologie:0.0005;▁Fuß:0.0003;Ż:0.0003;▁péri:0.0003
but,conjunction,1,0,1330,▁but,,▁it,layer_7,▁kennis,0.000127,32335,,32482,▁biologie,0.000489,27277,,12462,▁kennis:0.0001;▁Fuß:0.0001;▁biologie:0.0001;▁bekan:0.0001;plaat:0.0001,▁biologie:0.0005;▁kennis:0.0005;Ż:0.0003;▁péri:0.0003;▁dévelop:0.0003
but,conjunction,1,0,1330,▁but,,▁it,layer_11,▁kennis,0.000117,32270,,32447,▁biologie,0.000716,20484,,9090,▁kennis:0.0001;▁biologie:0.0001;▁Fuß:0.0001;▁bekan:0.0001;▁dévelop:0.0001,▁biologie:0.0007;▁kennis:0.0007;Ż:0.0004;▁ál:0.0004;▁péri:0.0003
but,conjunction,1,0,1330,▁but,,▁it,layer_14,▁kennis,0.000107,32297,,32400,▁kennis,0.000926,21289,,8106,▁kennis:0.0001;▁biologie:0.0001;▁Fuß:0.0001;▁bekan:0.0001;▁dévelop:0.0001,▁kennis:0.0009;▁biologie:0.0007;▁ál:0.0004;Ż:0.0004;▁artikel:0.0003
but,conjunction,1,0,1330,▁but,,▁it,layer_18,▁kennis,5.9e-05,31694,,28729,▁kennis,0.001177,12182,,263,▁kennis:0.0001;▁biologie:0.0001;▁Fuß:0.0001;▁dévelop:0.0001;scriptstyle:0.0001,▁kennis:0.0012;▁biologie:0.0007;▁ál:0.0006;▁té:0.0005;scriptstyle:0.0004
but,conjunction,1,0,1330,▁but,,▁it,layer_21,▁kennis,0.000186,32262,,30805,▁kennis,0.001727,25098,,2318,▁kennis:0.0002;▁biologie:0.0002;▁Fuß:0.0001;▁dévelop:0.0001;▁bekan:0.0001,▁kennis:0.0017;▁biologie:0.0017;▁ál:0.0012;▁dévelop:0.0006;rcu:0.0006
but,conjunction,1,0,1330,▁but,,▁it,layer_23,▁kennis,0.000252,32441,,31098,▁kennis,0.001729,29094,,2754,▁kennis:0.0003;▁biologie:0.0002;▁Fuß:0.0002;▁dévelop:0.0002;▁bekan:0.0002,▁kennis:0.0017;▁biologie:0.0014;▁ál:0.0012;Ż:0.0006;▁dévelop:0.0005
but,conjunction,1,0,1330,▁but,,▁it,layer_25,▁kennis,0.000246,32561,,30716,▁kennis,0.001595,31316,,2068,▁kennis:0.0002;▁biologie:0.0002;▁Fuß:0.0002;▁dévelop:0.0002;▁bekan:0.0002,▁kennis:0.0016;▁ál:0.0013;▁biologie:0.0012;Ż:0.0006;▁dévelop:0.0005
but,conjunction,1,0,1330,▁but,,▁it,layer_27,▁kennis,0.000219,32422,,29127,▁kennis,0.001789,26595,,482,▁kennis:0.0002;▁biologie:0.0002;▁Fuß:0.0002;▁dévelop:0.0001;▁bekan:0.0001,▁kennis:0.0018;▁biologie:0.0014;▁ál:0.0012;Ż:0.0005;▁péri:0.0004
but,conjunction,1,0,1330,▁but,,▁it,layer_28,▁kennis,0.000159,32080,,24412,▁biologie,0.001891,18388,,77,▁kennis:0.0002;▁biologie:0.0001;▁Fuß:0.0001;▁dévelop:0.0001;plaat:0.0001,▁biologie:0.0019;▁ál:0.0015;▁kennis:0.0014;▁péri:0.0005;Ż:0.0005
but,conjunction,1,0,1330,▁but,,▁it,layer_29,▁kennis,0.000103,31349,,12951,▁nonetheless,0.001648,9188,,4,▁kennis:0.0001;▁biologie:0.0001;▁Fuß:0.0001;▁dévelop:0.0001;scriptstyle:0.0001,▁nonetheless:0.0016;▁nevertheless:0.0014;▁ál:0.0009;▁it:0.0008;▁biologie:0.0008
but,conjunction,1,0,1330,▁but,,▁it,layer_31,▁biologie,6.6e-05,10492,,117,▁it,0.035692,823,,1,▁biologie:0.0001;▁kennis:0.0001;▁Fuß:0.0001;▁péri:0.0001;ниш:0.0001,▁it:0.0357;▁also:0.0234;▁I:0.0186;▁they:0.0148;▁the:0.0125
but,conjunction,1,0,1330,▁but,,▁it,layer_32,▁I,8.6e-05,240,,2,▁it,0.081005,262,,1,"▁I:0.0001;▁it:0.0001;,:0.0001;▁the:0.0001;▁also:0.0001",▁it:0.0810;▁I:0.0667;▁the:0.0623;▁also:0.0330;▁they:0.0284
but,conjunction,1,0,1330,▁but,,▁it,final_logits,▁it,0.081452,257,,1,,,,,,▁it:0.0815;▁I:0.0675;▁the:0.0634;▁also:0.0319;▁they:0.0281,
although,conjunction,1,0,6200,▁although,,▁the,emb,efore,3.1e-05,27384,,15226,efore,0.000709,28336,,15068,efore:0.0000;▁Claud:0.0000;rz:0.0000;eries:0.0000;cid:0.0000,efore:0.0007;▁acknow:0.0007;▁Claud:0.0007;eries:0.0006;ieler:0.0006
although,conjunction,1,0,6200,▁although,,▁the,layer_1,ẩ,3.1e-05,7907,,31798,ẩ,0.023273,1349,,24621,ẩ:0.0000;ķ:0.0000;ША:0.0000;▁giornata:0.0000;▁kennis:0.0000,ẩ:0.0233;▁giornata:0.0038;ENDOR:0.0031;chio:0.0018;endor:0.0017
although,conjunction,1,0,6200,▁although,,▁the,layer_2,▁kennis,0.000123,21585,,32752,▁kennis,0.000505,14170,,27924,▁kennis:0.0001;▁Fuß:0.0001;▁biologie:0.0001;▁bekan:0.0001;plaat:0.0001,▁kennis:0.0005;▁biologie:0.0004;▁péri:0.0003;Ż:0.0003;▁Fuß:0.0003
although,conjunction,1,0,6200,▁although,,▁the,layer_4,▁kennis,0.000123,21614,,32752,▁kennis,0.000509,14514,,28989,▁kennis:0.0001;▁Fuß:0.0001;▁biologie:0.0001;▁bekan:0.0001;plaat:0.0001,▁kennis:0.0005;▁biologie:0.0004;▁péri:0.0003;Ż:0.0003;▁Fuß:0.0003
although,conjunction,1,0,6200,▁although,,▁the,layer_7,▁kennis,0.000123,22080,,32753,▁kennis,0.000526,16768,,30059,▁kennis:0.0001;▁Fuß:0.0001;▁biologie:0.0001;▁bekan:0.0001;plaat:0.0001,▁kennis:0.0005;▁biologie:0.0005;▁péri:0.0003;Ż:0.0003;▁dévelop:0.0003
although,conjunction,1,0,6200,▁although,,▁the,layer_11,▁kennis,0.000113,22362,,32752,▁kennis,0.000747,16802,,25846,▁kennis:0.0001;▁biologie:0.0001;▁Fuß:0.0001;▁bekan:0.0001;▁dévelop:0.0001,▁kennis:0.0007;▁biologie:0.0007;▁péri:0.0004;▁ál:0.0003;Ż:0.0003
although,conjunction,1,0,6200,▁although,,▁the,layer_14,▁kennis,0.000103,22617,,32752,▁kennis,0.001017,17319,,25123,▁kennis:0.0001;▁biologie:0.0001;▁Fuß:0.0001;▁bekan:0.0001;▁dévelop:0.0001,▁kennis:0.0010;▁biologie:0.0007;▁ál:0.0004;▁péri:0.0004;Ż:0.0004
although,conjunction,1,0,6200,▁although,,▁the,layer_18,▁kennis,6e-05,16053,,32738,▁kennis,0.001134,2119,,10859,▁kennis:0.0001;▁biologie:0.0001;▁Fuß:0.0001;▁dévelop:0.0001;plaat:0.0001,▁kennis:0.0011;▁biologie:0.0006;▁péri:0.0006;▁ál:0.0005;▁dévelop:0.0005
although,conjunction,1,0,6200,▁although,,▁the,layer_21,▁kennis,0.000188,18276,,32754,▁kennis,0.001663,8667,,26817,▁kennis:0.0002;▁biologie:0.0002;▁Fuß:0.0001;▁dévelop:0.0001;▁bekan:0.0001,▁kennis:0.0017;▁biologie:0.0015;▁ál:0.0013;Ż:0.0006;▁dévelop:0.0005
although,conjunction,1,0,6200,▁although,,▁the,layer_23,▁kennis,0.000257,17585,,32754,▁kennis,0.001649,5852,,27528,▁kennis:0.0003;▁biologie:0.0002;▁Fuß:0.0002;▁bekan:0.0002;▁dévelop:0.0002,▁kennis:0.0016;▁biologie:0.0014;▁ál:0.0013;Ż:0.0006;▁péri:0.0005
although,conjunction,1,0,6200,▁although,,▁the,layer_25,▁kennis,0.000248,17436,,32751,▁ál,0.001491,4818,,22119,▁kennis:0.0002;▁biologie:0.0002;▁Fuß:0.0002;▁bekan:0.0002;plaat:0.0002,▁ál:0.0015;▁kennis:0.0013;▁biologie:0.0013;▁péri:0.0006;Ż:0.0006
although,conjunction,1,0,6200,▁although,,▁the,layer_27,▁kennis,0.000215,15659,,32742,▁biologie,0.001512,2061,,9644,▁kennis:0.0002;▁biologie:0.0002;▁Fuß:0.0002;plaat:0.0001;▁bekan:0.0001,▁biologie:0.0015;▁ál:0.0014;▁kennis:0.0012;▁péri:0.0006;Ż:0.0005
although,conjunction,1,0,6200,▁although,,▁the,layer_28,▁kennis,0.000154,11935,,32637,▁biologie,0.001843,225,,772,▁kennis:0.0002;▁biologie:0.0001;▁Fuß:0.0001;plaat:0.0001;▁bekan:0.0001,▁biologie:0.0018;▁ál:0.0017;▁kennis:0.0007;▁péri:0.0006;▁they:0.0005
although,conjunction,1,0,6200,▁although,,▁the,layer_29,▁kennis,0.000106,8736,,29479,▁they,0.001814,54,,22,▁kennis:0.0001;▁biologie:0.0001;▁Fuß:0.0001;plaat:0.0001;scriptstyle:0.0001,▁they:0.0018;▁it:0.0015;▁ál:0.0014;▁biologie:0.0011;▁there:0.0009
although,conjunction,1,0,6200,▁although,,▁the,layer_31,▁biologie,5.9e-05,246,,43,▁it,0.074622,81,,2,▁biologie:0.0001;▁Fuß:0.0001;▁kennis:0.0001;scriptstyle:0.0001;▁péri:0.0001,▁it:0.0746;▁the:0.0475;▁they:0.0427;▁he:0.0245;▁I:0.0241
although,conjunction,1,0,6200,▁although,,▁the,layer_32,▁it,0.000104,96,,2,▁the,0.146722,95,,1,"▁it:0.0001;▁the:0.0001;,:0.0001;▁they:0.0001;▁I:0.0001",▁the:0.1467;▁it:0.1121;▁they:0.0629;▁I:0.0560;▁he:0.0344
although,conjunction,1,0,6200,▁although,,▁the,final_logits,▁the,0.14315,91,,1,,,,,,▁the:0.1432;▁it:0.1115;▁they:0.0635;▁I:0.0561;▁he:0.0340,
hello,interjection,2,0,7080,▁hell,29477,o,emb,arest,3.1e-05,597,3318,3318,puis,0.00129,746,5396,5396,arest:0.0000;▁Gru:0.0000;▁pam:0.0000;ena:0.0000;iar:0.0000,puis:0.0013;arest:0.0010;▁Gru:0.0009;lez:0.0009;▁pam:0.0008
hello,interjection,2,0,7080,▁hell,29477,o,layer_1,ẩ,3.1e-05,18806,23611,23611,ẩ,0.044151,13239,12430,12430,ẩ:0.0000;▁biologie:0.0000;▁giornata:0.0000;▁kennis:0.0000;plaatst:0.0000,ẩ:0.0442;ász:0.0068;▁giornata:0.0044;WARE:0.0030;cembre:0.0026
hello,interjection,2,0,7080,▁hell,29477,o,layer_2,▁kennis,9.7e-05,25284,32581,32581,▁kennis,0.000464,24537,19327,19327,▁kennis:0.0001;▁Fuß:0.0001;▁biologie:0.0001;▁bekan:0.0001;plaat:0.0001,▁kennis:0.0005;▁biologie:0.0004;▁dévelop:0.0003;▁Fuß:0.0003;▁péri:0.0003
hello,interjection,2,0,7080,▁hell,29477,o,layer_4,▁kennis,9.7e-05,25214,32581,32581,▁kennis,0.000456,23780,19745,19745,▁kennis:0.0001;▁Fuß:0.0001;▁biologie:0.0001;▁bekan:0.0001;plaat:0.0001,▁kennis:0.0005;▁biologie:0.0004;▁dévelop:0.0003;▁Fuß:0.0003;▁péri:0.0003
hello,interjection,2,0,7080,▁hell,29477,o,layer_7,▁kennis,9.6e-05,24719,32581,32581,▁kennis,0.000463,20672,19880,19880,▁kennis:0.0001;▁Fuß:0.0001;▁biologie:0.0001;▁bekan:0.0001;plaat:0.0001,▁kennis:0.0005;▁biologie:0.0005;▁dévelop:0.0003;▁péri:0.0003;▁Fuß:0.0003
hello,interjection,2,0,7080,▁hell,29477,o,layer_11,▁kennis,8.9e-05,22902,32572,32572,▁biologie,0.000705,12479,15028,15028,▁kennis:0.0001;▁biologie:0.0001;▁Fuß:0.0001;▁bekan:0.0001;▁dévelop:0.0001,▁biologie:0.0007;▁kennis:0.0007;▁ál:0.0004;▁dévelop:0.0004;▁péri:0.0003
hello,interjection,2,0,7080,▁hell,29477,o,layer_14,▁kennis,8.1e-05,21939,32558,32558,▁kennis,0.001005,9624,14938,14938,▁kennis:0.0001;▁biologie:0.0001;▁Fuß:0.0001;▁bekan:0.0001;▁dévelop:0.0001,▁kennis:0.0010;▁biologie:0.0007;▁ál:0.0005;▁dévelop:0.0004;▁artikel:0.0003
hello,interjection,2,0,7080,▁hell,29477,o,layer_18,▁kennis,6.1e-05,14022,29586,29586,▁dévelop,0.000742,400,1953,1953,▁kennis:0.0001;▁biologie:0.0001;▁Fuß:0.0001;▁dévelop:0.0001;scriptstyle:0.0001,▁dévelop:0.0007;▁ál:0.0007;rcu:0.0006;iest:0.0006;rieg:0.0006
hello,interjection,2,0,7080,▁hell,29477,o,layer_21,▁kennis,0.000132,3630,18549,18549,▁hell,0.007595,1,100,100,▁kennis:0.0001;▁biologie:0.0001;▁Fuß:0.0001;▁dévelop:0.0001;▁bekan:0.0001,▁hell:0.0076;▁Hell:0.0055;fire:0.0034;hell:0.0031;▁kennis:0.0028
hello,interjection,2,0,7080,▁hell,29477,o,layer_23,▁kennis,0.00024,4127,22347,22347,▁hell,0.007004,1,120,120,▁kennis:0.0002;▁biologie:0.0002;▁Fuß:0.0002;▁dévelop:0.0002;▁bekan:0.0002,▁hell:0.0070;▁Hell:0.0056;fire:0.0025;hell:0.0024;▁kennis:0.0022
hello,interjection,2,0,7080,▁hell,29477,o,layer_25,▁kennis,0.000232,3207,19201,19201,▁hell,0.012825,1,74,74,▁kennis:0.0002;▁biologie:0.0002;▁Fuß:0.0002;▁dévelop:0.0002;▁bekan:0.0002,▁hell:0.0128;▁Hell:0.0089;hell:0.0036;fire:0.0035;▁uitgenodigd:0.0016
hello,interjection,2,0,7080,▁hell,29477,o,layer_27,▁kennis,0.000211,2084,10196,10196,▁hell,0.024756,1,10,10,▁kennis:0.0002;▁biologie:0.0002;▁Fuß:0.0002;▁dévelop:0.0001;▁bekan:0.0001,▁hell:0.0248;▁Hell:0.0127;fire:0.0054;hell:0.0036;-:0.0018
hello,interjection,2,0,7080,▁hell,29477,o,layer_28,▁kennis,0.000157,408,5441,5441,▁hell,0.121434,1,6,6,▁kennis:0.0002;▁biologie:0.0001;▁Fuß:0.0001;▁dévelop:0.0001;▁péri:0.0001,▁hell:0.1214;▁Hell:0.0302;hell:0.0107;fire:0.0098;-:0.0053
hello,interjection,2,0,7080,▁hell,29477,o,layer_29,▁kennis,0.000112,7,1933,1933,▁hell,0.683381,1,7,7,▁kennis:0.0001;▁biologie:0.0001;▁dévelop:0.0001;▁Fuß:0.0001;▁péri:0.0001,▁hell:0.6834;▁Hell:0.0608;hell:0.0175;fire:0.0050;-:0.0032
hello,interjection,2,0,7080,▁hell,29477,o,layer_31,▁biologie,8.2e-05,49,8,8,o,0.050266,15,1,1,▁biologie:0.0001;▁kennis:0.0001;▁dévelop:0.0001;ниш:0.0001;▁péri:0.0001,"o:0.0503;,:0.0457;▁of:0.0300;.:0.0280;-:0.0201"
hello,interjection,2,0,7080,▁hell,29477,o,layer_32,",",0.000112,141,2,2,o,0.171947,96,1,1,",:0.0001;o:0.0001;.:0.0001;▁of:0.0001;▁and:0.0001","o:0.1719;,:0.1249;.:0.1005;▁of:0.0755;▁and:0.0220"
hello,interjection,2,0,7080,▁hell,29477,o,final_logits,o,0.170045,96,1,1,,,,,,"o:0.1700;,:0.1244;.:0.1031;▁of:0.0755;▁and:0.0216",
hello,interjection,2,1,29477,o,,▁world,emb,▁kennis,3.1e-05,32234,,28483,zone,0.000292,31686,,28293,▁kennis:0.0000;̄:0.0000;zy:0.0000;zone:0.0000;BITS:0.0000,zone:0.0003;zin:0.0003;BITS:0.0003;zy:0.0003;▁kennis:0.0003
hello,interjection,2,1,29477,o,,▁world,layer_1,▁kennis,3.1e-05,26020,,17915,ikk,0.002999,11370,,7580,▁kennis:0.0000;ٹ:0.0000;▁dévelop:0.0000;ķ:0.0000;ģ:0.0000,ikk:0.0030;lem:0.0020;rez:0.0020;opp:0.0012;▁esper:0.0010
hello,interjection,2,1,29477,o,,▁world,layer_2,iler,3.1e-05,2672,,3219,iler,0.00656,2790,,2792,iler:0.0000;orer:0.0000;iper:0.0000;ilers:0.0000;▁pal:0.0000,iler:0.0066;orer:0.0031;iper:0.0029;▁pal:0.0020;▁posit:0.0019
hello,interjection,2,1,29477,o,,▁world,layer_4,atem,3.1e-05,10921,,9733,<0x8C>,0.001833,4611,,5438,atem:0.0000;erst:0.0000;<0x8C>:0.0000;akov:0.0000;▁obs:0.0000,<0x8C>:0.0018;akov:0.0016;▁Open:0.0015;SW:0.0014;▁obs:0.0014
hello,interjection,2,1,29477,o,,▁world,layer_7,▁kennis,3.2e-05,10711,,17457,▁kennis,0.002363,1924,,9417,▁kennis:0.0000;puis:0.0000;Ț:0.0000;▁Namen:0.0000;▁spett:0.0000,▁kennis:0.0024;▁Frances:0.0020;ele:0.0019;ops:0.0018;hello:0.0018
hello,interjection,2,1,29477,o,,▁world,layer_11,▁kennis,3.4e-05,16233,,20135,▁kennis,0.014286,7586,,16697,▁kennis:0.0000;▁bekan:0.0000;dern:0.0000;▁Frances:0.0000;¶:0.0000,▁kennis:0.0143;@:0.0026;▁Frances:0.0024;▁hell:0.0020;¶:0.0013
hello,interjection,2,1,29477,o,,▁world,layer_14,▁[…],3.4e-05,12587,,14142,▁kennis,0.007214,6756,,13566,▁[…]:0.0000;▁kennis:0.0000;­:0.0000;▁bekan:0.0000;@:0.0000,▁kennis:0.0072;@:0.0028;▁hell:0.0017;▁@:0.0016;~:0.0014
hello,interjection,2,1,29477,o,,▁world,layer_18,▁kennis,4.1e-05,25351,,2756,▁kennis,0.007418,15168,,506,▁kennis:0.0000;▁bekan:0.0000;▁Mär:0.0000;▁uitgenodigd:0.0000;迎:0.0000,▁kennis:0.0074;▁gre:0.0064;▁greeted:0.0030;▁hell:0.0029;▁welcome:0.0023
hello,interjection,2,1,29477,o,,▁world,layer_21,▁hell,5.2e-05,5448,,11,▁hell,0.384724,1999,,11,▁hell:0.0001;▁gre:0.0000;hello:0.0000;Hello:0.0000;▁Hello:0.0000,▁hell:0.3847;▁gre:0.0677;hello:0.0458;▁Hello:0.0375;Hello:0.0189
hello,interjection,2,1,29477,o,,▁world,layer_23,▁hell,6.3e-05,12492,,11,▁hell,0.641094,1501,,5,▁hell:0.0001;▁kennis:0.0001;hello:0.0001;▁gre:0.0001;▁biologie:0.0001,▁hell:0.6411;▁gre:0.0362;hello:0.0299;▁Hello:0.0242;▁world:0.0234
hello,interjection,2,1,29477,o,,▁world,layer_25,▁kennis,6.2e-05,13286,,2,▁world,0.224693,1873,,1,▁kennis:0.0001;▁world:0.0001;▁hell:0.0001;▁bekan:0.0001;▁gre:0.0001,▁world:0.2247;▁hell:0.1783;▁gre:0.0871;world:0.0377;World:0.0193
hello,interjection,2,1,29477,o,,▁world,layer_27,▁kennis,7.6e-05,6987,,3,▁world,0.297487,717,,1,▁kennis:0.0001;▁bekan:0.0001;▁world:0.0001;▁hell:0.0001;▁biologie:0.0001,▁world:0.2975;▁hell:0.1262;world:0.0374;_:0.0315;World:0.0156
hello,interjection,2,1,29477,o,,▁world,layer_28,▁world,7.5e-05,10477,,1,▁world,0.311682,2586,,1,▁world:0.0001;@:0.0001;▁hell:0.0001;world:0.0001;▁kennis:0.0001,▁world:0.3117;▁hell:0.1133;@:0.0829;_:0.0480;world:0.0293
hello,interjection,2,1,29477,o,,▁world,layer_29,▁world,0.000136,6075,,1,▁world,0.794453,2369,,1,▁world:0.0001;World:0.0001;world:0.0001;▁hell:0.0001;▁World:0.0001,▁world:0.7945;World:0.0530;world:0.0460;▁hell:0.0431;▁World:0.0273
hello,interjection,2,1,29477,o,,▁world,layer_31,▁world,0.00017,2709,,1,▁world,0.578454,2425,,1,▁world:0.0002;@:0.0001;▁there:0.0001;World:0.0001;world:0.0001,"▁world:0.5785;@:0.0740;▁there:0.0363;,:0.0309;▁to:0.0238"
hello,interjection,2,1,29477,o,,▁world,layer_32,",",0.000276,2815,,4,▁world,0.108387,6172,,1,",:0.0003;.:0.0003;-:0.0003;▁world:0.0002;▁to:0.0002","▁world:0.1084;,:0.0958;.:0.0906;@:0.0768;▁to:0.0498"
hello,interjection,2,1,29477,o,,▁world,final_logits,▁world,0.109371,6153,,1,,,,,,"▁world:0.1094;,:0.0965;.:0.0907;@:0.0752;▁to:0.0485",
wow,interjection,2,0,1043,▁w,1104,avelength,emb,cep,3.1e-05,37,7000,831,cep,0.000631,90,11721,1031,cep:0.0000;elta:0.0000;anter:0.0000;▁nom:0.0000;ironment:0.0000,cep:0.0006;elta:0.0006;anter:0.0006;nitt:0.0005;ilde:0.0005
wow,interjection,2,0,1043,▁w,1104,avelength,layer_1,ẩ,3.2e-05,11330,26364,12960,ẩ,0.067469,1329,22340,9316,ẩ:0.0000;ķ:0.0000;╔:0.0000;▁giornata:0.0000;▁biologie:0.0000,ẩ:0.0675;▁/******/:0.0142;ĩ:0.0057;sta:0.0038;▁giornata:0.0037
wow,interjection,2,0,1043,▁w,1104,avelength,layer_2,▁kennis,0.000126,32619,31428,29527,▁kennis,0.000486,32628,31272,32202,▁kennis:0.0001;▁Fuß:0.0001;▁biologie:0.0001;▁bekan:0.0001;plaat:0.0001,▁kennis:0.0005;▁biologie:0.0005;▁Fuß:0.0003;Ż:0.0003;▁péri:0.0003
wow,interjection,2,0,1043,▁w,1104,avelength,layer_4,▁kennis,0.000126,32621,31418,29456,▁kennis,0.000486,32681,31289,32076,▁kennis:0.0001;▁Fuß:0.0001;▁biologie:0.0001;▁bekan:0.0001;plaat:0.0001,▁kennis:0.0005;▁biologie:0.0005;▁Fuß:0.0003;▁péri:0.0003;Ż:0.0003
wow,interjection,2,0,1043,▁w,1104,avelength,layer_7,▁kennis,0.000126,32636,31422,29359,▁biologie,0.000522,32719,31170,31886,▁kennis:0.0001;▁Fuß:0.0001;▁biologie:0.0001;▁bekan:0.0001;plaat:0.0001,▁biologie:0.0005;▁kennis:0.0005;Ż:0.0003;▁péri:0.0003;▁dévelop:0.0003
wow,interjection,2,0,1043,▁w,1104,avelength,layer_11,▁kennis,0.000116,32644,31750,29698,▁biologie,0.000783,32435,31581,31659,▁kennis:0.0001;▁biologie:0.0001;▁Fuß:0.0001;▁bekan:0.0001;plaat:0.0001,▁biologie:0.0008;▁kennis:0.0007;▁ál:0.0004;Ż:0.0004;▁péri:0.0003
wow,interjection,2,0,1043,▁w,1104,avelength,layer_14,▁kennis,0.000106,32664,31846,29564,▁kennis,0.000961,32530,31926,30770,▁kennis:0.0001;▁biologie:0.0001;▁Fuß:0.0001;▁bekan:0.0001;plaat:0.0001,▁kennis:0.0010;▁biologie:0.0008;▁ál:0.0005;Ż:0.0004;▁dévelop:0.0003
wow,interjection,2,0,1043,▁w,1104,avelength,layer_18,▁kennis,6e-05,32562,29602,22683,▁kennis,0.000995,30105,17031,9161,▁kennis:0.0001;▁biologie:0.0001;▁Fuß:0.0001;▁dévelop:0.0001;scriptstyle:0.0001,▁kennis:0.0010;▁biologie:0.0010;▁ál:0.0006;rcu:0.0006;▁dévelop:0.0006
wow,interjection,2,0,1043,▁w,1104,avelength,layer_21,▁kennis,0.000188,32001,29558,23760,▁kennis,0.002422,21370,16364,10710,▁kennis:0.0002;▁biologie:0.0002;▁Fuß:0.0001;▁dévelop:0.0001;▁bekan:0.0001,▁kennis:0.0024;▁biologie:0.0015;▁ál:0.0008;▁dévelop:0.0007;rcu:0.0006
wow,interjection,2,0,1043,▁w,1104,avelength,layer_23,▁kennis,0.000247,31794,28738,24487,▁kennis,0.00237,17608,12579,11844,▁kennis:0.0002;▁biologie:0.0002;▁Fuß:0.0002;▁dévelop:0.0002;▁bekan:0.0002,▁kennis:0.0024;▁biologie:0.0012;▁ál:0.0007;▁dévelop:0.0006;▁spett:0.0005
wow,interjection,2,0,1043,▁w,1104,avelength,layer_25,▁kennis,0.000246,32091,27790,23862,▁kennis,0.002407,23086,10275,10358,▁kennis:0.0002;▁biologie:0.0002;▁Fuß:0.0002;▁dévelop:0.0002;▁bekan:0.0002,▁kennis:0.0024;▁biologie:0.0012;▁ál:0.0007;▁spett:0.0006;▁dévelop:0.0005
wow,interjection,2,0,1043,▁w,1104,avelength,layer_27,▁kennis,0.000217,31438,24757,22627,▁kennis,0.004033,15768,5095,8042,▁kennis:0.0002;▁biologie:0.0002;▁Fuß:0.0002;▁dévelop:0.0001;▁bekan:0.0001,▁kennis:0.0040;▁biologie:0.0020;▁ál:0.0008;▁spett:0.0008;Ż:0.0005
wow,interjection,2,0,1043,▁w,1104,avelength,layer_28,▁kennis,0.000165,31296,23157,19419,▁kennis,0.006252,17711,3914,4851,▁kennis:0.0002;▁biologie:0.0001;▁Fuß:0.0001;▁dévelop:0.0001;plaat:0.0001,▁kennis:0.0063;▁biologie:0.0031;▁spett:0.0009;▁ál:0.0007;▁uitgenodigd:0.0005
wow,interjection,2,0,1043,▁w,1104,avelength,layer_29,▁kennis,0.000107,15116,18184,15484,▁kennis,0.004456,130,784,1752,▁kennis:0.0001;▁biologie:0.0001;▁Fuß:0.0001;▁Мекси:0.0001;scriptstyle:0.0001,▁kennis:0.0045;▁biologie:0.0012;ład:0.0008;ł:0.0007;ashing:0.0007
wow,interjection,2,0,1043,▁w,1104,avelength,layer_31,▁kennis,0.000106,4052,13854,5297,▁w,0.003869,1,512,79,▁kennis:0.0001;▁bekan:0.0001;▁biologie:0.0001;▁Fuß:0.0001;▁Мекси:0.0001,▁w:0.0039;ary:0.0036;itches:0.0032;aging:0.0028;▁kennis:0.0027
wow,interjection,2,0,1043,▁w,1104,avelength,layer_32,▁,7.5e-05,64,23,3,avelength,0.042483,129,9,1,▁:0.0001;/:0.0001;avelength:0.0001;.:0.0001;-:0.0001,avelength:0.0425;ines:0.0400;onders:0.0255;ires:0.0204;ors:0.0170
wow,interjection,2,0,1043,▁w,1104,avelength,final_logits,avelength,0.042656,127,8,1,,,,,,avelength:0.0427;ines:0.0401;onders:0.0251;ires:0.0201;ors:0.0172,
wow,interjection,2,1,1104,ow,,",",emb,HA,3.1e-05,25511,,25434,HA,0.000587,25587,,28457,HA:0.0000;alg:0.0000;mac:0.0000;arth:0.0000;RED:0.0000,HA:0.0006;mac:0.0005;alg:0.0005;ensional:0.0004;arth:0.0004
wow,interjection,2,1,1104,ow,,",",layer_1,ٹ,3.1e-05,23056,,24196,liferay,0.004094,20055,,17253,ٹ:0.0000;liferay:0.0000;▁kennis:0.0000;:0.0000;▁Fuß:0.0000,liferay:0.0041;asz:0.0015;vano:0.0014;ania:0.0012;rok:0.0011
wow,interjection,2,1,1104,ow,,",",layer_2,▁dove,3.1e-05,2297,,2931,▁dove,0.004665,3338,,3233,▁dove:0.0000;▁ut:0.0000;ools:0.0000;▁Ronald:0.0000;uler:0.0000,▁dove:0.0047;▁Ronald:0.0018;uler:0.0017;▁ut:0.0015;ools:0.0014
wow,interjection,2,1,1104,ow,,",",layer_4,Ζ,3.1e-05,1195,,4917,▁dove,0.00189,516,,951,Ζ:0.0000;ٰ:0.0000;:0.0000;▁bekan:0.0000;Ρ:0.0000,▁dove:0.0019;▁bis:0.0018;cow:0.0016;▁rab:0.0013;▁COP:0.0012
wow,interjection,2,1,1104,ow,,",",layer_7,▁kennis,3.2e-05,10980,,10562,cop,0.003585,4694,,1723,▁kennis:0.0000;Ď:0.0000;plaat:0.0000;▁péri:0.0000;ٰ:0.0000,cop:0.0036;ped:0.0031;tc:0.0026;tm:0.0025;dog:0.0020
wow,interjection,2,1,1104,ow,,",",layer_11,MED,3.2e-05,29030,,568,MED,0.003041,28568,,219,MED:0.0000;ǀ:0.0000;upt:0.0000;▁[…]:0.0000;╔:0.0000,MED:0.0030;ped:0.0021;upt:0.0019;ít:0.0017;ing:0.0016
wow,interjection,2,1,1104,ow,,",",layer_14,▁[…],3.4e-05,29715,,402,!,0.0029,29350,,254,▁[…]:0.0000;­:0.0000;upt:0.0000;▁[...]:0.0000;‐:0.0000,!:0.0029;mount:0.0025;arde:0.0023;ing:0.0020;upt:0.0016
wow,interjection,2,1,1104,ow,,",",layer_18,▁Mär,3.7e-05,12892,,572,!,0.008943,5448,,45,▁Mär:0.0000;▁biologie:0.0000;▁[…]:0.0000;╔:0.0000;arde:0.0000,!:0.0089;arde:0.0063;▁js:0.0033;▁surprised:0.0023;..:0.0021
wow,interjection,2,1,1104,ow,,",",layer_21,▁Wow,4.8e-05,61,,59,▁Wow,0.412012,55,,60,▁Wow:0.0000;▁impressed:0.0000;!:0.0000;za:0.0000;▁factor:0.0000,▁Wow:0.4120;▁impressed:0.0284;!:0.0166;za:0.0085;▁amaz:0.0071
wow,interjection,2,1,1104,ow,,",",layer_23,▁factor,5.8e-05,25,,95,▁Wow,0.537409,20,,50,▁factor:0.0001;▁Wow:0.0001;factor:0.0000;▁impressed:0.0000;za:0.0000,▁Wow:0.5374;▁factor:0.2517;!:0.0109;factor:0.0092;▁impressed:0.0064
wow,interjection,2,1,1104,ow,,",",layer_25,▁factor,6.5e-05,50,,69,▁factor,0.561748,40,,31,▁factor:0.0001;factor:0.0001;!:0.0001;▁Wow:0.0001;za:0.0001,▁factor:0.5617;▁Wow:0.0837;!:0.0748;factor:0.0230;ee:0.0067
wow,interjection,2,1,1104,ow,,",",layer_27,▁factor,7.1e-05,44,,36,▁factor,0.495822,33,,12,▁factor:0.0001;!:0.0001;factor:0.0001;za:0.0001;▁Wow:0.0001,▁factor:0.4958;!:0.1576;▁Wow:0.0260;factor:0.0184;ee:0.0179
wow,interjection,2,1,1104,ow,,",",layer_28,▁factor,8.1e-05,18,,13,▁factor,0.586806,19,,6,▁factor:0.0001;!:0.0001;factor:0.0001;za:0.0001;▁Wow:0.0001,▁factor:0.5868;!:0.1147;▁Wow:0.0229;▁w:0.0211;factor:0.0184
wow,interjection,2,1,1104,ow,,",",layer_29,▁factor,8.9e-05,32,,6,▁factor,0.400942,26,,3,▁factor:0.0001;!:0.0001;za:0.0001;▁w:0.0001;factor:0.0001,"▁factor:0.4009;!:0.1844;,:0.0483;▁w:0.0415;▁them:0.0215"
wow,interjection,2,1,1104,ow,,",",layer_31,▁factor,0.000115,78,,3,",",0.183261,77,,1,"▁factor:0.0001;!:0.0001;,:0.0001;.:0.0001;▁them:0.0001",",:0.1833;!:0.1733;▁factor:0.0995;.:0.0815;▁w:0.0247"
wow,interjection,2,1,1104,ow,,",",layer_32,",",0.000201,116,,1,",",0.159741,81,,1,",:0.0002;.:0.0002;<0x0A>:0.0002;!:0.0002;▁the:0.0001",",:0.1597;.:0.1348;!:0.0746;▁factor:0.0495;▁the:0.0271"
wow,interjection,2,1,1104,ow,,",",final_logits,",",0.156243,80,,1,,,,,,",:0.1562;.:0.1379;!:0.0738;▁factor:0.0507;▁the:0.0272",
hmm,interjection,2,0,1063,▁h,3989,iking,emb,ily,3.1e-05,95,3925,6367,▁Wend,0.000704,127,4477,8510,ily:0.0000;▁Wend:0.0000;vard:0.0000;▁wed:0.0000;логи:0.0000,▁Wend:0.0007;ily:0.0006;логи:0.0006;▁wed:0.0006;vard:0.0006
hmm,interjection,2,0,1063,▁h,3989,iking,layer_1,ẩ,3.2e-05,28855,23256,11521,ẩ,0.055814,20605,17531,5809,ẩ:0.0000;ķ:0.0000;╔:0.0000;▁giornata:0.0000;plaat:0.0000,ẩ:0.0558;▁/******/:0.0124;▁giornata:0.0049;ász:0.0038;cembre:0.0034
hmm,interjection,2,0,1063,▁h,3989,iking,layer_2,▁kennis,0.000112,32324,28708,25372,▁kennis,0.000468,18143,19811,19729,▁kennis:0.0001;▁Fuß:0.0001;▁biologie:0.0001;▁bekan:0.0001;plaat:0.0001,▁kennis:0.0005;▁biologie:0.0004;▁Fuß:0.0003;Ż:0.0003;▁dévelop:0.0003
hmm,interjection,2,0,1063,▁h,3989,iking,layer_4,▁kennis,0.000112,32318,28535,25413,▁biologie,0.000474,18809,18587,20006,▁kennis:0.0001;▁Fuß:0.0001;▁biologie:0.0001;▁bekan:0.0001;plaat:0.0001,▁biologie:0.0005;▁kennis:0.0005;▁Fuß:0.0003;Ż:0.0003;▁péri:0.0003
hmm,interjection,2,0,1063,▁h,3989,iking,layer_7,▁kennis,0.000111,32278,28236,25205,▁biologie,0.00051,17131,16562,19101,▁kennis:0.0001;▁Fuß:0.0001;▁biologie:0.0001;▁bekan:0.0001;plaat:0.0001,▁biologie:0.0005;▁kennis:0.0005;Ż:0.0003;▁dévelop:0.0003;▁péri:0.0003
hmm,interjection,2,0,1063,▁h,3989,iking,layer_11,▁kennis,0.000102,32128,27441,24037,▁biologie,0.000775,12458,13660,14101,▁kennis:0.0001;▁biologie:0.0001;▁Fuß:0.0001;▁bekan:0.0001;plaat:0.0001,▁biologie:0.0008;▁kennis:0.0007;▁ál:0.0004;Ż:0.0004;▁péri:0.0003
hmm,interjection,2,0,1063,▁h,3989,iking,layer_14,▁kennis,9.3e-05,32065,27059,22968,▁kennis,0.00097,12029,12848,10955,▁kennis:0.0001;▁biologie:0.0001;▁Fuß:0.0001;▁bekan:0.0001;▁dévelop:0.0001,▁kennis:0.0010;▁biologie:0.0008;▁ál:0.0005;Ż:0.0004;▁dévelop:0.0004
hmm,interjection,2,0,1063,▁h,3989,iking,layer_18,▁kennis,6e-05,31390,25958,24007,▁biologie,0.000718,17724,12219,14530,▁kennis:0.0001;▁biologie:0.0001;▁Fuß:0.0001;▁dévelop:0.0001;plaat:0.0001,▁biologie:0.0007;rcu:0.0007;▁dévelop:0.0006;▁vé:0.0006;↔:0.0005
hmm,interjection,2,0,1063,▁h,3989,iking,layer_21,▁kennis,0.000164,31341,25098,19805,▁biologie,0.002003,19363,10236,5751,▁kennis:0.0002;▁biologie:0.0001;▁Fuß:0.0001;▁dévelop:0.0001;▁bekan:0.0001,▁biologie:0.0020;▁kennis:0.0017;▁ál:0.0010;rcu:0.0008;▁dévelop:0.0007
hmm,interjection,2,0,1063,▁h,3989,iking,layer_23,▁kennis,0.000222,30582,26325,19568,▁biologie,0.001833,13342,12111,5111,▁kennis:0.0002;▁biologie:0.0002;▁Fuß:0.0002;▁bekan:0.0002;▁dévelop:0.0002,▁biologie:0.0018;▁kennis:0.0016;▁ál:0.0008;rcu:0.0006;▁dévelop:0.0005
hmm,interjection,2,0,1063,▁h,3989,iking,layer_25,▁kennis,0.000219,31395,26140,17249,▁biologie,0.001729,20136,11881,3058,▁kennis:0.0002;▁biologie:0.0002;▁Fuß:0.0002;▁bekan:0.0002;plaat:0.0002,▁biologie:0.0017;▁kennis:0.0013;▁ál:0.0008;rcu:0.0006;▁spett:0.0006
hmm,interjection,2,0,1063,▁h,3989,iking,layer_27,▁kennis,0.000195,30773,23817,14169,▁biologie,0.002693,16156,7493,637,▁kennis:0.0002;▁biologie:0.0002;▁Fuß:0.0002;▁bekan:0.0001;plaat:0.0001,▁biologie:0.0027;▁kennis:0.0020;▁ál:0.0010;▁spett:0.0008;rcu:0.0008
hmm,interjection,2,0,1063,▁h,3989,iking,layer_28,▁kennis,0.000146,31290,21605,12364,▁biologie,0.004015,22867,5789,366,▁kennis:0.0001;▁biologie:0.0001;▁Fuß:0.0001;plaat:0.0001;▁dévelop:0.0001,▁biologie:0.0040;▁kennis:0.0022;dhd:0.0012;▁ál:0.0010;▁spett:0.0010
hmm,interjection,2,0,1063,▁h,3989,iking,layer_29,▁kennis,9.4e-05,17810,11041,7382,▁biologie,0.001469,1163,253,29,▁kennis:0.0001;▁biologie:0.0001;▁Fuß:0.0001;▁Мекси:0.0001;plaat:0.0001,▁biologie:0.0015;urt:0.0013;hh:0.0011;arness:0.0011;atted:0.0011
hmm,interjection,2,0,1063,▁h,3989,iking,layer_31,▁kennis,8.9e-05,7170,4321,2295,rs,0.011165,300,82,22,▁kennis:0.0001;▁bekan:0.0001;▁Мекси:0.0001;▁Fuß:0.0001;▁biologie:0.0001,rs:0.0112;acks:0.0079;amb:0.0054;unted:0.0048;awk:0.0047
hmm,interjection,2,0,1063,▁h,3989,iking,layer_32,",",8.9e-05,219,57,6,iking,0.030658,477,73,1,",:0.0001;-:0.0001;▁:0.0001;_:0.0001;.:0.0001",iking:0.0307;ike:0.0286;obby:0.0218;arness:0.0173;ype:0.0146
hmm,interjection,2,0,1063,▁h,3989,iking,final_logits,iking,0.030365,476,73,1,,,,,,iking:0.0304;ike:0.0285;obby:0.0215;arness:0.0173;ype:0.0148,
hmm,interjection,2,1,3989,mm,,m,emb,oa,3.1e-05,1294,,16275,oa,0.001928,1946,,19015,oa:0.0000;portal:0.0000;ody:0.0000;▁everywhere:0.0000;oge:0.0000,oa:0.0019;portal:0.0013;▁Aud:0.0007;▁everywhere:0.0006;ancel:0.0006
hmm,interjection,2,1,3989,mm,,m,layer_1,▁kennis,3.1e-05,15497,,31592,portal,0.003468,8477,,28369,▁kennis:0.0000;ٹ:0.0000;▁artikel:0.0000;ẩ:0.0000;▁dévelop:0.0000,portal:0.0035;obil:0.0025;okrat:0.0020;nik:0.0019;olen:0.0018
hmm,interjection,2,1,3989,mm,,m,layer_2,ennessee,3.1e-05,9838,,29794,ennessee,0.002391,9167,,28703,ennessee:0.0000;eston:0.0000;oa:0.0000;essages:0.0000;▁stag:0.0000,ennessee:0.0024;eston:0.0020;▁stag:0.0017;essages:0.0017;erset:0.0015
hmm,interjection,2,1,3989,mm,,m,layer_4,▁eerst,3.1e-05,16333,,19368,oa,0.00309,12230,,12641,▁eerst:0.0000;рак:0.0000;úblic:0.0000;oa:0.0000;YPE:0.0000,oa:0.0031;▁deep:0.0029;YPE:0.0020;alen:0.0019;рак:0.0019
hmm,interjection,2,1,3989,mm,,m,layer_7,,3.2e-05,2963,,25885,št,0.001808,475,,17104,:0.0000;▁kennis:0.0000;рак:0.0000;puis:0.0000;ľ:0.0000,št:0.0018;awi:0.0017;ican:0.0015;ер:0.0014;TAG:0.0012
hmm,interjection,2,1,3989,mm,,m,layer_11,Â,3.2e-05,2662,,14632,MED,0.00431,776,,7553,Â:0.0000;MED:0.0000;▁[…]:0.0000;рак:0.0000;kes:0.0000,MED:0.0043;oli:0.0020;▁Fine:0.0019;pipe:0.0015;omi:0.0014
hmm,interjection,2,1,3989,mm,,m,layer_14,▁[…],3.4e-05,733,,9459,~,0.00552,162,,5749,▁[…]:0.0000;~:0.0000;Â:0.0000;˚:0.0000;kes:0.0000,~:0.0055;▁yeah:0.0044;iah:0.0020;kem:0.0020;˚:0.0019
hmm,interjection,2,1,3989,mm,,m,layer_18,▁För,3.7e-05,300,,15592,..,0.005291,9,,5193,▁För:0.0000;мпи:0.0000;▁Мекси:0.0000;ٹ:0.0000;▁biologie:0.0000,..:0.0053;hausen:0.0031;….:0.0023;ington:0.0021;DEX:0.0021
hmm,interjection,2,1,3989,mm,,m,layer_21,mm,4.4e-05,1,,42,mm,0.064354,1,,16,mm:0.0000;eh:0.0000;..:0.0000;uh:0.0000;hm:0.0000,mm:0.0644;..:0.0311;uh:0.0236;▁yeah:0.0171;hm:0.0123
hmm,interjection,2,1,3989,mm,,m,layer_23,…,5.5e-05,5,,45,…,0.311675,4,,23,…:0.0001;..:0.0001;….:0.0001;...:0.0001;mm:0.0001,…:0.3117;..:0.2041;...:0.1160;mm:0.0789;….:0.0564
hmm,interjection,2,1,3989,mm,,m,layer_25,…,5.4e-05,2,,31,…,0.204427,2,,8,…:0.0001;mm:0.0001;..:0.0001;….:0.0001;...:0.0000,…:0.2044;mm:0.1346;..:0.1063;...:0.0797;….:0.0390
hmm,interjection,2,1,3989,mm,,m,layer_27,mm,6e-05,1,,20,mm,0.18262,1,,8,mm:0.0001;…:0.0001;….:0.0001;..:0.0001;▁biologie:0.0001,mm:0.1826;…:0.1771;..:0.1026;...:0.0473;….:0.0435
hmm,interjection,2,1,3989,mm,,m,layer_28,…,6.8e-05,2,,22,…,0.259659,2,,9,…:0.0001;mm:0.0001;..:0.0001;….:0.0001;...:0.0001,…:0.2597;mm:0.1642;..:0.1434;...:0.0932;….:0.0495
hmm,interjection,2,1,3989,mm,,m,layer_29,mm,8.8e-05,1,,5,mm,0.383857,1,,4,mm:0.0001;…:0.0001;..:0.0001;….:0.0001;m:0.0001,mm:0.3839;…:0.1465;..:0.0856;m:0.0780;...:0.0688
hmm,interjection,2,1,3989,mm,,m,layer_31,m,0.000227,2,,1,m,0.910444,2,,1,"m:0.0002;mm:0.0002;…:0.0001;...:0.0001;,:0.0001","m:0.9104;mm:0.0529;,:0.0071;…:0.0069;...:0.0056"
hmm,interjection,2,1,3989,mm,,m,layer_32,",",0.00035,6,,3,m,0.242612,4,,1,",:0.0004;.:0.0003;m:0.0003;<0x0A>:0.0003;...:0.0003","m:0.2426;,:0.1304;.:0.1245;mm:0.0785;...:0.0344"
hmm,interjection,2,1,3989,mm,,m,final_logits,m,0.242965,4,,1,,,,,,"m:0.2430;,:0.1300;.:0.1222;mm:0.0789;...:0.0350",
seven,number,1,0,7439,▁seven,,▁years,emb,ẩ,3.1e-05,8773,,7570,▁/******/,0.00078,8116,,8413,ẩ:0.0000;тив:0.0000;lv:0.0000;onden:0.0000;ueto:0.0000,▁/******/:0.0008;lv:0.0006;ẩ:0.0006;тив:0.0006;onden:0.0005
seven,number,1,0,7439,▁seven,,▁years,layer_1,ẩ,3.1e-05,25558,,22701,ẩ,0.062955,17853,,13741,ẩ:0.0000;▁biologie:0.0000;▁kennis:0.0000;▁giornata:0.0000;ķ:0.0000,ẩ:0.0630;▁/******/:0.0211;▁giornata:0.0063;cembre:0.0045;▁sugg:0.0039
seven,number,1,0,7439,▁seven,,▁years,layer_2,▁kennis,0.000117,28327,,32221,▁kennis,0.000454,22579,,22491,▁kennis:0.0001;▁Fuß:0.0001;▁biologie:0.0001;▁bekan:0.0001;plaat:0.0001,▁kennis:0.0005;▁biologie:0.0004;▁péri:0.0003;▁Fuß:0.0003;▁dévelop:0.0003
seven,number,1,0,7439,▁seven,,▁years,layer_4,▁kennis,0.000117,28199,,32207,▁biologie,0.000473,21287,,22389,▁kennis:0.0001;▁Fuß:0.0001;▁biologie:0.0001;▁bekan:0.0001;plaat:0.0001,▁biologie:0.0005;▁kennis:0.0005;▁péri:0.0003;▁Fuß:0.0003;▁dévelop:0.0003
seven,number,1,0,7439,▁seven,,▁years,layer_7,▁kennis,0.000117,28185,,32200,▁biologie,0.000502,20880,,23080,▁kennis:0.0001;▁Fuß:0.0001;▁biologie:0.0001;▁bekan:0.0001;plaat:0.0001,▁biologie:0.0005;▁kennis:0.0005;▁péri:0.0003;▁dévelop:0.0003;▁Fuß:0.0003
seven,number,1,0,7439,▁seven,,▁years,layer_11,▁kennis,0.000108,27273,,32074,▁biologie,0.000729,14028,,17719,▁kennis:0.0001;▁biologie:0.0001;▁Fuß:0.0001;▁bekan:0.0001;▁dévelop:0.0001,▁biologie:0.0007;▁kennis:0.0007;▁ál:0.0004;▁péri:0.0004;▁dévelop:0.0003
seven,number,1,0,7439,▁seven,,▁years,layer_14,▁kennis,0.0001,26990,,31999,▁kennis,0.000897,13294,,16776,▁kennis:0.0001;▁biologie:0.0001;▁Fuß:0.0001;▁bekan:0.0001;▁dévelop:0.0001,▁kennis:0.0009;▁biologie:0.0008;▁ál:0.0005;▁péri:0.0004;Ż:0.0004
seven,number,1,0,7439,▁seven,,▁years,layer_18,▁kennis,6.2e-05,20396,,28706,▁biologie,0.000787,1103,,4231,▁kennis:0.0001;▁biologie:0.0001;▁Fuß:0.0001;▁dévelop:0.0001;scriptstyle:0.0001,▁biologie:0.0008;▁ál:0.0007;▁dévelop:0.0005;rcu:0.0005;▁kennis:0.0005
seven,number,1,0,7439,▁seven,,▁years,layer_21,▁kennis,0.000188,17740,,25123,▁ál,0.002667,734,,1307,▁kennis:0.0002;▁biologie:0.0002;▁Fuß:0.0001;▁dévelop:0.0001;▁bekan:0.0001,▁ál:0.0027;▁biologie:0.0019;▁kennis:0.0015;▁dévelop:0.0011;teenth:0.0008
seven,number,1,0,7439,▁seven,,▁years,layer_23,▁kennis,0.000275,19436,,27757,▁ál,0.002401,1047,,2665,▁kennis:0.0003;▁biologie:0.0002;▁Fuß:0.0002;▁dévelop:0.0002;▁bekan:0.0002,▁ál:0.0024;▁biologie:0.0019;▁kennis:0.0014;▁dévelop:0.0009;teenth:0.0006
seven,number,1,0,7439,▁seven,,▁years,layer_25,▁kennis,0.000269,19128,,26994,▁ál,0.002219,837,,1861,▁kennis:0.0003;▁biologie:0.0002;▁Fuß:0.0002;▁dévelop:0.0002;▁bekan:0.0002,▁ál:0.0022;▁biologie:0.0018;▁kennis:0.0010;▁dévelop:0.0009;fold:0.0007
seven,number,1,0,7439,▁seven,,▁years,layer_27,▁kennis,0.00025,15471,,21991,▁ál,0.003032,173,,241,▁kennis:0.0002;▁biologie:0.0002;▁Fuß:0.0002;▁dévelop:0.0002;▁bekan:0.0002,▁ál:0.0030;▁biologie:0.0017;▁kennis:0.0013;teenth:0.0011;fold:0.0010
seven,number,1,0,7439,▁seven,,▁years,layer_28,▁kennis,0.000181,13395,,16526,▁ál,0.005118,102,,73,▁kennis:0.0002;▁biologie:0.0002;▁Fuß:0.0001;▁dévelop:0.0001;▁bekan:0.0001,▁ál:0.0051;fold:0.0029;▁biologie:0.0020;teenth:0.0016;-:0.0011
seven,number,1,0,7439,▁seven,,▁years,layer_29,▁kennis,0.000117,8377,,6751,fold,0.007033,18,,8,▁kennis:0.0001;▁biologie:0.0001;▁dévelop:0.0001;▁Fuß:0.0001;▁péri:0.0001,fold:0.0070;▁ál:0.0035;teenth:0.0032;-:0.0025;▁consecutive:0.0014
seven,number,1,0,7439,▁seven,,▁years,layer_31,▁biologie,6.3e-05,1537,,14,▁years,0.037847,168,,1,▁biologie:0.0001;▁ál:0.0001;Ṭ:0.0001;џ:0.0001;▁dévelop:0.0001,▁years:0.0378;▁months:0.0258;▁times:0.0174;▁days:0.0169;-:0.0155
seven,number,1,0,7439,▁seven,,▁years,layer_32,-,0.000129,634,,3,▁years,0.100224,289,,1,"-:0.0001;.:0.0001;▁years:0.0001;,:0.0001;▁of:0.0001",▁years:0.1002;-:0.0641;▁months:0.0352;▁of:0.0279;▁days:0.0228
seven,number,1,0,7439,▁seven,,▁years,final_logits,▁years,0.101426,288,,1,,,,,,▁years:0.1014;-:0.0655;▁months:0.0351;▁of:0.0273;▁days:0.0226,
42,number,3,0,29473,▁,29549,1,emb,elli,3.1e-05,29502,6163,4926,▁acknow,0.00036,30115,9705,9852,elli:0.0000;irt:0.0000;rix:0.0000;iple:0.0000;▁acknow:0.0000,▁acknow:0.0004;elli:0.0003;itle:0.0002;▁transferred:0.0002;irt:0.0002
42,number,3,0,29473,▁,29549,1,layer_1,ieux,3.5e-05,23284,19604,26997,ieux,0.005987,22694,21164,27876,ieux:0.0000;▁Giov:0.0000;yll:0.0000;ota:0.0000;efore:0.0000,ieux:0.0060;efore:0.0050;▁Giov:0.0046;yll:0.0043;ota:0.0040
42,number,3,0,29473,▁,29549,1,layer_2,▁kennis,0.794921,32761,31471,32308,▁kennis,0.000633,32746,23993,25228,▁kennis:0.7949;▁Fuß:0.0672;▁biologie:0.0555;▁bekan:0.0306;plaat:0.0120,▁kennis:0.0006;▁biologie:0.0005;▁dévelop:0.0004;▁besk:0.0003;▁artikel:0.0003
42,number,3,0,29473,▁,29549,1,layer_4,▁kennis,0.794711,32761,31471,32308,▁kennis,0.000633,32745,24018,25281,▁kennis:0.7947;▁Fuß:0.0673;▁biologie:0.0556;▁bekan:0.0307;plaat:0.0120,▁kennis:0.0006;▁biologie:0.0005;▁dévelop:0.0004;▁besk:0.0003;▁artikel:0.0003
42,number,3,0,29473,▁,29549,1,layer_7,▁kennis,0.793986,32761,31466,32305,▁kennis,0.000631,32745,23865,25238,▁kennis:0.7940;▁Fuß:0.0675;▁biologie:0.0558;▁bekan:0.0307;plaat:0.0121,▁kennis:0.0006;▁biologie:0.0005;▁dévelop:0.0004;▁besk:0.0003;▁artikel:0.0003
42,number,3,0,29473,▁,29549,1,layer_11,▁kennis,0.795157,32761,31453,32304,▁kennis,0.00064,32746,23477,25174,▁kennis:0.7952;▁Fuß:0.0668;▁biologie:0.0562;▁bekan:0.0302;plaat:0.0120,▁kennis:0.0006;▁biologie:0.0005;▁dévelop:0.0004;▁besk:0.0003;▁artikel:0.0003
42,number,3,0,29473,▁,29549,1,layer_14,▁kennis,0.797364,32761,31445,32306,▁kennis,0.000653,32746,23452,25369,▁kennis:0.7974;▁Fuß:0.0659;▁biologie:0.0560;▁bekan:0.0296;plaat:0.0119,▁kennis:0.0007;▁biologie:0.0005;▁dévelop:0.0004;▁besk:0.0003;▁artikel:0.0003
42,number,3,0,29473,▁,29549,1,layer_18,▁kennis,0.797332,32761,31439,32307,▁kennis,0.000656,32747,23383,25484,▁kennis:0.7973;▁Fuß:0.0661;▁biologie:0.0561;▁bekan:0.0293;plaat:0.0119,▁kennis:0.0007;▁biologie:0.0005;▁dévelop:0.0004;▁artikel:0.0004;▁besk:0.0004
42,number,3,0,29473,▁,29549,1,layer_21,▁kennis,0.813551,32760,31539,32330,▁kennis,0.0007,32751,26085,27578,▁kennis:0.8136;▁Fuß:0.0606;▁biologie:0.0543;▁bekan:0.0262;plaat:0.0110,▁kennis:0.0007;▁biologie:0.0006;▁besk:0.0004;▁artikel:0.0004;▁dévelop:0.0004
42,number,3,0,29473,▁,29549,1,layer_23,▁kennis,0.813382,32760,31540,32329,▁kennis,0.000701,32751,26017,27425,▁kennis:0.8134;▁Fuß:0.0605;▁biologie:0.0546;▁bekan:0.0263;plaat:0.0109,▁kennis:0.0007;▁biologie:0.0006;▁besk:0.0004;▁artikel:0.0004;▁dévelop:0.0004
42,number,3,0,29473,▁,29549,1,layer_25,▁kennis,0.812907,32760,31537,32325,▁kennis,0.000699,32751,25872,27247,▁kennis:0.8129;▁Fuß:0.0610;▁biologie:0.0545;▁bekan:0.0264;plaat:0.0109,▁kennis:0.0007;▁biologie:0.0006;▁besk:0.0004;▁artikel:0.0004;▁dévelop:0.0004
42,number,3,0,29473,▁,29549,1,layer_27,▁kennis,0.812393,32760,31535,32324,▁kennis,0.000694,32751,25722,27052,▁kennis:0.8124;▁Fuß:0.0614;▁biologie:0.0544;▁bekan:0.0264;plaat:0.0110,▁kennis:0.0007;▁biologie:0.0006;▁besk:0.0004;▁artikel:0.0004;▁dévelop:0.0004
42,number,3,0,29473,▁,29549,1,layer_28,▁kennis,0.811284,32760,31535,32326,▁kennis,0.000684,32751,25645,26932,▁kennis:0.8113;▁Fuß:0.0619;▁biologie:0.0546;▁bekan:0.0265;plaat:0.0112,▁kennis:0.0007;▁biologie:0.0006;▁artikel:0.0004;▁besk:0.0004;▁dévelop:0.0004
42,number,3,0,29473,▁,29549,1,layer_29,▁kennis,0.806009,32760,31515,32316,▁kennis,0.000673,32750,25263,26515,▁kennis:0.8060;▁Fuß:0.0629;▁biologie:0.0558;▁bekan:0.0275;plaat:0.0115,▁kennis:0.0007;▁biologie:0.0006;▁artikel:0.0004;▁besk:0.0004;▁dévelop:0.0003
42,number,3,0,29473,▁,29549,1,layer_31,▁kennis,0.327833,32761,32411,32635,▁bekan,0.000598,32759,32670,32743,▁kennis:0.3278;▁Fuß:0.1156;▁bekan:0.0749;▁biologie:0.0565;plaat:0.0449,▁bekan:0.0006;▁Fuß:0.0005;områ:0.0004;▁kennis:0.0004;▁dévelop:0.0004
42,number,3,0,29473,▁,29549,1,layer_32,1,9.5e-05,2712,5,1,1,0.260699,1069,4,1,1:0.0001;2:0.0001;3:0.0001;5:0.0001;4:0.0001,1:0.2607;2:0.2180;3:0.0769;4:0.0512;5:0.0481
42,number,3,0,29473,▁,29549,1,final_logits,1,0.263875,1069,4,1,,,,,,1:0.2639;2:0.2188;3:0.0756;4:0.0520;5:0.0473,
42,number,3,1,29549,4,29518,0,emb,▁stell,3.1e-05,19295,10101,5594,▁stell,0.000398,15316,6561,5371,▁stell:0.0000;widet:0.0000;och:0.0000;th:0.0000;▁kennis:0.0000,▁stell:0.0004;och:0.0004;essen:0.0003;gos:0.0003;porte:0.0003
42,number,3,1,29549,4,29518,0,layer_1,ḫ,3.1e-05,23515,27859,17997,ḫ,0.000949,22353,25926,16703,ḫ:0.0000;⋆:0.0000;丶:0.0000;▸:0.0000;▁Fuß:0.0000,ḫ:0.0009;uchar:0.0008;▁senior:0.0008;▁labeled:0.0008;IMP:0.0008
42,number,3,1,29549,4,29518,0,layer_2,ḫ,3.1e-05,6673,15036,7279,ḫ,0.001815,3610,8750,4401,ḫ:0.0000;▁fün:0.0000;▁Fuß:0.0000;▁febr:0.0000;ḍ:0.0000,ḫ:0.0018;▁febr:0.0017;elli:0.0017;uchar:0.0013;▁fün:0.0011
42,number,3,1,29549,4,29518,0,layer_4,▁Fuß,3.1e-05,10351,12061,7467,▁favour,0.004693,2626,2521,1337,▁Fuß:0.0000;ḫ:0.0000;scriptstyle:0.0000;▁fün:0.0000;▁kennis:0.0000,▁favour:0.0047;-:0.0028;▁cle:0.0025;▁positive:0.0019;th:0.0018
42,number,3,1,29549,4,29518,0,layer_7,scriptstyle,3.3e-05,18771,19961,19986,št,0.002314,3905,3284,5060,scriptstyle:0.0000;▁Fuß:0.0000;▁kennis:0.0000;▁biologie:0.0000;plaat:0.0000,št:0.0023;▁Rom:0.0015;xe:0.0015;▁sty:0.0014;▁Schedule:0.0011
42,number,3,1,29549,4,29518,0,layer_11,scriptstyle,3.4e-05,9999,15949,8566,▁febr,0.001905,494,1796,404,scriptstyle:0.0000;▁kennis:0.0000;▁péri:0.0000;▁biologie:0.0000;▁Fuß:0.0000,▁febr:0.0019;scriptstyle:0.0014;▁studying:0.0014;wor:0.0013;DM:0.0013
42,number,3,1,29549,4,29518,0,layer_14,scriptstyle,3.5e-05,3786,4368,2653,ana,0.002039,74,68,24,scriptstyle:0.0000;▁biologie:0.0000;Ď:0.0000;▁kennis:0.0000;▁Fuß:0.0000,ana:0.0020;iah:0.0017;-:0.0016;▁febr:0.0015;oro:0.0014
42,number,3,1,29549,4,29518,0,layer_18,Ζ,3.7e-05,1105,663,303,teenth,0.026859,8,4,2,Ζ:0.0000;▁Fuß:0.0000;scriptstyle:0.0000;▁Mär:0.0000;▁biologie:0.0000,teenth:0.0269;0:0.0068;.:0.0052;2:0.0046;th:0.0043
42,number,3,1,29549,4,29518,0,layer_21,▁biologie,4.3e-05,2659,3357,717,teenth,0.036352,21,20,4,▁biologie:0.0000;▁Fuß:0.0000;Ζ:0.0000;ٹ:0.0000;▁Mär:0.0000,teenth:0.0364;th:0.0134;chan:0.0059;0:0.0051;pm:0.0044
42,number,3,1,29549,4,29518,0,layer_23,▁biologie,5.3e-05,4522,6163,2715,teenth,0.032984,13,18,5,▁biologie:0.0001;▁Fuß:0.0001;ٹ:0.0000;▁kennis:0.0000;Ζ:0.0000,teenth:0.0330;th:0.0281;pm:0.0060;chan:0.0050;0:0.0044
42,number,3,1,29549,4,29518,0,layer_25,▁Fuß,5.7e-05,3959,6533,3611,teenth,0.016523,9,26,6,▁Fuß:0.0001;▁biologie:0.0001;▁kennis:0.0001;plaat:0.0001;Ζ:0.0001,teenth:0.0165;th:0.0135;chan:0.0054;pm:0.0042;▁weeks:0.0034
42,number,3,1,29549,4,29518,0,layer_27,▁Fuß,5.7e-05,2948,3632,898,th,0.027003,30,29,6,▁Fuß:0.0001;▁biologie:0.0001;▁bekan:0.0001;▁kennis:0.0001;Ζ:0.0001,th:0.0270;pm:0.0250;▁weeks:0.0181;▁months:0.0108;.:0.0101
42,number,3,1,29549,4,29518,0,layer_28,▁Fuß,5.4e-05,1812,1729,239,th,0.05184,33,22,4,▁Fuß:0.0001;▁biologie:0.0001;▁bekan:0.0001;▁mús:0.0001;▁señ:0.0001,th:0.0518;pm:0.0297;▁weeks:0.0201;0:0.0188;.:0.0147
42,number,3,1,29549,4,29518,0,layer_29,th,5.5e-05,81,67,6,th,0.130566,23,16,2,th:0.0001;chan:0.0001;pm:0.0000;8:0.0000;▁weeks:0.0000,th:0.1306;0:0.0501;8:0.0447;.:0.0351;::0.0263
42,number,3,1,29549,4,29518,0,layer_31,th,9e-05,10,11,3,0,0.08594,11,8,1,th:0.0001;8:0.0001;0:0.0001;5:0.0001;9:0.0001,0:0.0859;8:0.0748;5:0.0711;.:0.0645;th:0.0585
42,number,3,1,29549,4,29518,0,layer_32,.,0.000168,13,7,2,0,0.151339,11,4,1,".:0.0002;0:0.0002;,:0.0002;5:0.0001;::0.0001","0:0.1513;.:0.1024;5:0.0565;2:0.0461;,:0.0457"
42,number,3,1,29549,4,29518,0,final_logits,0,0.152026,10,4,1,,,,,,"0:0.1520;.:0.1045;5:0.0559;2:0.0464;,:0.0464",
42,number,3,2,29518,2,,0,emb,plaat,3.1e-05,28369,,2930,ERCHANT,0.000432,26625,,3568,plaat:0.0000;ERCHANT:0.0000;▁Mär:0.0000;typen:0.0000;־:0.0000,ERCHANT:0.0004;typen:0.0004;▁Mär:0.0004;cken:0.0003;hado:0.0003
42,number,3,2,29518,2,,0,layer_1,▁kennis,3.1e-05,30017,,13915,nd,0.001046,25189,,7375,▁kennis:0.0000;▁artikel:0.0000;־:0.0000;▁biologie:0.0000;ugno:0.0000,nd:0.0010;quier:0.0010;▁dici:0.0010;▁kennis:0.0008;▁pocket:0.0008
42,number,3,2,29518,2,,0,layer_2,▁kennis,3.1e-05,23113,,1680,▁febr,0.00169,15504,,1045,▁kennis:0.0000;nd:0.0000;▁lingu:0.0000;쪽:0.0000;′:0.0000,▁febr:0.0017;nd:0.0014;▁pocket:0.0014;▁lingu:0.0012;▁loaded:0.0011
42,number,3,2,29518,2,,0,layer_4,Ṭ,3.1e-05,12564,,3469,otto,0.002368,5608,,2476,Ṭ:0.0000;ʰ:0.0000;ŋ:0.0000;rå:0.0000;쪽:0.0000,otto:0.0024;orum:0.0021;▁species:0.0018;▁consecutive:0.0013;▁superior:0.0013
42,number,3,2,29518,2,,0,layer_7,▁kennis,3.2e-05,18566,,5395,sty,0.003834,8008,,1520,▁kennis:0.0000;▁mús:0.0000;<0xF3>:0.0000;scriptstyle:0.0000;ḫ:0.0000,sty:0.0038;ede:0.0027;shit:0.0021;jev:0.0016;runner:0.0013
42,number,3,2,29518,2,,0,layer_11,▁kennis,3.3e-05,7781,,987,sty,0.001693,1385,,56,▁kennis:0.0000;▁bekan:0.0000;iveau:0.0000;äck:0.0000;▁mús:0.0000,sty:0.0017;вня:0.0014;yo:0.0013;▁Sohn:0.0012;hole:0.0012
42,number,3,2,29518,2,,0,layer_14,▁biologie,3.4e-05,10517,,314,kem,0.002288,2408,,13,▁biologie:0.0000;iveau:0.0000;<0xF3>:0.0000;Ζ:0.0000;▁kennis:0.0000,kem:0.0023;⁄:0.0022;▁febr:0.0020;kov:0.0020;<0xF3>:0.0018
42,number,3,2,29518,2,,0,layer_18,Ζ,3.6e-05,3000,,65,nd,0.015371,130,,3,Ζ:0.0000;Ī:0.0000;nd:0.0000;LIED:0.0000;げ:0.0000,nd:0.0154;LIED:0.0077;0:0.0050;⁄:0.0048;schen:0.0039
42,number,3,2,29518,2,,0,layer_21,Ζ,4.1e-05,7638,,206,nd,0.017486,485,,4,Ζ:0.0000;▁biologie:0.0000;рио:0.0000;LIED:0.0000;nd:0.0000,nd:0.0175;LIED:0.0064;⁄:0.0040;0:0.0037;▁anos:0.0035
42,number,3,2,29518,2,,0,layer_23,▁biologie,5.1e-05,10340,,1657,nd,0.023067,135,,4,▁biologie:0.0001;Ζ:0.0000;▁kennis:0.0000;쪽:0.0000;ٹ:0.0000,nd:0.0231;▁percent:0.0110;%:0.0049;0:0.0048;LIED:0.0043
42,number,3,2,29518,2,,0,layer_25,▁biologie,5.5e-05,11159,,2663,▁percent,0.014607,133,,9,▁biologie:0.0001;Ζ:0.0001;▁kennis:0.0001;▁Fuß:0.0001;plaat:0.0001,▁percent:0.0146;nd:0.0144;%:0.0089;LIED:0.0044;▁years:0.0043
42,number,3,2,29518,2,,0,layer_27,▁kennis,5.8e-05,5986,,1385,%,0.037337,80,,9,▁kennis:0.0001;▁biologie:0.0001;▁bekan:0.0001;Ζ:0.0001;▁Mär:0.0001,%:0.0373;▁percent:0.0258;nd:0.0133;▁years:0.0114;▁minutes:0.0109
42,number,3,2,29518,2,,0,layer_28,▁kennis,5.5e-05,3151,,487,%,0.053462,42,,7,▁kennis:0.0001;▁bekan:0.0001;쪽:0.0001;▁biologie:0.0001;Ζ:0.0001,%:0.0535;▁percent:0.0417;▁years:0.0128;°:0.0127;nd:0.0124
42,number,3,2,29518,2,,0,layer_29,nd,5.9e-05,501,,17,nd,0.108505,32,,5,nd:0.0001;▁percent:0.0001;%:0.0001;°:0.0001;쪽:0.0001,nd:0.1085;▁percent:0.0742;%:0.0699;▁years:0.0267;0:0.0234
42,number,3,2,29518,2,,0,layer_31,nd,0.000103,20,,5,%,0.101169,17,,6,nd:0.0001;%:0.0001;▁percent:0.0001;5:0.0001;0:0.0001,%:0.1012;▁percent:0.0951;nd:0.0732;5:0.0454;.:0.0336
42,number,3,2,29518,2,,0,layer_32,.,0.000193,9,,3,0,0.086108,6,,1,".:0.0002;,:0.0002;0:0.0002;-:0.0002;5:0.0002","0:0.0861;,:0.0844;.:0.0825;5:0.0461;-:0.0432"
42,number,3,2,29518,2,,0,final_logits,0,0.088161,6,,1,,,,,,"0:0.0882;.:0.0828;,:0.0828;5:0.0457;-:0.0430",
3.14,number,5,0,29473,▁,29538,1,emb,elli,3.1e-05,29502,10341,4926,▁acknow,0.00036,30115,14827,9852,elli:0.0000;irt:0.0000;rix:0.0000;iple:0.0000;▁acknow:0.0000,▁acknow:0.0004;elli:0.0003;itle:0.0002;▁transferred:0.0002;irt:0.0002
3.14,number,5,0,29473,▁,29538,1,layer_1,ieux,3.5e-05,23284,25743,26997,ieux,0.005987,22694,26840,27876,ieux:0.0000;▁Giov:0.0000;yll:0.0000;ota:0.0000;efore:0.0000,ieux:0.0060;efore:0.0050;▁Giov:0.0046;yll:0.0043;ota:0.0040
3.14,number,5,0,29473,▁,29538,1,layer_2,▁kennis,0.794921,32761,31664,32308,▁kennis,0.000633,32746,24334,25228,▁kennis:0.7949;▁Fuß:0.0672;▁biologie:0.0555;▁bekan:0.0306;plaat:0.0120,▁kennis:0.0006;▁biologie:0.0005;▁dévelop:0.0004;▁besk:0.0003;▁artikel:0.0003
3.14,number,5,0,29473,▁,29538,1,layer_4,▁kennis,0.794711,32761,31663,32308,▁kennis,0.000633,32745,24355,25281,▁kennis:0.7947;▁Fuß:0.0673;▁biologie:0.0556;▁bekan:0.0307;plaat:0.0120,▁kennis:0.0006;▁biologie:0.0005;▁dévelop:0.0004;▁besk:0.0003;▁artikel:0.0003
3.14,number,5,0,29473,▁,29538,1,layer_7,▁kennis,0.793986,32761,31661,32305,▁kennis,0.000631,32745,24259,25238,▁kennis:0.7940;▁Fuß:0.0675;▁biologie:0.0558;▁bekan:0.0307;plaat:0.0121,▁kennis:0.0006;▁biologie:0.0005;▁dévelop:0.0004;▁besk:0.0003;▁artikel:0.0003
3.14,number,5,0,29473,▁,29538,1,layer_11,▁kennis,0.795157,32761,31651,32304,▁kennis,0.00064,32746,24042,25174,▁kennis:0.7952;▁Fuß:0.0668;▁biologie:0.0562;▁bekan:0.0302;plaat:0.0120,▁kennis:0.0006;▁biologie:0.0005;▁dévelop:0.0004;▁besk:0.0003;▁artikel:0.0003
3.14,number,5,0,29473,▁,29538,1,layer_14,▁kennis,0.797364,32761,31647,32306,▁kennis,0.000653,32746,23980,25369,▁kennis:0.7974;▁Fuß:0.0659;▁biologie:0.0560;▁bekan:0.0296;plaat:0.0119,▁kennis:0.0007;▁biologie:0.0005;▁dévelop:0.0004;▁besk:0.0003;▁artikel:0.0003
3.14,number,5,0,29473,▁,29538,1,layer_18,▁kennis,0.797332,32761,31638,32307,▁kennis,0.000656,32747,23875,25484,▁kennis:0.7973;▁Fuß:0.0661;▁biologie:0.0561;▁bekan:0.0293;plaat:0.0119,▁kennis:0.0007;▁biologie:0.0005;▁dévelop:0.0004;▁artikel:0.0004;▁besk:0.0004
3.14,number,5,0,29473,▁,29538,1,layer_21,▁kennis,0.813551,32760,31719,32330,▁kennis,0.0007,32751,26454,27578,▁kennis:0.8136;▁Fuß:0.0606;▁biologie:0.0543;▁bekan:0.0262;plaat:0.0110,▁kennis:0.0007;▁biologie:0.0006;▁besk:0.0004;▁artikel:0.0004;▁dévelop:0.0004
3.14,number,5,0,29473,▁,29538,1,layer_23,▁kennis,0.813382,32760,31714,32329,▁kennis,0.000701,32751,26319,27425,▁kennis:0.8134;▁Fuß:0.0605;▁biologie:0.0546;▁bekan:0.0263;plaat:0.0109,▁kennis:0.0007;▁biologie:0.0006;▁besk:0.0004;▁artikel:0.0004;▁dévelop:0.0004
3.14,number,5,0,29473,▁,29538,1,layer_25,▁kennis,0.812907,32760,31710,32325,▁kennis,0.000699,32751,26168,27247,▁kennis:0.8129;▁Fuß:0.0610;▁biologie:0.0545;▁bekan:0.0264;plaat:0.0109,▁kennis:0.0007;▁biologie:0.0006;▁besk:0.0004;▁artikel:0.0004;▁dévelop:0.0004
3.14,number,5,0,29473,▁,29538,1,layer_27,▁kennis,0.812393,32760,31704,32324,▁kennis,0.000694,32751,25988,27052,▁kennis:0.8124;▁Fuß:0.0614;▁biologie:0.0544;▁bekan:0.0264;plaat:0.0110,▁kennis:0.0007;▁biologie:0.0006;▁besk:0.0004;▁artikel:0.0004;▁dévelop:0.0004
3.14,number,5,0,29473,▁,29538,1,layer_28,▁kennis,0.811284,32760,31707,32326,▁kennis,0.000684,32751,25931,26932,▁kennis:0.8113;▁Fuß:0.0619;▁biologie:0.0546;▁bekan:0.0265;plaat:0.0112,▁kennis:0.0007;▁biologie:0.0006;▁artikel:0.0004;▁besk:0.0004;▁dévelop:0.0004
3.14,number,5,0,29473,▁,29538,1,layer_29,▁kennis,0.806009,32760,31693,32316,▁kennis,0.000673,32750,25486,26515,▁kennis:0.8060;▁Fuß:0.0629;▁biologie:0.0558;▁bekan:0.0275;plaat:0.0115,▁kennis:0.0007;▁biologie:0.0006;▁artikel:0.0004;▁besk:0.0004;▁dévelop:0.0003
3.14,number,5,0,29473,▁,29538,1,layer_31,▁kennis,0.327833,32761,32460,32635,▁bekan,0.000598,32759,32697,32743,▁kennis:0.3278;▁Fuß:0.1156;▁bekan:0.0749;▁biologie:0.0565;plaat:0.0449,▁bekan:0.0006;▁Fuß:0.0005;områ:0.0004;▁kennis:0.0004;▁dévelop:0.0004
3.14,number,5,0,29473,▁,29538,1,layer_32,1,9.5e-05,2712,3,1,1,0.260699,1069,3,1,1:0.0001;2:0.0001;3:0.0001;5:0.0001;4:0.0001,1:0.2607;2:0.2180;3:0.0769;4:0.0512;5:0.0481
3.14,number,5,0,29473,▁,29538,1,final_logits,1,0.263875,1069,3,1,,,,,,1:0.2639;2:0.2188;3:0.0756;4:0.0520;5:0.0473,
3.14,number,5,1,29538,3,29491,0,emb,rd,3.1e-05,25031,15954,1082,rd,0.000401,22614,11488,1103,rd:0.0000;vé:0.0000;cken:0.0000;лази:0.0000;乎:0.0000,rd:0.0004;vé:0.0004;ряд:0.0003;cken:0.0003;▁mus:0.0003
3.14,number,5,1,29538,3,29491,0,layer_1,ḫ,3.1e-05,31404,23381,14136,uchar,0.001152,31140,20257,13766,ḫ:0.0000;ﬂ:0.0000;▁unusual:0.0000;atta:0.0000;▁fün:0.0000,uchar:0.0012;▁unusual:0.0011;ees:0.0011;eli:0.0009;Decimal:0.0009
3.14,number,5,1,29538,3,29491,0,layer_2,ḫ,3.1e-05,25630,6355,6525,▁pair,0.00181,21920,2559,4383,ḫ:0.0000;▁fün:0.0000;▁Fuß:0.0000;ḍ:0.0000;ṯ:0.0000,▁pair:0.0018;▁fün:0.0014;▁cle:0.0013;ḫ:0.0013;uchar:0.0012
3.14,number,5,1,29538,3,29491,0,layer_4,▁Fuß,3.1e-05,21657,11312,7479,-,0.003041,10102,1220,1374,▁Fuß:0.0000;ḫ:0.0000;▁fün:0.0000;scriptstyle:0.0000;ṯ:0.0000,-:0.0030;▁cle:0.0026;▁favour:0.0025;▁positive:0.0020;▁purch:0.0015
3.14,number,5,1,29538,3,29491,0,layer_7,▁Fuß,3.3e-05,17372,16539,19014,流,0.002086,2315,411,4642,▁Fuß:0.0000;scriptstyle:0.0000;▁kennis:0.0000;områ:0.0000;ḫ:0.0000,流:0.0021;xe:0.0016;rier:0.0014;▁sty:0.0013;št:0.0013
3.14,number,5,1,29538,3,29491,0,layer_11,scriptstyle,3.4e-05,16366,7841,8642,▁studying,0.001383,2245,36,409,scriptstyle:0.0000;▁Fuß:0.0000;▁kennis:0.0000;▁péri:0.0000;▁biologie:0.0000,▁studying:0.0014;▁Frances:0.0014;-:0.0013;scriptstyle:0.0012;DM:0.0010
3.14,number,5,1,29538,3,29491,0,layer_14,scriptstyle,3.5e-05,7265,4177,3290,iah,0.002576,427,26,42,scriptstyle:0.0000;Ď:0.0000;▁Fuß:0.0000;▁biologie:0.0000;Ζ:0.0000,iah:0.0026;ana:0.0017;-:0.0013;▁·:0.0012;Ď:0.0011
3.14,number,5,1,29538,3,29491,0,layer_18,▁Mär,3.8e-05,2541,1190,584,rd,0.057217,15,3,2,▁Mär:0.0000;▁Fuß:0.0000;Ζ:0.0000;scriptstyle:0.0000;▁biologie:0.0000,rd:0.0572;0:0.0050;.:0.0038;2:0.0026;teenth:0.0024
3.14,number,5,1,29538,3,29491,0,layer_21,▁Fuß,4.4e-05,4786,8676,1153,rd,0.158394,31,59,2,▁Fuß:0.0000;▁biologie:0.0000;▁Mär:0.0000;▁ál:0.0000;Ζ:0.0000,rd:0.1584;0:0.0051;pm:0.0026;▁dimensional:0.0024;teenth:0.0019
3.14,number,5,1,29538,3,29491,0,layer_23,▁Fuß,5.5e-05,6470,11292,3463,rd,0.160608,19,27,2,▁Fuß:0.0001;▁biologie:0.0001;▁Mär:0.0001;▁ál:0.0001;▁kennis:0.0001,rd:0.1606;0:0.0037;▁dimensional:0.0029;pm:0.0021;▁ál:0.0021
3.14,number,5,1,29538,3,29491,0,layer_25,▁Fuß,5.9e-05,5453,7592,3906,rd,0.091613,9,7,3,▁Fuß:0.0001;▁biologie:0.0001;plaat:0.0001;▁kennis:0.0001;▁Mär:0.0001,rd:0.0916;▁dimensional:0.0033;0:0.0031;▁months:0.0025;▁weeks:0.0024
3.14,number,5,1,29538,3,29491,0,layer_27,▁Fuß,6e-05,3688,2677,1157,rd,0.11804,23,6,4,▁Fuß:0.0001;▁ál:0.0001;▁kennis:0.0001;plaat:0.0001;▁biologie:0.0001,rd:0.1180;▁months:0.0124;▁weeks:0.0112;0:0.0105;pm:0.0089
3.14,number,5,1,29538,3,29491,0,layer_28,▁Fuß,5.6e-05,1945,1017,266,rd,0.077341,21,4,2,▁Fuß:0.0001;▁ál:0.0001;▁mús:0.0001;plaat:0.0001;▁Personen:0.0001,rd:0.0773;0:0.0272;▁months:0.0197;.:0.0144;▁weeks:0.0143
3.14,number,5,1,29538,3,29491,0,layer_29,rd,7e-05,244,25,2,rd,0.570945,22,3,2,rd:0.0001;0:0.0001;▁months:0.0000;▁mús:0.0000;▁weeks:0.0000,rd:0.5709;0:0.0479;.:0.0161;▁months:0.0127;6:0.0091
3.14,number,5,1,29538,3,29491,0,layer_31,rd,0.000101,14,6,2,0,0.125252,11,3,1,rd:0.0001;0:0.0001;D:0.0001;6:0.0001;5:0.0001,0:0.1253;rd:0.1251;.:0.0507;6:0.0505;::0.0447
3.14,number,5,1,29538,3,29491,0,layer_32,0,0.000168,11,2,1,0,0.197867,8,2,1,"0:0.0002;.:0.0002;,:0.0002;1:0.0001;5:0.0001",0:0.1979;.:0.0850;1:0.0557;5:0.0482;2:0.0467
3.14,number,5,1,29538,3,29491,0,final_logits,0,0.201063,8,2,1,,,,,,0:0.2011;.:0.0838;1:0.0541;2:0.0478;5:0.0478,
3.14,number,5,2,29491,.,29508,1,emb,ná,3.1e-05,32567,18911,18911,ná,0.000251,32524,23928,23928,ná:0.0000;uerte:0.0000;íl:0.0000;сс:0.0000;avy:0.0000,ná:0.0003;сс:0.0002;uerte:0.0002;avy:0.0002;vy:0.0002
3.14,number,5,2,29491,.,29508,1,layer_1,־,3.1e-05,32613,21705,21705,▁acknow,0.001905,32281,21115,21115,־:0.0000;▁Росси:0.0000;builtin:0.0000;ugno:0.0000;ʹ:0.0000,▁acknow:0.0019;▁planted:0.0008;ток:0.0007;▁Championship:0.0007;▁laug:0.0007
3.14,number,5,2,29491,.,29508,1,layer_2,â,3.1e-05,31788,18930,18930,▁planted,0.00201,30252,14459,14459,â:0.0000;ugno:0.0000;▁â:0.0000;▁Росси:0.0000;Â:0.0000,▁planted:0.0020;ugno:0.0014;ток:0.0012;▁dove:0.0012;beck:0.0012
3.14,number,5,2,29491,.,29508,1,layer_4,rå,3.1e-05,31075,13097,13097,ток,0.002339,26940,5174,5174,rå:0.0000;־:0.0000;▁préc:0.0000;▁kennis:0.0000;раз:0.0000,ток:0.0023;å:0.0018;ilis:0.0017;borough:0.0014;rå:0.0013
3.14,number,5,2,29491,.,29508,1,layer_7,ศ,3.2e-05,19976,11581,11581,etta,0.001666,4198,1586,1586,ศ:0.0000;scriptstyle:0.0000;plaat:0.0000;־:0.0000;▁Namen:0.0000,etta:0.0017;wort:0.0016;ts:0.0016;↑:0.0012;hre:0.0011
3.14,number,5,2,29491,.,29508,1,layer_11,plaat,3.2e-05,16771,4896,4896,cé,0.002428,7552,1088,1088,plaat:0.0000;ศ:0.0000;klass:0.0000;dern:0.0000;hund:0.0000,cé:0.0024;dern:0.0021;MED:0.0018;oro:0.0018;etta:0.0016
3.14,number,5,2,29491,.,29508,1,layer_14,кла,3.3e-05,15404,1108,1108,cé,0.00264,11135,312,312,кла:0.0000;hund:0.0000;ʹ:0.0000;˚:0.0000;oro:0.0000,cé:0.0026;oro:0.0025;ª:0.0023;odi:0.0018;kl:0.0015
3.14,number,5,2,29491,.,29508,1,layer_18,ª,3.6e-05,27899,2424,2424,ª,0.020881,19793,132,132,ª:0.0000;ศ:0.0000;▁ál:0.0000;▁Mär:0.0000;ʹ:0.0000,ª:0.0209;amazonaws:0.0018;5:0.0018;º:0.0017;át:0.0016
3.14,number,5,2,29491,.,29508,1,layer_21,▁ál,4.1e-05,32471,7882,7882,ª,0.009103,28576,162,162,▁ál:0.0000;▁Mär:0.0000;plaat:0.0000;▁biologie:0.0000;ศ:0.0000,ª:0.0091;rd:0.0073;amazonaws:0.0065;jpg:0.0046;▁conclude:0.0039
3.14,number,5,2,29491,.,29508,1,layer_23,plaat,5e-05,32677,10435,10435,rd,0.009033,28199,53,53,plaat:0.0000;▁biologie:0.0000;▁Mär:0.0000;▁kennis:0.0000;▁ál:0.0000,rd:0.0090;ª:0.0053;amazonaws:0.0049;jpg:0.0034;▁ál:0.0033
3.14,number,5,2,29491,.,29508,1,layer_25,plaat,5.8e-05,32738,11149,11149,jpg,0.010117,29488,47,47,plaat:0.0001;▁biologie:0.0001;▁kennis:0.0001;▁Мекси:0.0001;▁Mär:0.0001,jpg:0.0101;ª:0.0063;rd:0.0057;amazonaws:0.0028;▁miejsce:0.0023
3.14,number,5,2,29491,.,29508,1,layer_27,plaat,6.4e-05,32723,3250,3250,jpg,0.015092,27674,5,5,plaat:0.0001;▁Мекси:0.0001;▁biologie:0.0001;▁kennis:0.0001;▁ál:0.0001,jpg:0.0151;5:0.0086;ª:0.0073;rd:0.0049;1:0.0043
3.14,number,5,2,29491,.,29508,1,layer_28,plaat,6.3e-05,32762,1349,1349,5,0.019834,31756,4,4,plaat:0.0001;▁ál:0.0001;▁Мекси:0.0001;▁biologie:0.0001;▁kennis:0.0001,5:0.0198;jpg:0.0197;3:0.0087;1:0.0082;4:0.0071
3.14,number,5,2,29491,.,29508,1,layer_29,plaat,6e-05,32764,180,180,5,0.031138,32065,6,6,plaat:0.0001;ª:0.0001;▁ál:0.0001;▁miejsce:0.0001;▁Fußball:0.0000,5:0.0311;jpg:0.0302;3:0.0132;4:0.0120;ª:0.0116
3.14,number,5,2,29491,.,29508,1,layer_31,5,9.3e-05,8875,5,5,5,0.204827,4060,2,2,5:0.0001;3:0.0001;4:0.0001;2:0.0001;1:0.0001,5:0.2048;1:0.1329;3:0.1304;2:0.1156;4:0.0955
3.14,number,5,2,29491,.,29508,1,layer_32,1,0.00024,2778,1,1,1,0.13055,5221,1,1,1:0.0002;0:0.0002;<0x0A>:0.0002;5:0.0002;2:0.0002,1:0.1305;5:0.1000;2:0.0960;0:0.0921;3:0.0840
3.14,number,5,2,29491,.,29508,1,final_logits,1,0.129033,5207,1,1,,,,,,1:0.1290;5:0.1005;2:0.0944;0:0.0944;3:0.0833,
3.14,number,5,3,29508,1,29549,.,emb,▁/******/,3.1e-05,30728,19945,20764,▁/******/,0.00111,29767,21510,19026,▁/******/:0.0000;werken:0.0000;mero:0.0000;▁Mé:0.0000;▁Unidos:0.0000,▁/******/:0.0011;mero:0.0003;ueto:0.0003;▁Unidos:0.0003;werken:0.0003
3.14,number,5,3,29508,1,29549,.,layer_1,־,3.1e-05,28318,23226,22696,▁gift,0.001317,24377,17997,13279,־:0.0000;netdev:0.0000;úblic:0.0000;ẩ:0.0000;:0.0000,▁gift:0.0013;Describe:0.0007;▁freely:0.0007;▁feared:0.0007;esen:0.0007
3.14,number,5,3,29508,1,29549,.,layer_2,,3.1e-05,15887,20898,15575,▁ARISING,0.001365,8239,14339,8032,:0.0000;ẩ:0.0000;품:0.0000;oux:0.0000;:0.0000,▁ARISING:0.0014;illes:0.0012;inger:0.0011;▁/******/:0.0011;ří:0.0010
3.14,number,5,3,29508,1,29549,.,layer_4,rl,3.1e-05,5238,7186,16333,mill,0.002197,3078,5134,12591,rl:0.0000;кор:0.0000;ITS:0.0000;mill:0.0000;▁million:0.0000,mill:0.0022;igos:0.0018;atis:0.0015;▁millions:0.0015;▁ABC:0.0014
3.14,number,5,3,29508,1,29549,.,layer_7,ẩ,3.2e-05,9611,10005,11240,eme,0.005228,2751,3542,2754,ẩ:0.0000;親:0.0000;ří:0.0000;▁hö:0.0000;ٹ:0.0000,eme:0.0052;ří:0.0032;ẩ:0.0026;ish:0.0020;▁Community:0.0018
3.14,number,5,3,29508,1,29549,.,layer_11,″,3.2e-05,6449,2162,5163,LOT,0.002394,2552,793,2371,″:0.0000;親:0.0000;ří:0.0000;stract:0.0000;▲:0.0000,LOT:0.0024;appa:0.0018;cí:0.0018;illes:0.0018;ří:0.0017
3.14,number,5,3,29508,1,29549,.,layer_14,nitt,3.4e-05,10352,1803,15130,nitt,0.019738,5442,707,11715,nitt:0.0000;″:0.0000;Â:0.0000;′:0.0000;öd:0.0000,nitt:0.0197;ouw:0.0027;öd:0.0018;▁pkt:0.0016;ivo:0.0014
3.14,number,5,3,29508,1,29549,.,layer_18,▁organis,3.5e-05,4554,468,12012,5,0.003081,622,37,4236,▁organis:0.0000;nitt:0.0000;pez:0.0000;▁pkt:0.0000;cq:0.0000,5:0.0031;0:0.0027;pez:0.0026;▁organis:0.0022;▁Deutsch:0.0021
3.14,number,5,3,29508,1,29549,.,layer_21,jal,3.8e-05,2986,134,10236,jal,0.0056,734,34,6404,jal:0.0000;▁million:0.0000;▁billion:0.0000;▁magnitude:0.0000;▁Phill:0.0000,jal:0.0056;▁million:0.0040;▁billion:0.0037;5:0.0029;▁magnitude:0.0028
3.14,number,5,3,29508,1,29549,.,layer_23,▁magnitude,4.2e-05,1683,129,3547,▁magnitude,0.020513,111,8,392,▁magnitude:0.0000;節:0.0000;jel:0.0000;▁biologie:0.0000;◄:0.0000,▁magnitude:0.0205;▁earthqu:0.0041;▁million:0.0031;5:0.0025;▁billion:0.0023
3.14,number,5,3,29508,1,29549,.,layer_25,▁magnitude,4.3e-05,2778,425,1626,▁magnitude,0.020042,107,15,44,▁magnitude:0.0000;plaat:0.0000;節:0.0000;▁Phill:0.0000;▁ingår:0.0000,▁magnitude:0.0200;▁Introduction:0.0040;▁Phill:0.0030;▁earthqu:0.0027;▁million:0.0027
3.14,number,5,3,29508,1,29549,.,layer_27,plaat,4.5e-05,1318,102,198,▁million,0.016872,43,8,11,plaat:0.0000;▁million:0.0000;▁magnitude:0.0000;▁ingår:0.0000;%:0.0000,▁million:0.0169;%:0.0157;▁magnitude:0.0106;%.:0.0073;▁billion:0.0072
3.14,number,5,3,29508,1,29549,.,layer_28,▁million,5.3e-05,305,19,47,▁million,0.164272,31,6,13,▁million:0.0001;▁billion:0.0000;▁magnitude:0.0000;%:0.0000;mill:0.0000,▁million:0.1643;▁billion:0.0446;%:0.0196;▁magnitude:0.0134;mill:0.0119
3.14,number,5,3,29508,1,29549,.,layer_29,▁million,5.8e-05,26,5,25,▁million,0.118003,10,3,15,▁million:0.0001;▁billion:0.0001;0:0.0001;▁magnitude:0.0001;4:0.0001,▁million:0.1180;0:0.0584;4:0.0520;▁billion:0.0454;2:0.0364
3.14,number,5,3,29508,1,29549,.,layer_31,.,9.3e-05,14,4,1,.,0.262319,8,2,1,.:0.0001;▁million:0.0001;%:0.0001;4:0.0001;0:0.0001,.:0.2623;4:0.0493;2:0.0422;0:0.0396;5:0.0390
3.14,number,5,3,29508,1,29549,.,layer_32,.,0.000193,5,8,1,.,0.17084,3,6,1,".:0.0002;,:0.0002;0:0.0002;<0x0A>:0.0002;1:0.0002",.:0.1708;0:0.0809;1:0.0518;2:0.0479;5:0.0403
3.14,number,5,3,29508,1,29549,.,final_logits,.,0.172571,3,6,1,,,,,,.:0.1726;0:0.0815;1:0.0526;2:0.0464;5:0.0410,
3.14,number,5,4,29549,4,,1,emb,▁stell,3.1e-05,19295,,19711,▁stell,0.000398,15316,,13669,▁stell:0.0000;widet:0.0000;och:0.0000;th:0.0000;▁kennis:0.0000,▁stell:0.0004;och:0.0004;essen:0.0003;gos:0.0003;porte:0.0003
3.14,number,5,4,29549,4,,1,layer_1,▁kennis,3.1e-05,25370,,14976,▁kennis,0.000726,18417,,4911,▁kennis:0.0000;־:0.0000;:0.0000;▁ná:0.0000;Ζ:0.0000,▁kennis:0.0007;▁plus:0.0007;▁frozen:0.0007;th:0.0006;▁pros:0.0006
3.14,number,5,4,29549,4,,1,layer_2,▁kennis,3.1e-05,13184,,3904,▁suck,0.00178,9546,,2200,▁kennis:0.0000;agna:0.0000;▁suck:0.0000;▁crop:0.0000;<0x9F>:0.0000,▁suck:0.0018;agna:0.0015;▁plus:0.0013;▁retire:0.0013;▁field:0.0012
3.14,number,5,4,29549,4,,1,layer_4,▁bump,3.1e-05,9021,,1743,▁firm,0.002047,9706,,1826,▁bump:0.0000;ouw:0.0000;pv:0.0000;▁firm:0.0000;itsch:0.0000,▁firm:0.0020;ouw:0.0018;▁equ:0.0016;pv:0.0016;itsch:0.0014
3.14,number,5,4,29549,4,,1,layer_7,olas,3.2e-05,818,,2552,<0x9C>,0.003278,468,,1804,olas:0.0000;▁Newton:0.0000;<0x9C>:0.0000;itan:0.0000;tain:0.0000,<0x9C>:0.0033;mers:0.0024;▁Newton:0.0023;olas:0.0023;eli:0.0020
3.14,number,5,4,29549,4,,1,layer_11,ools,3.3e-05,671,,612,ools,0.00454,367,,308,ools:0.0000;▁kennis:0.0000;nick:0.0000;▁kn:0.0000;MED:0.0000,ools:0.0045;nick:0.0024;▁kennis:0.0023;▁kn:0.0021;▁Ho:0.0017
3.14,number,5,4,29549,4,,1,layer_14,unfinished,3.3e-05,912,,685,ools,0.001964,394,,275,unfinished:0.0000;▁kennis:0.0000;ools:0.0000;↵:0.0000;olas:0.0000,ools:0.0020;unfinished:0.0018;ahan:0.0018;▁Hall:0.0015;nic:0.0012
3.14,number,5,4,29549,4,,1,layer_18,0,3.5e-05,436,,980,0,0.006745,71,,229,0:0.0000;″:0.0000;рович:0.0000;↵:0.0000;▁Marcatori:0.0000,0:0.0067;pm:0.0019;″:0.0014;▁holidays:0.0014;nm:0.0013
3.14,number,5,4,29549,4,,1,layer_21,pis,3.8e-05,1143,,7399,pis,0.004865,127,,1095,pis:0.0000;Љ:0.0000;ху:0.0000;attan:0.0000;рович:0.0000,pis:0.0049;serve:0.0039;▁decimal:0.0037;attan:0.0035;ху:0.0023
3.14,number,5,4,29549,4,,1,layer_23,plaat,4.2e-05,1581,,6102,pis,0.007024,27,,157,plaat:0.0000;↵:0.0000;▁biologie:0.0000;Љ:0.0000;ٹ:0.0000,pis:0.0070;▁decimal:0.0039;▁radius:0.0024;isf:0.0024;▁окру:0.0023
3.14,number,5,4,29549,4,,1,layer_25,↵,4.5e-05,2906,,2057,pis,0.014888,47,,9,↵:0.0000;ژ:0.0000;pis:0.0000;Љ:0.0000;plaat:0.0000,pis:0.0149;▁radius:0.0043;▁times:0.0026;ژ:0.0021;▁окру:0.0019
3.14,number,5,4,29549,4,,1,layer_27,pis,4.8e-05,1843,,407,pis,0.025338,35,,4,pis:0.0000;ژ:0.0000;↵:0.0000;plaat:0.0000;▁spett:0.0000,pis:0.0253;pi:0.0127;▁times:0.0085;1:0.0080;▁pi:0.0072
3.14,number,5,4,29549,4,,1,layer_28,pis,4.8e-05,627,,4,1,0.110427,21,,1,pis:0.0000;↵:0.0000;ژ:0.0000;1:0.0000;▁times:0.0000,1:0.1104;▁times:0.0223;2:0.0144;pis:0.0101;pi:0.0079
3.14,number,5,4,29549,4,,1,layer_29,1,5.6e-05,66,,1,1,0.512833,8,,1,1:0.0001;▁times:0.0000;pis:0.0000;↑:0.0000;9:0.0000,1:0.5128;2:0.0198;▁times:0.0131;9:0.0119;3:0.0044
3.14,number,5,4,29549,4,,1,layer_31,1,9.1e-05,26,,1,1,0.602978,13,,1,1:0.0001;▁times:0.0001;2:0.0001;):0.0001;).:0.0001,1:0.6030;2:0.0340;▁times:0.0157;9:0.0127;3:0.0119
3.14,number,5,4,29549,4,,1,layer_32,1,0.000183,20,,1,1,0.312702,16,,1,"1:0.0002;.:0.0002;,:0.0002;<0x0A>:0.0002;):0.0001","1:0.3127;.:0.0556;,:0.0479;):0.0401;2:0.0353"
3.14,number,5,4,29549,4,,1,final_logits,1,0.316498,16,,1,,,,,,"1:0.3165;.:0.0550;,:0.0485;):0.0402;2:0.0355",
serendipity,multi_token_by_design,4,0,1969,▁ser,1184,um,emb,▁adm,3.1e-05,9,3528,10528,▁adm,0.001469,7,4418,12450,▁adm:0.0000;oyal:0.0000;▁Fra:0.0000;cq:0.0000;▁sol:0.0000,▁adm:0.0015;oyal:0.0007;cq:0.0006;▁Fra:0.0006;▁sol:0.0006
serendipity,multi_token_by_design,4,0,1969,▁ser,1184,um,layer_1,ẩ,3.1e-05,23617,11732,17914,▁/******/,0.093225,14881,2836,8695,ẩ:0.0000;ķ:0.0000;▁biologie:0.0000;▁giornata:0.0000;▁kennis:0.0000,▁/******/:0.0932;ẩ:0.0245;okrat:0.0050;cembre:0.0034;▁giornata:0.0033
serendipity,multi_token_by_design,4,0,1969,▁ser,1184,um,layer_2,▁kennis,0.00012,26318,32200,31719,▁kennis,0.000464,12126,29307,11466,▁kennis:0.0001;▁Fuß:0.0001;▁biologie:0.0001;▁bekan:0.0001;plaat:0.0001,▁kennis:0.0005;▁biologie:0.0004;Ż:0.0003;▁Fuß:0.0003;▁péri:0.0003
serendipity,multi_token_by_design,4,0,1969,▁ser,1184,um,layer_4,▁kennis,0.00012,26363,32212,31717,▁kennis,0.000465,12359,29794,11664,▁kennis:0.0001;▁Fuß:0.0001;▁biologie:0.0001;▁bekan:0.0001;plaat:0.0001,▁kennis:0.0005;▁biologie:0.0004;Ż:0.0003;▁Fuß:0.0003;▁péri:0.0003
serendipity,multi_token_by_design,4,0,1969,▁ser,1184,um,layer_7,▁kennis,0.00012,26033,32233,31613,▁kennis,0.00047,11163,30401,10313,▁kennis:0.0001;▁Fuß:0.0001;▁biologie:0.0001;▁bekan:0.0001;plaat:0.0001,▁kennis:0.0005;▁biologie:0.0005;Ż:0.0003;▁péri:0.0003;▁dévelop:0.0003
serendipity,multi_token_by_design,4,0,1969,▁ser,1184,um,layer_11,▁kennis,0.00011,24664,32300,31219,▁biologie,0.000694,6808,29806,6790,▁kennis:0.0001;▁biologie:0.0001;▁Fuß:0.0001;▁bekan:0.0001;plaat:0.0001,▁biologie:0.0007;▁kennis:0.0007;▁ál:0.0004;Ż:0.0004;▁péri:0.0003
serendipity,multi_token_by_design,4,0,1969,▁ser,1184,um,layer_14,▁kennis,0.0001,23431,32312,30892,▁kennis,0.00097,4907,30006,6276,▁kennis:0.0001;▁biologie:0.0001;▁Fuß:0.0001;▁bekan:0.0001;plaat:0.0001,▁kennis:0.0010;▁biologie:0.0007;▁ál:0.0005;Ż:0.0004;▁dévelop:0.0003
serendipity,multi_token_by_design,4,0,1969,▁ser,1184,um,layer_18,▁kennis,6e-05,25030,32294,31761,▁ál,0.000619,13584,27326,17551,▁kennis:0.0001;▁biologie:0.0001;▁Fuß:0.0001;▁dévelop:0.0001;scriptstyle:0.0001,▁ál:0.0006;Ż:0.0005;↔:0.0005;▁lanç:0.0005;▁vé:0.0004
serendipity,multi_token_by_design,4,0,1969,▁ser,1184,um,layer_21,▁kennis,0.00017,12117,31586,28607,Ż,0.000826,86,19999,4994,▁kennis:0.0002;▁biologie:0.0001;▁Fuß:0.0001;▁dévelop:0.0001;plaat:0.0001,Ż:0.0008;▁biologie:0.0008;▁ál:0.0007;▁kennis:0.0007;rcu:0.0006
serendipity,multi_token_by_design,4,0,1969,▁ser,1184,um,layer_23,▁kennis,0.000237,13722,30979,28166,Ż,0.000785,180,14860,2957,▁kennis:0.0002;▁biologie:0.0002;▁Fuß:0.0002;▁dévelop:0.0002;plaat:0.0002,Ż:0.0008;▁biologie:0.0006;▁kennis:0.0006;▁ál:0.0005;rcu:0.0004
serendipity,multi_token_by_design,4,0,1969,▁ser,1184,um,layer_25,▁kennis,0.000224,9955,29978,26245,Ż,0.000758,8,10203,1397,▁kennis:0.0002;▁biologie:0.0002;▁Fuß:0.0002;▁dévelop:0.0002;▁bekan:0.0002,Ż:0.0008;▁biologie:0.0005;rcu:0.0005;▁kennis:0.0004;▁ál:0.0004
serendipity,multi_token_by_design,4,0,1969,▁ser,1184,um,layer_27,▁kennis,0.000188,9425,29019,24140,Ż,0.000914,4,7895,790,▁kennis:0.0002;▁biologie:0.0002;▁Fuß:0.0002;plaat:0.0001;▁bekan:0.0001,Ż:0.0009;▁biologie:0.0007;▁ál:0.0005;▁ser:0.0004;▁série:0.0004
serendipity,multi_token_by_design,4,0,1969,▁ser,1184,um,layer_28,▁kennis,0.000138,7439,27517,20912,▁ser,0.001032,1,4939,424,▁kennis:0.0001;▁biologie:0.0001;▁Fuß:0.0001;plaat:0.0001;scriptstyle:0.0001,▁ser:0.0010;▁biologie:0.0008;Ż:0.0007;▁sera:0.0006;ser:0.0006
serendipity,multi_token_by_design,4,0,1969,▁ser,1184,um,layer_29,▁biologie,8.5e-05,3638,19825,14378,▁ser,0.004225,1,641,106,▁biologie:0.0001;▁kennis:0.0001;▁Fuß:0.0001;▁Мекси:0.0001;scriptstyle:0.0001,▁ser:0.0042;aph:0.0017;ser:0.0014;u:0.0014;▁sera:0.0012
serendipity,multi_token_by_design,4,0,1969,▁ser,1184,um,layer_31,▁biologie,7.7e-05,5139,3212,1545,en,0.040745,143,6,2,▁biologie:0.0001;scriptstyle:0.0001;▁kennis:0.0001;▁Мекси:0.0001;Ż:0.0001,en:0.0407;um:0.0139;ialize:0.0067;p:0.0057;ia:0.0044
serendipity,multi_token_by_design,4,0,1969,▁ser,1184,um,layer_32,um,6.3e-05,146,14,1,um,0.251742,177,12,1,um:0.0001;ialize:0.0001;oton:0.0001;pent:0.0001;en:0.0001,um:0.2517;oton:0.0781;ialize:0.0755;en:0.0434;pent:0.0371
serendipity,multi_token_by_design,4,0,1969,▁ser,1184,um,final_logits,um,0.250633,175,12,1,,,,,,um:0.2506;oton:0.0764;ialize:0.0764;en:0.0436;pent:0.0361,
serendipity,multi_token_by_design,4,1,1184,end,1276,ip,emb,<0x9F>,3.1e-05,3454,22591,22591,<0x9F>,0.000524,2707,22165,22165,<0x9F>:0.0000;bag:0.0000;ular:0.0000;ding:0.0000;kar:0.0000,<0x9F>:0.0005;bag:0.0004;ular:0.0004;ding:0.0004;uvud:0.0003
serendipity,multi_token_by_design,4,1,1184,end,1276,ip,layer_1,▁kennis,3.1e-05,14650,30559,30559,▁/******/,0.004718,6441,29318,29318,▁kennis:0.0000;▁Fuß:0.0000;▁diffé:0.0000;־:0.0000;ٹ:0.0000,▁/******/:0.0047;▁geldig:0.0023;▁formats:0.0017;▁kennis:0.0013;oya:0.0011
serendipity,multi_token_by_design,4,1,1184,end,1276,ip,layer_2,▁/******/,3.1e-05,3073,21452,21452,▁голо,0.003339,2574,19568,19568,▁/******/:0.0000;oder:0.0000;▁голо:0.0000;▁El:0.0000;rei:0.0000,▁голо:0.0033;oder:0.0032;▁El:0.0023;rei:0.0018;▁mind:0.0015
serendipity,multi_token_by_design,4,1,1184,end,1276,ip,layer_4,➤,3.1e-05,17725,24280,24280,arius,0.00195,14467,21057,21057,➤:0.0000;ろ:0.0000;▁poz:0.0000;:0.0000;ষ:0.0000,arius:0.0019;▁bonus:0.0018;▁No:0.0017;▁&:0.0017;ั:0.0017
serendipity,multi_token_by_design,4,1,1184,end,1276,ip,layer_7,ŭ,3.2e-05,31713,24390,24390,fte,0.003102,30481,18886,18886,ŭ:0.0000;ٹ:0.0000;Θ:0.0000;▁kennis:0.0000;▁Мекси:0.0000,fte:0.0031;▁Hills:0.0025;atta:0.0020;▁Tai:0.0017;fu:0.0016
serendipity,multi_token_by_design,4,1,1184,end,1276,ip,layer_11,Ť,3.3e-05,27251,22365,22365,▁Dum,0.002822,23051,14669,14669,Ť:0.0000;scriptstyle:0.0000;▸:0.0000;ٹ:0.0000;▁kennis:0.0000,▁Dum:0.0028;erei:0.0026;etta:0.0024;▁сп:0.0021;dai:0.0020
serendipity,multi_token_by_design,4,1,1184,end,1276,ip,layer_14,­,3.4e-05,26893,18529,18529,­,0.003772,22089,8937,8937,­:0.0000;▁péri:0.0000;▸:0.0000;Ť:0.0000;▁Мекси:0.0000,­:0.0038;dai:0.0027;etta:0.0017;hu:0.0016;▁Rosa:0.0016
serendipity,multi_token_by_design,4,1,1184,end,1276,ip,layer_18,₄,3.8e-05,24657,18788,18788,dai,0.002921,10115,5998,5998,₄:0.0000;områ:0.0000;₃:0.0000;־:0.0000;▁dévelop:0.0000,dai:0.0029;₄:0.0027;i:0.0023;₃:0.0021;rum:0.0018
serendipity,multi_token_by_design,4,1,1184,end,1276,ip,layer_21,VICE,4.2e-05,955,35,35,▁ser,0.034112,554,16,16,VICE:0.0000;▁ser:0.0000;ra:0.0000;ice:0.0000;▁/******/:0.0000,▁ser:0.0341;ra:0.0155;VICE:0.0147;▁Ser:0.0065;ice:0.0044
serendipity,multi_token_by_design,4,1,1184,end,1276,ip,layer_23,▁coinc,4.7e-05,2733,6,6,▁coinc,0.062078,1481,6,6,▁coinc:0.0000;▁ser:0.0000;VICE:0.0000;ra:0.0000;▁Ser:0.0000,▁coinc:0.0621;▁ser:0.0404;ra:0.0196;VICE:0.0175;▁Ser:0.0082
serendipity,multi_token_by_design,4,1,1184,end,1276,ip,layer_25,▁ser,5.4e-05,5352,7,7,▁ser,0.379887,2673,4,4,▁ser:0.0001;▁Ser:0.0000;ra:0.0000;Ser:0.0000;VICE:0.0000,▁ser:0.3799;▁Ser:0.0332;ra:0.0081;ip:0.0071;Ser:0.0062
serendipity,multi_token_by_design,4,1,1184,end,1276,ip,layer_27,▁ser,6.2e-05,3030,2,2,▁ser,0.588373,1384,2,2,▁ser:0.0001;ip:0.0001;▁Ser:0.0001;irect:0.0001;Ser:0.0000,▁ser:0.5884;ip:0.0396;▁Ser:0.0231;ade:0.0099;Ser:0.0078
serendipity,multi_token_by_design,4,1,1184,end,1276,ip,layer_28,▁ser,7.8e-05,1626,2,2,▁ser,0.940593,629,2,2,▁ser:0.0001;ip:0.0001;▁Ser:0.0001;▁sera:0.0001;Ser:0.0001,▁ser:0.9406;ip:0.0133;▁Ser:0.0069;▁sera:0.0025;Ser:0.0020
serendipity,multi_token_by_design,4,1,1184,end,1276,ip,layer_29,ip,0.000106,202,1,1,ip,0.986077,107,1,1,ip:0.0001;▁IP:0.0001;▁ip:0.0001;▁ser:0.0001;Ip:0.0001,ip:0.9861;▁ip:0.0026;▁ser:0.0025;▁IP:0.0018;IP:0.0014
serendipity,multi_token_by_design,4,1,1184,end,1276,ip,layer_31,ip,0.000128,30,1,1,ip,0.98838,21,1,1,ip:0.0001;ipt:0.0001;▁ser:0.0001;ib:0.0001;ipper:0.0001,ip:0.9884;ipt:0.0015;▁ser:0.0013;ib:0.0012;ity:0.0006
serendipity,multi_token_by_design,4,1,1184,end,1276,ip,layer_32,ip,0.000172,21,1,1,ip,0.973718,13,1,1,ip:0.0002;ipt:0.0001;i:0.0001;ib:0.0001;ity:0.0001,ip:0.9737;ipt:0.0060;ib:0.0050;ity:0.0020;ipper:0.0018
serendipity,multi_token_by_design,4,1,1184,end,1276,ip,final_logits,ip,0.972288,12,1,1,,,,,,ip:0.9723;ipt:0.0062;ib:0.0054;ity:0.0021;ipper:0.0019,
serendipity,multi_token_by_design,4,2,1276,ip,1240,ity,emb,ete,3.1e-05,6888,12690,12690,ete,0.000853,8685,12245,12245,ete:0.0000;▁luck:0.0000;̄:0.0000;ENOMEM:0.0000;fur:0.0000,ete:0.0009;▁PROVIDED:0.0005;▁luck:0.0005;▁WARRAN:0.0004;ENOMEM:0.0004
serendipity,multi_token_by_design,4,2,1276,ip,1240,ity,layer_1,▁kennis,3.1e-05,17450,9891,9891,itals,0.001906,9346,1630,1630,▁kennis:0.0000;ٹ:0.0000;områ:0.0000;лази:0.0000;puis:0.0000,itals:0.0019;▁barrel:0.0014;士:0.0014;▁nail:0.0012;kreis:0.0009
serendipity,multi_token_by_design,4,2,1276,ip,1240,ity,layer_2,▁поло,3.1e-05,8353,22798,22798,‹,0.00229,7760,21979,21979,▁поло:0.0000;‹:0.0000;itals:0.0000;rl:0.0000;▁голо:0.0000,‹:0.0023;itals:0.0022;▁favor:0.0017;▁Mid:0.0016;▁поло:0.0016
serendipity,multi_token_by_design,4,2,1276,ip,1240,ity,layer_4,▁poz,3.1e-05,13194,3706,3706,▁ser,0.002272,11541,4167,4167,▁poz:0.0000;aba:0.0000;Cluster:0.0000;BB:0.0000;▁stranger:0.0000,▁ser:0.0023;▁Half:0.0022;BB:0.0020;aba:0.0019;▁rep:0.0018
serendipity,multi_token_by_design,4,2,1276,ip,1240,ity,layer_7,察,3.2e-05,25389,973,973,▁coinc,0.005858,21929,274,274,察:0.0000;Factor:0.0000;▁coinc:0.0000;▁poz:0.0000;äck:0.0000,▁coinc:0.0059;Factor:0.0039;▁accidents:0.0039;▁discovery:0.0035;▁discover:0.0030
serendipity,multi_token_by_design,4,2,1276,ip,1240,ity,layer_11,дри,3.3e-05,19692,35,35,▁discovery,0.004394,15397,3,3,дри:0.0000;äck:0.0000;▁discovery:0.0000;ʰ:0.0000;▁Kön:0.0000,▁discovery:0.0044;▁discover:0.0030;ity:0.0020;▁coinc:0.0018;nia:0.0016
serendipity,multi_token_by_design,4,2,1276,ip,1240,ity,layer_14,äck,3.4e-05,14437,76,76,astr,0.003354,8204,6,6,äck:0.0000;▁kennis:0.0000;дри:0.0000;丶:0.0000;ษ:0.0000,astr:0.0034;▁discovery:0.0033;▁coinc:0.0032;kem:0.0027;ously:0.0021
serendipity,multi_token_by_design,4,2,1276,ip,1240,ity,layer_18,äck,3.7e-05,9904,1349,1349,▁discovery,0.020921,2189,124,124,äck:0.0000;ٹ:0.0000;▁discovery:0.0000;ʰ:0.0000;▁Mär:0.0000,▁discovery:0.0209;ously:0.0081;▁accidentally:0.0045;▁accident:0.0042;▁discover:0.0041
serendipity,multi_token_by_design,4,2,1276,ip,1240,ity,layer_21,▁coinc,4.7e-05,3062,39,39,▁coinc,0.235373,1256,33,33,▁coinc:0.0000;▁accident:0.0000;▁accidents:0.0000;▁accidentally:0.0000;▁happen:0.0000,▁coinc:0.2354;▁accident:0.1187;▁happen:0.0575;▁accidents:0.0504;▁accidentally:0.0364
serendipity,multi_token_by_design,4,2,1276,ip,1240,ity,layer_23,ously,5e-05,417,2,2,ity,0.146753,168,1,1,ously:0.0001;ity:0.0001;▁coinc:0.0000;▁discovery:0.0000;▁accidents:0.0000,ity:0.1468;ously:0.1330;▁coinc:0.0845;▁discovery:0.0465;ically:0.0381
serendipity,multi_token_by_design,4,2,1276,ip,1240,ity,layer_25,ity,5.7e-05,726,1,1,ity,0.493033,199,1,1,ity:0.0001;ously:0.0001;▁discovery:0.0000;istically:0.0000;▁accident:0.0000,ity:0.4930;ously:0.0453;▁discovery:0.0224;istically:0.0212;ically:0.0172
serendipity,multi_token_by_design,4,2,1276,ip,1240,ity,layer_27,ously,7.7e-05,66,3,3,ously,0.576968,41,3,3,ously:0.0001;iously:0.0001;ity:0.0001;ious:0.0001;ous:0.0001,ously:0.5770;iously:0.1508;ity:0.0629;ious:0.0509;ous:0.0471
serendipity,multi_token_by_design,4,2,1276,ip,1240,ity,layer_28,ity,9.4e-05,188,1,1,ity,0.877168,100,1,1,ity:0.0001;iously:0.0001;ously:0.0001;it:0.0001;ious:0.0001,ity:0.8772;iously:0.0395;it:0.0302;ously:0.0184;ious:0.0072
serendipity,multi_token_by_design,4,2,1276,ip,1240,ity,layer_29,ity,0.000139,104,1,1,ity,0.966213,80,1,1,ity:0.0001;it:0.0001;iously:0.0001;ities:0.0001;ously:0.0001,ity:0.9662;it:0.0298;iously:0.0015;ities:0.0008;ously:0.0004
serendipity,multi_token_by_design,4,2,1276,ip,1240,ity,layer_31,ity,0.000316,43,1,1,ity,0.617197,43,1,1,ity:0.0003;it:0.0003;ities:0.0002;iously:0.0001;ously:0.0001,ity:0.6172;it:0.3821;ities:0.0006;id:0.0000;iously:0.0000
serendipity,multi_token_by_design,4,2,1276,ip,1240,ity,layer_32,it,0.00097,106,2,2,ity,0.545972,62,1,1,"it:0.0010;ity:0.0009;ities:0.0005;id:0.0004;,:0.0004",ity:0.5460;it:0.4256;ities:0.0113;id:0.0036;iously:0.0010
serendipity,multi_token_by_design,4,2,1276,ip,1240,ity,final_logits,ity,0.546353,62,1,1,,,,,,ity:0.5464;it:0.4255;ities:0.0113;id:0.0035;iously:0.0011,
serendipity,multi_token_by_design,4,3,1240,ity,,.,emb,omin,3.1e-05,28477,,27913,omin,0.001015,24857,,25382,omin:0.0000;ulin:0.0000;nez:0.0000;uga:0.0000;▁Bren:0.0000,omin:0.0010;nez:0.0009;ulin:0.0008;▁Bren:0.0005;anza:0.0004
serendipity,multi_token_by_design,4,3,1240,ity,,.,layer_1,▁kennis,3.1e-05,25284,,29533,▁/******/,0.019261,16296,,16399,▁kennis:0.0000;ٹ:0.0000;ẩ:0.0000;▁péri:0.0000;▁slä:0.0000,▁/******/:0.0193;ẩ:0.0038;▁kennis:0.0031;rez:0.0021;ześ:0.0021
serendipity,multi_token_by_design,4,3,1240,ity,,.,layer_2,rl,3.1e-05,30401,,26267,rl,0.001736,30189,,21079,rl:0.0000;urn:0.0000;▁kennis:0.0000;RL:0.0000;ẩ:0.0000,rl:0.0017;RL:0.0017;oles:0.0016;atel:0.0014;urn:0.0014
serendipity,multi_token_by_design,4,3,1240,ity,,.,layer_4,scriptstyle,3.1e-05,19168,,7110,dex,0.003263,17117,,1311,scriptstyle:0.0000;▁Насе:0.0000;lv:0.0000;▁slä:0.0000;▁kennis:0.0000,dex:0.0033;lv:0.0030;aba:0.0020;▁random:0.0020;PACK:0.0018
serendipity,multi_token_by_design,4,3,1240,ity,,.,layer_7,▁coinc,3.2e-05,9800,,5681,▁coinc,0.038229,5375,,873,▁coinc:0.0000;ǐ:0.0000;▁kennis:0.0000;fy:0.0000;╔:0.0000,▁coinc:0.0382;▁fate:0.0040;▁accidents:0.0029;fy:0.0026;▁rh:0.0025
serendipity,multi_token_by_design,4,3,1240,ity,,.,layer_11,▁coinc,3.3e-05,1772,,346,▁coinc,0.018673,630,,59,▁coinc:0.0000;▁kennis:0.0000;fy:0.0000;ously:0.0000;kö:0.0000,▁coinc:0.0187;ously:0.0027;fy:0.0016;▁happen:0.0015;▁Luck:0.0011
serendipity,multi_token_by_design,4,3,1240,ity,,.,layer_14,▁kennis,3.5e-05,9686,,3826,▁coinc,0.017881,4155,,618,▁kennis:0.0000;▁coinc:0.0000;ٹ:0.0000;▁Мекси:0.0000;Ť:0.0000,▁coinc:0.0179;▁rh:0.0046;ously:0.0022;▁chance:0.0019;▁lucky:0.0015
serendipity,multi_token_by_design,4,3,1240,ity,,.,layer_18,▁Mär,4.2e-05,18200,,3682,▁coinc,0.010519,11175,,85,▁Mär:0.0000;▁kennis:0.0000;ٹ:0.0000;ť:0.0000;▁Fuß:0.0000,▁coinc:0.0105;▁accident:0.0096;▁Luck:0.0082;▁luck:0.0064;▁chance:0.0063
serendipity,multi_token_by_design,4,3,1240,ity,,.,layer_21,▁kennis,4.8e-05,5105,,2608,▁happen,0.038516,2073,,112,▁kennis:0.0000;▁ál:0.0000;▁interven:0.0000;▁biologie:0.0000;▁factor:0.0000,▁happen:0.0385;▁coinc:0.0365;▁interven:0.0361;▁accident:0.0316;▁happened:0.0297
serendipity,multi_token_by_design,4,3,1240,ity,,.,layer_23,▁kennis,5.9e-05,5208,,989,▁interven,0.088277,1711,,32,▁kennis:0.0001;▁interven:0.0001;▁ál:0.0001;plaat:0.0000;▁mús:0.0000,▁interven:0.0883;▁happen:0.0494;▁happened:0.0385;▁happens:0.0281;▁coinc:0.0195
serendipity,multi_token_by_design,4,3,1240,ity,,.,layer_25,▁kennis,6.4e-05,10925,,219,▁interven,0.113743,6704,,17,▁kennis:0.0001;▁interven:0.0001;▁ál:0.0001;▁señ:0.0001;▁mús:0.0001,▁interven:0.1137;▁brought:0.0725;▁plays:0.0280;▁brings:0.0265;▁happened:0.0264
serendipity,multi_token_by_design,4,3,1240,ity,,.,layer_27,▁kennis,8e-05,15914,,37,▁brought,0.099081,10664,,6,▁kennis:0.0001;▁interven:0.0001;▁ál:0.0001;▁brought:0.0001;▁mús:0.0001,▁brought:0.0991;▁interven:0.0822;▁that:0.0537;▁brings:0.0306;▁led:0.0217
serendipity,multi_token_by_design,4,3,1240,ity,,.,layer_28,▁interven,7.9e-05,9979,,15,▁brought,0.213995,7316,,7,▁interven:0.0001;▁brought:0.0001;▁kennis:0.0001;▁brings:0.0001;▁prev:0.0001,▁brought:0.2140;▁interven:0.0633;▁that:0.0539;▁led:0.0334;▁brings:0.0319
serendipity,multi_token_by_design,4,3,1240,ity,,.,layer_29,▁brought,9.1e-05,4084,,6,▁brought,0.155355,4819,,5,"▁brought:0.0001;▁interven:0.0001;▁led:0.0001;▁that:0.0001;,:0.0001","▁brought:0.1554;,:0.0883;▁that:0.0771;▁led:0.0675;.:0.0437"
serendipity,multi_token_by_design,4,3,1240,ity,,.,layer_31,.,0.000195,2990,,1,",",0.181754,4400,,2,".:0.0002;,:0.0002;▁that:0.0002;▁and:0.0002;▁of:0.0002",",:0.1818;.:0.1533;▁that:0.1069;▁and:0.0794;▁of:0.0658"
serendipity,multi_token_by_design,4,3,1240,ity,,.,layer_32,.,0.000491,2062,,1,.,0.19868,4405,,1,".:0.0005;,:0.0004;▁and:0.0003;<0x0A>:0.0003;▁of:0.0003",".:0.1987;,:0.1769;▁and:0.0661;▁of:0.0456;▁that:0.0451"
serendipity,multi_token_by_design,4,3,1240,ity,,.,final_logits,.,0.200403,4403,,1,,,,,,".:0.2004;,:0.1769;▁and:0.0651;▁of:0.0447;▁that:0.0447",
antidisestablishmentarianism,multi_token_by_design,8,0,3493,▁ant,1081,agon,emb,▁aggressive,3.1e-05,49,7669,544,▁aggressive,0.001008,59,8624,622,▁aggressive:0.0000;wn:0.0000;HED:0.0000;▁Ant:0.0000;wd:0.0000,▁aggressive:0.0010;HED:0.0009;wn:0.0008;▁Ant:0.0007;anter:0.0007
antidisestablishmentarianism,multi_token_by_design,8,0,3493,▁ant,1081,agon,layer_1,ẩ,3.2e-05,23105,26330,10106,▁/******/,0.061406,18600,17225,3022,ẩ:0.0000;plaat:0.0000;▁biologie:0.0000;ķ:0.0000;▁giornata:0.0000,▁/******/:0.0614;ẩ:0.0395;cembre:0.0048;▁giornata:0.0043;ĩ:0.0034
antidisestablishmentarianism,multi_token_by_design,8,0,3493,▁ant,1081,agon,layer_2,▁kennis,0.000109,21219,32561,30653,▁kennis,0.000469,11287,24570,29071,▁kennis:0.0001;▁Fuß:0.0001;▁biologie:0.0001;▁bekan:0.0001;plaat:0.0001,▁kennis:0.0005;▁biologie:0.0004;▁péri:0.0003;▁Fuß:0.0003;▁dévelop:0.0003
antidisestablishmentarianism,multi_token_by_design,8,0,3493,▁ant,1081,agon,layer_4,▁kennis,0.000109,21358,32565,30687,▁kennis,0.000471,11940,25311,29252,▁kennis:0.0001;▁Fuß:0.0001;▁biologie:0.0001;▁bekan:0.0001;plaat:0.0001,▁kennis:0.0005;▁biologie:0.0005;▁péri:0.0003;▁Fuß:0.0003;Ż:0.0003
antidisestablishmentarianism,multi_token_by_design,8,0,3493,▁ant,1081,agon,layer_7,▁kennis,0.000108,21026,32561,30936,▁biologie,0.000502,10995,23924,30673,▁kennis:0.0001;▁Fuß:0.0001;▁biologie:0.0001;▁bekan:0.0001;plaat:0.0001,▁biologie:0.0005;▁kennis:0.0005;▁péri:0.0003;Ż:0.0003;▁dévelop:0.0003
antidisestablishmentarianism,multi_token_by_design,8,0,3493,▁ant,1081,agon,layer_11,▁kennis,0.0001,19675,32581,31084,▁biologie,0.000808,6992,20968,29688,▁kennis:0.0001;▁biologie:0.0001;▁Fuß:0.0001;▁bekan:0.0001;plaat:0.0001,▁biologie:0.0008;▁kennis:0.0007;▁ál:0.0004;▁péri:0.0004;Ż:0.0004
antidisestablishmentarianism,multi_token_by_design,8,0,3493,▁ant,1081,agon,layer_14,▁kennis,9.1e-05,19525,32564,31097,▁kennis,0.001082,7089,19740,29601,▁kennis:0.0001;▁biologie:0.0001;▁Fuß:0.0001;▁bekan:0.0001;plaat:0.0001,▁kennis:0.0011;▁biologie:0.0009;▁ál:0.0006;Ż:0.0004;▁péri:0.0004
antidisestablishmentarianism,multi_token_by_design,8,0,3493,▁ant,1081,agon,layer_18,▁kennis,6.2e-05,13434,31600,17512,▁biologie,0.000821,1000,6969,384,▁kennis:0.0001;▁biologie:0.0001;▁Fuß:0.0001;▁dévelop:0.0001;plaat:0.0001,▁biologie:0.0008;▁ál:0.0007;▁kennis:0.0005;▁dévelop:0.0005;▁té:0.0005
antidisestablishmentarianism,multi_token_by_design,8,0,3493,▁ant,1081,agon,layer_21,▁kennis,0.000156,7336,26936,12248,▁ál,0.002116,4,798,37,▁kennis:0.0002;▁biologie:0.0001;▁Fuß:0.0001;▁dévelop:0.0001;plaat:0.0001,▁ál:0.0021;▁kennis:0.0014;▁biologie:0.0012;▁ant:0.0008;Ż:0.0008
antidisestablishmentarianism,multi_token_by_design,8,0,3493,▁ant,1081,agon,layer_23,▁kennis,0.000221,6817,24554,13689,▁ál,0.001534,2,178,66,▁kennis:0.0002;▁Fuß:0.0002;▁biologie:0.0002;▁bekan:0.0002;▁dévelop:0.0002,▁ál:0.0015;▁ant:0.0013;▁kennis:0.0009;▁biologie:0.0009;Ż:0.0007
antidisestablishmentarianism,multi_token_by_design,8,0,3493,▁ant,1081,agon,layer_25,▁kennis,0.000213,5154,22533,13153,▁ant,0.002427,1,98,57,▁kennis:0.0002;▁Fuß:0.0002;▁biologie:0.0002;▁bekan:0.0002;plaat:0.0001,▁ant:0.0024;▁ál:0.0015;▁Ant:0.0009;▁biologie:0.0009;▁kennis:0.0008
antidisestablishmentarianism,multi_token_by_design,8,0,3493,▁ant,1081,agon,layer_27,▁kennis,0.000179,4040,18329,9444,▁ant,0.005998,1,34,12,▁kennis:0.0002;▁biologie:0.0002;▁Fuß:0.0002;▁bekan:0.0001;▁dévelop:0.0001,▁ant:0.0060;▁ál:0.0018;▁antib:0.0012;▁biologie:0.0012;▁Ant:0.0011
antidisestablishmentarianism,multi_token_by_design,8,0,3493,▁ant,1081,agon,layer_28,▁kennis,0.000134,4631,11264,7304,▁ant,0.002341,1,7,4,▁kennis:0.0001;▁biologie:0.0001;▁Fuß:0.0001;plaat:0.0001;▁dévelop:0.0001,▁ant:0.0023;▁ál:0.0022;▁biologie:0.0020;agon:0.0015;lers:0.0012
antidisestablishmentarianism,multi_token_by_design,8,0,3493,▁ant,1081,agon,layer_29,▁kennis,9e-05,4944,6502,3581,agon,0.004538,30,8,1,▁kennis:0.0001;▁biologie:0.0001;▁Fuß:0.0001;▁péri:0.0001;plaat:0.0001,agon:0.0045;rop:0.0028;lers:0.0028;iqu:0.0028;ip:0.0024
antidisestablishmentarianism,multi_token_by_design,8,0,3493,▁ant,1081,agon,layer_31,▁biologie,7e-05,3497,270,105,io,0.071024,259,7,4,▁biologie:0.0001;plaat:0.0001;▁ál:0.0001;områ:0.0001;▁kennis:0.0001,io:0.0710;im:0.0567;ic:0.0523;agon:0.0402;it:0.0397
antidisestablishmentarianism,multi_token_by_design,8,0,3493,▁ant,1081,agon,layer_32,agon,7.3e-05,30,16,1,agon,0.115316,33,14,1,agon:0.0001;iqu:0.0001;ique:0.0001;io:0.0001;iques:0.0001,agon:0.1153;io:0.1003;iqu:0.0725;ique:0.0577;igen:0.0569
antidisestablishmentarianism,multi_token_by_design,8,0,3493,▁ant,1081,agon,final_logits,agon,0.116922,33,14,1,,,,,,agon:0.1169;io:0.1032;iqu:0.0709;ique:0.0588;igen:0.0552,
antidisestablishmentarianism,multi_token_by_design,8,1,1081,id,1046,ote,emb,iom,3.1e-05,25498,12332,31080,▁Rap,0.000487,23481,10589,30983,iom:0.0000;▁Rap:0.0000;ビ:0.0000;cil:0.0000;↳:0.0000,▁Rap:0.0005;▁drinks:0.0005;iom:0.0004;XFF:0.0003;cil:0.0003
antidisestablishmentarianism,multi_token_by_design,8,1,1081,id,1046,ote,layer_1,▁kennis,3.1e-05,25553,12485,22328,impl,0.002699,14272,1307,14525,▁kennis:0.0000;▁biologie:0.0000;лази:0.0000;▁Fuß:0.0000;ķ:0.0000,impl:0.0027;▁flesh:0.0023;▁fis:0.0014;liferay:0.0013;寄:0.0011
antidisestablishmentarianism,multi_token_by_design,8,1,1081,id,1046,ote,layer_2,▁Mach,3.1e-05,296,45,7683,▁Mach,0.001894,262,33,6407,▁Mach:0.0000;itsch:0.0000;▁warrant:0.0000;▁dict:0.0000;ich:0.0000,▁Mach:0.0019;▁dict:0.0018;▁poor:0.0017;▁drink:0.0017;▁polar:0.0015
antidisestablishmentarianism,multi_token_by_design,8,1,1081,id,1046,ote,layer_4,aben,3.1e-05,3334,7815,6610,po,0.003505,1616,3655,5842,aben:0.0000;po:0.0000;igen:0.0000;ich:0.0000;干:0.0000,po:0.0035;ich:0.0026;▁Bo:0.0025;igen:0.0021;▁poison:0.0020
antidisestablishmentarianism,multi_token_by_design,8,1,1081,id,1046,ote,layer_7,▁efect,3.2e-05,30847,30193,2808,orum,0.00384,29168,26629,428,▁efect:0.0000;ף:0.0000;ٹ:0.0000;▁kennis:0.0000;轩:0.0000,orum:0.0038;pol:0.0024;po:0.0021;ź:0.0014;sky:0.0014
antidisestablishmentarianism,multi_token_by_design,8,1,1081,id,1046,ote,layer_11,wan,3.2e-05,24570,24555,3435,wan,0.004131,22004,19738,1299,wan:0.0000;spell:0.0000;Ť:0.0000;seh:0.0000;oyle:0.0000,wan:0.0041;lam:0.0034;spell:0.0033;ă:0.0031;seh:0.0022
antidisestablishmentarianism,multi_token_by_design,8,1,1081,id,1046,ote,layer_14,­,3.4e-05,20700,17571,1313,lat,0.003131,18961,10886,338,­:0.0000;wan:0.0000;пла:0.0000;‐:0.0000;dai:0.0000,lat:0.0031;wan:0.0028;lam:0.0023;ă:0.0020;<0x9E>:0.0016
antidisestablishmentarianism,multi_token_by_design,8,1,1081,id,1046,ote,layer_18,▁kennis,3.6e-05,17907,22515,721,▁against,0.003834,9267,13824,30,▁kennis:0.0000;▁biologie:0.0000;пла:0.0000;₄:0.0000;₃:0.0000,▁against:0.0038;em:0.0021;▁ant:0.0020;lat:0.0019;pol:0.0018
antidisestablishmentarianism,multi_token_by_design,8,1,1081,id,1046,ote,layer_21,▁ant,4.5e-05,7794,17995,153,▁ant,0.338263,9026,20559,76,▁ant:0.0000;▁Ant:0.0000;▁antib:0.0000;rag:0.0000;lers:0.0000,▁ant:0.3383;▁antib:0.0120;▁Ant:0.0089;▁anti:0.0044;oine:0.0034
antidisestablishmentarianism,multi_token_by_design,8,1,1081,id,1046,ote,layer_23,▁ant,5.8e-05,2272,12155,72,▁ant,0.901286,1642,10869,42,▁ant:0.0001;▁Ant:0.0000;▁anti:0.0000;▁antib:0.0000;▁Anti:0.0000,▁ant:0.9013;▁anti:0.0096;▁Ant:0.0081;▁antib:0.0052;▁Anti:0.0035
antidisestablishmentarianism,multi_token_by_design,8,1,1081,id,1046,ote,layer_25,▁ant,6.8e-05,6497,16671,94,▁ant,0.910414,4415,14704,73,▁ant:0.0001;▁anti:0.0001;▁Ant:0.0001;▁Anti:0.0000;ox:0.0000,▁ant:0.9104;▁anti:0.0097;▁Ant:0.0073;▁Anti:0.0026;ox:0.0022
antidisestablishmentarianism,multi_token_by_design,8,1,1081,id,1046,ote,layer_27,▁ant,5.7e-05,1062,11210,19,▁ant,0.131854,659,8324,8,▁ant:0.0001;ox:0.0001;ifferent:0.0001;iction:0.0001;ot:0.0000,▁ant:0.1319;ox:0.0259;iction:0.0137;ot:0.0101;▁poison:0.0092
antidisestablishmentarianism,multi_token_by_design,8,1,1081,id,1046,ote,layer_28,ot,6.2e-05,1199,5586,2,ot,0.096679,758,3727,2,ot:0.0001;ote:0.0001;otes:0.0001;ox:0.0001;ollar:0.0001,ot:0.0967;ote:0.0576;otes:0.0430;ox:0.0197;ump:0.0121
antidisestablishmentarianism,multi_token_by_design,8,1,1081,id,1046,ote,layer_29,ot,7e-05,2843,1384,4,▁d,0.088075,1803,1030,3,ot:0.0001;▁d:0.0001;otes:0.0001;ote:0.0001;ox:0.0001,▁d:0.0881;ot:0.0857;ote:0.0748;otes:0.0629;ox:0.0282
antidisestablishmentarianism,multi_token_by_design,8,1,1081,id,1046,ote,layer_31,ote,0.000138,49,6,1,ote,0.670242,40,5,1,ote:0.0001;otes:0.0001;ot:0.0001;rug:0.0001;ump:0.0001,ote:0.6702;otes:0.1903;ot:0.0244;ump:0.0096;is:0.0066
antidisestablishmentarianism,multi_token_by_design,8,1,1081,id,1046,ote,layer_32,ote,0.000268,18,2,1,ote,0.703769,18,3,1,ote:0.0003;is:0.0002;otes:0.0002;em:0.0002;ot:0.0002,ote:0.7038;otes:0.0894;is:0.0854;ot:0.0112;ump:0.0105
antidisestablishmentarianism,multi_token_by_design,8,1,1081,id,1046,ote,final_logits,ote,0.699707,18,2,1,,,,,,ote:0.6997;otes:0.0890;is:0.0890;ot:0.0113;ump:0.0106,
antidisestablishmentarianism,multi_token_by_design,8,2,1046,is,1142,crim,emb,phere,3.1e-05,6913,316,7073,phere,0.000794,4866,119,4209,phere:0.0000;ht:0.0000;œuv:0.0000;rael:0.0000;nt:0.0000,phere:0.0008;ht:0.0007;œuv:0.0004;ippi:0.0004;pec:0.0004
antidisestablishmentarianism,multi_token_by_design,8,2,1046,is,1142,crim,layer_1,▁kennis,3.1e-05,27965,28748,22302,ẩ,0.011934,16278,22701,17249,▁kennis:0.0000;plaat:0.0000;ẩ:0.0000;ٹ:0.0000;лази:0.0000,ẩ:0.0119;iglia:0.0046;üg:0.0019;áb:0.0014;стри:0.0012
antidisestablishmentarianism,multi_token_by_design,8,2,1046,is,1142,crim,layer_2,▁snap,3.1e-05,408,5244,16091,uf,0.003516,227,5827,16014,▁snap:0.0000;uf:0.0000;▁snapped:0.0000;alin:0.0000;▁[…]:0.0000,uf:0.0035;▁snap:0.0033;aggio:0.0019;ic:0.0017;lu:0.0017
antidisestablishmentarianism,multi_token_by_design,8,2,1046,is,1142,crim,layer_4,➤,3.1e-05,23502,21785,16670,▁frag,0.002337,19732,24319,14253,➤:0.0000;builtin:0.0000;▁frag:0.0000;aya:0.0000;摩:0.0000,▁frag:0.0023;▁snap:0.0018;▁/******/:0.0016;........:0.0016;➤:0.0015
antidisestablishmentarianism,multi_token_by_design,8,2,1046,is,1142,crim,layer_7,▁kennis,3.2e-05,31837,25489,21773,oren,0.007169,30774,22732,15425,▁kennis:0.0000;̧:0.0000;▁efect:0.0000;☉:0.0000;ẩ:0.0000,oren:0.0072;тів:0.0063;̧:0.0041;ẩ:0.0027;▁efect:0.0021
antidisestablishmentarianism,multi_token_by_design,8,2,1046,is,1142,crim,layer_11,­,3.3e-05,31420,23890,20205,­,0.003601,30894,20356,13128,­:0.0000;Ṭ:0.0000;▁biologie:0.0000;▁artikel:0.0000;Ż:0.0000,­:0.0036;ní:0.0033;rac:0.0028;▁lyrics:0.0025;=*/:0.0023
antidisestablishmentarianism,multi_token_by_design,8,2,1046,is,1142,crim,layer_14,­,3.5e-05,26680,13139,12789,­,0.017962,24645,7194,4402,­:0.0000;‐:0.0000;▁gepubliceerd:0.0000;▁artikel:0.0000;Ż:0.0000,­:0.0180;lon:0.0095;cre:0.0049;rac:0.0044;▁gepubliceerd:0.0024
antidisestablishmentarianism,multi_token_by_design,8,2,1046,is,1142,crim,layer_18,­,3.7e-05,26246,5053,2325,­,0.007274,19399,640,253,­:0.0000;▁biologie:0.0000;ẩ:0.0000;Ż:0.0000;лта:0.0000,­:0.0073;‐:0.0031;lon:0.0029;gray:0.0025;cre:0.0025
antidisestablishmentarianism,multi_token_by_design,8,2,1046,is,1142,crim,layer_21,▁ant,4.1e-05,10399,969,66,▁ant,0.077139,10789,553,28,▁ant:0.0000;­:0.0000;▁antib:0.0000;▁discrimination:0.0000;hn:0.0000,▁ant:0.0771;▁antib:0.0305;▁anti:0.0112;▁discrimination:0.0105;sert:0.0072
antidisestablishmentarianism,multi_token_by_design,8,2,1046,is,1142,crim,layer_23,▁ant,4.9e-05,21615,8949,93,▁ant,0.367783,21466,5875,45,▁ant:0.0000;▁antib:0.0000;▁anti:0.0000;▁discrimination:0.0000;▁Anti:0.0000,▁ant:0.3678;▁antib:0.1033;▁anti:0.0734;▁discrimination:0.0209;▁Anti:0.0176
antidisestablishmentarianism,multi_token_by_design,8,2,1046,is,1142,crim,layer_25,▁discrimination,5.1e-05,13538,9609,20,▁ant,0.11955,12146,5981,14,▁discrimination:0.0001;▁ant:0.0001;covery:0.0000;▁antib:0.0000;▁anti:0.0000,▁ant:0.1195;▁discrimination:0.0557;▁antib:0.0365;▁anti:0.0293;covery:0.0159
antidisestablishmentarianism,multi_token_by_design,8,2,1046,is,1142,crim,layer_27,▁discrimination,5.6e-05,24565,7179,8,▁discrimination,0.086063,21195,4178,5,▁discrimination:0.0001;ruption:0.0001;covery:0.0001;▁ant:0.0000;integr:0.0000,▁discrimination:0.0861;ruption:0.0399;▁ant:0.0362;▁antib:0.0193;crim:0.0174
antidisestablishmentarianism,multi_token_by_design,8,2,1046,is,1142,crim,layer_28,crim,6.2e-05,15733,4024,1,crim,0.203338,12426,2177,1,crim:0.0001;ruption:0.0001;covery:0.0001;▁Dis:0.0001;cipl:0.0001,crim:0.2033;ruption:0.0513;covery:0.0297;▁Dis:0.0279;dis:0.0143
antidisestablishmentarianism,multi_token_by_design,8,2,1046,is,1142,crim,layer_29,crim,7.3e-05,15571,88,1,crim,0.282618,13811,56,1,crim:0.0001;covery:0.0001;ruption:0.0001;cipl:0.0001;cription:0.0001,crim:0.2826;covery:0.0665;ruption:0.0649;placement:0.0146;cover:0.0112
antidisestablishmentarianism,multi_token_by_design,8,2,1046,is,1142,crim,layer_31,crim,0.000132,1147,4,1,crim,0.821152,693,2,1,crim:0.0001;­:0.0001;placement:0.0001;est:0.0001;ruption:0.0001,crim:0.8212;est:0.0220;placement:0.0164;ruption:0.0098;aster:0.0068
antidisestablishmentarianism,multi_token_by_design,8,2,1046,is,1142,crim,layer_32,crim,0.000258,167,2,1,crim,0.905813,132,2,1,crim:0.0003;est:0.0002;cipl:0.0001;placement:0.0001;covery:0.0001,crim:0.9058;est:0.0482;placement:0.0067;cipl:0.0044;aster:0.0029
antidisestablishmentarianism,multi_token_by_design,8,2,1046,is,1142,crim,final_logits,crim,0.905446,130,2,1,,,,,,crim:0.9054;est:0.0480;placement:0.0069;cipl:0.0045;aster:0.0029,
antidisestablishmentarianism,multi_token_by_design,8,3,1142,est,28521,ablish,emb,alled,3.1e-05,6098,17,17,alled,0.000418,6637,33,33,alled:0.0000;▁crack:0.0000;plac:0.0000;▁ni:0.0000;▁fict:0.0000,alled:0.0004;▁crack:0.0004;▁ni:0.0004;plac:0.0004;eben:0.0003
antidisestablishmentarianism,multi_token_by_design,8,3,1142,est,28521,ablish,layer_1,plaat,3.1e-05,28270,4129,4129,▁dé,0.002871,22127,191,191,plaat:0.0000;▁kennis:0.0000;☉:0.0000;ژ:0.0000;ٹ:0.0000,▁dé:0.0029;▁Giovanni:0.0012;▁moon:0.0012;▁hab:0.0012;éric:0.0011
antidisestablishmentarianism,multi_token_by_design,8,3,1142,est,28521,ablish,layer_2,ek,3.1e-05,7369,157,157,ek,0.010963,8784,199,199,ek:0.0000;▁[…]:0.0000;agi:0.0000;ead:0.0000;tring:0.0000,ek:0.0110;asis:0.0025;ead:0.0025;agi:0.0023;tring:0.0021
antidisestablishmentarianism,multi_token_by_design,8,3,1142,est,28521,ablish,layer_4,▁Gi,3.1e-05,16349,158,158,▁Gi,0.006359,14477,125,125,▁Gi:0.0000;ič:0.0000;alin:0.0000;Ḥ:0.0000;dyn:0.0000,▁Gi:0.0064;ič:0.0034;nica:0.0031;dit:0.0028;alin:0.0027
antidisestablishmentarianism,multi_token_by_design,8,3,1142,est,28521,ablish,layer_7,▁kennis,3.2e-05,21125,1163,1163,zed,0.002405,16137,170,170,▁kennis:0.0000;״:0.0000;Ṭ:0.0000;̆:0.0000;Ť:0.0000,zed:0.0024;onio:0.0024;̆:0.0022;angel:0.0022;▁Als:0.0019
antidisestablishmentarianism,multi_token_by_design,8,3,1142,est,28521,ablish,layer_11,Ť,3.3e-05,20924,2694,2694,Ľ,0.002436,17187,174,174,Ť:0.0000;Ż:0.0000;úblic:0.0000;Ľ:0.0000;WEBPACK:0.0000,Ľ:0.0024;yrics:0.0023;̆:0.0023;Ť:0.0020;mals:0.0019
antidisestablishmentarianism,multi_token_by_design,8,3,1142,est,28521,ablish,layer_14,­,3.4e-05,14204,3153,3153,yrics,0.007488,6596,242,242,­:0.0000;▁kennis:0.0000;Ż:0.0000;úblic:0.0000;▁bekan:0.0000,yrics:0.0075;­:0.0056;ono:0.0040;ﬁ:0.0026;FP:0.0024
antidisestablishmentarianism,multi_token_by_design,8,3,1142,est,28521,ablish,layer_18,мпи,3.7e-05,13927,713,713,oin,0.005453,3209,4,4,мпи:0.0000;▁kennis:0.0000;Ə:0.0000;⋆:0.0000;▁bekan:0.0000,oin:0.0055;FP:0.0039;ful:0.0033;ablish:0.0028;ingu:0.0021
antidisestablishmentarianism,multi_token_by_design,8,3,1142,est,28521,ablish,layer_21,ablish,4e-05,4850,1,1,ablish,0.04301,3172,1,1,ablish:0.0000;oster:0.0000;hetic:0.0000;acular:0.0000;ion:0.0000,ablish:0.0430;oster:0.0113;rogen:0.0058;hetic:0.0051;▁anti:0.0046
antidisestablishmentarianism,multi_token_by_design,8,3,1142,est,28521,ablish,layer_23,ablish,4.7e-05,5937,1,1,ablish,0.144859,4461,1,1,ablish:0.0000;hetic:0.0000;ruct:0.0000;acular:0.0000;rogen:0.0000,ablish:0.1449;hetic:0.0161;ruct:0.0079;anti:0.0066;rogen:0.0060
antidisestablishmentarianism,multi_token_by_design,8,3,1142,est,28521,ablish,layer_25,ablish,5.2e-05,10501,1,1,ablish,0.206566,8798,1,1,ablish:0.0001;rict:0.0000;alin:0.0000;ruct:0.0000;▁ant:0.0000,ablish:0.2066;rict:0.0097;alin:0.0083;▁ant:0.0082;ruct:0.0078
antidisestablishmentarianism,multi_token_by_design,8,3,1142,est,28521,ablish,layer_27,ablish,6.2e-05,2321,1,1,ablish,0.565421,1745,1,1,ablish:0.0001;hetic:0.0000;rict:0.0000;ruct:0.0000;asis:0.0000,ablish:0.5654;hetic:0.0076;▁ant:0.0074;rict:0.0062;ruct:0.0060
antidisestablishmentarianism,multi_token_by_design,8,3,1142,est,28521,ablish,layer_28,ablish,7.5e-05,749,1,1,ablish,0.819437,519,1,1,ablish:0.0001;▁establishment:0.0001;▁established:0.0001;hetic:0.0001;▁establish:0.0001,ablish:0.8194;▁establishment:0.0723;▁established:0.0080;hetic:0.0037;▁establish:0.0036
antidisestablishmentarianism,multi_token_by_design,8,3,1142,est,28521,ablish,layer_29,ablish,9.9e-05,2,1,1,ablish,0.974097,2,1,1,ablish:0.0001;est:0.0001;▁Est:0.0001;▁est:0.0001;hetic:0.0001,ablish:0.9741;est:0.0042;▁Est:0.0032;▁est:0.0032;▁establishment:0.0008
antidisestablishmentarianism,multi_token_by_design,8,3,1142,est,28521,ablish,layer_31,ablish,0.000115,3,1,1,ablish,0.940232,2,1,1,ablish:0.0001;asis:0.0001;est:0.0001;atic:0.0001;ab:0.0001,ablish:0.9402;est:0.0055;asis:0.0034;ab:0.0025;atic:0.0022
antidisestablishmentarianism,multi_token_by_design,8,3,1142,est,28521,ablish,layer_32,ablish,0.000181,11,1,1,ablish,0.91267,9,1,1,ablish:0.0002;ruct:0.0001;asis:0.0001;abl:0.0001;ab:0.0001,ablish:0.9127;abl:0.0096;ab:0.0075;asis:0.0054;ruct:0.0047
antidisestablishmentarianism,multi_token_by_design,8,3,1142,est,28521,ablish,final_logits,ablish,0.912415,9,1,1,,,,,,ablish:0.9124;abl:0.0095;ab:0.0074;asis:0.0054;ruct:0.0048,
antidisestablishmentarianism,multi_token_by_design,8,4,28521,ablish,1234,ment,emb,igi,3.1e-05,1283,28586,28586,berg,0.001048,1458,30191,30191,igi:0.0000;berg:0.0000;ber:0.0000;▁stud:0.0000;GS:0.0000,berg:0.0010;igi:0.0010;jours:0.0007;ber:0.0006;umi:0.0006
antidisestablishmentarianism,multi_token_by_design,8,4,28521,ablish,1234,ment,layer_1,▁kennis,3.1e-05,10846,13094,13094,éta,0.00168,2297,8773,8773,▁kennis:0.0000;scriptstyle:0.0000;лази:0.0000;plaat:0.0000;▁dévelop:0.0000,éta:0.0017;atel:0.0015;SYNC:0.0014;anni:0.0013;ât:0.0010
antidisestablishmentarianism,multi_token_by_design,8,4,28521,ablish,1234,ment,layer_2,▁[…],3.1e-05,2021,3573,3573,WARE,0.003359,2426,7781,7781,▁[…]:0.0000;WARE:0.0000;eed:0.0000;alie:0.0000;atz:0.0000,WARE:0.0034;▁jug:0.0022;eed:0.0021;dyn:0.0018;alie:0.0016
antidisestablishmentarianism,multi_token_by_design,8,4,28521,ablish,1234,ment,layer_4,ing,3.1e-05,99,56,56,ing,0.002869,200,254,254,ing:0.0000;dyn:0.0000;▁Mach:0.0000;▁pain:0.0000;▁blo:0.0000,ing:0.0029;▁Mach:0.0027;dyn:0.0026;▁blo:0.0023;▁pain:0.0019
antidisestablishmentarianism,multi_token_by_design,8,4,28521,ablish,1234,ment,layer_7,▁Fuß,3.1e-05,903,4,4,arian,0.005324,470,3,3,▁Fuß:0.0000;宜:0.0000;arian:0.0000;ment:0.0000;nitt:0.0000,arian:0.0053;arians:0.0031;ment:0.0029;SION:0.0028;nitt:0.0020
antidisestablishmentarianism,multi_token_by_design,8,4,28521,ablish,1234,ment,layer_11,oux,3.2e-05,583,24,24,oux,0.003423,185,45,45,oux:0.0000;↵:0.0000;Ť:0.0000;▁cref:0.0000;народ:0.0000,oux:0.0034;▁Christianity:0.0033;ism:0.0020;yrics:0.0018;ť:0.0017
antidisestablishmentarianism,multi_token_by_design,8,4,28521,ablish,1234,ment,layer_14,▁[…],3.3e-05,1123,53,53,anon,0.004142,213,42,42,▁[…]:0.0000;▁éc:0.0000;Ə:0.0000;▁kennis:0.0000;ɵ:0.0000,anon:0.0041;▁Christianity:0.0041;ism:0.0034;yrics:0.0027;rog:0.0016
antidisestablishmentarianism,multi_token_by_design,8,4,28521,ablish,1234,ment,layer_18,▁Fuß,3.6e-05,221,3,3,ment,0.042625,8,1,1,▁Fuß:0.0000;дри:0.0000;ment:0.0000;▁Kultur:0.0000;Ə:0.0000,ment:0.0426;ism:0.0085;arian:0.0070;▁Christianity:0.0041;oux:0.0032
antidisestablishmentarianism,multi_token_by_design,8,4,28521,ablish,1234,ment,layer_21,ment,5.1e-05,5,1,1,ment,0.875433,5,1,1,ment:0.0001;ments:0.0000;arian:0.0000;ing:0.0000;ablish:0.0000,ment:0.8754;ments:0.0357;arian:0.0071;ing:0.0041;ablish:0.0017
antidisestablishmentarianism,multi_token_by_design,8,4,28521,ablish,1234,ment,layer_23,ment,5.4e-05,7,1,1,ment,0.788476,7,1,1,ment:0.0001;arian:0.0000;ments:0.0000;arians:0.0000;ing:0.0000,ment:0.7885;arian:0.0369;ments:0.0271;ing:0.0055;arians:0.0045
antidisestablishmentarianism,multi_token_by_design,8,4,28521,ablish,1234,ment,layer_25,ment,6.5e-05,11,1,1,ment,0.961274,14,1,1,ment:0.0001;arian:0.0001;ments:0.0001;MENT:0.0000;ement:0.0000,ment:0.9613;arian:0.0138;ments:0.0100;ement:0.0008;MENT:0.0007
antidisestablishmentarianism,multi_token_by_design,8,4,28521,ablish,1234,ment,layer_27,ment,7.3e-05,18,1,1,ment,0.967209,18,1,1,ment:0.0001;arian:0.0001;ments:0.0001;ement:0.0000;MENT:0.0000,ment:0.9672;arian:0.0097;ments:0.0089;ing:0.0014;ement:0.0010
antidisestablishmentarianism,multi_token_by_design,8,4,28521,ablish,1234,ment,layer_28,ment,8.2e-05,18,1,1,ment,0.973009,19,1,1,ment:0.0001;arian:0.0001;ments:0.0001;MENT:0.0001;ing:0.0001,ment:0.9730;arian:0.0138;ments:0.0059;ing:0.0012;MENT:0.0006
antidisestablishmentarianism,multi_token_by_design,8,4,28521,ablish,1234,ment,layer_29,ment,0.000111,19,1,1,ment,0.992728,18,1,1,ment:0.0001;ments:0.0001;arian:0.0001;ing:0.0001;MENT:0.0001,ment:0.9927;ments:0.0051;arian:0.0008;ing:0.0006;MENT:0.0002
antidisestablishmentarianism,multi_token_by_design,8,4,28521,ablish,1234,ment,layer_31,ment,0.00015,284,1,1,ment,0.992371,257,1,1,ment:0.0002;arian:0.0001;ing:0.0001;­:0.0001;ments:0.0001,ment:0.9924;arian:0.0028;ing:0.0025;ments:0.0011;ement:0.0002
antidisestablishmentarianism,multi_token_by_design,8,4,28521,ablish,1234,ment,layer_32,ment,0.000235,208,1,1,ment,0.985308,164,1,1,ment:0.0002;arian:0.0001;ing:0.0001;­:0.0001;-:0.0001,ment:0.9853;arian:0.0051;ing:0.0023;ments:0.0007;m:0.0005
antidisestablishmentarianism,multi_token_by_design,8,4,28521,ablish,1234,ment,final_logits,ment,0.985259,162,1,1,,,,,,ment:0.9853;arian:0.0052;ing:0.0023;ments:0.0007;m:0.0005,
antidisestablishmentarianism,multi_token_by_design,8,5,1234,ment,10227,arian,emb,nel,3.1e-05,24261,7460,7460,achine,0.000453,24844,7805,7805,nel:0.0000;лко:0.0000;alin:0.0000;al:0.0000;achine:0.0000,achine:0.0005;лко:0.0004;alin:0.0004;nel:0.0004;igo:0.0004
antidisestablishmentarianism,multi_token_by_design,8,5,1234,ment,10227,arian,layer_1,▁kennis,3.1e-05,14502,3853,3853,rez,0.003436,7285,259,259,▁kennis:0.0000;HECK:0.0000;plaat:0.0000;▁dévelop:0.0000;ץ:0.0000,rez:0.0034;ilor:0.0021;yar:0.0012;▁pity:0.0010;icz:0.0010
antidisestablishmentarianism,multi_token_by_design,8,5,1234,ment,10227,arian,layer_2,▁[…],3.1e-05,5828,719,719,ally,0.002748,8987,664,664,▁[…]:0.0000;ally:0.0000;▁[...]:0.0000;▁MOD:0.0000;▁rules:0.0000,ally:0.0027;▁rules:0.0017;▁[…]:0.0015;aris:0.0014;▁MOD:0.0013
antidisestablishmentarianism,multi_token_by_design,8,5,1234,ment,10227,arian,layer_4,▁Cre,3.1e-05,2223,28,28,▁Cre,0.007582,3998,23,23,▁Cre:0.0000;:0.0000;▁Bod:0.0000;ikan:0.0000;elin:0.0000,▁Cre:0.0076;▁Bod:0.0030;ikan:0.0030;▁mach:0.0020;▁libert:0.0018
antidisestablishmentarianism,multi_token_by_design,8,5,1234,ment,10227,arian,layer_7,arian,3.1e-05,225,1,1,arians,0.010796,129,3,3,arian:0.0000;isme:0.0000;arians:0.0000;Υ:0.0000;派:0.0000,arians:0.0108;isme:0.0095;arian:0.0085;Deep:0.0018;roy:0.0015
antidisestablishmentarianism,multi_token_by_design,8,5,1234,ment,10227,arian,layer_11,↵,3.3e-05,960,11,11,↵,0.005037,741,4,4,↵:0.0000;­:0.0000;dern:0.0000;Ť:0.0000;oux:0.0000,↵:0.0050;▁lyrics:0.0038;ism:0.0038;arian:0.0029;odio:0.0027
antidisestablishmentarianism,multi_token_by_design,8,5,1234,ment,10227,arian,layer_14,­,3.4e-05,1228,27,27,ism,0.00676,788,5,5,­:0.0000;↵:0.0000;▁kennis:0.0000;▁referenties:0.0000;dern:0.0000,ism:0.0068;▁lyrics:0.0041;ist:0.0038;▁ly:0.0030;arian:0.0028
antidisestablishmentarianism,multi_token_by_design,8,5,1234,ment,10227,arian,layer_18,­,3.6e-05,103,3,3,ism,0.042914,21,2,2,­:0.0000;ism:0.0000;arian:0.0000;dern:0.0000;pdev:0.0000,ism:0.0429;arian:0.0224;ist:0.0176;dern:0.0034;­:0.0027
antidisestablishmentarianism,multi_token_by_design,8,5,1234,ment,10227,arian,layer_21,arian,4.4e-05,3,1,1,arian,0.293382,4,1,1,arian:0.0000;▁sentiment:0.0000;ment:0.0000;ary:0.0000;­:0.0000,arian:0.2934;▁sentiment:0.0518;ary:0.0512;ment:0.0364;ist:0.0327
antidisestablishmentarianism,multi_token_by_design,8,5,1234,ment,10227,arian,layer_23,arian,5e-05,4,1,1,arian,0.55748,6,1,1,arian:0.0001;▁sentiment:0.0000;ary:0.0000;ment:0.0000;arians:0.0000,arian:0.5575;▁sentiment:0.0647;ary:0.0439;ist:0.0188;arians:0.0112
antidisestablishmentarianism,multi_token_by_design,8,5,1234,ment,10227,arian,layer_25,arian,6.1e-05,5,1,1,arian,0.927733,6,1,1,arian:0.0001;arians:0.0000;▁sentiment:0.0000;ary:0.0000;ment:0.0000,arian:0.9277;ary:0.0100;arians:0.0099;▁sentiment:0.0061;ist:0.0012
antidisestablishmentarianism,multi_token_by_design,8,5,1234,ment,10227,arian,layer_27,arian,6.7e-05,23,1,1,arian,0.871468,24,1,1,arian:0.0001;arians:0.0001;ary:0.0001;▁sentiment:0.0001;▁movement:0.0000,arian:0.8715;arians:0.0235;ary:0.0228;▁sentiment:0.0078;▁movement:0.0037
antidisestablishmentarianism,multi_token_by_design,8,5,1234,ment,10227,arian,layer_28,arian,7.8e-05,14,1,1,arian,0.832832,14,1,1,arian:0.0001;ary:0.0001;arians:0.0001;▁sentiment:0.0001;ism:0.0001,arian:0.8328;ary:0.1080;arians:0.0340;ism:0.0028;▁sentiment:0.0018
antidisestablishmentarianism,multi_token_by_design,8,5,1234,ment,10227,arian,layer_29,arian,9.2e-05,16,1,1,arian,0.855391,22,1,1,arian:0.0001;arians:0.0001;ary:0.0001;ism:0.0001;▁sentiment:0.0001,arian:0.8554;arians:0.0651;ary:0.0444;ism:0.0108;▁sentiment:0.0060
antidisestablishmentarianism,multi_token_by_design,8,5,1234,ment,10227,arian,layer_31,arian,0.000146,23,1,1,arian,0.852848,27,1,1,arian:0.0001;ary:0.0001;arians:0.0001;▁sentiment:0.0001;▁movement:0.0001,arian:0.8528;ary:0.0570;arians:0.0372;▁sentiment:0.0173;▁movement:0.0042
antidisestablishmentarianism,multi_token_by_design,8,5,1234,ment,10227,arian,layer_32,arian,0.000223,112,1,1,arian,0.788303,117,1,1,"arian:0.0002;ary:0.0002;arians:0.0002;,:0.0001;.:0.0001",arian:0.7883;ary:0.0387;arians:0.0341;▁sentiment:0.0057;▁movement:0.0053
antidisestablishmentarianism,multi_token_by_design,8,5,1234,ment,10227,arian,final_logits,arian,0.785541,112,1,1,,,,,,arian:0.7855;ary:0.0391;arians:0.0345;▁sentiment:0.0058;▁movement:0.0055,
antidisestablishmentarianism,multi_token_by_design,8,6,10227,arian,2211,ism,emb,adem,3.1e-05,11176,83,83,adem,0.002115,11046,83,83,adem:0.0000;adu:0.0000;ismo:0.0000;adesh:0.0000;▁rejo:0.0000,adem:0.0021;ismo:0.0008;adu:0.0007;▁rejo:0.0007;ALSE:0.0006
antidisestablishmentarianism,multi_token_by_design,8,6,10227,arian,2211,ism,layer_1,▁kennis,3.1e-05,6207,4370,4370,▁/******/,0.002568,517,661,661,▁kennis:0.0000;plaat:0.0000;▁biologie:0.0000;ץ:0.0000;▁Fuß:0.0000,▁/******/:0.0026;▁kennis:0.0017;cembre:0.0012;ță:0.0010;ismus:0.0009
antidisestablishmentarianism,multi_token_by_design,8,6,10227,arian,2211,ism,layer_2,yar,3.1e-05,1046,6,6,yar,0.001958,460,7,7,yar:0.0000;alin:0.0000;iches:0.0000;ilor:0.0000;isen:0.0000,yar:0.0020;iju:0.0018;isen:0.0016;iches:0.0016;ilor:0.0014
antidisestablishmentarianism,multi_token_by_design,8,6,10227,arian,2211,ism,layer_4,yk,3.1e-05,3790,7,7,yk,0.004317,2737,8,8,yk:0.0000;yle:0.0000;▁vag:0.0000;osta:0.0000;▁Hend:0.0000,yk:0.0043;yle:0.0036;iju:0.0034;▁Hend:0.0029;roy:0.0026
antidisestablishmentarianism,multi_token_by_design,8,6,10227,arian,2211,ism,layer_7,▁kennis,3.2e-05,2303,14,14,ism,0.005257,587,1,1,▁kennis:0.0000;úblic:0.0000;▁сло:0.0000;ņ:0.0000;yrics:0.0000,ism:0.0053;yrics:0.0033;ium:0.0026;▁Movement:0.0023;yst:0.0022
antidisestablishmentarianism,multi_token_by_design,8,6,10227,arian,2211,ism,layer_11,▁/******/,3.3e-05,5586,10,10,▁/******/,0.164705,2818,3,3,▁/******/:0.0000;ity:0.0000;Ť:0.0000;̯:0.0000;ium:0.0000,▁/******/:0.1647;ity:0.0117;ism:0.0038;ium:0.0036;tee:0.0033
antidisestablishmentarianism,multi_token_by_design,8,6,10227,arian,2211,ism,layer_14,▁kennis,3.4e-05,3749,28,28,▁/******/,0.019655,908,3,3,▁kennis:0.0000;▁égal:0.0000;̪:0.0000;▁diffé:0.0000;▁referenties:0.0000,▁/******/:0.0197;tee:0.0055;ism:0.0045;ity:0.0042;▁égal:0.0026
antidisestablishmentarianism,multi_token_by_design,8,6,10227,arian,2211,ism,layer_18,ism,3.9e-05,679,1,1,ism,0.510535,103,1,1,ism:0.0000;▁kennis:0.0000;isms:0.0000;ity:0.0000;▁dévelop:0.0000,ism:0.5105;ity:0.0100;isms:0.0076;stance:0.0044;ists:0.0024
antidisestablishmentarianism,multi_token_by_design,8,6,10227,arian,2211,ism,layer_21,ism,5.1e-05,30,1,1,ism,0.949989,23,1,1,ism:0.0001;isms:0.0000;ity:0.0000;▁anti:0.0000;▁sentiment:0.0000,ism:0.9500;ity:0.0020;▁anti:0.0015;isms:0.0010;▁sentiment:0.0007
antidisestablishmentarianism,multi_token_by_design,8,6,10227,arian,2211,ism,layer_23,ism,5.7e-05,11,1,1,ism,0.962204,6,1,1,ism:0.0001;ity:0.0000;isms:0.0000;isme:0.0000;▁sentiment:0.0000,ism:0.9622;ity:0.0022;isme:0.0011;isms:0.0009;▁sentiment:0.0006
antidisestablishmentarianism,multi_token_by_design,8,6,10227,arian,2211,ism,layer_25,ism,6.1e-05,2,1,1,ism,0.937015,2,1,1,ism:0.0001;arian:0.0000;ity:0.0000;▁sentiment:0.0000;isms:0.0000,ism:0.9370;arian:0.0059;ity:0.0046;▁sentiment:0.0015;▁anti:0.0013
antidisestablishmentarianism,multi_token_by_design,8,6,10227,arian,2211,ism,layer_27,ism,9.3e-05,5,1,1,ism,0.999102,4,1,1,ism:0.0001;isms:0.0001;isme:0.0001;ismo:0.0001;arian:0.0000,ism:0.9991;isms:0.0005;isme:0.0002;arian:0.0000;ismo:0.0000
antidisestablishmentarianism,multi_token_by_design,8,6,10227,arian,2211,ism,layer_28,ism,0.000105,5,1,1,ism,0.998523,4,1,1,ism:0.0001;isms:0.0001;isme:0.0001;ismo:0.0001;arian:0.0001,ism:0.9985;isms:0.0010;isme:0.0002;arian:0.0000;ismo:0.0000
antidisestablishmentarianism,multi_token_by_design,8,6,10227,arian,2211,ism,layer_29,ism,0.000124,6,1,1,ism,0.999013,6,1,1,ism:0.0001;isms:0.0001;isme:0.0001;ity:0.0001;▁sentiment:0.0001,ism:0.9990;isms:0.0006;isme:0.0001;ity:0.0000;▁sentiment:0.0000
antidisestablishmentarianism,multi_token_by_design,8,6,10227,arian,2211,ism,layer_31,ism,0.000164,3,1,1,ism,0.970555,4,1,1,ism:0.0002;▁movement:0.0001;arian:0.0001;isms:0.0001;▁sentiment:0.0001,"ism:0.9706;▁movement:0.0039;▁sentiment:0.0030;arian:0.0021;,:0.0014"
antidisestablishmentarianism,multi_token_by_design,8,6,10227,arian,2211,ism,layer_32,ism,0.000255,21,1,1,ism,0.611056,6,1,1,"ism:0.0003;,:0.0002;.:0.0002;<0x0A>:0.0002;▁(:0.0002","ism:0.6111;,:0.0281;.:0.0196;"":0.0089;▁and:0.0080"
antidisestablishmentarianism,multi_token_by_design,8,6,10227,arian,2211,ism,final_logits,ism,0.60676,6,1,1,,,,,,"ism:0.6068;,:0.0284;.:0.0195;"":0.0089;▁and:0.0081",
antidisestablishmentarianism,multi_token_by_design,8,7,2211,ism,,.,emb,arel,3.1e-05,1362,,18198,arel,0.000872,1669,,19417,arel:0.0000;ingham:0.0000;yer:0.0000;ёр:0.0000;mal:0.0000,arel:0.0009;ingham:0.0008;▁Coff:0.0005;yer:0.0005;ёр:0.0005
antidisestablishmentarianism,multi_token_by_design,8,7,2211,ism,,.,layer_1,▁kennis,3.1e-05,16773,,24639,ẩ,0.003984,10477,,9209,▁kennis:0.0000;ẩ:0.0000;▁slä:0.0000;▁Rück:0.0000;▁dévelop:0.0000,ẩ:0.0040;▁Erst:0.0018;asz:0.0014;iglia:0.0013;dag:0.0012
antidisestablishmentarianism,multi_token_by_design,8,7,2211,ism,,.,layer_2,wan,3.1e-05,200,,796,wan,0.003181,295,,783,wan:0.0000;▁fingers:0.0000;yar:0.0000;▁lag:0.0000;▁split:0.0000,wan:0.0032;▁fingers:0.0026;yar:0.0014;▁thorough:0.0011;▁squ:0.0011
antidisestablishmentarianism,multi_token_by_design,8,7,2211,ism,,.,layer_4,osta,3.1e-05,1290,,10389,▁sod,0.001633,743,,4236,osta:0.0000;builtin:0.0000;ople:0.0000;▁саве:0.0000;rade:0.0000,▁sod:0.0016;▁rav:0.0014;ople:0.0014;osta:0.0013;▁dict:0.0013
antidisestablishmentarianism,multi_token_by_design,8,7,2211,ism,,.,layer_7,̆,3.2e-05,2889,,14850,stad,0.003391,668,,5958,̆:0.0000;WEBPACK:0.0000;ٹ:0.0000;lle:0.0000;:0.0000,stad:0.0034;̆:0.0028;lle:0.0025;▁Bast:0.0019;aurus:0.0018
antidisestablishmentarianism,multi_token_by_design,8,7,2211,ism,,.,layer_11,WEBPACK,3.2e-05,1273,,9482,ĭ,0.003114,513,,7617,WEBPACK:0.0000;ĭ:0.0000;dern:0.0000;▁Fuß:0.0000;▁newsp:0.0000,ĭ:0.0031;▁Archives:0.0023;recht:0.0023;▁Campaign:0.0021;ví:0.0019
antidisestablishmentarianism,multi_token_by_design,8,7,2211,ism,,.,layer_14,▁kennis,3.4e-05,9333,,21848,▁Archives,0.003156,3942,,16089,▁kennis:0.0000;WEBPACK:0.0000;▁dévelop:0.0000;ٹ:0.0000;▁égal:0.0000,▁Archives:0.0032;▁kennis:0.0026;gang:0.0025;dern:0.0022;▁Campaign:0.0018
antidisestablishmentarianism,multi_token_by_design,8,7,2211,ism,,.,layer_18,▁kennis,4e-05,520,,12372,▁Movement,0.009124,12,,3187,▁kennis:0.0000;ٹ:0.0000;▁Мекси:0.0000;▁dévelop:0.0000;▁Fuß:0.0000,▁Movement:0.0091;▁campaign:0.0037;▁movement:0.0033;▁campaigns:0.0028;▁era:0.0027
antidisestablishmentarianism,multi_token_by_design,8,7,2211,ism,,.,layer_21,▁kennis,4.5e-05,47,,4195,▁campaign,0.024505,6,,435,▁kennis:0.0000;▁biologie:0.0000;▁dévelop:0.0000;Ἀ:0.0000;▁movement:0.0000,▁campaign:0.0245;▁anti:0.0245;▁movement:0.0180;▁Movement:0.0154;▁radical:0.0111
antidisestablishmentarianism,multi_token_by_design,8,7,2211,ism,,.,layer_23,▁kennis,5.2e-05,46,,2614,▁movement,0.078643,5,,108,▁kennis:0.0001;▁dévelop:0.0000;▁movement:0.0000;▁Fuß:0.0000;Ἀ:0.0000,▁movement:0.0786;▁campaign:0.0594;▁Movement:0.0474;▁movements:0.0176;ism:0.0174
antidisestablishmentarianism,multi_token_by_design,8,7,2211,ism,,.,layer_25,▁kennis,5.8e-05,196,,1636,▁movement,0.092306,16,,67,▁kennis:0.0001;▁dévelop:0.0001;▁movement:0.0001;Ἀ:0.0001;▁Fuß:0.0001,▁movement:0.0923;▁Movement:0.0504;▁campaign:0.0407;▁movements:0.0229;▁anti:0.0143
antidisestablishmentarianism,multi_token_by_design,8,7,2211,ism,,.,layer_27,▁kennis,7.2e-05,278,,339,▁movement,0.0428,27,,12,▁kennis:0.0001;▁biologie:0.0001;▁Fuß:0.0001;Ἀ:0.0001;▁dévelop:0.0001,"▁movement:0.0428;▁campaign:0.0251;?:0.0229;"":0.0197;▁Movement:0.0192"
antidisestablishmentarianism,multi_token_by_design,8,7,2211,ism,,.,layer_28,▁kennis,6.6e-05,76,,114,▁movement,0.040874,19,,11,▁kennis:0.0001;▁movement:0.0001;▁biologie:0.0001;Ą:0.0001;▁dévelop:0.0001,"▁movement:0.0409;,:0.0218;▁campaign:0.0184;?:0.0171;▁movements:0.0148"
antidisestablishmentarianism,multi_token_by_design,8,7,2211,ism,,.,layer_29,▁movement,7.4e-05,13,,9,",",0.06834,16,,5,"▁movement:0.0001;"":0.0001;?:0.0001;,:0.0001;▁movements:0.0001",",:0.0683;▁movement:0.0473;▁was:0.0262;?:0.0215;.:0.0201"
antidisestablishmentarianism,multi_token_by_design,8,7,2211,ism,,.,layer_31,▁movement,0.000194,63,,2,▁movement,0.239819,74,,3,"▁movement:0.0002;.:0.0002;,:0.0002;▁and:0.0002;▁was:0.0001","▁movement:0.2398;,:0.1843;.:0.1069;▁and:0.0804;▁was:0.0377"
antidisestablishmentarianism,multi_token_by_design,8,7,2211,ism,,.,layer_32,.,0.000486,115,,1,",",0.190269,130,,2,".:0.0005;,:0.0004;<0x0A>:0.0004;▁and:0.0003;▁(:0.0003",",:0.1903;.:0.1813;▁and:0.0693;▁in:0.0272;▁is:0.0235"
antidisestablishmentarianism,multi_token_by_design,8,7,2211,ism,,.,final_logits,.,0.186196,127,,1,,,,,,".:0.1862;,:0.1862;▁and:0.0685;▁in:0.0268;▁is:0.0237",
cryptocurrency,multi_token_by_design,3,0,19417,▁crypt,29225,ocur,emb,gon,3.1e-05,1051,66,66,gon,0.001515,1072,172,172,gon:0.0000;osi:0.0000;inet:0.0000;shadow:0.0000;▁ghost:0.0000,gon:0.0015;osi:0.0013;inet:0.0007;▁ghost:0.0007;shadow:0.0007
cryptocurrency,multi_token_by_design,3,0,19417,▁crypt,29225,ocur,layer_1,▁biologie,3.1e-05,6541,5191,5191,ẩ,0.007953,1156,1644,1644,▁biologie:0.0000;▁giornata:0.0000;▁kennis:0.0000;ķ:0.0000;ẩ:0.0000,ẩ:0.0080;okrat:0.0040;▁giornata:0.0036;ász:0.0026;lette:0.0022
cryptocurrency,multi_token_by_design,3,0,19417,▁crypt,29225,ocur,layer_2,▁kennis,0.000108,13743,25852,25852,▁kennis,0.000423,6994,17345,17345,▁kennis:0.0001;▁Fuß:0.0001;▁biologie:0.0001;▁bekan:0.0001;plaat:0.0001,▁kennis:0.0004;▁biologie:0.0004;▁Fuß:0.0003;▁péri:0.0003;Ż:0.0003
cryptocurrency,multi_token_by_design,3,0,19417,▁crypt,29225,ocur,layer_4,▁kennis,0.000108,13760,25622,25622,▁biologie,0.000426,6997,16000,16000,▁kennis:0.0001;▁Fuß:0.0001;▁biologie:0.0001;▁bekan:0.0001;plaat:0.0001,▁biologie:0.0004;▁kennis:0.0004;▁Fuß:0.0003;▁péri:0.0003;Ż:0.0003
cryptocurrency,multi_token_by_design,3,0,19417,▁crypt,29225,ocur,layer_7,▁kennis,0.000107,13606,25360,25360,▁biologie,0.000469,6495,14285,14285,▁kennis:0.0001;▁Fuß:0.0001;▁biologie:0.0001;▁bekan:0.0001;plaat:0.0001,▁biologie:0.0005;▁kennis:0.0004;▁péri:0.0003;Ż:0.0003;▁Fuß:0.0003
cryptocurrency,multi_token_by_design,3,0,19417,▁crypt,29225,ocur,layer_11,▁kennis,9.9e-05,13448,25996,25996,▁biologie,0.000713,6809,18158,18158,▁kennis:0.0001;▁biologie:0.0001;▁Fuß:0.0001;▁bekan:0.0001;plaat:0.0001,▁biologie:0.0007;▁kennis:0.0006;▁ál:0.0004;▁péri:0.0004;Ż:0.0003
cryptocurrency,multi_token_by_design,3,0,19417,▁crypt,29225,ocur,layer_14,▁kennis,8.9e-05,13339,26178,26178,▁kennis,0.000804,6361,18542,18542,▁kennis:0.0001;▁biologie:0.0001;▁Fuß:0.0001;▁bekan:0.0001;plaat:0.0001,▁kennis:0.0008;▁biologie:0.0008;▁ál:0.0004;▁péri:0.0004;▁artikel:0.0004
cryptocurrency,multi_token_by_design,3,0,19417,▁crypt,29225,ocur,layer_18,▁kennis,6e-05,14341,9054,9054,↔,0.000859,13115,7,7,▁kennis:0.0001;▁biologie:0.0001;▁Fuß:0.0001;scriptstyle:0.0001;▁dévelop:0.0001,↔:0.0009;ľ:0.0007;Ý:0.0006;scriptstyle:0.0006;▁vé:0.0005
cryptocurrency,multi_token_by_design,3,0,19417,▁crypt,29225,ocur,layer_21,▁kennis,0.000115,4071,4002,4002,ocur,0.005402,3,1,1,▁kennis:0.0001;▁biologie:0.0001;▁Fuß:0.0001;▁dévelop:0.0001;▁bekan:0.0001,ocur:0.0054;▁encryption:0.0018;▁crypt:0.0016;▁biologie:0.0015;ľ:0.0012
cryptocurrency,multi_token_by_design,3,0,19417,▁crypt,29225,ocur,layer_23,▁kennis,0.000166,2405,4025,4025,▁crypt,0.009348,1,2,2,▁kennis:0.0002;▁Fuß:0.0001;▁biologie:0.0001;▁bekan:0.0001;▁dévelop:0.0001,▁crypt:0.0093;ocur:0.0057;▁crypto:0.0049;crypto:0.0045;▁encryption:0.0022
cryptocurrency,multi_token_by_design,3,0,19417,▁crypt,29225,ocur,layer_25,▁kennis,0.000156,1185,3022,3022,▁crypt,0.028795,1,3,3,▁kennis:0.0002;▁Fuß:0.0001;▁biologie:0.0001;▁bekan:0.0001;▁dévelop:0.0001,▁crypt:0.0288;▁crypto:0.0146;ocur:0.0103;crypto:0.0101;▁encryption:0.0059
cryptocurrency,multi_token_by_design,3,0,19417,▁crypt,29225,ocur,layer_27,▁kennis,0.000139,1309,1405,1405,ocur,0.029359,2,1,1,▁kennis:0.0001;▁Fuß:0.0001;▁biologie:0.0001;▁bekan:0.0001;▁dévelop:0.0001,ocur:0.0294;▁crypt:0.0122;ographic:0.0121;ography:0.0113;ogram:0.0052
cryptocurrency,multi_token_by_design,3,0,19417,▁crypt,29225,ocur,layer_28,▁kennis,0.000121,774,559,559,ocur,0.065823,4,1,1,▁kennis:0.0001;▁Fuß:0.0001;▁biologie:0.0001;scriptstyle:0.0001;▁bekan:0.0001,ocur:0.0658;ographic:0.0244;ography:0.0154;▁crypt:0.0152;ogram:0.0111
cryptocurrency,multi_token_by_design,3,0,19417,▁crypt,29225,ocur,layer_29,▁Fuß,9.2e-05,236,35,35,ocur,0.226103,7,1,1,▁Fuß:0.0001;▁kennis:0.0001;▁biologie:0.0001;scriptstyle:0.0001;шти:0.0001,ocur:0.2261;ographic:0.0591;ography:0.0299;ogram:0.0206;os:0.0130
cryptocurrency,multi_token_by_design,3,0,19417,▁crypt,29225,ocur,layer_31,ocur,8e-05,132,1,1,ocur,0.264356,67,1,1,ocur:0.0001;▁Fuß:0.0001;ographic:0.0001;шти:0.0001;ography:0.0001,ocur:0.2644;ographic:0.1077;oc:0.0701;ic:0.0634;ography:0.0475
cryptocurrency,multi_token_by_design,3,0,19417,▁crypt,29225,ocur,layer_32,ocur,0.000126,168,1,1,ocur,0.560001,192,1,1,ocur:0.0001;ographic:0.0001;ic:0.0001;ography:0.0001;s:0.0001,ocur:0.5600;ographic:0.1293;ic:0.0931;ography:0.0515;os:0.0224
cryptocurrency,multi_token_by_design,3,0,19417,▁crypt,29225,ocur,final_logits,ocur,0.564146,190,1,1,,,,,,ocur:0.5641;ographic:0.1259;ic:0.0921;ography:0.0525;os:0.0219,
cryptocurrency,multi_token_by_design,3,1,29225,ocur,8260,rency,emb,atro,3.1e-05,19084,66,66,atro,0.001052,20241,137,137,atro:0.0000;quet:0.0000;dt:0.0000;icker:0.0000;rings:0.0000,atro:0.0011;quet:0.0010;dt:0.0010;icker:0.0010;atz:0.0009
cryptocurrency,multi_token_by_design,3,1,29225,ocur,8260,rency,layer_1,ژ,3.1e-05,16559,2881,2881,ژ,0.005511,11974,57,57,ژ:0.0000;▁kennis:0.0000;▁biologie:0.0000;plaat:0.0000;ņ:0.0000,ژ:0.0055;quet:0.0041;ță:0.0040;cembre:0.0039;▁Вла:0.0026
cryptocurrency,multi_token_by_design,3,1,29225,ocur,8260,rency,layer_2,atz,3.1e-05,2186,77,77,FTWARE,0.006029,1659,82,82,atz:0.0000;:0.0000;allen:0.0000;FTWARE:0.0000;%%%%:0.0000,FTWARE:0.0060;allen:0.0045;%%%%:0.0045;atz:0.0031;tere:0.0031
cryptocurrency,multi_token_by_design,3,1,29225,ocur,8260,rency,layer_4,Ζ,3.2e-05,1809,2651,2651,FTWARE,0.002293,89,233,233,Ζ:0.0000;▁Fuß:0.0000;▁kennis:0.0000;ץ:0.0000;־:0.0000,FTWARE:0.0023;▁тер:0.0019;allen:0.0016;mun:0.0015;▁currency:0.0014
cryptocurrency,multi_token_by_design,3,1,29225,ocur,8260,rency,layer_7,▁bekan,3.2e-05,1175,366,366,▁currency,0.00357,56,6,6,▁bekan:0.0000;ژ:0.0000;:0.0000;scriptstyle:0.0000;▁Fuß:0.0000,▁currency:0.0036;▁coins:0.0034;vir:0.0032;▁rewards:0.0031;▁payments:0.0031
cryptocurrency,multi_token_by_design,3,1,29225,ocur,8260,rency,layer_11,scriptstyle,3.3e-05,476,85,85,rency,0.004914,26,1,1,scriptstyle:0.0000;▁bekan:0.0000;:0.0000;▁biologie:0.0000;̯:0.0000,rency:0.0049;▁currency:0.0038;▁vir:0.0029;ť:0.0027;▁payments:0.0026
cryptocurrency,multi_token_by_design,3,1,29225,ocur,8260,rency,layer_14,scriptstyle,3.5e-05,2105,181,181,rency,0.00587,178,1,1,scriptstyle:0.0000;:0.0000;▁bekan:0.0000;▁péri:0.0000;▁biologie:0.0000,rency:0.0059;▁payments:0.0034;ť:0.0026;▁currency:0.0026;▁Bitcoin:0.0025
cryptocurrency,multi_token_by_design,3,1,29225,ocur,8260,rency,layer_18,ٹ,4.1e-05,1414,532,532,▁Bitcoin,0.009769,12,2,2,ٹ:0.0000;:0.0000;scriptstyle:0.0000;▁péri:0.0000;▁Mär:0.0000,▁Bitcoin:0.0098;rency:0.0083;▁currency:0.0083;dai:0.0068;▁payments:0.0063
cryptocurrency,multi_token_by_design,3,1,29225,ocur,8260,rency,layer_21,rency,5.1e-05,11,1,1,rency,0.311674,10,1,1,rency:0.0001;▁currency:0.0001;▁Bitcoin:0.0000;Currency:0.0000;currency:0.0000,rency:0.3117;▁currency:0.2103;▁Bitcoin:0.0861;▁crypto:0.0553;▁coin:0.0316
cryptocurrency,multi_token_by_design,3,1,29225,ocur,8260,rency,layer_23,rency,6.2e-05,11,1,1,rency,0.384947,11,1,1,rency:0.0001;▁currency:0.0001;currency:0.0001;▁crypt:0.0001;Currency:0.0001,rency:0.3849;▁currency:0.2487;currency:0.0646;▁crypt:0.0618;▁crypto:0.0586
cryptocurrency,multi_token_by_design,3,1,29225,ocur,8260,rency,layer_25,▁currency,0.000107,7,4,4,▁currency,0.92406,7,3,3,▁currency:0.0001;currency:0.0001;Currency:0.0001;rency:0.0001;▁coin:0.0001,▁currency:0.9241;currency:0.0320;rency:0.0187;Currency:0.0081;▁coin:0.0065
cryptocurrency,multi_token_by_design,3,1,29225,ocur,8260,rency,layer_27,rency,0.000126,9,1,1,rency,0.95383,9,1,1,rency:0.0001;▁currency:0.0001;currency:0.0001;▁coin:0.0001;▁exchange:0.0001,rency:0.9538;▁currency:0.0380;currency:0.0033;▁coin:0.0012;▁exchange:0.0008
cryptocurrency,multi_token_by_design,3,1,29225,ocur,8260,rency,layer_28,rency,0.000136,8,1,1,rency,0.96508,7,1,1,rency:0.0001;▁currency:0.0001;currency:0.0001;▁coin:0.0001;▁exchange:0.0001,rency:0.9651;▁currency:0.0256;currency:0.0035;▁coin:0.0014;▁exchange:0.0010
cryptocurrency,multi_token_by_design,3,1,29225,ocur,8260,rency,layer_29,rency,0.000178,12,1,1,rency,0.997731,12,1,1,rency:0.0002;▁currency:0.0001;▁exchange:0.0001;ren:0.0001;currency:0.0001,rency:0.9977;▁currency:0.0010;▁exchange:0.0003;ren:0.0003;currency:0.0002
cryptocurrency,multi_token_by_design,3,1,29225,ocur,8260,rency,layer_31,rency,0.000524,33,1,1,rency,0.902604,32,1,1,rency:0.0005;ren:0.0004;▁Ren:0.0001;▁currency:0.0001;▁ren:0.0001,rency:0.9026;ren:0.0974;▁Ren:0.0000;▁currency:0.0000;▁ren:0.0000
cryptocurrency,multi_token_by_design,3,1,29225,ocur,8260,rency,layer_32,rency,0.002848,55,1,1,rency,0.68123,33,1,1,rency:0.0028;ren:0.0021;rent:0.0004;rence:0.0004;r:0.0004,rency:0.6812;ren:0.3177;rent:0.0002;rence:0.0001;re:0.0001
cryptocurrency,multi_token_by_design,3,1,29225,ocur,8260,rency,final_logits,rency,0.678447,33,1,1,,,,,,rency:0.6784;ren:0.3205;rent:0.0002;re:0.0001;rence:0.0001,
cryptocurrency,multi_token_by_design,3,2,8260,rency,,.,emb,💰,3.1e-05,210,,16097,iesa,0.001115,270,,18548,💰:0.0000;arna:0.0000;iesa:0.0000;aux:0.0000;akh:0.0000,iesa:0.0011;arna:0.0010;💰:0.0010;amazonaws:0.0007;akh:0.0007
cryptocurrency,multi_token_by_design,3,2,8260,rency,,.,layer_1,▁kennis,3.1e-05,4026,,18117,cembre,0.005193,442,,3219,▁kennis:0.0000;ژ:0.0000;▁péri:0.0000;ņ:0.0000;▁få:0.0000,cembre:0.0052;aku:0.0020;▁propriet:0.0018;ẩ:0.0017;keit:0.0015
cryptocurrency,multi_token_by_design,3,2,8260,rency,,.,layer_2,rok,3.1e-05,116,,1724,rok,0.004041,155,,1696,rok:0.0000;apan:0.0000;%%%%:0.0000;▁dici:0.0000;▁Hö:0.0000,rok:0.0040;apan:0.0040;yy:0.0032;%%%%:0.0027;ats:0.0025
cryptocurrency,multi_token_by_design,3,2,8260,rency,,.,layer_4,Ζ,3.2e-05,3833,,12191,▁mog,0.002781,444,,1735,Ζ:0.0000;ץ:0.0000;▁Fuß:0.0000;▁kennis:0.0000;־:0.0000,▁mog:0.0028;jev:0.0021;rok:0.0017;▁alleg:0.0013;apan:0.0013
cryptocurrency,multi_token_by_design,3,2,8260,rency,,.,layer_7,▁bekan,3.2e-05,777,,21265,vir,0.004577,10,,8057,▁bekan:0.0000;Ζ:0.0000;Υ:0.0000;scriptstyle:0.0000;ٹ:0.0000,vir:0.0046;▁enthusi:0.0030;▁currency:0.0030;▁asset:0.0026;ť:0.0026
cryptocurrency,multi_token_by_design,3,2,8260,rency,,.,layer_11,scriptstyle,3.3e-05,436,,11930,ť,0.004275,27,,7205,scriptstyle:0.0000;ť:0.0000;Ζ:0.0000;▁péri:0.0000;dern:0.0000,ť:0.0043;▁vir:0.0030;vir:0.0027;dern:0.0022;вня:0.0019
cryptocurrency,multi_token_by_design,3,2,8260,rency,,.,layer_14,ť,3.5e-05,1051,,11190,ť,0.009805,41,,6081,ť:0.0000;▁biologie:0.0000;scriptstyle:0.0000;Ζ:0.0000;▁péri:0.0000,ť:0.0098;▁péri:0.0029;▁vir:0.0021;▁febr:0.0020;LIED:0.0019
cryptocurrency,multi_token_by_design,3,2,8260,rency,,.,layer_18,▁Mär,4.6e-05,4754,,9453,rcu,0.007804,93,,587,▁Mär:0.0000;▁biologie:0.0000;plaat:0.0000;scriptstyle:0.0000;▁kennis:0.0000,rcu:0.0078;▁Mär:0.0077;▁platforms:0.0040;▁Bitcoin:0.0040;▁transactions:0.0038
cryptocurrency,multi_token_by_design,3,2,8260,rency,,.,layer_21,▁kennis,5.7e-05,564,,13779,▁Bitcoin,0.183072,39,,2258,▁kennis:0.0001;▁biologie:0.0001;▁bekan:0.0001;plaat:0.0001;▁Mär:0.0001,▁Bitcoin:0.1831;▁crypto:0.1456;▁crypt:0.0899;▁currency:0.0732;▁market:0.0224
cryptocurrency,multi_token_by_design,3,2,8260,rency,,.,layer_23,▁crypt,7.9e-05,519,,8094,▁crypt,0.327741,73,,704,▁crypt:0.0001;▁Bitcoin:0.0001;▁crypto:0.0001;▁kennis:0.0001;▁bekan:0.0001,▁crypt:0.3277;▁crypto:0.2781;▁Bitcoin:0.2281;▁wallet:0.0236;▁currency:0.0221
cryptocurrency,multi_token_by_design,3,2,8260,rency,,.,layer_25,▁crypt,8.9e-05,869,,3502,▁crypt,0.228099,148,,399,▁crypt:0.0001;▁exchange:0.0001;▁Bitcoin:0.0001;▁crypto:0.0001;▁wallet:0.0001,▁crypt:0.2281;▁exchange:0.1979;▁crypto:0.1495;▁Bitcoin:0.1085;▁wallet:0.0763
cryptocurrency,multi_token_by_design,3,2,8260,rency,,.,layer_27,▁exchange,0.0001,1739,,903,▁exchange,0.459085,299,,100,▁exchange:0.0001;▁kennis:0.0001;▁mining:0.0001;▁wallet:0.0001;▁traders:0.0001,▁exchange:0.4591;▁trading:0.0731;▁mining:0.0705;▁wallet:0.0625;▁markets:0.0291
cryptocurrency,multi_token_by_design,3,2,8260,rency,,.,layer_28,▁exchange,0.000112,1665,,324,▁exchange,0.501014,476,,77,▁exchange:0.0001;▁mining:0.0001;▁wallet:0.0001;▁trading:0.0001;▁kennis:0.0001,▁exchange:0.5010;▁trading:0.0721;▁wallet:0.0671;▁mining:0.0628;▁transactions:0.0273
cryptocurrency,multi_token_by_design,3,2,8260,rency,,.,layer_29,▁exchange,0.000124,1186,,74,▁exchange,0.33966,745,,55,▁exchange:0.0001;▁wallet:0.0001;▁mining:0.0001;▁trading:0.0001;▁ex:0.0001,▁exchange:0.3397;▁wallet:0.1027;▁trading:0.0912;▁mining:0.0770;▁market:0.0391
cryptocurrency,multi_token_by_design,3,2,8260,rency,,.,layer_31,▁exchange,0.000207,3772,,7,▁exchange,0.169917,3245,,9,▁exchange:0.0002;▁ex:0.0002;▁trading:0.0002;▁mining:0.0002;▁wallet:0.0002,▁exchange:0.1699;▁trading:0.1044;▁market:0.0606;▁wallet:0.0554;▁markets:0.0544
cryptocurrency,multi_token_by_design,3,2,8260,rency,,.,layer_32,.,0.000367,8626,,1,.,0.070412,7860,,1,".:0.0004;,:0.0003;<0x0A>:0.0003;▁and:0.0003;▁is:0.0003",".:0.0704;▁exchange:0.0594;,:0.0550;▁mining:0.0405;▁ex:0.0367"
cryptocurrency,multi_token_by_design,3,2,8260,rency,,.,final_logits,.,0.070206,7854,,1,,,,,,".:0.0702;▁exchange:0.0582;,:0.0547;▁mining:0.0400;▁ex:0.0376",
unbelievable,multi_token_by_design,4,0,1289,▁un,8012,limited,emb,cil,3.1e-05,3709,10519,1291,ovi,0.000722,3570,12331,1692,cil:0.0000;ovi:0.0000;▁Andr:0.0000;ska:0.0000;Sink:0.0000,ovi:0.0007;cil:0.0007;▁Andr:0.0006;avi:0.0006;ska:0.0005
unbelievable,multi_token_by_design,4,0,1289,▁un,8012,limited,layer_1,ẩ,3.2e-05,29825,29766,16173,ẩ,0.080462,21759,28734,16580,ẩ:0.0000;╔:0.0000;ķ:0.0000;plaat:0.0000;▁giornata:0.0000,ẩ:0.0805;▁/******/:0.0252;ász:0.0060;ENDOR:0.0052;ĩ:0.0043
unbelievable,multi_token_by_design,4,0,1289,▁un,8012,limited,layer_2,▁kennis,0.000116,32637,28672,14919,▁kennis,0.000446,12739,25686,19873,▁kennis:0.0001;▁Fuß:0.0001;▁biologie:0.0001;▁bekan:0.0001;plaat:0.0001,▁kennis:0.0004;▁biologie:0.0004;▁dévelop:0.0003;▁Fuß:0.0003;Ż:0.0003
unbelievable,multi_token_by_design,4,0,1289,▁un,8012,limited,layer_4,▁kennis,0.000116,32645,28554,14923,▁kennis,0.000449,14085,24950,19894,▁kennis:0.0001;▁Fuß:0.0001;▁biologie:0.0001;▁bekan:0.0001;plaat:0.0001,▁kennis:0.0004;▁biologie:0.0004;Ż:0.0003;▁Fuß:0.0003;▁dévelop:0.0003
unbelievable,multi_token_by_design,4,0,1289,▁un,8012,limited,layer_7,▁kennis,0.000116,32655,28484,15032,▁biologie,0.000472,16205,23930,21021,▁kennis:0.0001;▁Fuß:0.0001;▁biologie:0.0001;▁bekan:0.0001;plaat:0.0001,▁biologie:0.0005;▁kennis:0.0005;Ż:0.0003;▁dévelop:0.0003;▁péri:0.0003
unbelievable,multi_token_by_design,4,0,1289,▁un,8012,limited,layer_11,▁kennis,0.000107,32615,28186,15148,▁biologie,0.000727,9947,20338,21178,▁kennis:0.0001;▁biologie:0.0001;▁Fuß:0.0001;▁bekan:0.0001;▁dévelop:0.0001,▁biologie:0.0007;▁kennis:0.0007;▁ál:0.0004;Ż:0.0004;▁dévelop:0.0003
unbelievable,multi_token_by_design,4,0,1289,▁un,8012,limited,layer_14,▁kennis,9.8e-05,32604,27424,15175,▁kennis,0.000976,8771,17262,22039,▁kennis:0.0001;▁biologie:0.0001;▁Fuß:0.0001;▁bekan:0.0001;▁dévelop:0.0001,▁kennis:0.0010;▁biologie:0.0008;▁ál:0.0005;Ż:0.0004;▁dévelop:0.0003
unbelievable,multi_token_by_design,4,0,1289,▁un,8012,limited,layer_18,▁kennis,6e-05,32303,25859,10890,▁kennis,0.000651,5563,12790,3212,▁kennis:0.0001;▁biologie:0.0001;▁Fuß:0.0001;▁dévelop:0.0001;scriptstyle:0.0001,▁kennis:0.0007;▁ál:0.0006;▁dévelop:0.0005;▁biologie:0.0005;▁vess:0.0005
unbelievable,multi_token_by_design,4,0,1289,▁un,8012,limited,layer_21,▁kennis,0.000203,32542,21193,11185,▁kennis,0.001837,18514,5231,3774,▁kennis:0.0002;▁biologie:0.0002;▁Fuß:0.0002;▁dévelop:0.0001;▁bekan:0.0001,▁kennis:0.0018;▁ál:0.0013;▁biologie:0.0011;rcu:0.0009;▁dévelop:0.0008
unbelievable,multi_token_by_design,4,0,1289,▁un,8012,limited,layer_23,▁kennis,0.000273,32466,21182,10522,▁kennis,0.001837,15427,4862,1437,▁kennis:0.0003;▁biologie:0.0002;▁Fuß:0.0002;▁dévelop:0.0002;▁bekan:0.0002,▁kennis:0.0018;▁ál:0.0012;▁biologie:0.0010;▁dévelop:0.0008;rcu:0.0007
unbelievable,multi_token_by_design,4,0,1289,▁un,8012,limited,layer_25,▁kennis,0.000259,32465,20111,10129,▁kennis,0.001377,16011,3882,980,▁kennis:0.0003;▁biologie:0.0002;▁Fuß:0.0002;▁dévelop:0.0002;▁bekan:0.0002,▁kennis:0.0014;▁ál:0.0012;▁biologie:0.0009;▁dévelop:0.0008;rcu:0.0006
unbelievable,multi_token_by_design,4,0,1289,▁un,8012,limited,layer_27,▁kennis,0.000227,31435,20142,9953,▁kennis,0.00195,2756,3023,874,▁kennis:0.0002;▁biologie:0.0002;▁Fuß:0.0002;▁dévelop:0.0002;▁bekan:0.0001,▁kennis:0.0020;▁ál:0.0015;▁biologie:0.0011;▁dévelop:0.0007;rcu:0.0007
unbelievable,multi_token_by_design,4,0,1289,▁un,8012,limited,layer_28,▁kennis,0.000168,31253,16396,8614,▁kennis,0.002087,4090,1084,223,▁kennis:0.0002;▁biologie:0.0001;▁Fuß:0.0001;▁dévelop:0.0001;plaat:0.0001,▁kennis:0.0021;▁ál:0.0015;▁biologie:0.0013;▁dévelop:0.0008;rcu:0.0006
unbelievable,multi_token_by_design,4,0,1289,▁un,8012,limited,layer_29,▁kennis,0.000107,14653,11182,7035,tern,0.000753,3,124,42,▁kennis:0.0001;▁biologie:0.0001;▁Fuß:0.0001;▁dévelop:0.0001;▁Мекси:0.0001,tern:0.0008;▁ál:0.0007;▁un:0.0007;▁kennis:0.0006;ions:0.0006
unbelievable,multi_token_by_design,4,0,1289,▁un,8012,limited,layer_31,▁kennis,8.4e-05,13373,2428,1095,ions,0.010763,180,27,21,▁kennis:0.0001;▁biologie:0.0001;▁Fuß:0.0001;▁bekan:0.0001;ٹ:0.0001,ions:0.0108;clear:0.0054;sp:0.0049;su:0.0048;ified:0.0045
unbelievable,multi_token_by_design,4,0,1289,▁un,8012,limited,layer_32,-,6.1e-05,186,8,2,limited,0.022575,123,6,1,-:0.0001;limited:0.0001;ions:0.0001;stable:0.0001;ified:0.0001,limited:0.0226;stable:0.0162;clear:0.0151;ve:0.0147;ified:0.0141
unbelievable,multi_token_by_design,4,0,1289,▁un,8012,limited,final_logits,limited,0.022196,121,6,1,,,,,,limited:0.0222;stable:0.0162;clear:0.0153;ve:0.0148;ified:0.0143,
unbelievable,multi_token_by_design,4,1,8012,bel,16966,iev,emb,▁Town,3.1e-05,1441,11656,11656,▁Town,0.002771,1583,13315,13315,▁Town:0.0000;▁Grant:0.0000;pit:0.0000;icl:0.0000;▁Newton:0.0000,▁Town:0.0028;▁Grant:0.0013;pit:0.0007;icl:0.0006;▁town:0.0006
unbelievable,multi_token_by_design,4,1,8012,bel,16966,iev,layer_1,▁biologie,3.1e-05,8737,8763,8763,▁Lud,0.00112,2267,3297,3297,▁biologie:0.0000;▁Насе:0.0000;▁kennis:0.0000;▁artikel:0.0000;ٹ:0.0000,▁Lud:0.0011;hab:0.0011;iek:0.0010;▁Насе:0.0010;bury:0.0010
unbelievable,multi_token_by_design,4,1,8012,bel,16966,iev,layer_2,äng,3.1e-05,2669,4368,4368,▁floating,0.001925,2323,2056,2056,äng:0.0000;▁floating:0.0000;▁Target:0.0000;itta:0.0000;vod:0.0000,▁floating:0.0019;▁Target:0.0019;äng:0.0019;▁Mess:0.0016;▁Tro:0.0015
unbelievable,multi_token_by_design,4,1,8012,bel,16966,iev,layer_4,områ,3.1e-05,1221,5523,5523,▁household,0.001888,151,1508,1508,områ:0.0000;げ:0.0000;ろ:0.0000;:0.0000;✦:0.0000,▁household:0.0019;▁bast:0.0015;▁charged:0.0015;vod:0.0013;ič:0.0012
unbelievable,multi_token_by_design,4,1,8012,bel,16966,iev,layer_7,▁kennis,3.2e-05,2593,3278,3278,ič,0.003551,220,280,280,▁kennis:0.0000;områ:0.0000;״:0.0000;ḫ:0.0000;Ρ:0.0000,ič:0.0036;ness:0.0019;▁zaj:0.0017;cott:0.0015;lj:0.0015
unbelievable,multi_token_by_design,4,1,8012,bel,16966,iev,layer_11,▁kennis,3.3e-05,167,5186,5186,kem,0.003365,5,987,987,▁kennis:0.0000;▁bekan:0.0000;✦:0.0000;Ť:0.0000;״:0.0000,kem:0.0034;kim:0.0022;iah:0.0021;▁(“:0.0018;bel:0.0016
unbelievable,multi_token_by_design,4,1,8012,bel,16966,iev,layer_14,­,3.4e-05,397,6429,6429,­,0.00285,36,1254,1254,­:0.0000;äck:0.0000;▁kennis:0.0000;״:0.0000;Ã:0.0000,­:0.0029;▁(“:0.0023;iah:0.0016;ič:0.0014;kem:0.0014
unbelievable,multi_token_by_design,4,1,8012,bel,16966,iev,layer_18,­,3.6e-05,151,6260,6260,­,0.002971,5,1492,1492,­:0.0000;ई:0.0000;äck:0.0000;rcu:0.0000;ług:0.0000,­:0.0030;ług:0.0026;gr:0.0021;ice:0.0019;bel:0.0018
unbelievable,multi_token_by_design,4,1,8012,bel,16966,iev,layer_21,bel,4.5e-05,1,56,56,bel,0.15507,1,31,31,bel:0.0000;ihood:0.0000;▁Bel:0.0000;ič:0.0000;▁belie:0.0000,bel:0.1551;▁Bel:0.0357;▁belie:0.0178;ihood:0.0157;Bel:0.0122
unbelievable,multi_token_by_design,4,1,8012,bel,16966,iev,layer_23,bel,4.7e-05,1,14,14,bel,0.116324,1,10,10,bel:0.0000;▁Bel:0.0000;▁belie:0.0000;ihood:0.0000;Bel:0.0000,bel:0.1163;▁Bel:0.0426;▁belie:0.0390;ihood:0.0173;Bel:0.0162
unbelievable,multi_token_by_design,4,1,8012,bel,16966,iev,layer_25,▁belie,6.3e-05,2,11,11,▁belie,0.482154,2,10,10,▁belie:0.0001;bel:0.0001;▁Bel:0.0001;Bel:0.0001;▁bel:0.0001,▁belie:0.4822;bel:0.3607;▁Bel:0.0905;Bel:0.0160;▁bel:0.0068
unbelievable,multi_token_by_design,4,1,8012,bel,16966,iev,layer_27,▁belie,7.8e-05,2,8,8,▁belie,0.546252,2,8,8,▁belie:0.0001;bel:0.0001;▁Bel:0.0001;Bel:0.0001;ief:0.0001,▁belie:0.5463;bel:0.3138;▁Bel:0.0861;Bel:0.0215;ief:0.0045
unbelievable,multi_token_by_design,4,1,8012,bel,16966,iev,layer_28,iev,0.000102,5,1,1,iev,0.827362,5,1,1,iev:0.0001;ief:0.0001;▁belie:0.0001;ieve:0.0001;bel:0.0001,iev:0.8274;ief:0.0845;▁belie:0.0460;ieve:0.0247;bel:0.0074
unbelievable,multi_token_by_design,4,1,8012,bel,16966,iev,layer_29,iev,0.000134,5,1,1,iev,0.929266,5,1,1,iev:0.0001;ief:0.0001;▁belie:0.0001;ieve:0.0001;bel:0.0001,iev:0.9293;ief:0.0400;▁belie:0.0150;ieve:0.0101;bel:0.0021
unbelievable,multi_token_by_design,4,1,8012,bel,16966,iev,layer_31,iev,0.000252,438,1,1,iev,0.867574,473,1,1,iev:0.0003;ief:0.0002;ie:0.0002;ieve:0.0001;iefs:0.0001,iev:0.8676;ief:0.1044;ie:0.0257;ieve:0.0017;iefs:0.0002
unbelievable,multi_token_by_design,4,1,8012,bel,16966,iev,layer_32,ie,0.000611,421,2,2,iev,0.703501,503,1,1,ie:0.0006;iev:0.0006;ief:0.0005;ieve:0.0003;i:0.0003,iev:0.7035;ie:0.2048;ief:0.0739;ieve:0.0113;iefs:0.0010
unbelievable,multi_token_by_design,4,1,8012,bel,16966,iev,final_logits,iev,0.709488,503,1,1,,,,,,iev:0.7095;ie:0.2033;ief:0.0702;ieve:0.0108;iefs:0.0009,
unbelievable,multi_token_by_design,4,2,16966,iev,1290,able,emb,se,3.1e-05,21495,11427,11427,se,0.001593,20107,9736,9736,se:0.0000;▁dav:0.0000;▁cock:0.0000;зон:0.0000;mk:0.0000,se:0.0016;▁dav:0.0014;▁dangerous:0.0010;▁cock:0.0010;mk:0.0009
unbelievable,multi_token_by_design,4,2,16966,iev,1290,able,layer_1,▁kennis,3.1e-05,13496,20776,20776,ẩ,0.004023,5427,8266,8266,▁kennis:0.0000;ẩ:0.0000;▁dévelop:0.0000;лази:0.0000;▁gepubliceerd:0.0000,ẩ:0.0040;▁kennis:0.0025;še:0.0025;▁despair:0.0017;ideo:0.0012
unbelievable,multi_token_by_design,4,2,16966,iev,1290,able,layer_2,ably,3.1e-05,27524,2938,2938,ably,0.003024,20478,1597,1597,ably:0.0000;aug:0.0000;╝:0.0000;▁frank:0.0000;se:0.0000,ably:0.0030;▁frank:0.0017;se:0.0016;▁cast:0.0015;▁Catherine:0.0013
unbelievable,multi_token_by_design,4,2,16966,iev,1290,able,layer_4,ably,3.1e-05,26190,2630,2630,ably,0.015064,19052,860,860,ably:0.0000;▁kennis:0.0000;рович:0.0000;Warnings:0.0000;руд:0.0000,ably:0.0151;▁wholes:0.0027;lj:0.0020;Warnings:0.0018;руд:0.0017
unbelievable,multi_token_by_design,4,2,16966,iev,1290,able,layer_7,ably,3.2e-05,5448,390,390,ably,0.016258,2044,62,62,ably:0.0000;げ:0.0000;ly:0.0000;vod:0.0000;lj:0.0000,ably:0.0163;ly:0.0035;lj:0.0029;▁sight:0.0024;icz:0.0022
unbelievable,multi_token_by_design,4,2,16966,iev,1290,able,layer_11,ably,3.3e-05,4002,2832,2832,ably,0.005857,1196,667,667,ably:0.0000;gc:0.0000;eden:0.0000;!!!:0.0000;bia:0.0000,ably:0.0059;bia:0.0034;▁abs:0.0028;ely:0.0021;ly:0.0018
unbelievable,multi_token_by_design,4,2,16966,iev,1290,able,layer_14,­,3.4e-05,3115,3276,3276,ably,0.003921,825,1008,1008,­:0.0000;▁[…]:0.0000;!!!:0.0000;ably:0.0000;Ď:0.0000,ably:0.0039;!!!:0.0029;▁amounts:0.0028;▁amount:0.0026;amaz:0.0022
unbelievable,multi_token_by_design,4,2,16966,iev,1290,able,layer_18,ably,3.8e-05,4169,299,299,ably,0.042814,1425,40,40,ably:0.0000;ly:0.0000;▁[…]:0.0000;LY:0.0000;­:0.0000,ably:0.0428;ly:0.0298;LY:0.0106;▁amazing:0.0063;▁amount:0.0062
unbelievable,multi_token_by_design,4,2,16966,iev,1290,able,layer_21,ably,4.8e-05,337,22,22,ably,0.294558,158,11,11,ably:0.0000;bel:0.0000;ingly:0.0000;ly:0.0000;▁[…]:0.0000,ably:0.2946;bel:0.0447;▁amazing:0.0262;ly:0.0227;ingly:0.0215
unbelievable,multi_token_by_design,4,2,16966,iev,1290,able,layer_23,ably,5.9e-05,362,3,3,ably,0.820718,137,3,3,ably:0.0001;ingly:0.0001;able:0.0000;ly:0.0000;▁amount:0.0000,ably:0.8207;ingly:0.0458;able:0.0135;▁amazing:0.0057;ly:0.0056
unbelievable,multi_token_by_design,4,2,16966,iev,1290,able,layer_25,ably,7.1e-05,509,2,2,ably,0.920578,191,2,2,ably:0.0001;able:0.0001;ingly:0.0000;ment:0.0000;ibly:0.0000,ably:0.9206;able:0.0612;ingly:0.0010;ment:0.0007;▁amazing:0.0006
unbelievable,multi_token_by_design,4,2,16966,iev,1290,able,layer_27,ably,9e-05,113,2,2,ably,0.684221,68,2,2,ably:0.0001;able:0.0001;ables:0.0001;ble:0.0001;ibly:0.0001,ably:0.6842;able:0.3137;ables:0.0002;ingly:0.0001;ibly:0.0001
unbelievable,multi_token_by_design,4,2,16966,iev,1290,able,layer_28,ably,0.000101,37,2,2,ably,0.607485,30,2,2,ably:0.0001;able:0.0001;ingly:0.0001;ables:0.0001;ibly:0.0001,ably:0.6075;able:0.3907;ingly:0.0003;ables:0.0001;ibly:0.0001
unbelievable,multi_token_by_design,4,2,16966,iev,1290,able,layer_29,ably,0.000201,53,2,2,ably,0.5707,49,2,2,ably:0.0002;able:0.0002;ables:0.0001;ble:0.0001;ABLE:0.0001,ably:0.5707;able:0.4290;ables:0.0002;ble:0.0000;ABLE:0.0000
unbelievable,multi_token_by_design,4,2,16966,iev,1290,able,layer_31,able,0.000803,786,1,1,able,0.883915,429,1,1,able:0.0008;ably:0.0007;ables:0.0003;ability:0.0002;ble:0.0002,able:0.8839;ably:0.1160;ables:0.0000;ability:0.0000;ble:0.0000
unbelievable,multi_token_by_design,4,2,16966,iev,1290,able,layer_32,able,0.005082,1745,1,1,able,0.728006,460,1,1,able:0.0051;ably:0.0037;ability:0.0010;ables:0.0008;­:0.0007,able:0.7280;ably:0.2689;ability:0.0013;ables:0.0005;ab:0.0004
unbelievable,multi_token_by_design,4,2,16966,iev,1290,able,final_logits,able,0.728813,458,1,1,,,,,,able:0.7288;ably:0.2681;ability:0.0013;ables:0.0005;ab:0.0004,
unbelievable,multi_token_by_design,4,3,1290,able,,.,emb,hci,3.1e-05,314,,27344,hci,0.000742,332,,26957,hci:0.0000;iki:0.0000;aby:0.0000;elen:0.0000;жен:0.0000,hci:0.0007;iki:0.0006;жен:0.0004;aby:0.0004;elen:0.0004
unbelievable,multi_token_by_design,4,3,1290,able,,.,layer_1,▁kennis,3.1e-05,14439,,24654,cembre,0.001564,2481,,8576,▁kennis:0.0000;лази:0.0000;▁dévelop:0.0000;plaat:0.0000;ẩ:0.0000,cembre:0.0016;uti:0.0013;▁Poss:0.0012;ẩ:0.0011;Servlet:0.0011
unbelievable,multi_token_by_design,4,3,1290,able,,.,layer_2,▁[…],3.1e-05,8979,,10901,▁tens,0.001593,3897,,10974,▁[…]:0.0000;▁twisted:0.0000;▁tens:0.0000;enter:0.0000;ifr:0.0000,▁tens:0.0016;▁trusted:0.0012;▁circa:0.0011;ifr:0.0011;▁wholes:0.0011
unbelievable,multi_token_by_design,4,3,1290,able,,.,layer_4,✦,3.1e-05,31993,,27305,▁absor,0.003066,29850,,21818,✦:0.0000;ٰ:0.0000;ץ:0.0000;▁Namen:0.0000;렬:0.0000,▁absor:0.0031;kem:0.0026;ingly:0.0023;▁wings:0.0022;▁absorb:0.0018
unbelievable,multi_token_by_design,4,3,1290,able,,.,layer_7,Ζ,3.2e-05,31479,,6943,▁array,0.002945,26928,,1141,Ζ:0.0000;ґ:0.0000;╔:0.0000;DRV:0.0000;丝:0.0000,▁array:0.0029;▁wings:0.0023;ness:0.0021;icz:0.0021;▁amount:0.0020
unbelievable,multi_token_by_design,4,3,1290,able,,.,layer_11,╔,3.2e-05,31843,,875,LIED,0.003506,27400,,43,╔:0.0000;iveau:0.0000;дри:0.0000;!!!:0.0000;▁[…]:0.0000,LIED:0.0035;▁amount:0.0028;LY:0.0024;!!!:0.0023;apes:0.0022
unbelievable,multi_token_by_design,4,3,1290,able,,.,layer_14,▁kennis,3.4e-05,29685,,848,CHANT,0.00546,22553,,35,▁kennis:0.0000;▁[…]:0.0000;CHANT:0.0000;!!!:0.0000;­:0.0000,CHANT:0.0055;!!!:0.0054;▁amount:0.0038;▁amounts:0.0029;!!!!:0.0028
unbelievable,multi_token_by_design,4,3,1290,able,,.,layer_18,▁kennis,4.3e-05,25031,,2030,▁amount,0.052158,7897,,17,▁kennis:0.0000;▁Мекси:0.0000;▁dévelop:0.0000;▁Fuß:0.0000;▁bekan:0.0000,▁amount:0.0522;▁amounts:0.0131;LY:0.0083;▁amazing:0.0079;▁incredible:0.0060
unbelievable,multi_token_by_design,4,3,1290,able,,.,layer_21,▁ál,4.8e-05,16422,,1228,▁amount,0.054199,4061,,40,▁ál:0.0000;▁kennis:0.0000;CHANT:0.0000;▁amount:0.0000;▁views:0.0000,▁amount:0.0542;▁views:0.0330;▁journey:0.0111;▁amazing:0.0103;▁experience:0.0101
unbelievable,multi_token_by_design,4,3,1290,able,,.,layer_23,▁kennis,6.4e-05,18312,,1450,▁amount,0.196969,4095,,17,▁kennis:0.0001;▁ál:0.0001;▁Fuß:0.0001;▁atmos:0.0001;▁amount:0.0001,▁amount:0.1970;▁amounts:0.0310;▁amazing:0.0223;▁experience:0.0180;▁opportunity:0.0109
unbelievable,multi_token_by_design,4,3,1290,able,,.,layer_25,▁kennis,6.9e-05,20116,,419,▁amount,0.153693,5616,,9,▁kennis:0.0001;▁ál:0.0001;▁Fuß:0.0001;▁amount:0.0001;plaat:0.0001,▁amount:0.1537;▁amounts:0.0287;▁experience:0.0191;▁views:0.0116;▁performance:0.0113
unbelievable,multi_token_by_design,4,3,1290,able,,.,layer_27,▁kennis,7.5e-05,19897,,134,▁amount,0.116894,6883,,3,▁kennis:0.0001;▁amount:0.0001;▁diffé:0.0001;plaat:0.0001;▁Fuß:0.0001,▁amount:0.1169;▁experience:0.0254;.:0.0191;▁amounts:0.0191;!:0.0148
unbelievable,multi_token_by_design,4,3,1290,able,,.,layer_28,▁amount,6.9e-05,14992,,45,▁amount,0.07939,5494,,3,▁amount:0.0001;▁kennis:0.0001;▁amounts:0.0001;▁views:0.0001;!!!:0.0001,▁amount:0.0794;▁experience:0.0315;.:0.0234;▁performance:0.0184;!:0.0178
unbelievable,multi_token_by_design,4,3,1290,able,,.,layer_29,▁amount,8e-05,13022,,19,▁amount,0.08211,7545,,3,▁amount:0.0001;▁amounts:0.0001;▁opportunity:0.0001;▁experience:0.0001;▁views:0.0001,"▁amount:0.0821;▁experience:0.0431;.:0.0232;▁performance:0.0212;,:0.0193"
unbelievable,multi_token_by_design,4,3,1290,able,,.,layer_31,.,0.000128,5095,,1,.,0.105008,7448,,1,".:0.0001;▁amount:0.0001;,:0.0001;!:0.0001;▁that:0.0001",".:0.1050;,:0.0579;▁experience:0.0366;▁amount:0.0319;!:0.0238"
unbelievable,multi_token_by_design,4,3,1290,able,,.,layer_32,.,0.000302,2962,,1,.,0.173467,8493,,1,".:0.0003;,:0.0002;!:0.0002;▁and:0.0002;▁that:0.0002",".:0.1735;,:0.0709;▁and:0.0276;▁that:0.0243;!:0.0240"
unbelievable,multi_token_by_design,4,3,1290,able,,.,final_logits,.,0.171223,8486,,1,,,,,,".:0.1712;,:0.0714;▁and:0.0280;▁that:0.0247;!:0.0247",
biotechnology,multi_token_by_design,4,0,5008,▁bi,2358,ology,emb,hem,3.1e-05,7,6305,5571,chan,0.001076,9,9283,7327,hem:0.0000;chan:0.0000;xc:0.0000;woh:0.0000;<0xA4>:0.0000,chan:0.0011;woh:0.0010;xc:0.0009;hem:0.0009;<0xA4>:0.0008
biotechnology,multi_token_by_design,4,0,5008,▁bi,2358,ology,layer_1,ẩ,3.2e-05,11387,8071,26082,ẩ,0.149193,4529,1969,21606,ẩ:0.0000;plaat:0.0000;▁kennis:0.0000;ķ:0.0000;ША:0.0000,ẩ:0.1492;▁/******/:0.0404;cembre:0.0039;ász:0.0037;še:0.0036
biotechnology,multi_token_by_design,4,0,5008,▁bi,2358,ology,layer_2,▁kennis,0.000112,29565,25824,31634,▁kennis,0.000536,12460,21685,25783,▁kennis:0.0001;▁Fuß:0.0001;▁biologie:0.0001;▁bekan:0.0001;plaat:0.0001,▁kennis:0.0005;▁biologie:0.0004;▁Fuß:0.0003;Ż:0.0003;▁dévelop:0.0003
biotechnology,multi_token_by_design,4,0,5008,▁bi,2358,ology,layer_4,▁kennis,0.000112,29592,25720,31638,▁kennis,0.000543,12905,21295,25939,▁kennis:0.0001;▁Fuß:0.0001;▁biologie:0.0001;▁bekan:0.0001;plaat:0.0001,▁kennis:0.0005;▁biologie:0.0004;▁Fuß:0.0003;Ż:0.0003;▁péri:0.0003
biotechnology,multi_token_by_design,4,0,5008,▁bi,2358,ology,layer_7,▁kennis,0.000111,29396,26021,31601,▁kennis,0.000562,11913,23028,25389,▁kennis:0.0001;▁Fuß:0.0001;▁biologie:0.0001;▁bekan:0.0001;plaat:0.0001,▁kennis:0.0006;▁biologie:0.0005;Ż:0.0003;▁dévelop:0.0003;▁Fuß:0.0003
biotechnology,multi_token_by_design,4,0,5008,▁bi,2358,ology,layer_11,▁kennis,0.000101,28263,26906,31391,▁kennis,0.000861,7494,26308,21079,▁kennis:0.0001;▁biologie:0.0001;▁Fuß:0.0001;▁bekan:0.0001;plaat:0.0001,▁kennis:0.0009;▁biologie:0.0008;▁ál:0.0004;Ż:0.0004;▁péri:0.0003
biotechnology,multi_token_by_design,4,0,5008,▁bi,2358,ology,layer_14,▁kennis,9.2e-05,26778,27282,31454,▁kennis,0.001276,4847,27820,23323,▁kennis:0.0001;▁biologie:0.0001;▁Fuß:0.0001;▁bekan:0.0001;plaat:0.0001,▁kennis:0.0013;▁biologie:0.0008;▁ál:0.0006;Ż:0.0004;▁gepubliceerd:0.0004
biotechnology,multi_token_by_design,4,0,5008,▁bi,2358,ology,layer_18,▁kennis,6.3e-05,21598,22959,28564,▁ál,0.000963,4886,11701,11121,▁kennis:0.0001;▁biologie:0.0001;▁Fuß:0.0001;scriptstyle:0.0001;plaat:0.0001,▁ál:0.0010;▁kennis:0.0009;▁biologie:0.0007;scriptstyle:0.0007;rdev:0.0006
biotechnology,multi_token_by_design,4,0,5008,▁bi,2358,ology,layer_21,▁kennis,0.000192,11324,16238,24350,▁biologie,0.00409,31,1157,2754,▁kennis:0.0002;▁biologie:0.0002;▁Fuß:0.0001;▁dévelop:0.0001;▁bekan:0.0001,▁biologie:0.0041;▁kennis:0.0025;▁ál:0.0018;rcu:0.0008;Ż:0.0007
biotechnology,multi_token_by_design,4,0,5008,▁bi,2358,ology,layer_23,▁kennis,0.000281,9170,16928,23764,▁biologie,0.003943,6,1424,1826,▁kennis:0.0003;▁biologie:0.0002;▁Fuß:0.0002;▁dévelop:0.0002;▁bekan:0.0002,▁biologie:0.0039;▁kennis:0.0023;▁ál:0.0015;hci:0.0007;Ż:0.0007
biotechnology,multi_token_by_design,4,0,5008,▁bi,2358,ology,layer_25,▁kennis,0.000272,9016,16348,23482,▁biologie,0.003707,4,1178,1976,▁kennis:0.0003;▁biologie:0.0002;▁Fuß:0.0002;▁bekan:0.0002;plaat:0.0002,▁biologie:0.0037;▁kennis:0.0019;▁ál:0.0014;▁bi:0.0007;hci:0.0007
biotechnology,multi_token_by_design,4,0,5008,▁bi,2358,ology,layer_27,▁kennis,0.000241,9270,13250,17483,▁biologie,0.003746,6,351,314,▁kennis:0.0002;▁biologie:0.0002;▁Fuß:0.0002;▁dévelop:0.0001;▁bekan:0.0001,▁biologie:0.0037;▁kennis:0.0027;▁ál:0.0017;hci:0.0008;Ż:0.0006
biotechnology,multi_token_by_design,4,0,5008,▁bi,2358,ology,layer_28,▁kennis,0.000173,10390,12738,13759,▁biologie,0.004848,53,392,132,▁kennis:0.0002;▁biologie:0.0002;▁Fuß:0.0001;▁dévelop:0.0001;plaat:0.0001,▁biologie:0.0048;▁ál:0.0021;▁kennis:0.0019;hci:0.0013;plane:0.0010
biotechnology,multi_token_by_design,4,0,5008,▁bi,2358,ology,layer_29,▁kennis,0.000113,5768,5663,6552,ased,0.00273,21,20,25,▁kennis:0.0001;▁biologie:0.0001;▁Fuß:0.0001;scriptstyle:0.0001;▁dévelop:0.0001,ased:0.0027;oc:0.0025;▁biologie:0.0023;oph:0.0022;otic:0.0020
biotechnology,multi_token_by_design,4,0,5008,▁bi,2358,ology,layer_31,▁kennis,8.7e-05,13142,744,737,om,0.043492,1917,12,8,▁kennis:0.0001;▁biologie:0.0001;scriptstyle:0.0001;▁dévelop:0.0001;områ:0.0001,om:0.0435;ost:0.0296;ops:0.0179;oc:0.0173;-:0.0172
biotechnology,multi_token_by_design,4,0,5008,▁bi,2358,ology,layer_32,ology,8.6e-05,213,11,1,ology,0.173239,230,6,1,ology:0.0001;-:0.0001;ography:0.0001;oc:0.0001;om:0.0001,ology:0.1732;ography:0.0849;om:0.0824;oc:0.0804;ased:0.0571
biotechnology,multi_token_by_design,4,0,5008,▁bi,2358,ology,final_logits,ology,0.171794,229,6,1,,,,,,ology:0.1718;ography:0.0864;om:0.0811;oc:0.0811;ased:0.0558,
biotechnology,multi_token_by_design,4,1,2358,ote,2586,chn,emb,usz,3.1e-05,2164,30,30,usz,0.000996,2166,54,54,usz:0.0000;zen:0.0000;▁Mail:0.0000;eva:0.0000;Finder:0.0000,usz:0.0010;▁Mail:0.0008;zen:0.0006;Finder:0.0005;eva:0.0005
biotechnology,multi_token_by_design,4,1,2358,ote,2586,chn,layer_1,▁biologie,3.1e-05,7553,1631,1631,ycz,0.002632,1624,279,279,▁biologie:0.0000;ژ:0.0000;ķ:0.0000;ẩ:0.0000;▁kennis:0.0000,ycz:0.0026;ẩ:0.0026;▁fun:0.0013;cies:0.0010;▁threads:0.0010
biotechnology,multi_token_by_design,4,1,2358,ote,2586,chn,layer_2,zza,3.1e-05,2610,92,92,▁str,0.004454,2413,156,156,zza:0.0000;gas:0.0000;▁str:0.0000;▁Aleks:0.0000;ิ:0.0000,▁str:0.0045;zza:0.0044;iento:0.0024;gas:0.0024;atis:0.0023
biotechnology,multi_token_by_design,4,1,2358,ote,2586,chn,layer_4,־,3.1e-05,1766,32,32,chn,0.004078,572,1,1,־:0.0000;:0.0000;▁biologie:0.0000;▁Fuß:0.0000;ľ:0.0000,chn:0.0041;het:0.0029;▁str:0.0028;▁tow:0.0023;▁mess:0.0021
biotechnology,multi_token_by_design,4,1,2358,ote,2586,chn,layer_7,▁biologie,3.2e-05,1225,332,332,▁companies,0.005575,289,58,58,▁biologie:0.0000;ژ:0.0000;:0.0000;iveau:0.0000;ˇ:0.0000,▁companies:0.0056;▁industry:0.0027;▁giant:0.0022;ema:0.0022;▁company:0.0021
biotechnology,multi_token_by_design,4,1,2358,ote,2586,chn,layer_11,­,3.3e-05,5767,442,442,▁companies,0.012513,4500,203,203,­:0.0000;\-:0.0000;ژ:0.0000;iveau:0.0000;:0.0000,▁companies:0.0125;▁sector:0.0059;▁sectors:0.0032;▁industry:0.0030;pha:0.0028
biotechnology,multi_token_by_design,4,1,2358,ote,2586,chn,layer_14,­,3.5e-05,1751,646,646,▁companies,0.01184,809,216,216,­:0.0000;‐:0.0000;ژ:0.0000;:0.0000;Â:0.0000,▁companies:0.0118;pha:0.0055;▁sector:0.0049;­:0.0037;▁industry:0.0034
biotechnology,multi_token_by_design,4,1,2358,ote,2586,chn,layer_18,▁biologie,3.8e-05,7677,94,94,▁Bio,0.006953,2304,4,4,▁biologie:0.0000;ژ:0.0000;Ż:0.0000;:0.0000;₃:0.0000,▁Bio:0.0070;▁companies:0.0068;zin:0.0040;chn:0.0039;bio:0.0034
biotechnology,multi_token_by_design,4,1,2358,ote,2586,chn,layer_21,chn,4.6e-05,531,1,1,▁bi,0.177194,385,2,2,chn:0.0000;▁bi:0.0000;▁Bi:0.0000;bio:0.0000;▁bio:0.0000,▁bi:0.1772;chn:0.1208;▁Bi:0.0356;▁bio:0.0337;▁Bio:0.0293
biotechnology,multi_token_by_design,4,1,2358,ote,2586,chn,layer_23,chn,5.6e-05,333,1,1,chn,0.372725,171,1,1,chn:0.0001;▁bi:0.0001;▁biologie:0.0000;bio:0.0000;▁Bio:0.0000,chn:0.3727;▁bi:0.1691;▁Bio:0.0537;▁bio:0.0490;bio:0.0321
biotechnology,multi_token_by_design,4,1,2358,ote,2586,chn,layer_25,chn,7.1e-05,141,1,1,chn,0.784231,67,1,1,chn:0.0001;▁bi:0.0001;ch:0.0001;▁biologie:0.0001;bio:0.0001,chn:0.7842;▁bi:0.0423;ch:0.0164;▁bio:0.0121;▁Bio:0.0099
biotechnology,multi_token_by_design,4,1,2358,ote,2586,chn,layer_27,chn,9.9e-05,55,1,1,chn,0.943249,41,1,1,chn:0.0001;ch:0.0001;chs:0.0001;▁bi:0.0001;bio:0.0001,chn:0.9432;ch:0.0388;▁bi:0.0035;chs:0.0010;▁bio:0.0008
biotechnology,multi_token_by_design,4,1,2358,ote,2586,chn,layer_28,chn,0.000121,35,1,1,chn,0.985705,26,1,1,chn:0.0001;ch:0.0001;chs:0.0001;▁tecn:0.0001;▁technology:0.0001,chn:0.9857;ch:0.0104;▁tech:0.0004;▁technology:0.0003;chs:0.0003
biotechnology,multi_token_by_design,4,1,2358,ote,2586,chn,layer_29,chn,0.00015,78,1,1,chn,0.990037,70,1,1,chn:0.0001;ch:0.0001;chs:0.0001;▁tech:0.0001;cha:0.0001,chn:0.9900;ch:0.0081;chs:0.0003;▁tech:0.0002;▁technology:0.0001
biotechnology,multi_token_by_design,4,1,2358,ote,2586,chn,layer_31,ch,0.000406,57,2,2,ch,0.61871,52,2,2,ch:0.0004;chn:0.0004;chs:0.0002;CH:0.0001;le:0.0001,ch:0.6187;chn:0.3791;chs:0.0021;CH:0.0000;le:0.0000
biotechnology,multi_token_by_design,4,1,2358,ote,2586,chn,layer_32,ch,0.001558,110,2,2,chn,0.646783,70,1,1,ch:0.0016;chn:0.0014;chs:0.0005;am:0.0004;le:0.0004,chn:0.6468;ch:0.3448;chs:0.0061;le:0.0003;ams:0.0003
biotechnology,multi_token_by_design,4,1,2358,ote,2586,chn,final_logits,chn,0.645965,70,1,1,,,,,,chn:0.6460;ch:0.3458;chs:0.0059;le:0.0003;ams:0.0003,
biotechnology,multi_token_by_design,4,2,2586,chn,2929,ology,emb,<0xA1>,3.1e-05,815,4875,4875,<0xA1>,0.000931,669,4964,4964,<0xA1>:0.0000;▁adjust:0.0000;wich:0.0000;porte:0.0000;hre:0.0000,<0xA1>:0.0009;porte:0.0009;⊙:0.0007;hre:0.0007;нва:0.0007
biotechnology,multi_token_by_design,4,2,2586,chn,2929,ology,layer_1,▁kennis,3.1e-05,11183,5731,5731,ță,0.003316,5073,465,465,▁kennis:0.0000;plaat:0.0000;▁biologie:0.0000;ژ:0.0000;ģ:0.0000,ță:0.0033;eres:0.0024;▁febr:0.0023;▁kennis:0.0019;ẩ:0.0019
biotechnology,multi_token_by_design,4,2,2586,chn,2929,ology,layer_2,▁withdrawal,3.1e-05,842,241,241,ieux,0.00268,931,206,206,▁withdrawal:0.0000;▁compromise:0.0000;unic:0.0000;▁Henri:0.0000;agi:0.0000,ieux:0.0027;▁compromise:0.0025;usta:0.0023;iento:0.0023;agi:0.0021
biotechnology,multi_token_by_design,4,2,2586,chn,2929,ology,layer_4,unic,3.1e-05,15,147,147,unic,0.005697,10,58,58,unic:0.0000;onne:0.0000;oup:0.0000;울:0.0000;sap:0.0000,unic:0.0057;onne:0.0046;oup:0.0043;▁Sie:0.0031;anza:0.0030
biotechnology,multi_token_by_design,4,2,2586,chn,2929,ology,layer_7,eria,3.2e-05,1206,129,129,eria,0.011881,458,29,29,eria:0.0000;unic:0.0000;✪:0.0000;ژ:0.0000;<0xDA>:0.0000,eria:0.0119;unic:0.0033;▁Sie:0.0021;bru:0.0020;omes:0.0020
biotechnology,multi_token_by_design,4,2,2586,chn,2929,ology,layer_11,­,3.3e-05,425,33,33,eria,0.004311,185,14,14,­:0.0000;eria:0.0000;\-:0.0000;Â:0.0000;ery:0.0000,eria:0.0043;▁bio:0.0033;asia:0.0033;▁biological:0.0032;kit:0.0028
biotechnology,multi_token_by_design,4,2,2586,chn,2929,ology,layer_14,­,3.4e-05,2908,79,79,kit,0.003458,920,16,16,­:0.0000;▁bewerken:0.0000;Â:0.0000;:0.0000;ʹ:0.0000,kit:0.0035;eria:0.0020;ery:0.0017;som:0.0015;asia:0.0015
biotechnology,multi_token_by_design,4,2,2586,chn,2929,ology,layer_18,,3.7e-05,2021,173,173,LIED,0.004333,461,10,10,:0.0000;₄:0.0000;₃:0.0000;ٹ:0.0000;ژ:0.0000,LIED:0.0043;▁engineering:0.0034;▁molecular:0.0031;▁Bio:0.0026;bio:0.0025
biotechnology,multi_token_by_design,4,2,2586,chn,2929,ology,layer_21,ology,4.6e-05,53,1,1,ology,0.084645,59,1,1,ology:0.0000;iques:0.0000;bio:0.0000;▁revolution:0.0000;▁industries:0.0000,ology:0.0846;bio:0.0419;▁industries:0.0332;iques:0.0238;▁companies:0.0156
biotechnology,multi_token_by_design,4,2,2586,chn,2929,ology,layer_23,ology,5.3e-05,29,1,1,ology,0.20288,30,1,1,ology:0.0001;iques:0.0001;bio:0.0000;▁revolution:0.0000;ical:0.0000,ology:0.2029;iques:0.0674;bio:0.0494;▁bio:0.0228;▁companies:0.0202
biotechnology,multi_token_by_design,4,2,2586,chn,2929,ology,layer_25,ology,5.8e-05,88,1,1,ology,0.167824,77,1,1,ology:0.0001;iques:0.0001;bio:0.0001;ological:0.0001;▁revolution:0.0001,ology:0.1678;iques:0.0753;bio:0.0598;▁industries:0.0374;▁industry:0.0355
biotechnology,multi_token_by_design,4,2,2586,chn,2929,ology,layer_27,ology,0.000101,95,1,1,ology,0.899029,83,1,1,ology:0.0001;ological:0.0001;ologies:0.0001;ologically:0.0001;ologist:0.0001,ology:0.8990;ological:0.0619;ologies:0.0142;ologists:0.0052;ologically:0.0048
biotechnology,multi_token_by_design,4,2,2586,chn,2929,ology,layer_28,ology,0.000125,262,1,1,ology,0.892055,206,1,1,ology:0.0001;ological:0.0001;ologies:0.0001;ologists:0.0001;ologist:0.0001,ology:0.8921;ological:0.0700;ologies:0.0165;ologists:0.0070;ologist:0.0043
biotechnology,multi_token_by_design,4,2,2586,chn,2929,ology,layer_29,ology,0.000155,164,1,1,ology,0.901681,172,1,1,ology:0.0002;ological:0.0001;ologies:0.0001;ologically:0.0001;ologists:0.0001,ology:0.9017;ological:0.0653;ologies:0.0209;ologists:0.0040;ologically:0.0033
biotechnology,multi_token_by_design,4,2,2586,chn,2929,ology,layer_31,ology,0.000403,476,1,1,ology,0.923403,341,1,1,ology:0.0004;ological:0.0003;ologies:0.0002;ologists:0.0002;ologist:0.0002,ology:0.9234;ological:0.0631;ologies:0.0107;ologists:0.0014;ical:0.0004
biotechnology,multi_token_by_design,4,2,2586,chn,2929,ology,layer_32,ology,0.001293,387,1,1,ology,0.829061,214,1,1,ology:0.0013;ological:0.0008;ologies:0.0006;ical:0.0006;ologists:0.0005,ology:0.8291;ological:0.0702;ologies:0.0372;ical:0.0268;ologists:0.0112
biotechnology,multi_token_by_design,4,2,2586,chn,2929,ology,final_logits,ology,0.825787,212,1,1,,,,,,ology:0.8258;ological:0.0722;ologies:0.0386;ical:0.0265;ologists:0.0111,
biotechnology,multi_token_by_design,4,3,2929,ology,,",",emb,ittel,3.1e-05,20017,,29698,ittel,0.001031,16592,,29826,ittel:0.0000;lm:0.0000;yer:0.0000;nero:0.0000;▁Aur:0.0000,ittel:0.0010;lm:0.0006;▁Aur:0.0005;mn:0.0005;nero:0.0005
biotechnology,multi_token_by_design,4,3,2929,ology,,",",layer_1,▁kennis,3.1e-05,26576,,30627,atel,0.001683,20442,,24050,▁kennis:0.0000;ниш:0.0000;▁delen:0.0000;ژ:0.0000;ķ:0.0000,atel:0.0017;▁disg:0.0014;iew:0.0012;▁stabil:0.0010;ниш:0.0010
biotechnology,multi_token_by_design,4,3,2929,ology,,",",layer_2,▁[…],3.1e-05,18024,,14627,▁[…],0.002983,17933,,14931,▁[…]:0.0000;erd:0.0000;▁dici:0.0000;▁withdrawal:0.0000;apon:0.0000,▁[…]:0.0030;erd:0.0025;▁stuff:0.0020;apon:0.0017;▁withdrawal:0.0015
biotechnology,multi_token_by_design,4,3,2929,ology,,",",layer_4,ниш,3.1e-05,10638,,4707,▁respectively,0.002848,4409,,818,ниш:0.0000;ษ:0.0000;йн:0.0000;Ζ:0.0000;▁Fuß:0.0000,▁respectively:0.0028;▁industry:0.0016;йн:0.0015;<0x9E>:0.0013;ниш:0.0013
biotechnology,multi_token_by_design,4,3,2929,ology,,",",layer_7,Υ,3.2e-05,6462,,9028,▁technology,0.032443,1108,,866,Υ:0.0000;▁technology:0.0000;ниш:0.0000;Ν:0.0000;ژ:0.0000,▁technology:0.0324;▁companies:0.0138;▁giant:0.0131;▁firms:0.0091;▁technologies:0.0051
biotechnology,multi_token_by_design,4,3,2929,ology,,",",layer_11,▁sector,3.3e-05,10062,,175,▁companies,0.010812,5818,,31,▁sector:0.0000;▁giant:0.0000;▁organisation:0.0000;▁companies:0.0000;▁organisations:0.0000,▁companies:0.0108;▁sector:0.0092;▁giant:0.0063;▁innovation:0.0046;▁technologies:0.0041
biotechnology,multi_token_by_design,4,3,2929,ology,,",",layer_14,ť,3.4e-05,16713,,3469,▁innovation,0.011391,9858,,759,ť:0.0000;▁biologie:0.0000;▁kennis:0.0000;Ť:0.0000;Ζ:0.0000,▁innovation:0.0114;▁technology:0.0068;ť:0.0058;▁technologies:0.0046;▁innov:0.0039
biotechnology,multi_token_by_design,4,3,2929,ology,,",",layer_18,▁biologie,4.2e-05,25079,,7752,▁companies,0.020018,14737,,346,▁biologie:0.0000;ٹ:0.0000;▁kennis:0.0000;▁Mär:0.0000;scriptstyle:0.0000,▁companies:0.0200;▁industry:0.0096;▁industries:0.0085;▁firms:0.0079;▁technologies:0.0077
biotechnology,multi_token_by_design,4,3,2929,ology,,",",layer_21,▁biologie,5.9e-05,6423,,1724,▁technologies,0.161245,1222,,138,▁biologie:0.0001;▁technologies:0.0000;▁dévelop:0.0000;bio:0.0000;▁kennis:0.0000,▁technologies:0.1612;▁companies:0.1074;▁industry:0.1046;▁technology:0.0997;▁industries:0.0360
biotechnology,multi_token_by_design,4,3,2929,ology,,",",layer_23,▁biologie,7.5e-05,5746,,2223,▁companies,0.309574,773,,105,▁biologie:0.0001;▁kennis:0.0001;▁dévelop:0.0001;▁Fuß:0.0001;▁companies:0.0001,▁companies:0.3096;▁industry:0.0857;▁technologies:0.0662;▁technology:0.0553;▁company:0.0295
biotechnology,multi_token_by_design,4,3,2929,ology,,",",layer_25,▁biologie,8.6e-05,6977,,1531,▁companies,0.300367,1162,,83,▁biologie:0.0001;▁kennis:0.0001;▁companies:0.0001;▁Fuß:0.0001;▁dévelop:0.0001,▁companies:0.3004;▁industry:0.2494;▁industries:0.0548;▁sector:0.0427;▁company:0.0332
biotechnology,multi_token_by_design,4,3,2929,ology,,",",layer_27,▁biologie,9.6e-05,10544,,227,▁industry,0.336794,2685,,20,▁biologie:0.0001;▁kennis:0.0001;▁industry:0.0001;▁companies:0.0001;▁sector:0.0001,▁industry:0.3368;▁companies:0.2280;▁company:0.0802;▁sector:0.0588;▁industries:0.0451
biotechnology,multi_token_by_design,4,3,2929,ology,,",",layer_28,▁companies,8.8e-05,8107,,42,▁companies,0.372711,2717,,9,▁companies:0.0001;▁industry:0.0001;▁biologie:0.0001;▁sector:0.0001;▁company:0.0001,▁companies:0.3727;▁industry:0.1761;▁company:0.0702;▁sector:0.0639;▁industries:0.0486
biotechnology,multi_token_by_design,4,3,2929,ology,,",",layer_29,▁companies,0.000101,4426,,13,▁companies,0.34754,2903,,7,▁companies:0.0001;▁company:0.0001;▁firms:0.0001;▁sector:0.0001;▁industry:0.0001,▁companies:0.3475;▁company:0.1395;▁industry:0.0998;▁firms:0.0600;▁sector:0.0430
biotechnology,multi_token_by_design,4,3,2929,ology,,",",layer_31,▁and,0.000193,2954,,2,▁company,0.164104,3665,,3,"▁and:0.0002;,:0.0002;▁company:0.0002;▁companies:0.0002;▁industry:0.0002","▁company:0.1641;▁companies:0.1541;,:0.1204;▁and:0.1054;▁industry:0.0918"
biotechnology,multi_token_by_design,4,3,2929,ology,,",",layer_32,.,0.000436,2603,,2,",",0.167711,4494,,1,".:0.0004;,:0.0004;▁and:0.0004;<0x0A>:0.0003;▁(:0.0003",",:0.1677;▁and:0.0935;.:0.0809;▁industry:0.0559;▁companies:0.0553"
biotechnology,multi_token_by_design,4,3,2929,ology,,",",final_logits,",",0.163974,4494,,1,,,,,,",:0.1640;▁and:0.0934;.:0.0825;▁companies:0.0567;▁industry:0.0567",
.,punctuation,1,0,1610,▁.,,▁.,emb,amon,3.1e-05,20430,,20430,amon,0.000649,23490,,23490,amon:0.0000;lean:0.0000;aux:0.0000;enne:0.0000;▁patron:0.0000,amon:0.0006;imos:0.0006;aux:0.0005;enne:0.0005;lean:0.0004
.,punctuation,1,0,1610,▁.,,▁.,layer_1,ẩ,3.1e-05,11659,,11659,▁/******/,0.023927,1438,,1438,ẩ:0.0000;ķ:0.0000;▁biologie:0.0000;▁diffé:0.0000;ĩ:0.0000,▁/******/:0.0239;ẩ:0.0173;ĩ:0.0047;lette:0.0026;cembre:0.0026
.,punctuation,1,0,1610,▁.,,▁.,layer_2,▁kennis,0.000104,32361,,32361,▁kennis,0.000361,18733,,18733,▁kennis:0.0001;▁Fuß:0.0001;▁biologie:0.0001;▁bekan:0.0001;plaat:0.0001,▁kennis:0.0004;▁biologie:0.0003;Ż:0.0003;▁péri:0.0003;▁Fuß:0.0003
.,punctuation,1,0,1610,▁.,,▁.,layer_4,▁kennis,0.000104,32367,,32367,▁biologie,0.000366,20228,,20228,▁kennis:0.0001;▁Fuß:0.0001;▁biologie:0.0001;▁bekan:0.0001;plaat:0.0001,▁biologie:0.0004;▁kennis:0.0004;Ż:0.0003;▁péri:0.0003;▁Fuß:0.0003
.,punctuation,1,0,1610,▁.,,▁.,layer_7,▁kennis,0.000104,32372,,32372,▁biologie,0.00039,21650,,21650,▁kennis:0.0001;▁Fuß:0.0001;▁biologie:0.0001;▁bekan:0.0001;plaat:0.0001,▁biologie:0.0004;▁kennis:0.0004;Ż:0.0003;▁péri:0.0003;▁Fuß:0.0003
.,punctuation,1,0,1610,▁.,,▁.,layer_11,▁kennis,9.7e-05,32086,,32086,▁biologie,0.00058,10689,,10689,▁kennis:0.0001;▁biologie:0.0001;▁Fuß:0.0001;▁bekan:0.0001;plaat:0.0001,▁biologie:0.0006;▁kennis:0.0005;Ż:0.0004;▁péri:0.0003;▁ál:0.0003
.,punctuation,1,0,1610,▁.,,▁.,layer_14,▁kennis,8.9e-05,31895,,31895,▁kennis,0.000752,10465,,10465,▁kennis:0.0001;▁biologie:0.0001;▁Fuß:0.0001;▁bekan:0.0001;▁dévelop:0.0001,▁kennis:0.0008;▁biologie:0.0006;Ż:0.0004;▁ál:0.0003;▁péri:0.0003
.,punctuation,1,0,1610,▁.,,▁.,layer_18,▁kennis,5.5e-05,30427,,30427,Ż,0.000556,4215,,4215,▁kennis:0.0001;▁biologie:0.0001;▁Fuß:0.0001;▁dévelop:0.0001;scriptstyle:0.0000,Ż:0.0006;rdev:0.0004;scriptstyle:0.0004;↔:0.0004;Ą:0.0004
.,punctuation,1,0,1610,▁.,,▁.,layer_21,▁kennis,0.000168,26463,,26463,▁kennis,0.001122,278,,278,▁kennis:0.0002;▁biologie:0.0001;▁Fuß:0.0001;▁dévelop:0.0001;▁bekan:0.0001,▁kennis:0.0011;▁biologie:0.0008;Ż:0.0007;▁dévelop:0.0004;▁ál:0.0004
.,punctuation,1,0,1610,▁.,,▁.,layer_23,▁kennis,0.000225,28825,,28825,▁kennis,0.00097,534,,534,▁kennis:0.0002;▁biologie:0.0002;▁Fuß:0.0002;▁dévelop:0.0002;▁bekan:0.0002,▁kennis:0.0010;▁biologie:0.0007;Ż:0.0007;:0.0005;▁dévelop:0.0004
.,punctuation,1,0,1610,▁.,,▁.,layer_25,▁kennis,0.000218,28700,,28700,▁kennis,0.001062,698,,698,▁kennis:0.0002;▁biologie:0.0002;▁Fuß:0.0002;▁dévelop:0.0001;▁bekan:0.0001,▁kennis:0.0011;:0.0007;▁biologie:0.0007;Ż:0.0007;▁ál:0.0005
.,punctuation,1,0,1610,▁.,,▁.,layer_27,▁kennis,0.000198,15023,,15023,▁kennis,0.001288,5,,5,▁kennis:0.0002;▁biologie:0.0002;▁Fuß:0.0002;▁dévelop:0.0001;▁bekan:0.0001,▁kennis:0.0013;▁biologie:0.0007;Ż:0.0007;:0.0007;▁.:0.0006
.,punctuation,1,0,1610,▁.,,▁.,layer_28,▁kennis,0.000149,10354,,10354,▁...,0.001536,2,,2,▁kennis:0.0001;▁biologie:0.0001;▁Fuß:0.0001;▁dévelop:0.0001;▁bekan:0.0001,▁...:0.0015;▁.:0.0014;▁kennis:0.0010;▁..:0.0007;▁biologie:0.0007
.,punctuation,1,0,1610,▁.,,▁.,layer_29,▁kennis,0.0001,10184,,10184,▁...,0.003029,3,,3,▁kennis:0.0001;▁biologie:0.0001;▁Fuß:0.0001;scriptstyle:0.0001;▁bekan:0.0001,▁...:0.0030;i:0.0011;▁.:0.0010;(:0.0008;▁./:0.0008
.,punctuation,1,0,1610,▁.,,▁.,layer_31,▁.,5.6e-05,1,,1,▁.,0.130963,1,,1,▁.:0.0001;▁...:0.0001;▁..:0.0001;▁…:0.0000;<0x0A>:0.0000,▁.:0.1310;<0x0A>:0.0341;▁:0.0306;▁...:0.0245;▁..:0.0082
.,punctuation,1,0,1610,▁.,,▁.,layer_32,▁.,0.000127,1,,1,▁.,0.556603,1,,1,▁.:0.0001;<0x0A>:0.0001;▁:0.0001;▁I:0.0001;▁...:0.0001,▁.:0.5566;<0x0A>:0.0551;▁:0.0222;▁$:0.0075;▁...:0.0072
.,punctuation,1,0,1610,▁.,,▁.,final_logits,▁.,0.556025,1,,1,,,,,,▁.:0.5560;<0x0A>:0.0551;▁:0.0222;▁$:0.0075;▁...:0.0072,
",",punctuation,1,0,1968,"▁,",,"▁,",emb,▁/******/,3.1e-05,3230,,3230,▁/******/,0.002941,4146,,4146,▁/******/:0.0000;СР:0.0000;üt:0.0000;atz:0.0000;odge:0.0000,▁/******/:0.0029;СР:0.0015;Debugger:0.0008;üt:0.0007;atz:0.0006
",",punctuation,1,0,1968,"▁,",,"▁,",layer_1,ẩ,3.1e-05,13152,,13152,▁/******/,0.046398,5261,,5261,ẩ:0.0000;▁kennis:0.0000;▁occas:0.0000;ķ:0.0000;▁giornata:0.0000,▁/******/:0.0464;ẩ:0.0219;▁giornata:0.0029;cembre:0.0026;ĩ:0.0025
",",punctuation,1,0,1968,"▁,",,"▁,",layer_2,▁kennis,0.000105,29633,,29633,▁kennis,0.000432,20014,,20014,▁kennis:0.0001;▁Fuß:0.0001;▁biologie:0.0001;▁bekan:0.0001;plaat:0.0001,▁kennis:0.0004;▁biologie:0.0004;Ż:0.0003;▁péri:0.0003;▁dévelop:0.0003
",",punctuation,1,0,1968,"▁,",,"▁,",layer_4,▁kennis,0.000105,29795,,29795,▁kennis,0.000431,21703,,21703,▁kennis:0.0001;▁Fuß:0.0001;▁biologie:0.0001;▁bekan:0.0001;plaat:0.0001,▁kennis:0.0004;▁biologie:0.0004;Ż:0.0003;▁péri:0.0003;▁dévelop:0.0003
",",punctuation,1,0,1968,"▁,",,"▁,",layer_7,▁kennis,0.000104,29730,,29730,▁biologie,0.000465,21108,,21108,▁kennis:0.0001;▁Fuß:0.0001;▁biologie:0.0001;▁bekan:0.0001;plaat:0.0001,▁biologie:0.0005;▁kennis:0.0004;Ż:0.0003;▁péri:0.0003;▁dévelop:0.0003
",",punctuation,1,0,1968,"▁,",,"▁,",layer_11,▁kennis,9.7e-05,29054,,29054,▁biologie,0.000738,15690,,15690,▁kennis:0.0001;▁biologie:0.0001;▁Fuß:0.0001;▁bekan:0.0001;▁dévelop:0.0001,▁biologie:0.0007;▁kennis:0.0007;Ż:0.0004;▁péri:0.0003;▁ál:0.0003
",",punctuation,1,0,1968,"▁,",,"▁,",layer_14,▁kennis,8.9e-05,28494,,28494,▁kennis,0.00093,14989,,14989,▁kennis:0.0001;▁biologie:0.0001;▁Fuß:0.0001;▁bekan:0.0001;▁dévelop:0.0001,▁kennis:0.0009;▁biologie:0.0008;Ż:0.0004;▁ál:0.0004;▁péri:0.0003
",",punctuation,1,0,1968,"▁,",,"▁,",layer_18,▁kennis,5.7e-05,25368,,25368,▁kennis,0.000656,8808,,8808,▁kennis:0.0001;▁biologie:0.0001;▁Fuß:0.0001;▁dévelop:0.0001;scriptstyle:0.0001,▁kennis:0.0007;Ż:0.0006;▁biologie:0.0005;scriptstyle:0.0005;rdev:0.0004
",",punctuation,1,0,1968,"▁,",,"▁,",layer_21,▁kennis,0.00018,25899,,25899,▁kennis,0.001386,11762,,11762,▁kennis:0.0002;▁biologie:0.0002;▁Fuß:0.0001;▁dévelop:0.0001;▁bekan:0.0001,▁kennis:0.0014;▁biologie:0.0011;▁ál:0.0006;Ż:0.0006;▁giornata:0.0005
",",punctuation,1,0,1968,"▁,",,"▁,",layer_23,▁kennis,0.000233,28041,,28041,▁kennis,0.001249,16819,,16819,▁kennis:0.0002;▁biologie:0.0002;▁Fuß:0.0002;▁dévelop:0.0002;▁bekan:0.0002,▁kennis:0.0012;▁biologie:0.0010;Ż:0.0005;▁ál:0.0005;▁dévelop:0.0004
",",punctuation,1,0,1968,"▁,",,"▁,",layer_25,▁kennis,0.000226,27177,,27177,▁kennis,0.001208,14539,,14539,▁kennis:0.0002;▁biologie:0.0002;▁Fuß:0.0002;▁dévelop:0.0002;▁bekan:0.0001,▁kennis:0.0012;▁biologie:0.0009;▁ál:0.0006;Ż:0.0005;▁giornata:0.0004
",",punctuation,1,0,1968,"▁,",,"▁,",layer_27,▁kennis,0.000204,19176,,19176,▁kennis,0.001503,850,,850,▁kennis:0.0002;▁biologie:0.0002;▁Fuß:0.0002;▁dévelop:0.0001;▁bekan:0.0001,▁kennis:0.0015;▁biologie:0.0010;▁ál:0.0005;Ż:0.0005;▁giornata:0.0004
",",punctuation,1,0,1968,"▁,",,"▁,",layer_28,▁kennis,0.000152,16914,,16914,▁kennis,0.001258,390,,390,▁kennis:0.0002;▁biologie:0.0001;▁Fuß:0.0001;▁dévelop:0.0001;scriptstyle:0.0001,▁kennis:0.0013;▁biologie:0.0012;▁ál:0.0006;Ż:0.0004;▁mús:0.0003
",",punctuation,1,0,1968,"▁,",,"▁,",layer_29,▁kennis,0.000104,10853,,10853,-),0.00075,13,,13,▁kennis:0.0001;▁biologie:0.0001;▁Fuß:0.0001;scriptstyle:0.0001;▁dévelop:0.0001,-):0.0008;▁biologie:0.0006;▁kennis:0.0005;i:0.0005;▁...:0.0004
",",punctuation,1,0,1968,"▁,",,"▁,",layer_31,"▁,",5.4e-05,1,,1,"▁,",0.114617,1,,1,"▁,:0.0001;▁which:0.0000;▁etc:0.0000;▁:0.0000;▁a:0.0000","▁,:0.1146;▁:0.0411;▁which:0.0187;<0x0A>:0.0128;▁a:0.0091"
",",punctuation,1,0,1968,"▁,",,"▁,",layer_32,▁,0.000106,2,,2,"▁,",0.102387,1,,1,"▁:0.0001;▁,:0.0001;▁and:0.0001;<0x0A>:0.0001;▁the:0.0001","▁,:0.1024;▁:0.0591;▁and:0.0287;<0x0A>:0.0235;▁the:0.0231"
",",punctuation,1,0,1968,"▁,",,"▁,",final_logits,"▁,",0.102798,1,,1,,,,,,"▁,:0.1028;▁:0.0586;▁and:0.0285;<0x0A>:0.0237;▁the:0.0229",
!,punctuation,1,0,1686,▁!,,empty,emb,olu,3.1e-05,8951,,17383,olu,0.000899,10551,,17905,olu:0.0000;▁Giov:0.0000;agne:0.0000;▁Hoch:0.0000;aki:0.0000,olu:0.0009;agne:0.0007;▁Giov:0.0007;▁Hoch:0.0006;aki:0.0006
!,punctuation,1,0,1686,▁!,,empty,layer_1,ẩ,3.1e-05,17325,,15332,ẩ,0.053917,10876,,18552,ẩ:0.0000;▁Насе:0.0000;▁biologie:0.0000;▁kennis:0.0000;ķ:0.0000,ẩ:0.0539;▁/******/:0.0277;cembre:0.0030;lette:0.0028;chio:0.0024
!,punctuation,1,0,1686,▁!,,empty,layer_2,▁kennis,9.4e-05,19846,,13988,▁kennis,0.00044,13555,,13376,▁kennis:0.0001;▁Fuß:0.0001;▁biologie:0.0001;▁bekan:0.0001;plaat:0.0001,▁kennis:0.0004;▁biologie:0.0004;Ż:0.0003;▁dévelop:0.0003;▁Fuß:0.0002
!,punctuation,1,0,1686,▁!,,empty,layer_4,▁kennis,9.4e-05,19804,,14003,▁kennis,0.000433,13317,,13385,▁kennis:0.0001;▁Fuß:0.0001;▁biologie:0.0001;▁bekan:0.0001;plaat:0.0001,▁kennis:0.0004;▁biologie:0.0004;Ż:0.0003;▁dévelop:0.0003;▁péri:0.0002
!,punctuation,1,0,1686,▁!,,empty,layer_7,▁kennis,9.4e-05,19266,,14214,▁biologie,0.000458,11713,,15149,▁kennis:0.0001;▁Fuß:0.0001;▁biologie:0.0001;▁bekan:0.0001;plaat:0.0001,▁biologie:0.0005;▁kennis:0.0004;Ż:0.0003;▁dévelop:0.0003;▁péri:0.0003
!,punctuation,1,0,1686,▁!,,empty,layer_11,▁kennis,8.7e-05,18169,,14565,▁biologie,0.000724,9150,,18130,▁kennis:0.0001;▁biologie:0.0001;▁Fuß:0.0001;▁bekan:0.0001;▁dévelop:0.0001,▁biologie:0.0007;▁kennis:0.0007;Ż:0.0004;▁ál:0.0003;▁dévelop:0.0003
!,punctuation,1,0,1686,▁!,,empty,layer_14,▁kennis,8e-05,17544,,14052,▁kennis,0.000956,7703,,14851,▁kennis:0.0001;▁biologie:0.0001;▁Fuß:0.0001;▁bekan:0.0001;▁dévelop:0.0001,▁kennis:0.0010;▁biologie:0.0007;Ż:0.0004;▁ál:0.0003;▁dévelop:0.0003
!,punctuation,1,0,1686,▁!,,empty,layer_18,▁kennis,6e-05,12752,,10895,▁kennis,0.000458,601,,1346,▁kennis:0.0001;▁biologie:0.0001;▁Fuß:0.0001;▁dévelop:0.0001;plaat:0.0001,▁kennis:0.0005;▁vé:0.0004;rdev:0.0004;scriptstyle:0.0004;↔:0.0004
!,punctuation,1,0,1686,▁!,,empty,layer_21,▁kennis,0.000213,11209,,10937,▁biologie,0.001825,202,,1171,▁kennis:0.0002;▁biologie:0.0002;▁Fuß:0.0001;▁dévelop:0.0001;▁bekan:0.0001,▁biologie:0.0018;▁kennis:0.0016;Ż:0.0006;▁dévelop:0.0004;▁ál:0.0004
!,punctuation,1,0,1686,▁!,,empty,layer_23,▁kennis,0.000286,11572,,11476,▁biologie,0.001518,208,,1660,▁kennis:0.0003;▁biologie:0.0002;▁Fuß:0.0002;▁dévelop:0.0002;▁bekan:0.0002,▁biologie:0.0015;▁kennis:0.0013;Ż:0.0005;▁dévelop:0.0004;▁ál:0.0004
!,punctuation,1,0,1686,▁!,,empty,layer_25,▁kennis,0.000276,10089,,10762,▁biologie,0.001402,33,,671,▁kennis:0.0003;▁biologie:0.0002;▁Fuß:0.0002;▁dévelop:0.0002;▁bekan:0.0002,▁biologie:0.0014;▁kennis:0.0011;Ż:0.0004;▁ál:0.0004;▁dévelop:0.0003
!,punctuation,1,0,1686,▁!,,empty,layer_27,▁kennis,0.000247,8865,,9345,▁biologie,0.001669,5,,91,▁kennis:0.0002;▁biologie:0.0002;▁Fuß:0.0002;▁dévelop:0.0002;▁bekan:0.0001,▁biologie:0.0017;▁kennis:0.0014;Ż:0.0005;▁ál:0.0004;▁!:0.0003
!,punctuation,1,0,1686,▁!,,empty,layer_28,▁kennis,0.000176,8172,,8285,▁biologie,0.001768,4,,21,▁kennis:0.0002;▁biologie:0.0002;▁Fuß:0.0001;▁dévelop:0.0001;scriptstyle:0.0001,▁biologie:0.0018;▁kennis:0.0011;Ż:0.0004;▁!:0.0004;is:0.0004
!,punctuation,1,0,1686,▁!,,empty,layer_29,▁kennis,0.000116,5614,,6655,Is,0.000746,5,,6,▁kennis:0.0001;▁biologie:0.0001;▁Fuß:0.0001;scriptstyle:0.0001;▁dévelop:0.0001,Is:0.0007;▁biologie:0.0007;i:0.0007;is:0.0007;▁!:0.0006
!,punctuation,1,0,1686,▁!,,empty,layer_31,▁kennis,6.7e-05,37,,159,▁!,0.021142,1,,3,▁kennis:0.0001;▁biologie:0.0001;▁bekan:0.0001;▁Fuß:0.0001;ٱ:0.0001,▁!:0.0211;!:0.0169;empty:0.0123;f:0.0052;<0x0A>:0.0045
!,punctuation,1,0,1686,▁!,,empty,layer_32,<0x0A>,6.9e-05,4,,8,empty,0.046554,4,,1,<0x0A>:0.0001;▁:0.0001;▁(:0.0001;▁!:0.0001;\:0.0001,empty:0.0466;<0x0A>:0.0442;is:0.0370;▁!:0.0164;this:0.0154
!,punctuation,1,0,1686,▁!,,empty,final_logits,empty,0.046388,4,,1,,,,,,empty:0.0464;<0x0A>:0.0436;is:0.0373;▁!:0.0165;this:0.0155,
?,punctuation,1,0,2318,▁?,,<0x0A>,emb,oux,3.1e-05,13221,,22417,▁/******/,0.001235,15072,,25976,oux:0.0000;aru:0.0000;▁/******/:0.0000;uru:0.0000;ugu:0.0000,▁/******/:0.0012;oux:0.0010;aru:0.0010;ugu:0.0009;itage:0.0008
?,punctuation,1,0,2318,▁?,,<0x0A>,layer_1,ẩ,3.1e-05,21079,,32050,ẩ,0.025084,11404,,25506,ẩ:0.0000;▁kennis:0.0000;◄:0.0000;plaatst:0.0000;▁biologie:0.0000,ẩ:0.0251;▁/******/:0.0192;lette:0.0027;ász:0.0022;▁giornata:0.0019
?,punctuation,1,0,2318,▁?,,<0x0A>,layer_2,▁kennis,9.3e-05,32270,,32751,▁kennis,0.000494,19965,,25236,▁kennis:0.0001;▁Fuß:0.0001;▁biologie:0.0001;▁bekan:0.0001;plaat:0.0001,▁kennis:0.0005;▁biologie:0.0004;▁dévelop:0.0003;▁péri:0.0003;Ż:0.0003
?,punctuation,1,0,2318,▁?,,<0x0A>,layer_4,▁kennis,9.3e-05,32277,,32752,▁kennis,0.000491,20872,,27433,▁kennis:0.0001;▁Fuß:0.0001;▁biologie:0.0001;▁bekan:0.0001;plaat:0.0001,▁kennis:0.0005;▁biologie:0.0004;▁péri:0.0003;▁dévelop:0.0003;Ż:0.0003
?,punctuation,1,0,2318,▁?,,<0x0A>,layer_7,▁kennis,9.3e-05,32257,,32752,▁kennis,0.000501,20567,,27023,▁kennis:0.0001;▁Fuß:0.0001;▁biologie:0.0001;▁bekan:0.0001;plaat:0.0001,▁kennis:0.0005;▁biologie:0.0005;▁dévelop:0.0003;Ż:0.0003;▁péri:0.0003
?,punctuation,1,0,2318,▁?,,<0x0A>,layer_11,▁kennis,8.6e-05,32119,,32749,▁kennis,0.00079,15435,,13491,▁kennis:0.0001;▁biologie:0.0001;▁Fuß:0.0001;▁bekan:0.0001;▁dévelop:0.0001,▁kennis:0.0008;▁biologie:0.0008;Ż:0.0004;▁péri:0.0003;▁dévelop:0.0003
?,punctuation,1,0,2318,▁?,,<0x0A>,layer_14,▁kennis,7.9e-05,32031,,32745,▁kennis,0.001081,15527,,9594,▁kennis:0.0001;▁biologie:0.0001;▁Fuß:0.0001;▁bekan:0.0001;▁dévelop:0.0001,▁kennis:0.0011;▁biologie:0.0008;Ż:0.0004;▁dévelop:0.0004;▁artikel:0.0003
?,punctuation,1,0,2318,▁?,,<0x0A>,layer_18,▁kennis,5.7e-05,26252,,32719,▁kennis,0.000527,812,,4108,▁kennis:0.0001;▁biologie:0.0001;▁Fuß:0.0001;▁dévelop:0.0001;scriptstyle:0.0001,▁kennis:0.0005;Ż:0.0005;▁biologie:0.0005;rdev:0.0004;争:0.0004
?,punctuation,1,0,2318,▁?,,<0x0A>,layer_21,▁kennis,0.000218,27212,,32729,▁kennis,0.002018,1871,,11193,▁kennis:0.0002;▁biologie:0.0002;▁Fuß:0.0002;▁dévelop:0.0001;▁bekan:0.0001,▁kennis:0.0020;▁biologie:0.0015;Ż:0.0008;▁dévelop:0.0005;▁ál:0.0004
?,punctuation,1,0,2318,▁?,,<0x0A>,layer_23,▁kennis,0.000301,27936,,32740,▁kennis,0.001756,1915,,12704,▁kennis:0.0003;▁biologie:0.0002;▁Fuß:0.0002;▁dévelop:0.0002;▁bekan:0.0002,▁kennis:0.0018;▁biologie:0.0013;Ż:0.0007;:0.0005;▁dévelop:0.0004
?,punctuation,1,0,2318,▁?,,<0x0A>,layer_25,▁kennis,0.000299,25428,,32727,▁kennis,0.001817,674,,10544,▁kennis:0.0003;▁biologie:0.0002;▁Fuß:0.0002;▁dévelop:0.0002;▁bekan:0.0002,▁kennis:0.0018;▁biologie:0.0013;Ż:0.0007;:0.0005;▁ál:0.0004
?,punctuation,1,0,2318,▁?,,<0x0A>,layer_27,▁kennis,0.000266,22162,,32712,▁kennis,0.002255,150,,4389,▁kennis:0.0003;▁biologie:0.0002;▁Fuß:0.0002;▁dévelop:0.0002;▁bekan:0.0002,▁kennis:0.0023;▁biologie:0.0015;Ż:0.0008;:0.0004;▁giornata:0.0004
?,punctuation,1,0,2318,▁?,,<0x0A>,layer_28,▁kennis,0.000191,20081,,32569,▁kennis,0.002034,119,,482,▁kennis:0.0002;▁biologie:0.0002;▁Fuß:0.0001;▁dévelop:0.0001;scriptstyle:0.0001,▁kennis:0.0020;▁biologie:0.0017;Ż:0.0005;(:0.0004;争:0.0003
?,punctuation,1,0,2318,▁?,,<0x0A>,layer_29,▁kennis,0.000124,12251,,31308,(,0.001071,12,,32,▁kennis:0.0001;▁biologie:0.0001;▁Fuß:0.0001;scriptstyle:0.0001;▁dévelop:0.0001,(:0.0011;▁biologie:0.0010;i:0.0009;▁kennis:0.0008;-):0.0006
?,punctuation,1,0,2318,▁?,,<0x0A>,layer_31,▁kennis,6.3e-05,49,,75,<0x0A>,0.057779,3,,1,▁kennis:0.0001;▁biologie:0.0001;▁Fuß:0.0001;▁artikel:0.0001;ٹ:0.0001,<0x0A>:0.0578;▁:0.0302;▁?:0.0093;▁::0.0079;▁':0.0057
?,punctuation,1,0,2318,▁?,,<0x0A>,layer_32,<0x0A>,0.00011,7,,1,<0x0A>,0.143129,5,,1,"<0x0A>:0.0001;▁:0.0001;▁"":0.0001;▁':0.0001;▁(:0.0001","<0x0A>:0.1431;▁:0.0539;▁"":0.0448;▁':0.0377;▁?:0.0223"
?,punctuation,1,0,2318,▁?,,<0x0A>,final_logits,<0x0A>,0.146814,5,,1,,,,,,"<0x0A>:0.1468;▁:0.0540;▁"":0.0448;▁':0.0371;▁?:0.0225",
;,punctuation,1,0,3521,▁;,,▁;,emb,hen,3.1e-05,18832,,18832,hen,0.000787,22034,,22034,hen:0.0000;▁cin:0.0000;lig:0.0000;▁yet:0.0000;▁sweet:0.0000,hen:0.0008;▁cin:0.0007;lig:0.0006;▁yet:0.0005;anon:0.0005
;,punctuation,1,0,3521,▁;,,▁;,layer_1,▁giornata,3.1e-05,22344,,22344,lette,0.004123,15229,,15229,▁giornata:0.0000;▁Насе:0.0000;▁biologie:0.0000;◄:0.0000;plaatst:0.0000,lette:0.0041;▁giornata:0.0039;ẩ:0.0038;▁impl:0.0023;cembre:0.0021
;,punctuation,1,0,3521,▁;,,▁;,layer_2,▁kennis,9e-05,25203,,25203,▁kennis,0.0004,23338,,23338,▁kennis:0.0001;▁Fuß:0.0001;▁biologie:0.0001;▁bekan:0.0001;plaat:0.0001,▁kennis:0.0004;▁biologie:0.0004;▁péri:0.0003;Ż:0.0002;▁Fuß:0.0002
;,punctuation,1,0,3521,▁;,,▁;,layer_4,▁kennis,9e-05,25349,,25349,▁biologie,0.000401,24074,,24074,▁kennis:0.0001;▁Fuß:0.0001;▁biologie:0.0001;▁bekan:0.0001;plaat:0.0001,▁biologie:0.0004;▁kennis:0.0004;▁péri:0.0003;Ż:0.0003;▁Fuß:0.0002
;,punctuation,1,0,3521,▁;,,▁;,layer_7,▁kennis,9e-05,25123,,25123,▁biologie,0.000425,22423,,22423,▁kennis:0.0001;▁Fuß:0.0001;▁biologie:0.0001;▁bekan:0.0001;plaat:0.0001,▁biologie:0.0004;▁kennis:0.0004;▁péri:0.0003;Ż:0.0003;▁dévelop:0.0003
;,punctuation,1,0,3521,▁;,,▁;,layer_11,▁kennis,8.3e-05,24197,,24197,▁biologie,0.00069,16104,,16104,▁kennis:0.0001;▁biologie:0.0001;▁Fuß:0.0001;▁bekan:0.0001;▁dévelop:0.0001,▁biologie:0.0007;▁kennis:0.0006;Ż:0.0003;▁péri:0.0003;▁ál:0.0003
;,punctuation,1,0,3521,▁;,,▁;,layer_14,▁kennis,7.6e-05,23030,,23030,▁kennis,0.000888,12135,,12135,▁kennis:0.0001;▁biologie:0.0001;▁Fuß:0.0001;▁bekan:0.0001;▁dévelop:0.0001,▁kennis:0.0009;▁biologie:0.0007;▁ál:0.0004;Ż:0.0004;▁péri:0.0003
;,punctuation,1,0,3521,▁;,,▁;,layer_18,▁kennis,5.5e-05,12837,,12837,▁kennis,0.000656,106,,106,▁kennis:0.0001;▁biologie:0.0001;▁Fuß:0.0001;▁dévelop:0.0000;plaat:0.0000,▁kennis:0.0007;scriptstyle:0.0005;▁vé:0.0004;Ą:0.0004;▁biologie:0.0004
;,punctuation,1,0,3521,▁;,,▁;,layer_21,▁kennis,0.000156,17700,,17700,▁biologie,0.001203,2014,,2014,▁kennis:0.0002;▁biologie:0.0001;▁Fuß:0.0001;▁dévelop:0.0001;plaat:0.0001,▁biologie:0.0012;▁kennis:0.0012;▁giornata:0.0006;▁ál:0.0005;Ż:0.0005
;,punctuation,1,0,3521,▁;,,▁;,layer_23,▁kennis,0.000209,19697,,19697,▁kennis,0.001311,3777,,3777,▁kennis:0.0002;▁biologie:0.0002;▁Fuß:0.0002;▁dévelop:0.0001;▁bekan:0.0001,▁kennis:0.0013;▁biologie:0.0011;-):0.0005;Ż:0.0005;▁ál:0.0004
;,punctuation,1,0,3521,▁;,,▁;,layer_25,▁kennis,0.000204,14785,,14785,▁kennis,0.001385,396,,396,▁kennis:0.0002;▁biologie:0.0002;▁Fuß:0.0002;▁dévelop:0.0001;scriptstyle:0.0001,▁kennis:0.0014;▁biologie:0.0009;Ż:0.0005;-):0.0005;▁ál:0.0005
;,punctuation,1,0,3521,▁;,,▁;,layer_27,▁kennis,0.000183,8147,,8147,▁kennis,0.002064,3,,3,▁kennis:0.0002;▁biologie:0.0001;▁Fuß:0.0001;▁dévelop:0.0001;scriptstyle:0.0001,▁kennis:0.0021;▁biologie:0.0008;▁;:0.0007;-):0.0006;争:0.0005
;,punctuation,1,0,3521,▁;,,▁;,layer_28,▁kennis,0.000134,4956,,4956,▁;,0.002969,1,,1,▁kennis:0.0001;▁biologie:0.0001;▁Fuß:0.0001;scriptstyle:0.0001;▁dévelop:0.0001,▁;:0.0030;-):0.0014;▁kennis:0.0010;▁biologie:0.0009;мор:0.0005
;,punctuation,1,0,3521,▁;,,▁;,layer_29,▁kennis,9.1e-05,784,,784,▁;,0.04808,1,,1,▁kennis:0.0001;▁biologie:0.0001;scriptstyle:0.0001;▁Fuß:0.0001;ٹ:0.0001,▁;:0.0481;;:0.0071;-):0.0061;.;:0.0044;;;:0.0041
;,punctuation,1,0,3521,▁;,,▁;,layer_31,▁;,7.4e-05,1,,1,▁;,0.681585,1,,1,▁;:0.0001;;:0.0001;;;:0.0001;<0x0A>:0.0001;-):0.0001,▁;:0.6816;<0x0A>:0.0607;;:0.0535;▁:0.0126;;;:0.0056
;,punctuation,1,0,3521,▁;,,▁;,layer_32,<0x0A>,0.000143,3,,3,▁;,0.248453,1,,1,<0x0A>:0.0001;▁:0.0001;▁;:0.0001;;:0.0001;▁and:0.0001,▁;:0.2485;<0x0A>:0.1814;▁:0.0404;;:0.0333;;;:0.0109
;,punctuation,1,0,3521,▁;,,▁;,final_logits,▁;,0.247258,1,,1,,,,,,▁;:0.2473;<0x0A>:0.1809;▁:0.0404;;:0.0335;;;:0.0109,
:,punctuation,1,0,1482,▁:,,<0x0A>,emb,oup,3.1e-05,32095,,24309,oup,0.00072,32340,,22971,oup:0.0000;▁padre:0.0000;oux:0.0000;▁dispon:0.0000;dern:0.0000,oup:0.0007;▁padre:0.0007;oux:0.0006;auf:0.0005;dern:0.0005
:,punctuation,1,0,1482,▁:,,<0x0A>,layer_1,ẩ,3.1e-05,26244,,32298,ẩ,0.017748,19088,,28030,ẩ:0.0000;▁occas:0.0000;ķ:0.0000;▸:0.0000;▁kennis:0.0000,ẩ:0.0177;cembre:0.0046;ĩ:0.0038;ENDOR:0.0033;▁giornata:0.0028
:,punctuation,1,0,1482,▁:,,<0x0A>,layer_2,▁kennis,0.000121,32548,,32752,▁kennis,0.000461,24756,,28489,▁kennis:0.0001;▁Fuß:0.0001;▁biologie:0.0001;▁bekan:0.0001;plaat:0.0001,▁kennis:0.0005;▁biologie:0.0004;▁dévelop:0.0003;Ż:0.0003;▁péri:0.0003
:,punctuation,1,0,1482,▁:,,<0x0A>,layer_4,▁kennis,0.000121,32547,,32753,▁kennis,0.000458,25051,,29818,▁kennis:0.0001;▁Fuß:0.0001;▁biologie:0.0001;▁bekan:0.0001;plaat:0.0001,▁kennis:0.0005;▁biologie:0.0004;▁dévelop:0.0003;Ż:0.0003;▁péri:0.0003
:,punctuation,1,0,1482,▁:,,<0x0A>,layer_7,▁kennis,0.000121,32537,,32753,▁kennis,0.000472,23884,,29845,▁kennis:0.0001;▁Fuß:0.0001;▁biologie:0.0001;▁bekan:0.0001;plaat:0.0001,▁kennis:0.0005;▁biologie:0.0005;▁dévelop:0.0003;Ż:0.0003;▁péri:0.0003
:,punctuation,1,0,1482,▁:,,<0x0A>,layer_11,▁kennis,0.000112,32468,,32751,▁kennis,0.000689,14804,,20786,▁kennis:0.0001;▁biologie:0.0001;▁Fuß:0.0001;▁bekan:0.0001;▁dévelop:0.0001,▁kennis:0.0007;▁biologie:0.0007;Ż:0.0003;▁dévelop:0.0003;▁péri:0.0003
:,punctuation,1,0,1482,▁:,,<0x0A>,layer_14,▁kennis,0.000104,32378,,32748,▁kennis,0.000921,11589,,18018,▁kennis:0.0001;▁biologie:0.0001;▁Fuß:0.0001;▁bekan:0.0001;▁dévelop:0.0001,▁kennis:0.0009;▁biologie:0.0007;Ż:0.0004;▁dévelop:0.0003;▁ál:0.0003
:,punctuation,1,0,1482,▁:,,<0x0A>,layer_18,▁kennis,5.7e-05,27739,,32733,▁kennis,0.001066,321,,8764,▁kennis:0.0001;▁biologie:0.0001;▁Fuß:0.0001;▁dévelop:0.0001;scriptstyle:0.0001,▁kennis:0.0011;▁biologie:0.0005;scriptstyle:0.0005;Ż:0.0005;rdev:0.0005
:,punctuation,1,0,1482,▁:,,<0x0A>,layer_21,▁kennis,0.0002,29952,,32755,▁kennis,0.001852,3388,,25685,▁kennis:0.0002;▁biologie:0.0002;▁Fuß:0.0001;▁dévelop:0.0001;▁bekan:0.0001,▁kennis:0.0019;▁biologie:0.0014;Ż:0.0006;▁dévelop:0.0005;▁giornata:0.0005
:,punctuation,1,0,1482,▁:,,<0x0A>,layer_23,▁kennis,0.000262,30553,,32755,▁kennis,0.001567,4944,,26137,▁kennis:0.0003;▁biologie:0.0002;▁Fuß:0.0002;▁dévelop:0.0002;▁bekan:0.0002,▁kennis:0.0016;▁biologie:0.0013;Ż:0.0005;▁dévelop:0.0005;:0.0004
:,punctuation,1,0,1482,▁:,,<0x0A>,layer_25,▁kennis,0.000255,29143,,32754,▁kennis,0.001398,1588,,25126,▁kennis:0.0003;▁biologie:0.0002;▁Fuß:0.0002;▁dévelop:0.0002;▁bekan:0.0002,▁kennis:0.0014;▁biologie:0.0012;Ż:0.0005;:0.0005;▁giornata:0.0004
:,punctuation,1,0,1482,▁:,,<0x0A>,layer_27,▁kennis,0.000231,22280,,32747,▁kennis,0.001821,44,,19417,▁kennis:0.0002;▁biologie:0.0002;▁Fuß:0.0002;▁dévelop:0.0001;▁bekan:0.0001,▁kennis:0.0018;▁biologie:0.0013;Ż:0.0006;:0.0005;▁giornata:0.0004
:,punctuation,1,0,1482,▁:,,<0x0A>,layer_28,▁kennis,0.00017,15936,,32725,▁biologie,0.001694,3,,9381,▁kennis:0.0002;▁biologie:0.0001;▁Fuß:0.0001;▁dévelop:0.0001;▁bekan:0.0001,▁biologie:0.0017;▁kennis:0.0015;▁::0.0004;Ż:0.0004;▁giornata:0.0004
:,punctuation,1,0,1482,▁:,,<0x0A>,layer_29,▁kennis,0.000112,9598,,32628,▁:,0.001317,1,,984,▁kennis:0.0001;▁biologie:0.0001;▁Fuß:0.0001;scriptstyle:0.0001;▁bekan:0.0001,▁::0.0013;▁biologie:0.0009;-):0.0009;▁kennis:0.0007;(:0.0005
:,punctuation,1,0,1482,▁:,,<0x0A>,layer_31,▁kennis,6.1e-05,39,,1922,▁:,0.076467,1,,3,▁kennis:0.0001;▁biologie:0.0001;▁Fuß:0.0001;ٹ:0.0001;▁bekan:0.0001,▁::0.0765;▁:0.0115;<0x0A>:0.0073;▁The:0.0024;-:0.0020
:,punctuation,1,0,1482,▁:,,<0x0A>,layer_32,▁,8.1e-05,4,,2,<0x0A>,0.092361,4,,1,"▁:0.0001;<0x0A>:0.0001;▁"":0.0001;▁::0.0001;▁':0.0001","<0x0A>:0.0924;▁:0.0832;▁"":0.0430;▁::0.0282;▁':0.0198"
:,punctuation,1,0,1482,▁:,,<0x0A>,final_logits,<0x0A>,0.09181,4,,1,,,,,,"<0x0A>:0.0918;▁:0.0836;▁"":0.0434;▁::0.0280;▁':0.0199",
',punctuation,1,0,1232,▁',,The,emb,▁prod,3.1e-05,2264,,12085,▁prod,0.000458,6193,,11228,▁prod:0.0000;▁bapt:0.0000;át:0.0000;▁feed:0.0000;priv:0.0000,▁prod:0.0005;át:0.0004;▁bapt:0.0004;▁ops:0.0004;priv:0.0003
',punctuation,1,0,1232,▁',,The,layer_1,ẩ,3.1e-05,18955,,22574,ẩ,0.05716,14014,,10183,ẩ:0.0000;ķ:0.0000;ĩ:0.0000;чин:0.0000;▁Насе:0.0000,ẩ:0.0572;▁/******/:0.0218;ĩ:0.0054;ENDOR:0.0029;sta:0.0022
',punctuation,1,0,1232,▁',,The,layer_2,▁kennis,0.000123,31308,,32304,▁biologie,0.000463,14900,,15003,▁kennis:0.0001;▁Fuß:0.0001;▁biologie:0.0001;▁bekan:0.0001;plaat:0.0001,▁biologie:0.0005;▁kennis:0.0005;▁péri:0.0003;Ż:0.0003;▁Fuß:0.0003
',punctuation,1,0,1232,▁',,The,layer_4,▁kennis,0.000123,31325,,32312,▁biologie,0.00048,15319,,15770,▁kennis:0.0001;▁Fuß:0.0001;▁biologie:0.0001;▁bekan:0.0001;plaat:0.0001,▁biologie:0.0005;▁kennis:0.0005;▁péri:0.0003;Ż:0.0003;▁Fuß:0.0003
',punctuation,1,0,1232,▁',,The,layer_7,▁kennis,0.000123,31381,,32282,▁biologie,0.000509,17276,,15272,▁kennis:0.0001;▁Fuß:0.0001;▁biologie:0.0001;▁bekan:0.0001;plaat:0.0001,▁biologie:0.0005;▁kennis:0.0005;Ż:0.0003;▁péri:0.0003;▁dévelop:0.0003
',punctuation,1,0,1232,▁',,The,layer_11,▁kennis,0.000114,30857,,32130,▁biologie,0.000763,13341,,10775,▁kennis:0.0001;▁biologie:0.0001;▁Fuß:0.0001;▁bekan:0.0001;▁dévelop:0.0001,▁biologie:0.0008;▁kennis:0.0007;Ż:0.0004;▁ál:0.0004;▁péri:0.0004
',punctuation,1,0,1232,▁',,The,layer_14,▁kennis,0.000105,29983,,32050,▁kennis,0.000906,9926,,10303,▁kennis:0.0001;▁biologie:0.0001;▁Fuß:0.0001;▁bekan:0.0001;▁dévelop:0.0001,▁kennis:0.0009;▁biologie:0.0008;▁ál:0.0004;Ż:0.0004;▁artikel:0.0004
',punctuation,1,0,1232,▁',,The,layer_18,▁kennis,5.8e-05,21037,,31816,▁kennis,0.000843,470,,12471,▁kennis:0.0001;▁biologie:0.0001;▁Fuß:0.0001;▁dévelop:0.0001;scriptstyle:0.0001,▁kennis:0.0008;▁biologie:0.0007;Ż:0.0006;scriptstyle:0.0005;▁ál:0.0004
',punctuation,1,0,1232,▁',,The,layer_21,▁kennis,0.000173,21061,,32313,▁kennis,0.001173,490,,21771,▁kennis:0.0002;▁biologie:0.0001;▁Fuß:0.0001;▁dévelop:0.0001;▁bekan:0.0001,▁kennis:0.0012;▁biologie:0.0011;Ż:0.0005;▁dévelop:0.0005;▁ál:0.0004
',punctuation,1,0,1232,▁',,The,layer_23,▁kennis,0.000218,22030,,32454,▁kennis,0.001126,531,,26221,▁kennis:0.0002;▁biologie:0.0002;▁Fuß:0.0002;▁dévelop:0.0001;▁bekan:0.0001,▁kennis:0.0011;▁biologie:0.0011;▁dévelop:0.0004;Ż:0.0004;:0.0004
',punctuation,1,0,1232,▁',,The,layer_25,▁kennis,0.000213,21886,,32438,▁kennis,0.001177,519,,25967,▁kennis:0.0002;▁biologie:0.0002;▁Fuß:0.0002;▁dévelop:0.0001;▁bekan:0.0001,▁kennis:0.0012;▁biologie:0.0012;:0.0004;Ż:0.0004;▁dévelop:0.0004
',punctuation,1,0,1232,▁',,The,layer_27,▁kennis,0.000197,15320,,32353,▁kennis,0.001403,18,,21656,▁kennis:0.0002;▁biologie:0.0002;▁Fuß:0.0001;▁dévelop:0.0001;▁bekan:0.0001,▁kennis:0.0014;▁biologie:0.0013;Ż:0.0004;:0.0003;▁dévelop:0.0003
',punctuation,1,0,1232,▁',,The,layer_28,▁kennis,0.000148,14221,,31841,▁biologie,0.001404,9,,11686,▁kennis:0.0001;▁biologie:0.0001;▁Fuß:0.0001;▁dévelop:0.0001;scriptstyle:0.0001,▁biologie:0.0014;▁kennis:0.0011;scriptstyle:0.0003;':0.0003;▁ál:0.0003
',punctuation,1,0,1232,▁',,The,layer_29,▁kennis,0.000101,9449,,28756,s,0.000848,5,,1779,▁kennis:0.0001;▁biologie:0.0001;▁Fuß:0.0001;scriptstyle:0.0001;▁dévelop:0.0001,s:0.0008;.':0.0007;'.:0.0006;a:0.0006;▁':0.0006
',punctuation,1,0,1232,▁',,The,layer_31,▁kennis,6.5e-05,95,,3140,▁',0.019041,1,,28,▁kennis:0.0001;▁biologie:0.0001;▁Fuß:0.0001;scriptstyle:0.0001;▁artikel:0.0001,▁':0.0190;s:0.0071;f:0.0062;I:0.0054;c:0.0052
',punctuation,1,0,1232,▁',,The,layer_32,▁+,7.8e-05,2,,4,The,0.012601,13,,1,▁+:0.0001;▁':0.0001;react:0.0001;The:0.0001;▁.:0.0001,The:0.0126;1:0.0122;react:0.0102;the:0.0099;I:0.0093
',punctuation,1,0,1232,▁',,The,final_logits,The,0.012778,13,,1,,,,,,The:0.0128;1:0.0120;react:0.0103;the:0.0100;I:0.0093,
"""",punctuation,1,0,1113,"▁""",,The,emb,▁/******/,3.1e-05,32151,,20523,ikk,0.000474,32599,,20874,▁/******/:0.0000;ikk:0.0000;át:0.0000;ologie:0.0000;klass:0.0000,ikk:0.0005;▁/******/:0.0005;klass:0.0004;át:0.0003;anto:0.0003
"""",punctuation,1,0,1113,"▁""",,The,layer_1,ẩ,3.1e-05,29824,,23012,▁/******/,0.060789,28500,,10973,ẩ:0.0000;ķ:0.0000;ĩ:0.0000;чин:0.0000;╔:0.0000,▁/******/:0.0608;ẩ:0.0412;ĩ:0.0083;chio:0.0029;okrat:0.0024
"""",punctuation,1,0,1113,"▁""",,The,layer_2,▁kennis,0.00013,32622,,32310,▁biologie,0.000453,17464,,15611,▁kennis:0.0001;▁Fuß:0.0001;▁biologie:0.0001;▁bekan:0.0001;plaat:0.0001,▁biologie:0.0005;▁kennis:0.0005;▁péri:0.0003;▁dévelop:0.0003;▁Fuß:0.0003
"""",punctuation,1,0,1113,"▁""",,The,layer_4,▁kennis,0.000129,32631,,32308,▁biologie,0.000467,19753,,16330,▁kennis:0.0001;▁Fuß:0.0001;▁biologie:0.0001;▁bekan:0.0001;plaat:0.0001,▁biologie:0.0005;▁kennis:0.0005;▁péri:0.0003;Ż:0.0003;▁Fuß:0.0003
"""",punctuation,1,0,1113,"▁""",,The,layer_7,▁kennis,0.00013,32637,,32287,▁biologie,0.000504,21886,,15636,▁kennis:0.0001;▁Fuß:0.0001;▁biologie:0.0001;▁bekan:0.0001;plaat:0.0001,▁biologie:0.0005;▁kennis:0.0005;Ż:0.0003;▁dévelop:0.0003;▁péri:0.0003
"""",punctuation,1,0,1113,"▁""",,The,layer_11,▁kennis,0.000119,32621,,32137,▁biologie,0.000756,15863,,10796,▁kennis:0.0001;▁biologie:0.0001;▁Fuß:0.0001;▁bekan:0.0001;▁dévelop:0.0001,▁biologie:0.0008;▁kennis:0.0007;▁ál:0.0004;Ż:0.0004;▁dévelop:0.0003
"""",punctuation,1,0,1113,"▁""",,The,layer_14,▁kennis,0.000109,32614,,32051,▁kennis,0.000868,15693,,10123,▁kennis:0.0001;▁biologie:0.0001;▁Fuß:0.0001;▁bekan:0.0001;▁dévelop:0.0001,▁kennis:0.0009;▁biologie:0.0008;▁ál:0.0004;Ż:0.0004;▁artikel:0.0004
"""",punctuation,1,0,1113,"▁""",,The,layer_18,▁kennis,5.9e-05,31836,,31651,▁kennis,0.000922,3023,,10885,▁kennis:0.0001;▁biologie:0.0001;▁Fuß:0.0001;▁dévelop:0.0001;scriptstyle:0.0001,▁kennis:0.0009;▁biologie:0.0008;▁ál:0.0005;Ż:0.0005;▁dévelop:0.0004
"""",punctuation,1,0,1113,"▁""",,The,layer_21,▁kennis,0.000177,31757,,32257,▁kennis,0.001258,3819,,21253,▁kennis:0.0002;▁biologie:0.0001;▁Fuß:0.0001;▁dévelop:0.0001;▁bekan:0.0001,▁kennis:0.0013;▁biologie:0.0011;Ż:0.0005;▁dévelop:0.0004;▁ál:0.0004
"""",punctuation,1,0,1113,"▁""",,The,layer_23,▁kennis,0.000222,31832,,32399,▁kennis,0.001127,3327,,25697,▁kennis:0.0002;▁biologie:0.0002;▁Fuß:0.0002;▁dévelop:0.0002;▁bekan:0.0001,▁kennis:0.0011;▁biologie:0.0011;Ż:0.0005;▁dévelop:0.0004;▁ál:0.0004
"""",punctuation,1,0,1113,"▁""",,The,layer_25,▁kennis,0.000216,31884,,32350,▁biologie,0.001193,3918,,25082,▁kennis:0.0002;▁biologie:0.0002;▁Fuß:0.0002;▁dévelop:0.0001;▁bekan:0.0001,▁biologie:0.0012;▁kennis:0.0011;Ż:0.0004;▁ál:0.0004;▁dévelop:0.0004
"""",punctuation,1,0,1113,"▁""",,The,layer_27,▁kennis,0.000199,27837,,32118,▁kennis,0.001255,81,,17941,▁kennis:0.0002;▁biologie:0.0002;▁Fuß:0.0002;▁dévelop:0.0001;▁bekan:0.0001,"▁kennis:0.0013;▁biologie:0.0012;Ż:0.0004;..."":0.0003;:0.0003"
"""",punctuation,1,0,1113,"▁""",,The,layer_28,▁kennis,0.000152,27397,,31534,▁biologie,0.001351,111,,9837,▁kennis:0.0002;▁biologie:0.0001;▁Fuß:0.0001;▁dévelop:0.0001;scriptstyle:0.0001,"▁biologie:0.0014;▁kennis:0.0011;..."":0.0004;Ż:0.0003;▁ál:0.0003"
"""",punctuation,1,0,1113,"▁""",,The,layer_29,▁kennis,0.000105,18485,,27768,"...""",0.001162,8,,1234,▁kennis:0.0001;▁biologie:0.0001;▁Fuß:0.0001;scriptstyle:0.0001;▁dévelop:0.0001,"..."":0.0012;."":0.0005;▁biologie:0.0005;▁kennis:0.0005;?"":0.0004"
"""",punctuation,1,0,1113,"▁""",,The,layer_31,▁kennis,6.6e-05,1087,,3167,"▁""",0.007004,1,,10,▁kennis:0.0001;▁biologie:0.0001;▁Fuß:0.0001;▁ingår:0.0001;▁artikel:0.0001,"▁"":0.0070;I:0.0065;F:0.0042;S:0.0040;M:0.0036"
"""",punctuation,1,0,1113,"▁""",,The,layer_32,▁+,8.1e-05,3,,2,The,0.024985,43,,1,"▁+:0.0001;The:0.0001;▁"":0.0001;I:0.0001;We:0.0001",The:0.0250;I:0.0235;▁+:0.0162;the:0.0127;1:0.0086
"""",punctuation,1,0,1113,"▁""",,The,final_logits,The,0.025279,43,,1,,,,,,The:0.0253;I:0.0237;▁+:0.0163;the:0.0127;A:0.0085,
(,punctuation,1,0,1093,▁(,,1,emb,ipage,3.1e-05,31621,,21843,ipage,0.000808,31133,,21874,ipage:0.0000;uler:0.0000;▁aliment:0.0000;▁sop:0.0000;ija:0.0000,ipage:0.0008;▁sop:0.0004;uler:0.0004;▁aliment:0.0004;▁unhappy:0.0003
(,punctuation,1,0,1093,▁(,,1,layer_1,ieux,3.6e-05,24895,,26414,ieux,0.006614,24541,,27266,ieux:0.0000;▁Giov:0.0000;ota:0.0000;yll:0.0000;efore:0.0000,ieux:0.0066;▁Giov:0.0058;efore:0.0047;ota:0.0042;yll:0.0036
(,punctuation,1,0,1093,▁(,,1,layer_2,▁kennis,0.79112,32741,,32313,▁kennis,0.000633,32154,,25566,▁kennis:0.7911;▁Fuß:0.0679;▁biologie:0.0565;▁bekan:0.0309;plaat:0.0124,▁kennis:0.0006;▁biologie:0.0005;▁dévelop:0.0004;▁besk:0.0003;▁artikel:0.0003
(,punctuation,1,0,1093,▁(,,1,layer_4,▁kennis,0.790907,32741,,32313,▁kennis,0.000632,32164,,25624,▁kennis:0.7909;▁Fuß:0.0679;▁biologie:0.0565;▁bekan:0.0309;plaat:0.0124,▁kennis:0.0006;▁biologie:0.0005;▁dévelop:0.0004;▁besk:0.0003;▁artikel:0.0003
(,punctuation,1,0,1093,▁(,,1,layer_7,▁kennis,0.790191,32741,,32314,▁kennis,0.00063,32176,,25595,▁kennis:0.7902;▁Fuß:0.0681;▁biologie:0.0567;▁bekan:0.0310;plaat:0.0125,▁kennis:0.0006;▁biologie:0.0005;▁dévelop:0.0004;▁besk:0.0003;▁artikel:0.0003
(,punctuation,1,0,1093,▁(,,1,layer_11,▁kennis,0.791311,32741,,32310,▁kennis,0.000639,32163,,25494,▁kennis:0.7913;▁Fuß:0.0674;▁biologie:0.0571;▁bekan:0.0304;plaat:0.0123,▁kennis:0.0006;▁biologie:0.0005;▁dévelop:0.0004;▁besk:0.0003;▁artikel:0.0003
(,punctuation,1,0,1093,▁(,,1,layer_14,▁kennis,0.793531,32741,,32315,▁kennis,0.00065,32174,,25740,▁kennis:0.7935;▁Fuß:0.0666;▁biologie:0.0569;▁bekan:0.0298;plaat:0.0123,▁kennis:0.0007;▁biologie:0.0005;▁dévelop:0.0004;▁besk:0.0003;▁artikel:0.0003
(,punctuation,1,0,1093,▁(,,1,layer_18,▁kennis,0.79351,32741,,32314,▁kennis,0.000655,32198,,25808,▁kennis:0.7935;▁Fuß:0.0668;▁biologie:0.0571;▁bekan:0.0296;plaat:0.0123,▁kennis:0.0007;▁biologie:0.0005;▁dévelop:0.0004;▁besk:0.0003;▁artikel:0.0003
(,punctuation,1,0,1093,▁(,,1,layer_21,▁kennis,0.810013,32745,,32336,▁kennis,0.000699,32572,,27877,▁kennis:0.8100;▁Fuß:0.0613;▁biologie:0.0553;▁bekan:0.0264;plaat:0.0113,▁kennis:0.0007;▁biologie:0.0006;▁besk:0.0004;▁dévelop:0.0004;▁artikel:0.0004
(,punctuation,1,0,1093,▁(,,1,layer_23,▁kennis,0.809782,32745,,32332,▁kennis,0.000702,32575,,27671,▁kennis:0.8098;▁Fuß:0.0612;▁biologie:0.0556;▁bekan:0.0265;plaat:0.0112,▁kennis:0.0007;▁biologie:0.0006;▁besk:0.0004;▁dévelop:0.0004;▁artikel:0.0004
(,punctuation,1,0,1093,▁(,,1,layer_25,▁kennis,0.809271,32745,,32332,▁kennis,0.000699,32562,,27493,▁kennis:0.8093;▁Fuß:0.0617;▁biologie:0.0554;▁bekan:0.0267;plaat:0.0113,▁kennis:0.0007;▁biologie:0.0006;▁besk:0.0004;▁dévelop:0.0004;▁artikel:0.0004
(,punctuation,1,0,1093,▁(,,1,layer_27,▁kennis,0.808719,32745,,32331,▁kennis,0.000695,32545,,27297,▁kennis:0.8087;▁Fuß:0.0621;▁biologie:0.0554;▁bekan:0.0267;plaat:0.0114,▁kennis:0.0007;▁biologie:0.0006;▁besk:0.0004;▁dévelop:0.0004;▁artikel:0.0004
(,punctuation,1,0,1093,▁(,,1,layer_28,▁kennis,0.807574,32745,,32333,▁kennis,0.000684,32539,,27184,▁kennis:0.8076;▁Fuß:0.0626;▁biologie:0.0555;▁bekan:0.0268;plaat:0.0115,▁kennis:0.0007;▁biologie:0.0006;▁besk:0.0004;▁artikel:0.0004;▁dévelop:0.0004
(,punctuation,1,0,1093,▁(,,1,layer_29,▁kennis,0.802174,32745,,32326,▁kennis,0.000673,32523,,26780,▁kennis:0.8022;▁Fuß:0.0637;▁biologie:0.0567;▁bekan:0.0278;plaat:0.0118,▁kennis:0.0007;▁biologie:0.0006;▁besk:0.0004;▁artikel:0.0004;▁dévelop:0.0003
(,punctuation,1,0,1093,▁(,,1,layer_31,▁kennis,0.296944,32753,,32644,▁bekan,0.000578,32736,,32744,▁kennis:0.2969;▁Fuß:0.1176;▁bekan:0.0736;▁biologie:0.0524;plaat:0.0471,▁bekan:0.0006;▁Fuß:0.0005;områ:0.0004;ץ:0.0004;▁kennis:0.0004
(,punctuation,1,0,1093,▁(,,1,layer_32,1,6.9e-05,367,,1,1,0.080885,1183,,1,1:0.0001;and:0.0001;see:0.0001;2:0.0001;the:0.0001,1:0.0809;2:0.0470;3:0.0173;and:0.0148;the:0.0141
(,punctuation,1,0,1093,▁(,,1,final_logits,1,0.080517,1182,,1,,,,,,1:0.0805;2:0.0473;3:0.0174;and:0.0149;the:0.0140,
),punctuation,1,0,1911,▁),,<0x0A>,emb,oko,3.1e-05,29009,,17010,oko,0.000807,29093,,18318,oko:0.0000;owe:0.0000;bis:0.0000;▁nav:0.0000;▁Bau:0.0000,oko:0.0008;owe:0.0005;▁nav:0.0005;bis:0.0005;▁Bau:0.0005
),punctuation,1,0,1911,▁),,<0x0A>,layer_1,ẩ,3.1e-05,30588,,31947,ẩ,0.021216,28673,,25174,ẩ:0.0000;▁biologie:0.0000;rcu:0.0000;ША:0.0000;ниш:0.0000,ẩ:0.0212;▁/******/:0.0146;▁blur:0.0033;sta:0.0025;chio:0.0023
),punctuation,1,0,1911,▁),,<0x0A>,layer_2,▁kennis,9.4e-05,31634,,32751,▁biologie,0.000408,22516,,25819,▁kennis:0.0001;▁Fuß:0.0001;▁biologie:0.0001;▁bekan:0.0001;plaat:0.0001,▁biologie:0.0004;▁kennis:0.0004;Ż:0.0003;▁péri:0.0003;▁dévelop:0.0003
),punctuation,1,0,1911,▁),,<0x0A>,layer_4,▁kennis,9.4e-05,31657,,32752,▁biologie,0.000429,23418,,27857,▁kennis:0.0001;▁Fuß:0.0001;▁biologie:0.0001;▁bekan:0.0001;plaat:0.0001,▁biologie:0.0004;▁kennis:0.0004;Ż:0.0003;▁péri:0.0003;▁dévelop:0.0003
),punctuation,1,0,1911,▁),,<0x0A>,layer_7,▁kennis,9.4e-05,31561,,32752,▁biologie,0.000473,21933,,28088,▁kennis:0.0001;▁Fuß:0.0001;▁biologie:0.0001;▁bekan:0.0001;plaat:0.0001,▁biologie:0.0005;▁kennis:0.0004;Ż:0.0004;▁péri:0.0003;▁dévelop:0.0003
),punctuation,1,0,1911,▁),,<0x0A>,layer_11,▁kennis,8.8e-05,31314,,32750,▁biologie,0.00078,18064,,16512,▁kennis:0.0001;▁biologie:0.0001;▁Fuß:0.0001;▁bekan:0.0001;▁dévelop:0.0001,▁biologie:0.0008;▁kennis:0.0006;Ż:0.0004;▁péri:0.0003;▁ál:0.0003
),punctuation,1,0,1911,▁),,<0x0A>,layer_14,▁kennis,8e-05,31006,,32746,▁biologie,0.000899,15548,,13688,▁kennis:0.0001;▁biologie:0.0001;▁Fuß:0.0001;▁bekan:0.0001;▁dévelop:0.0001,▁biologie:0.0009;▁kennis:0.0009;Ż:0.0005;▁ál:0.0004;▁péri:0.0003
),punctuation,1,0,1911,▁),,<0x0A>,layer_18,▁kennis,5.7e-05,27851,,32692,Ż,0.000815,4458,,3315,▁kennis:0.0001;▁biologie:0.0001;▁Fuß:0.0001;scriptstyle:0.0001;plaat:0.0001,Ż:0.0008;scriptstyle:0.0007;▁kennis:0.0005;▁spett:0.0005;rdev:0.0004
),punctuation,1,0,1911,▁),,<0x0A>,layer_21,▁kennis,0.000116,25936,,32589,▁kennis,0.001053,3114,,1977,▁kennis:0.0001;▁biologie:0.0001;▁Fuß:0.0001;▁dévelop:0.0001;plaat:0.0001,▁kennis:0.0011;Ż:0.0009;▁biologie:0.0008;▁ép:0.0005;▁vál:0.0005
),punctuation,1,0,1911,▁),,<0x0A>,layer_23,▁kennis,0.000159,27697,,32637,▁kennis,0.000834,4523,,1768,▁kennis:0.0002;▁biologie:0.0001;▁Fuß:0.0001;▁dévelop:0.0001;plaat:0.0001,▁kennis:0.0008;▁biologie:0.0007;Ż:0.0006;▁ál:0.0004;▁mús:0.0003
),punctuation,1,0,1911,▁),,<0x0A>,layer_25,▁kennis,0.000155,23457,,32521,▁kennis,0.000635,907,,1058,▁kennis:0.0002;▁biologie:0.0001;▁Fuß:0.0001;▁dévelop:0.0001;scriptstyle:0.0001,▁kennis:0.0006;Ż:0.0006;▁biologie:0.0006;▁=>:0.0005;ă:0.0004
),punctuation,1,0,1911,▁),,<0x0A>,layer_27,▁kennis,0.000146,10216,,31124,▁=>,0.002489,9,,108,▁kennis:0.0001;▁biologie:0.0001;▁Fuß:0.0001;▁bekan:0.0001;plaat:0.0001,▁=>:0.0025;->:0.0012;▁{:0.0011;▁kennis:0.0009;▁->:0.0008
),punctuation,1,0,1911,▁),,<0x0A>,layer_28,▁kennis,0.000112,5694,,25765,▁=>,0.005482,3,,30,▁kennis:0.0001;▁biologie:0.0001;▁Fuß:0.0001;scriptstyle:0.0001;▁bekan:0.0001,▁=>:0.0055;->:0.0029;▁):0.0025;▁::0.0023;▁{:0.0022
),punctuation,1,0,1911,▁),,<0x0A>,layer_29,▁kennis,8e-05,3261,,16307,▁=>,0.009717,7,,24,▁kennis:0.0001;▁biologie:0.0001;scriptstyle:0.0001;▁Fuß:0.0001;▁Мекси:0.0001,▁=>:0.0097;▁;:0.0072;▁?:0.0065;▁{:0.0064;▁||:0.0064
),punctuation,1,0,1911,▁),,<0x0A>,layer_31,▁{,6.2e-05,5,,3,<0x0A>,0.185341,4,,1,▁{:0.0001;▁;:0.0001;<0x0A>:0.0001;▁::0.0001;▁):0.0001,<0x0A>:0.1853;▁{:0.1679;▁;:0.0547;▁):0.0291;▁::0.0268
),punctuation,1,0,1911,▁),,<0x0A>,layer_32,<0x0A>,0.000174,6,,1,<0x0A>,0.392096,3,,1,<0x0A>:0.0002;▁{:0.0001;▁and:0.0001;\:0.0001;▁:0.0001,<0x0A>:0.3921;▁{:0.1151;▁):0.0503;▁\:0.0229;\:0.0209
),punctuation,1,0,1911,▁),,<0x0A>,final_logits,<0x0A>,0.388433,3,,1,,,,,,<0x0A>:0.3884;▁{:0.1185;▁):0.0494;▁\:0.0233;\:0.0212,
—,punctuation,1,0,1808,▁—,,▁and,emb,<0x9F>,3.1e-05,27946,,30601,<0x9F>,0.000557,28852,,30165,<0x9F>:0.0000;ńst:0.0000;erne:0.0000;▁ordin:0.0000;ellt:0.0000,<0x9F>:0.0006;ńst:0.0005;▁ordin:0.0005;ellt:0.0004;ardo:0.0004
—,punctuation,1,0,1808,▁—,,▁and,layer_1,ẩ,3.1e-05,18160,,31710,ẩ,0.00659,8555,,20344,ẩ:0.0000;ķ:0.0000;чин:0.0000;ША:0.0000;◄:0.0000,ẩ:0.0066;▁/******/:0.0059;▁diff:0.0025;cembre:0.0024;chio:0.0023
—,punctuation,1,0,1808,▁—,,▁and,layer_2,▁kennis,0.000109,23438,,32726,▁kennis,0.000429,12190,,24769,▁kennis:0.0001;▁Fuß:0.0001;▁biologie:0.0001;▁bekan:0.0001;plaat:0.0001,▁kennis:0.0004;▁biologie:0.0004;▁péri:0.0003;▁dévelop:0.0003;Ż:0.0003
—,punctuation,1,0,1808,▁—,,▁and,layer_4,▁kennis,0.000109,23546,,32728,▁kennis,0.000429,12764,,26490,▁kennis:0.0001;▁Fuß:0.0001;▁biologie:0.0001;▁bekan:0.0001;plaat:0.0001,▁kennis:0.0004;▁biologie:0.0004;▁péri:0.0003;Ż:0.0003;▁Fuß:0.0003
—,punctuation,1,0,1808,▁—,,▁and,layer_7,▁kennis,0.000109,23631,,32734,▁biologie,0.000454,13727,,28429,▁kennis:0.0001;▁Fuß:0.0001;▁biologie:0.0001;▁bekan:0.0001;plaat:0.0001,▁biologie:0.0005;▁kennis:0.0004;▁péri:0.0003;Ż:0.0003;▁dévelop:0.0003
—,punctuation,1,0,1808,▁—,,▁and,layer_11,▁kennis,0.000101,21707,,32730,▁biologie,0.000682,7524,,19500,▁kennis:0.0001;▁biologie:0.0001;▁Fuß:0.0001;▁bekan:0.0001;▁dévelop:0.0001,▁biologie:0.0007;▁kennis:0.0007;▁ál:0.0004;Ż:0.0003;▁péri:0.0003
—,punctuation,1,0,1808,▁—,,▁and,layer_14,▁kennis,9.3e-05,21028,,32731,▁kennis,0.000893,7146,,23245,▁kennis:0.0001;▁biologie:0.0001;▁Fuß:0.0001;▁bekan:0.0001;▁dévelop:0.0001,▁kennis:0.0009;▁biologie:0.0007;▁ál:0.0005;Ż:0.0004;▁dévelop:0.0003
—,punctuation,1,0,1808,▁—,,▁and,layer_18,▁kennis,5.7e-05,17693,,32649,▁ál,0.000631,1541,,8691,▁kennis:0.0001;▁biologie:0.0001;▁Fuß:0.0001;▁dévelop:0.0001;scriptstyle:0.0001,▁ál:0.0006;▁kennis:0.0005;▁biologie:0.0005;rcu:0.0004;▁dévelop:0.0004
—,punctuation,1,0,1808,▁—,,▁and,layer_21,▁kennis,0.000177,17066,,32649,▁kennis,0.001193,1115,,13314,▁kennis:0.0002;▁biologie:0.0002;▁Fuß:0.0001;▁dévelop:0.0001;▁bekan:0.0001,▁kennis:0.0012;▁biologie:0.0010;▁ál:0.0008;▁dévelop:0.0005;▁giornata:0.0004
—,punctuation,1,0,1808,▁—,,▁and,layer_23,▁kennis,0.000232,20591,,32656,▁kennis,0.001216,3056,,13972,▁kennis:0.0002;▁biologie:0.0002;▁Fuß:0.0002;▁dévelop:0.0002;▁bekan:0.0002,▁kennis:0.0012;▁biologie:0.0009;▁ál:0.0007;▁dévelop:0.0004;Ż:0.0004
—,punctuation,1,0,1808,▁—,,▁and,layer_25,▁kennis,0.000219,15258,,32687,▁kennis,0.001085,271,,15955,▁kennis:0.0002;▁biologie:0.0002;▁Fuß:0.0002;▁dévelop:0.0001;▁bekan:0.0001,▁kennis:0.0011;▁biologie:0.0009;▁ál:0.0006;▁dévelop:0.0004;Ż:0.0004
—,punctuation,1,0,1808,▁—,,▁and,layer_27,▁kennis,0.000199,11162,,32626,▁kennis,0.001273,14,,6231,▁kennis:0.0002;▁biologie:0.0002;▁Fuß:0.0002;▁dévelop:0.0001;▁bekan:0.0001,▁kennis:0.0013;▁biologie:0.0007;▁ál:0.0007;—:0.0004;▁giornata:0.0003
—,punctuation,1,0,1808,▁—,,▁and,layer_28,▁kennis,0.000146,8623,,32249,▁ál,0.000861,5,,1805,▁kennis:0.0001;▁biologie:0.0001;▁Fuß:0.0001;▁dévelop:0.0001;▁bekan:0.0001,▁ál:0.0009;—:0.0008;▁biologie:0.0008;▁kennis:0.0008;▁—:0.0007
—,punctuation,1,0,1808,▁—,,▁and,layer_29,▁kennis,9.9e-05,4572,,30210,▁—,0.003428,1,,306,▁kennis:0.0001;▁biologie:0.0001;▁Fuß:0.0001;scriptstyle:0.0001;▁dévelop:0.0001,▁—:0.0034;—:0.0014;-):0.0008;–:0.0006;▁ál:0.0006
—,punctuation,1,0,1808,▁—,,▁and,layer_31,▁Fuß,5.2e-05,5,,109,▁—,0.037791,1,,9,▁Fuß:0.0001;scriptstyle:0.0001;▁kennis:0.0001;▁biologie:0.0000;▁—:0.0000,▁—:0.0378;▁:0.0247;▁a:0.0176;▁I:0.0141;▁the:0.0133
—,punctuation,1,0,1808,▁—,,▁and,layer_32,▁and,0.0001,35,,1,▁and,0.041959,8,,1,▁and:0.0001;▁the:0.0001;▁a:0.0001;▁which:0.0001;▁but:0.0001,▁and:0.0420;▁the:0.0335;▁:0.0294;▁a:0.0242;<0x0A>:0.0229
—,punctuation,1,0,1808,▁—,,▁and,final_logits,▁and,0.042573,8,,1,,,,,,▁and:0.0426;▁the:0.0332;▁:0.0293;▁a:0.0243;<0x0A>:0.0228,
…,punctuation,1,0,8908,▁…,,<0x0A>,emb,lete,3.1e-05,20160,,15906,ylon,0.000576,18821,,20682,lete:0.0000;ylon:0.0000;olic:0.0000;▁consolid:0.0000;удо:0.0000,ylon:0.0006;удо:0.0006;olic:0.0006;lete:0.0005;(/:0.0005
…,punctuation,1,0,8908,▁…,,<0x0A>,layer_1,▁biologie,3.1e-05,16386,,30374,▁/******/,0.004838,5875,,17030,▁biologie:0.0000;ẩ:0.0000;ķ:0.0000;▁sugg:0.0000;ША:0.0000,▁/******/:0.0048;ẩ:0.0044;lette:0.0042;ász:0.0023;▁sugg:0.0022
…,punctuation,1,0,8908,▁…,,<0x0A>,layer_2,▁kennis,8.3e-05,24525,,32750,▁biologie,0.000413,13442,,23848,▁kennis:0.0001;▁Fuß:0.0001;▁biologie:0.0001;▁bekan:0.0001;plaat:0.0001,▁biologie:0.0004;▁kennis:0.0004;Ż:0.0003;▁dévelop:0.0003;▁Fuß:0.0003
…,punctuation,1,0,8908,▁…,,<0x0A>,layer_4,▁kennis,8.3e-05,24420,,32751,▁biologie,0.00044,13401,,25883,▁kennis:0.0001;▁Fuß:0.0001;▁biologie:0.0001;▁bekan:0.0001;plaat:0.0001,▁biologie:0.0004;▁kennis:0.0004;Ż:0.0003;scriptstyle:0.0003;▁dévelop:0.0003
…,punctuation,1,0,8908,▁…,,<0x0A>,layer_7,▁kennis,8.3e-05,24360,,32751,▁biologie,0.000475,14763,,25766,▁kennis:0.0001;▁Fuß:0.0001;▁biologie:0.0001;▁bekan:0.0001;plaat:0.0001,▁biologie:0.0005;▁kennis:0.0004;Ż:0.0003;▁dévelop:0.0003;scriptstyle:0.0003
…,punctuation,1,0,8908,▁…,,<0x0A>,layer_11,▁kennis,7.6e-05,22086,,32746,▁biologie,0.000879,8550,,12506,▁kennis:0.0001;▁biologie:0.0001;▁Fuß:0.0001;▁bekan:0.0001;▁dévelop:0.0001,▁biologie:0.0009;▁kennis:0.0006;▁ál:0.0004;Ż:0.0004;scriptstyle:0.0003
…,punctuation,1,0,8908,▁…,,<0x0A>,layer_14,▁kennis,7e-05,18883,,32743,▁biologie,0.000988,4113,,10014,▁kennis:0.0001;▁biologie:0.0001;▁Fuß:0.0001;▁bekan:0.0001;▁dévelop:0.0001,▁biologie:0.0010;▁kennis:0.0009;▁ál:0.0005;Ż:0.0005;▁artikel:0.0004
…,punctuation,1,0,8908,▁…,,<0x0A>,layer_18,▁kennis,5.7e-05,15624,,32714,▁ál,0.000562,1357,,3860,▁kennis:0.0001;▁biologie:0.0001;▁Fuß:0.0001;▁dévelop:0.0001;scriptstyle:0.0001,▁ál:0.0006;▁biologie:0.0005;▁vé:0.0005;rcu:0.0005;▁dévelop:0.0005
…,punctuation,1,0,8908,▁…,,<0x0A>,layer_21,▁kennis,0.000155,11170,,32711,▁biologie,0.001849,154,,7781,▁kennis:0.0002;▁biologie:0.0001;▁Fuß:0.0001;▁dévelop:0.0001;▁bekan:0.0001,▁biologie:0.0018;▁ál:0.0013;▁kennis:0.0009;▁giornata:0.0008;▁dévelop:0.0007
…,punctuation,1,0,8908,▁…,,<0x0A>,layer_23,▁kennis,0.000208,12386,,32706,▁biologie,0.001528,209,,4649,▁kennis:0.0002;▁biologie:0.0002;▁Fuß:0.0002;▁dévelop:0.0002;▁bekan:0.0001,▁biologie:0.0015;▁ál:0.0010;▁kennis:0.0008;▁dévelop:0.0006;▁giornata:0.0005
…,punctuation,1,0,8908,▁…,,<0x0A>,layer_25,▁kennis,0.000199,10209,,32694,▁biologie,0.001488,42,,4327,▁kennis:0.0002;▁biologie:0.0002;▁Fuß:0.0002;▁dévelop:0.0001;▁bekan:0.0001,▁biologie:0.0015;▁ál:0.0011;▁kennis:0.0008;Ż:0.0006;▁dévelop:0.0006
…,punctuation,1,0,8908,▁…,,<0x0A>,layer_27,▁kennis,0.000183,7030,,32469,▁biologie,0.001256,2,,204,▁kennis:0.0002;▁biologie:0.0002;▁Fuß:0.0002;▁dévelop:0.0001;▁bekan:0.0001,▁biologie:0.0013;▁…:0.0011;..:0.0010;….:0.0010;▁ál:0.0008
…,punctuation,1,0,8908,▁…,,<0x0A>,layer_28,▁kennis,0.000136,3880,,29751,▁…,0.005438,1,,18,▁kennis:0.0001;▁biologie:0.0001;▁Fuß:0.0001;▁dévelop:0.0001;scriptstyle:0.0001,▁…:0.0054;..:0.0045;….:0.0032;…:0.0027;▁...:0.0017
…,punctuation,1,0,8908,▁…,,<0x0A>,layer_29,▁biologie,9.3e-05,2352,,20778,..,0.0067,2,,7,▁biologie:0.0001;▁kennis:0.0001;▁Fuß:0.0001;scriptstyle:0.0001;▁dévelop:0.0001,..:0.0067;▁…:0.0050;…:0.0037;….:0.0028;▁...:0.0019
…,punctuation,1,0,8908,▁…,,<0x0A>,layer_31,▁…,5.8e-05,1,,2,<0x0A>,0.163674,3,,1,▁…:0.0001;<0x0A>:0.0001;▁biologie:0.0001;▁kennis:0.0001;”:0.0001,<0x0A>:0.1637;▁I:0.0286;▁…:0.0183;▁:0.0158;▁it:0.0125
…,punctuation,1,0,8908,▁…,,<0x0A>,layer_32,<0x0A>,0.000177,5,,1,<0x0A>,0.227476,2,,1,<0x0A>:0.0002;▁:0.0001;.:0.0001;▁and:0.0001;▁…:0.0001,<0x0A>:0.2275;▁…:0.0414;▁and:0.0258;▁the:0.0192;▁I:0.0191
…,punctuation,1,0,8908,▁…,,<0x0A>,final_logits,<0x0A>,0.223707,2,,1,,,,,,<0x0A>:0.2237;▁…:0.0414;▁and:0.0259;▁the:0.0195;▁I:0.0189,
@,symbol,1,0,1570,▁@,,param,emb,dern,3.1e-05,5493,,3325,dern,0.000994,8147,,3124,dern:0.0000;▁Par:0.0000;arest:0.0000;aa:0.0000;▁voc:0.0000,dern:0.0010;▁Par:0.0009;arest:0.0007;ono:0.0006;aa:0.0006
@,symbol,1,0,1570,▁@,,param,layer_1,ẩ,3.1e-05,14083,,25844,ẩ,0.021128,5281,,25619,ẩ:0.0000;ķ:0.0000;▁biologie:0.0000;▁giornata:0.0000;▁diffé:0.0000,ẩ:0.0211;▁giornata:0.0044;▁/******/:0.0044;cembre:0.0037;▁diff:0.0023
@,symbol,1,0,1570,▁@,,param,layer_2,▁kennis,0.000103,31473,,25732,▁biologie,0.000497,20783,,21040,▁kennis:0.0001;▁Fuß:0.0001;▁biologie:0.0001;▁bekan:0.0001;plaat:0.0001,▁biologie:0.0005;▁kennis:0.0005;▁dévelop:0.0003;▁péri:0.0003;▁Fuß:0.0003
@,symbol,1,0,1570,▁@,,param,layer_4,▁kennis,0.000102,31476,,25783,▁biologie,0.000527,21061,,21423,▁kennis:0.0001;▁Fuß:0.0001;▁biologie:0.0001;▁bekan:0.0001;plaat:0.0001,▁biologie:0.0005;▁kennis:0.0005;▁péri:0.0003;▁dévelop:0.0003;▁Fuß:0.0003
@,symbol,1,0,1570,▁@,,param,layer_7,▁kennis,0.000101,31287,,25830,▁biologie,0.000586,17538,,21892,▁kennis:0.0001;▁Fuß:0.0001;▁biologie:0.0001;▁bekan:0.0001;plaat:0.0001,▁biologie:0.0006;▁kennis:0.0005;▁dévelop:0.0003;Ż:0.0003;▁péri:0.0003
@,symbol,1,0,1570,▁@,,param,layer_11,▁kennis,9.5e-05,30526,,25402,▁biologie,0.00099,11609,,19955,▁kennis:0.0001;▁biologie:0.0001;▁Fuß:0.0001;▁bekan:0.0001;▁dévelop:0.0001,▁biologie:0.0010;▁kennis:0.0008;Ż:0.0004;▁péri:0.0003;▁ál:0.0003
@,symbol,1,0,1570,▁@,,param,layer_14,▁kennis,8.8e-05,30228,,24676,▁biologie,0.001116,11220,,16969,▁kennis:0.0001;▁biologie:0.0001;▁Fuß:0.0001;▁bekan:0.0001;▁dévelop:0.0001,▁biologie:0.0011;▁kennis:0.0011;Ż:0.0004;▁ál:0.0004;▁dévelop:0.0003
@,symbol,1,0,1570,▁@,,param,layer_18,▁kennis,5.8e-05,19078,,19525,▁biologie,0.001455,94,,4353,▁kennis:0.0001;▁biologie:0.0001;▁Fuß:0.0001;▁dévelop:0.0001;scriptstyle:0.0001,▁biologie:0.0015;▁kennis:0.0009;Ż:0.0005;rdev:0.0003;scriptstyle:0.0003
@,symbol,1,0,1570,▁@,,param,layer_21,▁kennis,0.000213,25019,,16903,▁kennis,0.002478,2463,,1171,▁kennis:0.0002;▁biologie:0.0002;▁Fuß:0.0002;▁dévelop:0.0001;▁bekan:0.0001,▁kennis:0.0025;▁biologie:0.0020;Ż:0.0006;▁ál:0.0005;rcu:0.0005
@,symbol,1,0,1570,▁@,,param,layer_23,▁kennis,0.00028,25148,,16796,▁kennis,0.002139,1910,,916,▁kennis:0.0003;▁biologie:0.0002;▁Fuß:0.0002;▁dévelop:0.0002;▁bekan:0.0002,▁kennis:0.0021;▁biologie:0.0016;Ż:0.0006;▁ál:0.0005;▁dévelop:0.0004
@,symbol,1,0,1570,▁@,,param,layer_25,▁kennis,0.000275,23589,,15233,▁kennis,0.002115,964,,388,▁kennis:0.0003;▁biologie:0.0002;▁Fuß:0.0002;▁dévelop:0.0002;▁bekan:0.0002,▁kennis:0.0021;▁biologie:0.0015;Ż:0.0005;:0.0005;▁ingår:0.0004
@,symbol,1,0,1570,▁@,,param,layer_27,▁kennis,0.000249,15436,,13716,▁kennis,0.003149,30,,173,▁kennis:0.0002;▁biologie:0.0002;▁Fuß:0.0002;▁dévelop:0.0002;▁bekan:0.0002,▁kennis:0.0031;▁biologie:0.0017;Ż:0.0005;:0.0004;rcu:0.0004
@,symbol,1,0,1570,▁@,,param,layer_28,▁kennis,0.000187,13637,,10560,▁kennis,0.003744,12,,24,▁kennis:0.0002;▁biologie:0.0002;▁Fuß:0.0001;▁dévelop:0.0001;▁bekan:0.0001,▁kennis:0.0037;▁biologie:0.0026;▁artikel:0.0004;Ż:0.0004;:0.0004
@,symbol,1,0,1570,▁@,,param,layer_29,▁kennis,0.000124,9335,,7623,▁kennis,0.002188,3,,5,▁kennis:0.0001;▁biologie:0.0001;▁Fuß:0.0001;▁dévelop:0.0001;scriptstyle:0.0001,▁kennis:0.0022;▁biologie:0.0015;▁@:0.0007;@:0.0007;param:0.0007
@,symbol,1,0,1570,▁@,,param,layer_31,▁kennis,7.9e-05,620,,1381,▁@,0.028295,1,,2,▁kennis:0.0001;▁biologie:0.0001;▁Fuß:0.0001;▁bekan:0.0001;▁artikel:0.0001,▁@:0.0283;param:0.0061;l:0.0034;T:0.0029;le:0.0028
@,symbol,1,0,1570,▁@,,param,layer_32,Override,6.6e-05,6,,2,param,0.170272,29,,1,Override:0.0001;param:0.0001;▁:0.0001;author:0.0001;return:0.0001,param:0.1703;Override:0.1115;return:0.0653;author:0.0317;Test:0.0114
@,symbol,1,0,1570,▁@,,param,final_logits,param,0.172994,29,,1,,,,,,param:0.1730;Override:0.1117;return:0.0636;author:0.0320;Test:0.0114,
#,symbol,1,0,1190,▁#,,▁,emb,oro,3.1e-05,13052,,14688,oro,0.000684,16525,,22455,oro:0.0000;▁indirect:0.0000;ึ:0.0000;<0x85>:0.0000;opt:0.0000,oro:0.0007;ึ:0.0006;▁indirect:0.0005;opt:0.0005;<0x85>:0.0005
#,symbol,1,0,1190,▁#,,▁,layer_1,ẩ,3.1e-05,30955,,31120,ẩ,0.019064,30099,,20944,ẩ:0.0000;ķ:0.0000;▁diffé:0.0000;ША:0.0000;ĩ:0.0000,ẩ:0.0191;lette:0.0062;ql:0.0053;▁/******/:0.0050;ĩ:0.0045
#,symbol,1,0,1190,▁#,,▁,layer_2,▁kennis,0.000117,19211,,32759,▁biologie,0.000466,7394,,27643,▁kennis:0.0001;▁Fuß:0.0001;▁biologie:0.0001;▁bekan:0.0001;plaat:0.0001,▁biologie:0.0005;▁kennis:0.0005;▁péri:0.0003;▁dévelop:0.0003;Ż:0.0003
#,symbol,1,0,1190,▁#,,▁,layer_4,▁kennis,0.000117,19100,,32760,▁biologie,0.000487,7333,,28630,▁kennis:0.0001;▁Fuß:0.0001;▁biologie:0.0001;▁bekan:0.0001;plaat:0.0001,▁biologie:0.0005;▁kennis:0.0005;▁péri:0.0003;Ż:0.0003;▁dévelop:0.0003
#,symbol,1,0,1190,▁#,,▁,layer_7,▁kennis,0.000117,18698,,32759,▁biologie,0.000524,6697,,27825,▁kennis:0.0001;▁Fuß:0.0001;▁biologie:0.0001;▁bekan:0.0001;plaat:0.0001,▁biologie:0.0005;▁kennis:0.0005;▁péri:0.0003;Ż:0.0003;▁dévelop:0.0003
#,symbol,1,0,1190,▁#,,▁,layer_11,▁kennis,0.000109,17457,,32756,▁biologie,0.000797,5162,,18855,▁kennis:0.0001;▁biologie:0.0001;▁Fuß:0.0001;▁bekan:0.0001;▁dévelop:0.0001,▁biologie:0.0008;▁kennis:0.0007;▁péri:0.0004;▁ál:0.0003;Ż:0.0003
#,symbol,1,0,1190,▁#,,▁,layer_14,▁kennis,0.0001,17605,,32756,▁kennis,0.000898,6027,,19683,▁kennis:0.0001;▁biologie:0.0001;▁Fuß:0.0001;▁bekan:0.0001;▁dévelop:0.0001,▁kennis:0.0009;▁biologie:0.0009;▁ál:0.0004;Ż:0.0004;▁péri:0.0003
#,symbol,1,0,1190,▁#,,▁,layer_18,▁kennis,5.8e-05,12919,,32746,▁kennis,0.00103,539,,11394,▁kennis:0.0001;▁biologie:0.0001;▁Fuß:0.0001;▁dévelop:0.0001;scriptstyle:0.0001,▁kennis:0.0010;▁biologie:0.0010;Ż:0.0005;▁té:0.0005;▁vál:0.0004
#,symbol,1,0,1190,▁#,,▁,layer_21,▁kennis,0.000213,17916,,32760,▁kennis,0.001459,7997,,32069,▁kennis:0.0002;▁biologie:0.0002;▁Fuß:0.0002;▁dévelop:0.0001;▁bekan:0.0001,▁kennis:0.0015;▁biologie:0.0014;▁ál:0.0005;Ż:0.0005;▁dévelop:0.0004
#,symbol,1,0,1190,▁#,,▁,layer_23,▁kennis,0.00027,18564,,32761,▁kennis,0.001363,8331,,32447,▁kennis:0.0003;▁biologie:0.0002;▁Fuß:0.0002;▁dévelop:0.0002;▁bekan:0.0002,▁kennis:0.0014;▁biologie:0.0012;▁ál:0.0005;Ż:0.0004;▁ingår:0.0004
#,symbol,1,0,1190,▁#,,▁,layer_25,▁kennis,0.000264,18014,,32763,▁kennis,0.001428,6951,,32533,▁kennis:0.0003;▁biologie:0.0002;▁Fuß:0.0002;▁dévelop:0.0002;▁bekan:0.0002,▁kennis:0.0014;▁biologie:0.0013;Ż:0.0004;▁ál:0.0004;▁ingår:0.0004
#,symbol,1,0,1190,▁#,,▁,layer_27,▁kennis,0.000243,14923,,32760,▁kennis,0.001737,1177,,31702,▁kennis:0.0002;▁biologie:0.0002;▁Fuß:0.0002;▁dévelop:0.0002;▁bekan:0.0002,▁kennis:0.0017;▁biologie:0.0014;Ż:0.0004;▁ál:0.0004;▁ingår:0.0004
#,symbol,1,0,1190,▁#,,▁,layer_28,▁kennis,0.000181,16302,,32759,▁biologie,0.001757,2516,,30255,▁kennis:0.0002;▁biologie:0.0002;▁Fuß:0.0001;▁dévelop:0.0001;▁bekan:0.0001,▁biologie:0.0018;▁kennis:0.0015;▁artikel:0.0004;▁ál:0.0004;Ż:0.0004
#,symbol,1,0,1190,▁#,,▁,layer_29,▁kennis,0.000122,13642,,32743,▁biologie,0.00098,355,,9670,▁kennis:0.0001;▁biologie:0.0001;▁Fuß:0.0001;▁bekan:0.0001;▁dévelop:0.0001,▁biologie:0.0010;▁kennis:0.0008;▁artikel:0.0003;▁ingår:0.0003;Ż:0.0003
#,symbol,1,0,1190,▁#,,▁,layer_31,▁kennis,7.5e-05,1002,,14310,▁#,0.009223,1,,2,▁kennis:0.0001;▁biologie:0.0001;▁Fuß:0.0001;▁artikel:0.0001;▁bekan:0.0001,▁#:0.0092;▁:0.0020;▁The:0.0016;▁An:0.0012;▁How:0.0011
#,symbol,1,0,1190,▁#,,▁,layer_32,▁,7.6e-05,7,,1,▁,0.052909,5,,1,▁:0.0001;▁The:0.0001;1:0.0001;include:0.0001;▁A:0.0001,▁:0.0529;1:0.0252;▁The:0.0213;include:0.0174;▁#:0.0149
#,symbol,1,0,1190,▁#,,▁,final_logits,▁,0.053261,5,,1,,,,,,▁:0.0533;1:0.0252;▁The:0.0215;include:0.0173;▁#:0.0148,
$,symbol,1,0,1197,▁$,,1,emb,cep,3.1e-05,31286,,10130,cep,0.00072,31742,,13019,cep:0.0000;oe:0.0000;chnitt:0.0000;▁WARRAN:0.0000;▁gob:0.0000,cep:0.0007;▁WARRAN:0.0006;oe:0.0006;chnitt:0.0005;uld:0.0005
$,symbol,1,0,1197,▁$,,1,layer_1,ẩ,3.1e-05,30338,,31375,ẩ,0.03304,27144,,29050,ẩ:0.0000;ķ:0.0000;▁giornata:0.0000;▁occas:0.0000;ٱ:0.0000,ẩ:0.0330;▁/******/:0.0199;lette:0.0053;ENDOR:0.0041;ĩ:0.0035
$,symbol,1,0,1197,▁$,,1,layer_2,▁kennis,0.000124,31792,,32252,▁kennis,0.000474,15168,,12232,▁kennis:0.0001;▁Fuß:0.0001;▁biologie:0.0001;▁bekan:0.0001;plaat:0.0001,▁kennis:0.0005;▁biologie:0.0004;▁péri:0.0003;Ż:0.0003;▁dévelop:0.0003
$,symbol,1,0,1197,▁$,,1,layer_4,▁kennis,0.000124,31803,,32255,▁kennis,0.000477,15658,,12928,▁kennis:0.0001;▁Fuß:0.0001;▁biologie:0.0001;▁bekan:0.0001;plaat:0.0001,▁kennis:0.0005;▁biologie:0.0005;▁péri:0.0003;Ż:0.0003;▁dévelop:0.0003
$,symbol,1,0,1197,▁$,,1,layer_7,▁kennis,0.000124,31693,,32223,▁biologie,0.000496,14077,,12268,▁kennis:0.0001;▁Fuß:0.0001;▁biologie:0.0001;▁bekan:0.0001;plaat:0.0001,▁biologie:0.0005;▁kennis:0.0005;Ż:0.0003;▁péri:0.0003;▁dévelop:0.0003
$,symbol,1,0,1197,▁$,,1,layer_11,▁kennis,0.000114,31532,,31958,▁biologie,0.000744,11804,,6107,▁kennis:0.0001;▁biologie:0.0001;▁Fuß:0.0001;▁bekan:0.0001;▁dévelop:0.0001,▁biologie:0.0007;▁kennis:0.0007;Ż:0.0004;▁ál:0.0003;▁péri:0.0003
$,symbol,1,0,1197,▁$,,1,layer_14,▁kennis,0.000105,31261,,31960,▁kennis,0.00098,10380,,7047,▁kennis:0.0001;▁biologie:0.0001;▁Fuß:0.0001;▁bekan:0.0001;▁dévelop:0.0001,▁kennis:0.0010;▁biologie:0.0008;▁ál:0.0004;Ż:0.0004;▁péri:0.0003
$,symbol,1,0,1197,▁$,,1,layer_18,▁kennis,5.9e-05,27882,,31008,▁kennis,0.000832,1646,,3256,▁kennis:0.0001;▁biologie:0.0001;▁Fuß:0.0001;▁dévelop:0.0001;scriptstyle:0.0001,▁kennis:0.0008;▁biologie:0.0007;scriptstyle:0.0005;▁ál:0.0005;Ż:0.0005
$,symbol,1,0,1197,▁$,,1,layer_21,▁kennis,0.000175,27224,,31856,▁biologie,0.001433,1912,,11287,▁kennis:0.0002;▁biologie:0.0002;▁Fuß:0.0001;▁dévelop:0.0001;scriptstyle:0.0001,▁biologie:0.0014;▁kennis:0.0010;▁ál:0.0005;▁giornata:0.0005;Ż:0.0005
$,symbol,1,0,1197,▁$,,1,layer_23,▁kennis,0.000225,27599,,32076,▁biologie,0.001345,1779,,14500,▁kennis:0.0002;▁biologie:0.0002;▁Fuß:0.0002;▁dévelop:0.0002;scriptstyle:0.0001,▁biologie:0.0013;▁kennis:0.0010;▁ál:0.0005;Ż:0.0004;▁giornata:0.0004
$,symbol,1,0,1197,▁$,,1,layer_25,▁kennis,0.000223,24888,,32094,▁biologie,0.001415,467,,15803,▁kennis:0.0002;▁biologie:0.0002;▁Fuß:0.0002;▁dévelop:0.0002;scriptstyle:0.0001,▁biologie:0.0014;▁kennis:0.0009;scriptstyle:0.0005;▁giornata:0.0004;▁ál:0.0004
$,symbol,1,0,1197,▁$,,1,layer_27,▁kennis,0.000207,17265,,31898,▁biologie,0.00151,10,,11871,▁kennis:0.0002;▁biologie:0.0002;▁Fuß:0.0002;▁dévelop:0.0001;scriptstyle:0.0001,▁biologie:0.0015;▁kennis:0.0014;▁giornata:0.0005;scriptstyle:0.0005;▁ál:0.0004
$,symbol,1,0,1197,▁$,,1,layer_28,▁kennis,0.000155,17560,,31523,▁biologie,0.001888,10,,7347,▁kennis:0.0002;▁biologie:0.0001;▁Fuß:0.0001;scriptstyle:0.0001;▁dévelop:0.0001,▁biologie:0.0019;▁kennis:0.0012;scriptstyle:0.0006;▁giornata:0.0005;-$:0.0005
$,symbol,1,0,1197,▁$,,1,layer_29,▁kennis,0.000107,12078,,24021,scriptstyle,0.000867,5,,92,▁kennis:0.0001;▁biologie:0.0001;▁Fuß:0.0001;scriptstyle:0.0001;▁dévelop:0.0001,scriptstyle:0.0009;-$:0.0008;▁kennis:0.0007;▁biologie:0.0007;▁$:0.0006
$,symbol,1,0,1197,▁$,,1,layer_31,▁kennis,7e-05,833,,4265,f,0.014003,2,,20,▁kennis:0.0001;▁Fuß:0.0001;scriptstyle:0.0001;▁biologie:0.0001;Ṭ:0.0001,f:0.0140;▁$:0.0102;this:0.0074;m:0.0072;T:0.0054
$,symbol,1,0,1197,▁$,,1,layer_32,1,7e-05,8,,1,1,0.11645,55,,1,1:0.0001;2:0.0001;5:0.0001;this:0.0001;3:0.0001,1:0.1164;2:0.0573;3:0.0372;5:0.0347;this:0.0327
$,symbol,1,0,1197,▁$,,1,final_logits,1,0.115569,55,,1,,,,,,1:0.1156;2:0.0581;3:0.0375;5:0.0342;this:0.0331,
%,symbol,1,0,2007,▁%,,s,emb,▁Para,3.1e-05,20604,,4529,▁Para,0.001142,19727,,5046,▁Para:0.0000;oti:0.0000;aft:0.0000;▁Regional:0.0000;nim:0.0000,▁Para:0.0011;▁Regional:0.0006;oti:0.0006;aft:0.0006;▁para:0.0006
%,symbol,1,0,2007,▁%,,s,layer_1,ẩ,3.1e-05,30059,,29602,ẩ,0.039984,28990,,19175,ẩ:0.0000;▁biologie:0.0000;▁giornata:0.0000;ķ:0.0000;▁occas:0.0000,ẩ:0.0400;▁giornata:0.0119;sta:0.0044;cembre:0.0028;☽:0.0024
%,symbol,1,0,2007,▁%,,s,layer_2,▁kennis,0.000113,23936,,32671,▁biologie,0.000482,10204,,19824,▁kennis:0.0001;▁Fuß:0.0001;▁biologie:0.0001;▁bekan:0.0001;plaat:0.0001,▁biologie:0.0005;▁kennis:0.0005;▁dévelop:0.0003;Ż:0.0003;▁péri:0.0003
%,symbol,1,0,2007,▁%,,s,layer_4,▁kennis,0.000113,23911,,32672,▁biologie,0.000504,10363,,21209,▁kennis:0.0001;▁Fuß:0.0001;▁biologie:0.0001;▁bekan:0.0001;plaat:0.0001,▁biologie:0.0005;▁kennis:0.0005;▁dévelop:0.0003;▁péri:0.0003;Ż:0.0003
%,symbol,1,0,2007,▁%,,s,layer_7,▁kennis,0.000111,23551,,32673,▁biologie,0.000552,9635,,20832,▁kennis:0.0001;▁Fuß:0.0001;▁biologie:0.0001;▁bekan:0.0001;plaat:0.0001,▁biologie:0.0006;▁kennis:0.0005;▁dévelop:0.0003;Ż:0.0003;▁péri:0.0003
%,symbol,1,0,2007,▁%,,s,layer_11,▁kennis,0.000105,22125,,32650,▁biologie,0.00086,6178,,13160,▁kennis:0.0001;▁biologie:0.0001;▁Fuß:0.0001;▁bekan:0.0001;▁dévelop:0.0001,▁biologie:0.0009;▁kennis:0.0007;Ż:0.0004;▁dévelop:0.0003;▁péri:0.0003
%,symbol,1,0,2007,▁%,,s,layer_14,▁kennis,9.8e-05,22249,,32646,▁kennis,0.000947,6908,,13995,▁kennis:0.0001;▁biologie:0.0001;▁Fuß:0.0001;▁bekan:0.0001;▁dévelop:0.0001,▁kennis:0.0009;▁biologie:0.0009;Ż:0.0004;▁ál:0.0004;▁dévelop:0.0004
%,symbol,1,0,2007,▁%,,s,layer_18,▁kennis,5.8e-05,17944,,32557,▁biologie,0.001156,1508,,14995,▁kennis:0.0001;▁biologie:0.0001;▁Fuß:0.0001;▁dévelop:0.0001;scriptstyle:0.0001,▁biologie:0.0012;▁kennis:0.0008;▁vé:0.0005;▁dévelop:0.0005;scriptstyle:0.0005
%,symbol,1,0,2007,▁%,,s,layer_21,▁kennis,0.000173,15834,,31939,▁biologie,0.002915,1010,,4574,▁kennis:0.0002;▁biologie:0.0002;▁Fuß:0.0001;▁dévelop:0.0001;▁bekan:0.0001,▁biologie:0.0029;▁kennis:0.0016;▁dévelop:0.0005;▁ál:0.0005;Ż:0.0005
%,symbol,1,0,2007,▁%,,s,layer_23,▁kennis,0.000233,16392,,32201,▁biologie,0.002026,1006,,5849,▁kennis:0.0002;▁biologie:0.0002;▁Fuß:0.0002;▁dévelop:0.0002;▁bekan:0.0001,▁biologie:0.0020;▁kennis:0.0015;▁dévelop:0.0005;Ż:0.0005;▁ál:0.0004
%,symbol,1,0,2007,▁%,,s,layer_25,▁kennis,0.000232,13695,,32222,▁biologie,0.002076,240,,8357,▁kennis:0.0002;▁biologie:0.0002;▁Fuß:0.0002;▁dévelop:0.0002;▁bekan:0.0001,▁biologie:0.0021;▁kennis:0.0014;:0.0005;▁spett:0.0005;Ż:0.0005
%,symbol,1,0,2007,▁%,,s,layer_27,▁kennis,0.000211,9924,,31522,▁biologie,0.002162,8,,2038,▁kennis:0.0002;▁biologie:0.0002;▁Fuß:0.0002;▁dévelop:0.0001;▁bekan:0.0001,▁biologie:0.0022;▁kennis:0.0017;>%:0.0005;:0.0005;Ż:0.0005
%,symbol,1,0,2007,▁%,,s,layer_28,▁kennis,0.000158,9137,,28828,▁biologie,0.002651,5,,322,▁kennis:0.0002;▁biologie:0.0001;▁Fuß:0.0001;▁dévelop:0.0001;scriptstyle:0.0001,▁biologie:0.0027;▁kennis:0.0014;>%:0.0010;:0.0005;▁%:0.0005
%,symbol,1,0,2007,▁%,,s,layer_29,▁kennis,0.00011,7127,,20127,▁biologie,0.00184,3,,14,▁kennis:0.0001;▁biologie:0.0001;▁Fuß:0.0001;scriptstyle:0.0001;▁dévelop:0.0001,▁biologie:0.0018;>%:0.0014;▁%:0.0009;i:0.0008;▁kennis:0.0006
%,symbol,1,0,2007,▁%,,s,layer_31,▁biologie,7.1e-05,223,,547,s,0.044737,2,,1,▁biologie:0.0001;▁kennis:0.0001;▁Fuß:0.0001;ٹ:0.0001;▁bekan:0.0001,s:0.0447;▁%:0.0201;d:0.0129;>%:0.0096;i:0.0058
%,symbol,1,0,2007,▁%,,s,layer_32,s,7.1e-05,5,,1,s,0.144849,2,,1,s:0.0001;▁of:0.0001;▁:0.0001;<0x0A>:0.0001;▁%:0.0001,s:0.1448;▁%:0.0624;d:0.0538;▁:0.0483;▁of:0.0401
%,symbol,1,0,2007,▁%,,s,final_logits,s,0.143904,2,,1,,,,,,s:0.1439;▁%:0.0619;d:0.0546;▁:0.0482;▁of:0.0400,
~,symbol,1,0,6681,▁~,,▁,emb,▁/******/,3.1e-05,25274,,23314,▁/******/,0.00172,26434,,27465,▁/******/:0.0000;oxy:0.0000;▁toget:0.0000;Ó:0.0000;▁cent:0.0000,▁/******/:0.0017;▁toget:0.0012;oxy:0.0011;Ó:0.0009;▁crow:0.0006
~,symbol,1,0,6681,▁~,,▁,layer_1,ẩ,3.1e-05,13886,,31810,▁/******/,0.037182,5193,,23103,ẩ:0.0000;ĩ:0.0000;▁biologie:0.0000;╔:0.0000;▁kennis:0.0000,▁/******/:0.0372;ẩ:0.0189;ENDOR:0.0084;ĩ:0.0073;ász:0.0028
~,symbol,1,0,6681,▁~,,▁,layer_2,▁kennis,8e-05,29319,,32759,▁kennis,0.000436,17304,,26677,▁kennis:0.0001;▁Fuß:0.0001;▁biologie:0.0001;▁bekan:0.0001;plaat:0.0001,▁kennis:0.0004;▁biologie:0.0004;Ż:0.0003;▁péri:0.0003;▁Fuß:0.0003
~,symbol,1,0,6681,▁~,,▁,layer_4,▁kennis,8e-05,29156,,32760,▁kennis,0.000433,16174,,28027,▁kennis:0.0001;▁Fuß:0.0001;▁biologie:0.0001;▁bekan:0.0001;plaat:0.0001,▁kennis:0.0004;▁biologie:0.0004;Ż:0.0003;▁péri:0.0003;▁Fuß:0.0003
~,symbol,1,0,6681,▁~,,▁,layer_7,▁kennis,8e-05,28744,,32759,▁kennis,0.000455,14483,,27210,▁kennis:0.0001;▁Fuß:0.0001;▁biologie:0.0001;▁bekan:0.0001;plaat:0.0001,▁kennis:0.0005;▁biologie:0.0004;Ż:0.0003;▁péri:0.0003;▁dévelop:0.0003
~,symbol,1,0,6681,▁~,,▁,layer_11,▁kennis,7.3e-05,26813,,32754,▁kennis,0.000812,10039,,14880,▁kennis:0.0001;▁biologie:0.0001;▁Fuß:0.0001;▁bekan:0.0001;▁dévelop:0.0001,▁kennis:0.0008;▁biologie:0.0008;▁ál:0.0004;Ż:0.0004;▁péri:0.0004
~,symbol,1,0,6681,▁~,,▁,layer_14,▁kennis,6.6e-05,25542,,32756,▁kennis,0.001156,7200,,20478,▁kennis:0.0001;▁biologie:0.0001;▁Fuß:0.0001;▁bekan:0.0001;▁dévelop:0.0001,▁kennis:0.0012;▁biologie:0.0008;▁ál:0.0005;Ż:0.0004;▁péri:0.0004
~,symbol,1,0,6681,▁~,,▁,layer_18,▁kennis,5.9e-05,17356,,32759,▁vé,0.00064,269,,21757,▁kennis:0.0001;▁biologie:0.0001;▁Fuß:0.0001;▁dévelop:0.0001;▁bekan:0.0001,▁vé:0.0006;▁kennis:0.0005;↔:0.0005;▁ál:0.0004;▁biologie:0.0004
~,symbol,1,0,6681,▁~,,▁,layer_21,▁kennis,0.000215,18591,,32759,▁kennis,0.002448,1079,,23853,▁kennis:0.0002;▁biologie:0.0002;▁Fuß:0.0002;▁dévelop:0.0001;▁bekan:0.0001,▁kennis:0.0024;▁biologie:0.0016;▁ál:0.0008;▁dévelop:0.0006;▁giornata:0.0005
~,symbol,1,0,6681,▁~,,▁,layer_23,▁kennis,0.000301,20258,,32758,▁kennis,0.002083,1675,,21118,▁kennis:0.0003;▁biologie:0.0002;▁Fuß:0.0002;▁dévelop:0.0002;▁bekan:0.0002,▁kennis:0.0021;▁biologie:0.0013;▁ál:0.0006;Ż:0.0005;▁dévelop:0.0005
~,symbol,1,0,6681,▁~,,▁,layer_25,▁kennis,0.000293,17999,,32755,▁kennis,0.002053,659,,18041,▁kennis:0.0003;▁biologie:0.0002;▁Fuß:0.0002;▁dévelop:0.0002;▁bekan:0.0002,▁kennis:0.0021;▁biologie:0.0014;▁ál:0.0007;Ż:0.0005;▁giornata:0.0004
~,symbol,1,0,6681,▁~,,▁,layer_27,▁kennis,0.000262,12092,,32747,▁kennis,0.002458,13,,4511,▁kennis:0.0003;▁biologie:0.0002;▁Fuß:0.0002;▁dévelop:0.0002;▁bekan:0.0002,▁kennis:0.0025;▁biologie:0.0014;▁ál:0.0007;Ż:0.0005;▁giornata:0.0005
~,symbol,1,0,6681,▁~,,▁,layer_28,▁kennis,0.00019,10406,,32709,▁kennis,0.002474,7,,942,▁kennis:0.0002;▁biologie:0.0002;▁Fuß:0.0001;▁dévelop:0.0001;▁bekan:0.0001,▁kennis:0.0025;▁biologie:0.0018;▁ál:0.0007;▁...:0.0006;(:0.0004
~,symbol,1,0,6681,▁~,,▁,layer_29,▁kennis,0.000126,5786,,31732,▁~,0.001264,1,,15,▁kennis:0.0001;▁biologie:0.0001;▁Fuß:0.0001;▁Мекси:0.0001;▁dévelop:0.0001,▁~:0.0013;▁...:0.0012;▁kennis:0.0011;(:0.0011;▁biologie:0.0008
~,symbol,1,0,6681,▁~,,▁,layer_31,▁kennis,7.2e-05,5,,180,▁,0.092578,2,,1,▁kennis:0.0001;▁biologie:0.0001;▁Fuß:0.0001;▁bekan:0.0001;▁~:0.0001,▁:0.0926;▁~:0.0856;~:0.0128;1:0.0085;<0x0A>:0.0085
~,symbol,1,0,6681,▁~,,▁,layer_32,▁,0.000125,2,,1,▁,0.156386,2,,1,▁:0.0001;▁~:0.0001;<0x0A>:0.0001;1:0.0001;0:0.0001,▁:0.1564;▁~:0.0595;1:0.0578;0:0.0417;2:0.0328
~,symbol,1,0,6681,▁~,,▁,final_logits,▁,0.157974,2,,1,,,,,,▁:0.1580;▁~:0.0600;1:0.0581;0:0.0412;2:0.0331,
 ,whitespace,1,0,29473,▁,,1,emb,elli,3.1e-05,29502,,4926,▁acknow,0.00036,30115,,9852,elli:0.0000;irt:0.0000;rix:0.0000;iple:0.0000;▁acknow:0.0000,▁acknow:0.0004;elli:0.0003;itle:0.0002;▁transferred:0.0002;irt:0.0002
 ,whitespace,1,0,29473,▁,,1,layer_1,ieux,3.5e-05,23284,,26997,ieux,0.005987,22694,,27876,ieux:0.0000;▁Giov:0.0000;yll:0.0000;ota:0.0000;efore:0.0000,ieux:0.0060;efore:0.0050;▁Giov:0.0046;yll:0.0043;ota:0.0040
 ,whitespace,1,0,29473,▁,,1,layer_2,▁kennis,0.794921,32761,,32308,▁kennis,0.000633,32746,,25228,▁kennis:0.7949;▁Fuß:0.0672;▁biologie:0.0555;▁bekan:0.0306;plaat:0.0120,▁kennis:0.0006;▁biologie:0.0005;▁dévelop:0.0004;▁besk:0.0003;▁artikel:0.0003
 ,whitespace,1,0,29473,▁,,1,layer_4,▁kennis,0.794711,32761,,32308,▁kennis,0.000633,32745,,25281,▁kennis:0.7947;▁Fuß:0.0673;▁biologie:0.0556;▁bekan:0.0307;plaat:0.0120,▁kennis:0.0006;▁biologie:0.0005;▁dévelop:0.0004;▁besk:0.0003;▁artikel:0.0003
 ,whitespace,1,0,29473,▁,,1,layer_7,▁kennis,0.793986,32761,,32305,▁kennis,0.000631,32745,,25238,▁kennis:0.7940;▁Fuß:0.0675;▁biologie:0.0558;▁bekan:0.0307;plaat:0.0121,▁kennis:0.0006;▁biologie:0.0005;▁dévelop:0.0004;▁besk:0.0003;▁artikel:0.0003
 ,whitespace,1,0,29473,▁,,1,layer_11,▁kennis,0.795157,32761,,32304,▁kennis,0.00064,32746,,25174,▁kennis:0.7952;▁Fuß:0.0668;▁biologie:0.0562;▁bekan:0.0302;plaat:0.0120,▁kennis:0.0006;▁biologie:0.0005;▁dévelop:0.0004;▁besk:0.0003;▁artikel:0.0003
 ,whitespace,1,0,29473,▁,,1,layer_14,▁kennis,0.797364,32761,,32306,▁kennis,0.000653,32746,,25369,▁kennis:0.7974;▁Fuß:0.0659;▁biologie:0.0560;▁bekan:0.0296;plaat:0.0119,▁kennis:0.0007;▁biologie:0.0005;▁dévelop:0.0004;▁besk:0.0003;▁artikel:0.0003
 ,whitespace,1,0,29473,▁,,1,layer_18,▁kennis,0.797332,32761,,32307,▁kennis,0.000656,32747,,25484,▁kennis:0.7973;▁Fuß:0.0661;▁biologie:0.0561;▁bekan:0.0293;plaat:0.0119,▁kennis:0.0007;▁biologie:0.0005;▁dévelop:0.0004;▁artikel:0.0004;▁besk:0.0004
 ,whitespace,1,0,29473,▁,,1,layer_21,▁kennis,0.813552,32760,,32330,▁kennis,0.0007,32751,,27578,▁kennis:0.8136;▁Fuß:0.0606;▁biologie:0.0543;▁bekan:0.0262;plaat:0.0110,▁kennis:0.0007;▁biologie:0.0006;▁besk:0.0004;▁artikel:0.0004;▁dévelop:0.0004
 ,whitespace,1,0,29473,▁,,1,layer_23,▁kennis,0.813382,32760,,32329,▁kennis,0.000701,32751,,27426,▁kennis:0.8134;▁Fuß:0.0605;▁biologie:0.0546;▁bekan:0.0263;plaat:0.0109,▁kennis:0.0007;▁biologie:0.0006;▁besk:0.0004;▁artikel:0.0004;▁dévelop:0.0004
 ,whitespace,1,0,29473,▁,,1,layer_25,▁kennis,0.8129,32760,,32325,▁kennis,0.000699,32751,,27247,▁kennis:0.8129;▁Fuß:0.0610;▁biologie:0.0545;▁bekan:0.0264;plaat:0.0109,▁kennis:0.0007;▁biologie:0.0006;▁besk:0.0004;▁artikel:0.0004;▁dévelop:0.0004
 ,whitespace,1,0,29473,▁,,1,layer_27,▁kennis,0.812376,32760,,32324,▁kennis,0.000694,32751,,27052,▁kennis:0.8124;▁Fuß:0.0614;▁biologie:0.0544;▁bekan:0.0264;plaat:0.0110,▁kennis:0.0007;▁biologie:0.0006;▁besk:0.0004;▁artikel:0.0004;▁dévelop:0.0004
 ,whitespace,1,0,29473,▁,,1,layer_28,▁kennis,0.811264,32760,,32326,▁kennis,0.000684,32751,,26932,▁kennis:0.8113;▁Fuß:0.0619;▁biologie:0.0546;▁bekan:0.0265;plaat:0.0112,▁kennis:0.0007;▁biologie:0.0006;▁artikel:0.0004;▁besk:0.0004;▁dévelop:0.0004
 ,whitespace,1,0,29473,▁,,1,layer_29,▁kennis,0.805992,32760,,32316,▁kennis,0.000673,32750,,26512,▁kennis:0.8060;▁Fuß:0.0630;▁biologie:0.0558;▁bekan:0.0275;plaat:0.0115,▁kennis:0.0007;▁biologie:0.0006;▁artikel:0.0004;▁besk:0.0004;▁dévelop:0.0003
 ,whitespace,1,0,29473,▁,,1,layer_31,▁kennis,0.327775,32761,,32635,▁bekan,0.000598,32759,,32743,▁kennis:0.3278;▁Fuß:0.1156;▁bekan:0.0749;▁biologie:0.0565;plaat:0.0449,▁bekan:0.0006;▁Fuß:0.0005;områ:0.0004;▁kennis:0.0004;▁dévelop:0.0004
 ,whitespace,1,0,29473,▁,,1,layer_32,1,9.6e-05,2753,,1,1,0.260895,1097,,1,1:0.0001;2:0.0001;3:0.0001;5:0.0001;4:0.0001,1:0.2609;2:0.2186;3:0.0771;4:0.0513;5:0.0481
 ,whitespace,1,0,29473,▁,,1,final_logits,1,0.262725,1097,,1,,,,,,1:0.2627;2:0.2178;3:0.0753;4:0.0517;5:0.0486,
"
",whitespace,2,0,29473,▁,781,1,emb,elli,3.1e-05,29502,30430,4926,▁acknow,0.00036,30115,30822,9852,elli:0.0000;irt:0.0000;rix:0.0000;iple:0.0000;▁acknow:0.0000,▁acknow:0.0004;elli:0.0003;itle:0.0002;▁transferred:0.0002;irt:0.0002
"
",whitespace,2,0,29473,▁,781,1,layer_1,ieux,3.5e-05,23284,26463,26997,ieux,0.005987,22694,25989,27876,ieux:0.0000;▁Giov:0.0000;yll:0.0000;ota:0.0000;efore:0.0000,ieux:0.0060;efore:0.0050;▁Giov:0.0046;yll:0.0043;ota:0.0040
"
",whitespace,2,0,29473,▁,781,1,layer_2,▁kennis,0.794921,32761,32756,32308,▁kennis,0.000633,32746,32755,25228,▁kennis:0.7949;▁Fuß:0.0672;▁biologie:0.0555;▁bekan:0.0306;plaat:0.0120,▁kennis:0.0006;▁biologie:0.0005;▁dévelop:0.0004;▁besk:0.0003;▁artikel:0.0003
"
",whitespace,2,0,29473,▁,781,1,layer_4,▁kennis,0.794711,32761,32756,32308,▁kennis,0.000633,32745,32755,25281,▁kennis:0.7947;▁Fuß:0.0673;▁biologie:0.0556;▁bekan:0.0307;plaat:0.0120,▁kennis:0.0006;▁biologie:0.0005;▁dévelop:0.0004;▁besk:0.0003;▁artikel:0.0003
"
",whitespace,2,0,29473,▁,781,1,layer_7,▁kennis,0.793986,32761,32756,32305,▁kennis,0.000631,32745,32755,25238,▁kennis:0.7940;▁Fuß:0.0675;▁biologie:0.0558;▁bekan:0.0307;plaat:0.0121,▁kennis:0.0006;▁biologie:0.0005;▁dévelop:0.0004;▁besk:0.0003;▁artikel:0.0003
"
",whitespace,2,0,29473,▁,781,1,layer_11,▁kennis,0.795157,32761,32756,32304,▁kennis,0.00064,32746,32755,25174,▁kennis:0.7952;▁Fuß:0.0668;▁biologie:0.0562;▁bekan:0.0302;plaat:0.0120,▁kennis:0.0006;▁biologie:0.0005;▁dévelop:0.0004;▁besk:0.0003;▁artikel:0.0003
"
",whitespace,2,0,29473,▁,781,1,layer_14,▁kennis,0.797364,32761,32756,32306,▁kennis,0.000653,32746,32755,25369,▁kennis:0.7974;▁Fuß:0.0659;▁biologie:0.0560;▁bekan:0.0296;plaat:0.0119,▁kennis:0.0007;▁biologie:0.0005;▁dévelop:0.0004;▁besk:0.0003;▁artikel:0.0003
"
",whitespace,2,0,29473,▁,781,1,layer_18,▁kennis,0.797332,32761,32756,32307,▁kennis,0.000656,32747,32755,25484,▁kennis:0.7973;▁Fuß:0.0661;▁biologie:0.0561;▁bekan:0.0293;plaat:0.0119,▁kennis:0.0007;▁biologie:0.0005;▁dévelop:0.0004;▁artikel:0.0004;▁besk:0.0004
"
",whitespace,2,0,29473,▁,781,1,layer_21,▁kennis,0.813551,32760,32757,32330,▁kennis,0.0007,32751,32759,27578,▁kennis:0.8136;▁Fuß:0.0606;▁biologie:0.0543;▁bekan:0.0262;plaat:0.0110,▁kennis:0.0007;▁biologie:0.0006;▁besk:0.0004;▁artikel:0.0004;▁dévelop:0.0004
"
",whitespace,2,0,29473,▁,781,1,layer_23,▁kennis,0.813382,32760,32759,32329,▁kennis,0.000701,32751,32759,27425,▁kennis:0.8134;▁Fuß:0.0605;▁biologie:0.0546;▁bekan:0.0263;plaat:0.0109,▁kennis:0.0007;▁biologie:0.0006;▁besk:0.0004;▁artikel:0.0004;▁dévelop:0.0004
"
",whitespace,2,0,29473,▁,781,1,layer_25,▁kennis,0.812907,32760,32758,32325,▁kennis,0.000699,32751,32759,27247,▁kennis:0.8129;▁Fuß:0.0610;▁biologie:0.0545;▁bekan:0.0264;plaat:0.0109,▁kennis:0.0007;▁biologie:0.0006;▁besk:0.0004;▁artikel:0.0004;▁dévelop:0.0004
"
",whitespace,2,0,29473,▁,781,1,layer_27,▁kennis,0.812393,32760,32758,32324,▁kennis,0.000694,32751,32757,27052,▁kennis:0.8124;▁Fuß:0.0614;▁biologie:0.0544;▁bekan:0.0264;plaat:0.0110,▁kennis:0.0007;▁biologie:0.0006;▁besk:0.0004;▁artikel:0.0004;▁dévelop:0.0004
"
",whitespace,2,0,29473,▁,781,1,layer_28,▁kennis,0.811284,32760,32758,32326,▁kennis,0.000684,32751,32757,26932,▁kennis:0.8113;▁Fuß:0.0619;▁biologie:0.0546;▁bekan:0.0265;plaat:0.0112,▁kennis:0.0007;▁biologie:0.0006;▁artikel:0.0004;▁besk:0.0004;▁dévelop:0.0004
"
",whitespace,2,0,29473,▁,781,1,layer_29,▁kennis,0.806009,32760,32759,32316,▁kennis,0.000673,32750,32757,26515,▁kennis:0.8060;▁Fuß:0.0629;▁biologie:0.0558;▁bekan:0.0275;plaat:0.0115,▁kennis:0.0007;▁biologie:0.0006;▁artikel:0.0004;▁besk:0.0004;▁dévelop:0.0003
"
",whitespace,2,0,29473,▁,781,1,layer_31,▁kennis,0.327833,32761,32759,32635,▁bekan,0.000598,32759,32715,32743,▁kennis:0.3278;▁Fuß:0.1156;▁bekan:0.0749;▁biologie:0.0565;plaat:0.0449,▁bekan:0.0006;▁Fuß:0.0005;områ:0.0004;▁kennis:0.0004;▁dévelop:0.0004
"
",whitespace,2,0,29473,▁,781,1,layer_32,1,9.5e-05,2712,19,1,1,0.260699,1069,19,1,1:0.0001;2:0.0001;3:0.0001;5:0.0001;4:0.0001,1:0.2607;2:0.2180;3:0.0769;4:0.0512;5:0.0481
"
",whitespace,2,0,29473,▁,781,1,final_logits,1,0.263875,1069,17,1,,,,,,1:0.2639;2:0.2188;3:0.0756;4:0.0520;5:0.0473,
"
",whitespace,2,1,781,<0x0A>,,<0x0A>,emb,ґ,3.1e-05,24375,,24375,acia,0.000338,25827,,25827,ґ:0.0000;adel:0.0000;ADC:0.0000;orte:0.0000;ighth:0.0000,acia:0.0003;adel:0.0003;asso:0.0002;urt:0.0002;éric:0.0002
"
",whitespace,2,1,781,<0x0A>,,<0x0A>,layer_1,ّ,3.1e-05,29105,,29105,oor,0.001154,29353,,29353,ّ:0.0000;ăr:0.0000;­:0.0000;▁destination:0.0000;ikk:0.0000,oor:0.0012;▁fu:0.0012;ّ:0.0011;▁destination:0.0010;▁quantity:0.0010
"
",whitespace,2,1,781,<0x0A>,,<0x0A>,layer_2,▁bekan,0.34447,32755,,32755,GroupLayout,0.003187,32091,,32091,▁bekan:0.3445;▁Fuß:0.1880;plaat:0.1771;▁kennis:0.1019;områ:0.0376,GroupLayout:0.0032;TDM:0.0030;▁answ:0.0013;▁oppon:0.0012;▁bekan:0.0011
"
",whitespace,2,1,781,<0x0A>,,<0x0A>,layer_4,▁bekan,0.344407,32755,,32755,GroupLayout,0.003193,32100,,32100,▁bekan:0.3444;▁Fuß:0.1879;plaat:0.1770;▁kennis:0.1019;områ:0.0376,GroupLayout:0.0032;TDM:0.0030;▁answ:0.0013;▁oppon:0.0012;▁bekan:0.0011
"
",whitespace,2,1,781,<0x0A>,,<0x0A>,layer_7,▁bekan,0.344174,32755,,32755,GroupLayout,0.003182,32100,,32100,▁bekan:0.3442;▁Fuß:0.1879;plaat:0.1774;▁kennis:0.1017;områ:0.0378,GroupLayout:0.0032;TDM:0.0030;▁answ:0.0013;▁oppon:0.0012;▁bekan:0.0011
"
",whitespace,2,1,781,<0x0A>,,<0x0A>,layer_11,▁bekan,0.345092,32756,,32756,GroupLayout,0.003269,32277,,32277,▁bekan:0.3451;▁Fuß:0.1899;plaat:0.1857;▁kennis:0.0989;områ:0.0366,GroupLayout:0.0033;TDM:0.0031;▁answ:0.0014;▁oppon:0.0012;▁bekan:0.0011
"
",whitespace,2,1,781,<0x0A>,,<0x0A>,layer_14,▁bekan,0.342178,32756,,32756,GroupLayout,0.003304,32315,,32315,▁bekan:0.3422;▁Fuß:0.1883;plaat:0.1869;▁kennis:0.1006;områ:0.0369,GroupLayout:0.0033;TDM:0.0031;▁answ:0.0014;▁oppon:0.0012;▁bekan:0.0011
"
",whitespace,2,1,781,<0x0A>,,<0x0A>,layer_18,▁bekan,0.342581,32757,,32757,GroupLayout,0.003075,32417,,32417,▁bekan:0.3426;▁Fuß:0.1968;plaat:0.1889;▁kennis:0.1093;områ:0.0340,GroupLayout:0.0031;TDM:0.0029;▁answ:0.0013;▁oppon:0.0012;▁bekan:0.0011
"
",whitespace,2,1,781,<0x0A>,,<0x0A>,layer_21,▁bekan,0.329922,32757,,32757,GroupLayout,0.003006,32442,,32442,▁bekan:0.3299;▁Fuß:0.1961;plaat:0.1950;▁kennis:0.1228;områ:0.0331,GroupLayout:0.0030;TDM:0.0029;▁answ:0.0014;▁oppon:0.0014;plaat:0.0010
"
",whitespace,2,1,781,<0x0A>,,<0x0A>,layer_23,▁bekan,0.331024,32757,,32757,GroupLayout,0.003001,32445,,32445,▁bekan:0.3310;▁Fuß:0.1964;plaat:0.1946;▁kennis:0.1224;områ:0.0328,GroupLayout:0.0030;TDM:0.0029;▁answ:0.0014;▁oppon:0.0013;plaat:0.0010
"
",whitespace,2,1,781,<0x0A>,,<0x0A>,layer_25,▁bekan,0.331883,32757,,32757,GroupLayout,0.003003,32448,,32448,▁bekan:0.3319;▁Fuß:0.1970;plaat:0.1947;▁kennis:0.1214;områ:0.0324,GroupLayout:0.0030;TDM:0.0029;▁answ:0.0014;▁oppon:0.0013;plaat:0.0010
"
",whitespace,2,1,781,<0x0A>,,<0x0A>,layer_27,▁bekan,0.329853,32757,,32757,GroupLayout,0.00296,32433,,32433,▁bekan:0.3299;▁Fuß:0.1982;plaat:0.1948;▁kennis:0.1218;områ:0.0323,GroupLayout:0.0030;TDM:0.0029;▁answ:0.0014;▁oppon:0.0013;plaat:0.0010
"
",whitespace,2,1,781,<0x0A>,,<0x0A>,layer_28,▁bekan,0.328955,32757,,32757,TDM,0.002953,32433,,32433,▁bekan:0.3290;▁Fuß:0.1987;plaat:0.1957;▁kennis:0.1207;områ:0.0322,TDM:0.0030;GroupLayout:0.0029;▁answ:0.0014;▁oppon:0.0013;plaat:0.0010
"
",whitespace,2,1,781,<0x0A>,,<0x0A>,layer_29,▁bekan,0.328288,32756,,32756,TDM,0.002754,32355,,32355,▁bekan:0.3283;▁Fuß:0.1969;plaat:0.1948;▁kennis:0.1232;områ:0.0326,TDM:0.0028;GroupLayout:0.0027;▁answ:0.0013;▁oppon:0.0013;plaat:0.0010
"
",whitespace,2,1,781,<0x0A>,,<0x0A>,layer_31,▁kennis,0.182675,32757,,32757,▁bekan,0.000717,31819,,31819,▁kennis:0.1827;▁Fuß:0.1073;▁bekan:0.1009;plaat:0.0520;▁biologie:0.0306,▁bekan:0.0007;▁Dopo:0.0004;ץ:0.0004;▁Fuß:0.0004;ٹ:0.0004
"
",whitespace,2,1,781,<0x0A>,,<0x0A>,layer_32,<0x0A>,0.000105,1,,1,<0x0A>,0.372829,1,,1,<0x0A>:0.0001;-:0.0001;­:0.0001;▁:0.0001;▁--(:0.0001,<0x0A>:0.3728;-:0.0500;▁▁▁:0.0193;▁:0.0134;>:0.0128
"
",whitespace,2,1,781,<0x0A>,,<0x0A>,final_logits,<0x0A>,0.371575,1,,1,,,,,,<0x0A>:0.3716;-:0.0503;▁▁▁:0.0191;▁:0.0135;>:0.0127,
	,whitespace,2,0,29473,▁,780,1,emb,elli,3.1e-05,29502,14247,4926,▁acknow,0.00036,30115,13159,9852,elli:0.0000;irt:0.0000;rix:0.0000;iple:0.0000;▁acknow:0.0000,▁acknow:0.0004;elli:0.0003;itle:0.0002;▁transferred:0.0002;irt:0.0002
	,whitespace,2,0,29473,▁,780,1,layer_1,ieux,3.5e-05,23284,7446,26997,ieux,0.005987,22694,9658,27876,ieux:0.0000;▁Giov:0.0000;yll:0.0000;ota:0.0000;efore:0.0000,ieux:0.0060;efore:0.0050;▁Giov:0.0046;yll:0.0043;ota:0.0040
	,whitespace,2,0,29473,▁,780,1,layer_2,▁kennis,0.794921,32761,31544,32308,▁kennis,0.000633,32746,26294,25228,▁kennis:0.7949;▁Fuß:0.0672;▁biologie:0.0555;▁bekan:0.0306;plaat:0.0120,▁kennis:0.0006;▁biologie:0.0005;▁dévelop:0.0004;▁besk:0.0003;▁artikel:0.0003
	,whitespace,2,0,29473,▁,780,1,layer_4,▁kennis,0.794711,32761,31544,32308,▁kennis,0.000633,32745,26313,25281,▁kennis:0.7947;▁Fuß:0.0673;▁biologie:0.0556;▁bekan:0.0307;plaat:0.0120,▁kennis:0.0006;▁biologie:0.0005;▁dévelop:0.0004;▁besk:0.0003;▁artikel:0.0003
	,whitespace,2,0,29473,▁,780,1,layer_7,▁kennis,0.793986,32761,31538,32305,▁kennis,0.000631,32745,26200,25238,▁kennis:0.7940;▁Fuß:0.0675;▁biologie:0.0558;▁bekan:0.0307;plaat:0.0121,▁kennis:0.0006;▁biologie:0.0005;▁dévelop:0.0004;▁besk:0.0003;▁artikel:0.0003
	,whitespace,2,0,29473,▁,780,1,layer_11,▁kennis,0.795157,32761,31533,32304,▁kennis,0.00064,32746,26021,25174,▁kennis:0.7952;▁Fuß:0.0668;▁biologie:0.0562;▁bekan:0.0302;plaat:0.0120,▁kennis:0.0006;▁biologie:0.0005;▁dévelop:0.0004;▁besk:0.0003;▁artikel:0.0003
	,whitespace,2,0,29473,▁,780,1,layer_14,▁kennis,0.797364,32761,31528,32306,▁kennis,0.000653,32746,25992,25369,▁kennis:0.7974;▁Fuß:0.0659;▁biologie:0.0560;▁bekan:0.0296;plaat:0.0119,▁kennis:0.0007;▁biologie:0.0005;▁dévelop:0.0004;▁besk:0.0003;▁artikel:0.0003
	,whitespace,2,0,29473,▁,780,1,layer_18,▁kennis,0.797332,32761,31529,32307,▁kennis,0.000656,32747,26058,25484,▁kennis:0.7973;▁Fuß:0.0661;▁biologie:0.0561;▁bekan:0.0293;plaat:0.0119,▁kennis:0.0007;▁biologie:0.0005;▁dévelop:0.0004;▁artikel:0.0004;▁besk:0.0004
	,whitespace,2,0,29473,▁,780,1,layer_21,▁kennis,0.813551,32760,31574,32330,▁kennis,0.0007,32751,26590,27578,▁kennis:0.8136;▁Fuß:0.0606;▁biologie:0.0543;▁bekan:0.0262;plaat:0.0110,▁kennis:0.0007;▁biologie:0.0006;▁besk:0.0004;▁artikel:0.0004;▁dévelop:0.0004
	,whitespace,2,0,29473,▁,780,1,layer_23,▁kennis,0.813382,32760,31572,32329,▁kennis,0.000701,32751,26498,27425,▁kennis:0.8134;▁Fuß:0.0605;▁biologie:0.0546;▁bekan:0.0263;plaat:0.0109,▁kennis:0.0007;▁biologie:0.0006;▁besk:0.0004;▁artikel:0.0004;▁dévelop:0.0004
	,whitespace,2,0,29473,▁,780,1,layer_25,▁kennis,0.812907,32760,31563,32325,▁kennis,0.000699,32751,26329,27247,▁kennis:0.8129;▁Fuß:0.0610;▁biologie:0.0545;▁bekan:0.0264;plaat:0.0109,▁kennis:0.0007;▁biologie:0.0006;▁besk:0.0004;▁artikel:0.0004;▁dévelop:0.0004
	,whitespace,2,0,29473,▁,780,1,layer_27,▁kennis,0.812393,32760,31561,32324,▁kennis,0.000694,32751,26261,27052,▁kennis:0.8124;▁Fuß:0.0614;▁biologie:0.0544;▁bekan:0.0264;plaat:0.0110,▁kennis:0.0007;▁biologie:0.0006;▁besk:0.0004;▁artikel:0.0004;▁dévelop:0.0004
	,whitespace,2,0,29473,▁,780,1,layer_28,▁kennis,0.811284,32760,31559,32326,▁kennis,0.000684,32751,26232,26932,▁kennis:0.8113;▁Fuß:0.0619;▁biologie:0.0546;▁bekan:0.0265;plaat:0.0112,▁kennis:0.0007;▁biologie:0.0006;▁artikel:0.0004;▁besk:0.0004;▁dévelop:0.0004
	,whitespace,2,0,29473,▁,780,1,layer_29,▁kennis,0.806009,32760,31557,32316,▁kennis,0.000673,32750,26183,26515,▁kennis:0.8060;▁Fuß:0.0629;▁biologie:0.0558;▁bekan:0.0275;plaat:0.0115,▁kennis:0.0007;▁biologie:0.0006;▁artikel:0.0004;▁besk:0.0004;▁dévelop:0.0003
	,whitespace,2,0,29473,▁,780,1,layer_31,▁kennis,0.327833,32761,31624,32635,▁bekan,0.000598,32759,23992,32743,▁kennis:0.3278;▁Fuß:0.1156;▁bekan:0.0749;▁biologie:0.0565;plaat:0.0449,▁bekan:0.0006;▁Fuß:0.0005;områ:0.0004;▁kennis:0.0004;▁dévelop:0.0004
	,whitespace,2,0,29473,▁,780,1,layer_32,1,9.5e-05,2712,44,1,1,0.260699,1069,35,1,1:0.0001;2:0.0001;3:0.0001;5:0.0001;4:0.0001,1:0.2607;2:0.2180;3:0.0769;4:0.0512;5:0.0481
	,whitespace,2,0,29473,▁,780,1,final_logits,1,0.263875,1069,35,1,,,,,,1:0.2639;2:0.2188;3:0.0756;4:0.0520;5:0.0473,
	,whitespace,2,1,780,<0x09>,,<0x09>,emb,iao,3.1e-05,14966,,14966,iao,0.000508,19709,,19709,iao:0.0000;otal:0.0000;Ī:0.0000;▁trick:0.0000;▁comm:0.0000,iao:0.0005;otal:0.0005;▁trick:0.0004;▁comm:0.0004;FD:0.0004
	,whitespace,2,1,780,<0x09>,,<0x09>,layer_1,,3.1e-05,5915,,5915,▁enc,0.001242,5539,,5539,:0.0000;▁enc:0.0000;▁cleanup:0.0000;ycz:0.0000;thrift:0.0000,▁enc:0.0012;▁revenge:0.0012;▁cleanup:0.0010;fer:0.0010;▁tick:0.0009
	,whitespace,2,1,780,<0x09>,,<0x09>,layer_2,▁/******/,3.1e-05,248,,248,,0.002498,380,,380,▁/******/:0.0000;ivan:0.0000;▁tick:0.0000;oine:0.0000;iere:0.0000,:0.0025;▁/******/:0.0018;▁tick:0.0018;oine:0.0015;流:0.0014
	,whitespace,2,1,780,<0x09>,,<0x09>,layer_4,tg,3.1e-05,2076,,2076,tg,0.004174,1676,,1676,tg:0.0000;serv:0.0000;▁Bened:0.0000;inx:0.0000;ward:0.0000,tg:0.0042;serv:0.0019;▁Bened:0.0016;ward:0.0015;inx:0.0015
	,whitespace,2,1,780,<0x09>,,<0x09>,layer_7,Ď,3.2e-05,1570,,1570,inx,0.002314,95,,95,Ď:0.0000;▁havet:0.0000;▁kennis:0.0000;ฟ:0.0000;▁spett:0.0000,inx:0.0023;wort:0.0021;nem:0.0018;textcolor:0.0015;cí:0.0014
	,whitespace,2,1,780,<0x09>,,<0x09>,layer_11,Ď,3.3e-05,335,,335,Ď,0.002284,7,,7,Ď:0.0000;ژ:0.0000;▁kennis:0.0000;▁havet:0.0000;scriptstyle:0.0000,Ď:0.0023;Test:0.0017;ژ:0.0015;inx:0.0015;textcolor:0.0015
	,whitespace,2,1,780,<0x09>,,<0x09>,layer_14,Ď,3.4e-05,115,,115,Ď,0.003242,6,,6,Ď:0.0000;▁ок:0.0000;Ṭ:0.0000;▁uitgenodigd:0.0000;rå:0.0000,Ď:0.0032;kem:0.0018;lap:0.0018;лок:0.0015;<0x9C>:0.0013
	,whitespace,2,1,780,<0x09>,,<0x09>,layer_18,Ṭ,3.5e-05,2,,2,<0x09>,0.01446,1,,1,Ṭ:0.0000;<0x09>:0.0000;кси:0.0000;Operand:0.0000;ژ:0.0000,<0x09>:0.0145;loop:0.0017;->:0.0015;▁sa:0.0014;▁Gi:0.0014
	,whitespace,2,1,780,<0x09>,,<0x09>,layer_21,Ṭ,4.5e-05,121,,121,<0x09>,0.071741,1,,1,Ṭ:0.0000;▁Мекси:0.0000;ژ:0.0000;Υ:0.0000;Ζ:0.0000,<0x09>:0.0717;▁▁▁▁▁▁▁:0.0027;while:0.0023;▁▁▁▁▁:0.0017;▁▁▁▁▁▁▁▁:0.0014
	,whitespace,2,1,780,<0x09>,,<0x09>,layer_23,Ṭ,4.7e-05,86,,86,<0x09>,0.190238,1,,1,Ṭ:0.0000;▁Мекси:0.0000;scriptstyle:0.0000;▁kennis:0.0000;ژ:0.0000,<0x09>:0.1902;▁▁▁▁▁▁▁:0.0025;while:0.0016;▁▁▁▁▁:0.0013;--:0.0013
	,whitespace,2,1,780,<0x09>,,<0x09>,layer_25,▁Мекси,5.1e-05,133,,133,<0x09>,0.151662,1,,1,▁Мекси:0.0001;ژ:0.0000;plaat:0.0000;scriptstyle:0.0000;Υ:0.0000,<0x09>:0.1517;▁▁▁▁▁:0.0018;▁▁▁▁▁▁▁:0.0018;--:0.0016;$:0.0015
	,whitespace,2,1,780,<0x09>,,<0x09>,layer_27,<0x09>,5.7e-05,1,,1,<0x09>,0.957239,1,,1,<0x09>:0.0001;ژ:0.0001;▁Мекси:0.0000;мпи:0.0000;plaat:0.0000,<0x09>:0.9572;--:0.0004;$:0.0003;(:0.0003;while:0.0002
	,whitespace,2,1,780,<0x09>,,<0x09>,layer_28,<0x09>,6e-05,1,,1,<0x09>,0.954814,1,,1,<0x09>:0.0001;ژ:0.0001;plaat:0.0001;scriptstyle:0.0001;▁Мекси:0.0000,<0x09>:0.9548;--:0.0008;$:0.0003;(:0.0003;while:0.0003
	,whitespace,2,1,780,<0x09>,,<0x09>,layer_29,<0x09>,5.5e-05,1,,1,<0x09>,0.585494,1,,1,<0x09>:0.0001;plaat:0.0000;--:0.0000;▁Мекси:0.0000;Υ:0.0000,<0x09>:0.5855;--:0.0297;=:0.0143;(:0.0072;if:0.0068
	,whitespace,2,1,780,<0x09>,,<0x09>,layer_31,<0x09>,7.9e-05,1,,1,<0x09>,0.726141,1,,1,<0x09>:0.0001;if:0.0001;while:0.0001;=:0.0001;--:0.0001,<0x09>:0.7261;if:0.0239;-:0.0103;▁:0.0080;for:0.0077
	,whitespace,2,1,780,<0x09>,,<0x09>,layer_32,<0x09>,0.000137,1,,1,<0x09>,0.519623,1,,1,<0x09>:0.0001;}:0.0001;▁:0.0001;=:0.0001;$:0.0001,<0x09>:0.5196;}:0.0242;▁:0.0166;$:0.0144;if:0.0142
	,whitespace,2,1,780,<0x09>,,<0x09>,final_logits,<0x09>,0.517355,1,,1,,,,,,<0x09>:0.5174;}:0.0242;▁:0.0166;$:0.0147;if:0.0142,
's,subword_fragment,2,0,1232,▁',29481,The,emb,▁prod,3.1e-05,2264,22602,12085,▁prod,0.000458,6193,23456,11228,▁prod:0.0000;▁bapt:0.0000;át:0.0000;▁feed:0.0000;priv:0.0000,▁prod:0.0005;át:0.0004;▁bapt:0.0004;▁ops:0.0004;priv:0.0003
's,subword_fragment,2,0,1232,▁',29481,The,layer_1,ẩ,3.1e-05,18955,29285,22574,ẩ,0.05716,14014,19419,10183,ẩ:0.0000;ķ:0.0000;ĩ:0.0000;чин:0.0000;▁Насе:0.0000,ẩ:0.0572;▁/******/:0.0218;ĩ:0.0054;ENDOR:0.0029;sta:0.0022
's,subword_fragment,2,0,1232,▁',29481,The,layer_2,▁kennis,0.000123,31308,32652,32304,▁biologie,0.000463,14900,13717,15003,▁kennis:0.0001;▁Fuß:0.0001;▁biologie:0.0001;▁bekan:0.0001;plaat:0.0001,▁biologie:0.0005;▁kennis:0.0005;▁péri:0.0003;Ż:0.0003;▁Fuß:0.0003
's,subword_fragment,2,0,1232,▁',29481,The,layer_4,▁kennis,0.000123,31325,32653,32312,▁biologie,0.00048,15319,14715,15770,▁kennis:0.0001;▁Fuß:0.0001;▁biologie:0.0001;▁bekan:0.0001;plaat:0.0001,▁biologie:0.0005;▁kennis:0.0005;▁péri:0.0003;Ż:0.0003;▁Fuß:0.0003
's,subword_fragment,2,0,1232,▁',29481,The,layer_7,▁kennis,0.000123,31381,32650,32282,▁biologie,0.000509,17276,14457,15272,▁kennis:0.0001;▁Fuß:0.0001;▁biologie:0.0001;▁bekan:0.0001;plaat:0.0001,▁biologie:0.0005;▁kennis:0.0005;Ż:0.0003;▁péri:0.0003;▁dévelop:0.0003
's,subword_fragment,2,0,1232,▁',29481,The,layer_11,▁kennis,0.000114,30857,32618,32130,▁biologie,0.000763,13347,9450,10775,▁kennis:0.0001;▁biologie:0.0001;▁Fuß:0.0001;▁bekan:0.0001;▁dévelop:0.0001,▁biologie:0.0008;▁kennis:0.0007;Ż:0.0004;▁ál:0.0004;▁péri:0.0004
's,subword_fragment,2,0,1232,▁',29481,The,layer_14,▁kennis,0.000105,29985,32599,32047,▁kennis,0.000907,9932,8410,10307,▁kennis:0.0001;▁biologie:0.0001;▁Fuß:0.0001;▁bekan:0.0001;▁dévelop:0.0001,▁kennis:0.0009;▁biologie:0.0008;▁ál:0.0004;Ż:0.0004;▁artikel:0.0004
's,subword_fragment,2,0,1232,▁',29481,The,layer_18,▁kennis,5.8e-05,21019,31733,31816,▁kennis,0.000838,466,1170,12464,▁kennis:0.0001;▁biologie:0.0001;▁Fuß:0.0001;▁dévelop:0.0001;scriptstyle:0.0001,▁kennis:0.0008;▁biologie:0.0007;Ż:0.0006;scriptstyle:0.0005;▁ál:0.0004
's,subword_fragment,2,0,1232,▁',29481,The,layer_21,▁kennis,0.000173,21026,31733,32312,▁kennis,0.001176,488,740,21887,▁kennis:0.0002;▁biologie:0.0001;▁Fuß:0.0001;▁dévelop:0.0001;▁bekan:0.0001,▁kennis:0.0012;▁biologie:0.0011;Ż:0.0005;▁dévelop:0.0005;▁ál:0.0004
's,subword_fragment,2,0,1232,▁',29481,The,layer_23,▁kennis,0.000218,22004,32095,32457,▁kennis,0.001124,528,1250,26334,▁kennis:0.0002;▁biologie:0.0002;▁Fuß:0.0002;▁dévelop:0.0001;▁bekan:0.0001,▁kennis:0.0011;▁biologie:0.0011;▁dévelop:0.0004;Ż:0.0004;:0.0004
's,subword_fragment,2,0,1232,▁',29481,The,layer_25,▁kennis,0.000213,21838,31969,32438,▁kennis,0.001177,515,855,26050,▁kennis:0.0002;▁biologie:0.0002;▁Fuß:0.0002;▁dévelop:0.0001;▁bekan:0.0001,▁kennis:0.0012;▁biologie:0.0012;:0.0004;Ż:0.0004;▁dévelop:0.0004
's,subword_fragment,2,0,1232,▁',29481,The,layer_27,▁kennis,0.000197,15249,31188,32361,▁kennis,0.001403,17,176,21974,▁kennis:0.0002;▁biologie:0.0002;▁Fuß:0.0001;▁dévelop:0.0001;▁bekan:0.0001,▁kennis:0.0014;▁biologie:0.0013;Ż:0.0004;:0.0003;▁dévelop:0.0003
's,subword_fragment,2,0,1232,▁',29481,The,layer_28,▁kennis,0.000148,14191,29288,31850,▁biologie,0.001409,8,29,11896,▁kennis:0.0001;▁biologie:0.0001;▁Fuß:0.0001;▁dévelop:0.0001;scriptstyle:0.0001,▁biologie:0.0014;▁kennis:0.0011;scriptstyle:0.0003;▁ál:0.0003;':0.0003
's,subword_fragment,2,0,1232,▁',29481,The,layer_29,▁kennis,0.000101,9433,18156,28802,s,0.000851,5,1,1832,▁kennis:0.0001;▁biologie:0.0001;▁Fuß:0.0001;scriptstyle:0.0001;▁dévelop:0.0001,s:0.0009;.':0.0007;'.:0.0006;a:0.0006;▁':0.0006
's,subword_fragment,2,0,1232,▁',29481,The,layer_31,▁kennis,6.6e-05,102,4228,3177,▁',0.019141,1,2,28,▁kennis:0.0001;▁biologie:0.0001;▁Fuß:0.0001;scriptstyle:0.0001;▁artikel:0.0001,▁':0.0191;s:0.0072;f:0.0063;I:0.0054;c:0.0052
's,subword_fragment,2,0,1232,▁',29481,The,layer_32,▁+,7.9e-05,2,111,4,The,0.012447,13,6,1,▁+:0.0001;▁':0.0001;react:0.0001;The:0.0001;▁.:0.0001,The:0.0124;1:0.0116;react:0.0104;the:0.0097;I:0.0091
's,subword_fragment,2,0,1232,▁',29481,The,final_logits,The,0.012474,13,6,1,,,,,,The:0.0125;1:0.0117;react:0.0103;the:0.0097;I:0.0091,
's,subword_fragment,2,1,29481,s,,',emb,cido,3.1e-05,32580,,3059,▁representative,0.00024,32692,,4227,cido:0.0000;▁representative:0.0000;chn:0.0000;ystem:0.0000;heet:0.0000,▁representative:0.0002;cido:0.0002;tha:0.0002;beck:0.0002;itive:0.0002
's,subword_fragment,2,1,29481,s,,',layer_1,Ṣ,3.1e-05,32737,,25033,▁/******/,0.0023,32109,,13909,Ṣ:0.0000;Ṭ:0.0000;ẩ:0.0000;▁kennis:0.0000;▁bewerken:0.0000,▁/******/:0.0023;▁gem:0.0017;bury:0.0017;▁pron:0.0015;ẩ:0.0013
's,subword_fragment,2,1,29481,s,,',layer_2,bury,3.1e-05,32280,,4312,bury,0.003047,31768,,5512,bury:0.0000;hed:0.0000;▁genius:0.0000;udo:0.0000;▁core:0.0000,bury:0.0030;▁scaling:0.0022;hed:0.0021;▁streng:0.0016;▁core:0.0015
's,subword_fragment,2,1,29481,s,,',layer_4,▸,3.1e-05,32515,,16467,/',0.003952,31959,,12288,▸:0.0000;Ṭ:0.0000;DRV:0.0000;/':0.0000;ври:0.0000,/':0.0040;udo:0.0025;сер:0.0022;drv:0.0021;zech:0.0019
's,subword_fragment,2,1,29481,s,,',layer_7,ẩ,3.2e-05,32755,,30547,ẩ,0.009423,32750,,28702,ẩ:0.0000;rå:0.0000;plaat:0.0000;▁kennis:0.0000;Ť:0.0000,ẩ:0.0094;▁/******/:0.0038;/':0.0032;tring:0.0024;✭:0.0023
's,subword_fragment,2,1,29481,s,,',layer_11,▁kennis,3.3e-05,32738,,14819,▁/******/,0.009848,32746,,9777,▁kennis:0.0000;Ť:0.0000;scriptstyle:0.0000;▁péri:0.0000;▁bekan:0.0000,▁/******/:0.0098;Ť:0.0061;scriptstyle:0.0027;/':0.0026;ství:0.0023
's,subword_fragment,2,1,29481,s,,',layer_14,Ť,3.5e-05,32673,,9657,Ť,0.012288,32690,,6894,Ť:0.0000;▁uitgenodigd:0.0000;ť:0.0000;▁kennis:0.0000;Ľ:0.0000,Ť:0.0123;▁uitgenodigd:0.0044;▁giornata:0.0035;▁gepubliceerd:0.0027;/':0.0026
's,subword_fragment,2,1,29481,s,,',layer_18,Ť,3.7e-05,32697,,22890,▁Arbitro,0.007626,32713,,21794,Ť:0.0000;₃:0.0000;₄:0.0000;▸:0.0000;scriptstyle:0.0000,▁Arbitro:0.0076;₃:0.0051;getOperand:0.0049;▁gepubliceerd:0.0037;▁giornata:0.0037
's,subword_fragment,2,1,29481,s,,',layer_21,ɵ,4.2e-05,32252,,13732,/',0.004439,31648,,10274,ɵ:0.0000;▁giornata:0.0000;/':0.0000;ť:0.0000;Ą:0.0000,/':0.0044;▁giornata:0.0042;NU:0.0041;achuset:0.0036;▁Arbitro:0.0035
's,subword_fragment,2,1,29481,s,,',layer_23,▁biologie,5.2e-05,32668,,17878,▁giornata,0.003206,32163,,7144,▁biologie:0.0001;plaat:0.0001;▁Fuß:0.0001;▁bekan:0.0000;▁giornata:0.0000,"▁giornata:0.0032;ufficient:0.0029;dhd:0.0023;:0.0019;rv:0.0018"
's,subword_fragment,2,1,29481,s,,',layer_25,plaat,6e-05,32426,,24530,▁giornata,0.003394,30070,,12082,plaat:0.0001;▁biologie:0.0001;scriptstyle:0.0001;▁Fuß:0.0001;▁bekan:0.0001,▁giornata:0.0034;ufficient:0.0032;dhd:0.0028;perm:0.0026;rcu:0.0025
's,subword_fragment,2,1,29481,s,,',layer_27,plaat,6.5e-05,32559,,17801,ufficient,0.004362,30725,,3972,plaat:0.0001;▁biologie:0.0001;scriptstyle:0.0001;Ť:0.0001;▁Fuß:0.0001,"ufficient:0.0044;',:0.0025;que:0.0023;put:0.0022;cheduled:0.0022"
's,subword_fragment,2,1,29481,s,,',layer_28,plaat,6.4e-05,32719,,17899,ufficient,0.004593,32496,,5140,plaat:0.0001;▁biologie:0.0001;Ť:0.0001;scriptstyle:0.0001;ť:0.0001,ufficient:0.0046;pl:0.0036;perm:0.0033;uggest:0.0030;cheduled:0.0029
's,subword_fragment,2,1,29481,s,,',layer_29,ufficient,5.7e-05,32202,,7222,ufficient,0.016034,30599,,1493,ufficient:0.0001;Ť:0.0001;ustain:0.0001;uggest:0.0001;que:0.0001,"ufficient:0.0160;uggest:0.0121;',:0.0094;izable:0.0081;ledge:0.0072"
's,subword_fragment,2,1,29481,s,,',layer_31,"',",8.7e-05,31982,,15,"',",0.040324,29345,,6,"',:0.0001;ufficient:0.0001;'::0.0001;now:0.0001;uggest:0.0001","',:0.0403;old:0.0301;ell:0.0181;uggest:0.0177;'::0.0169"
's,subword_fragment,2,1,29481,s,,',layer_32,',0.000336,7582,,1,',0.041582,17014,,1,':0.0003;/:0.0003;-:0.0003;_:0.0003;▁:0.0003,"':0.0416;udo:0.0199;',:0.0166;_:0.0157;/:0.0154"
's,subword_fragment,2,1,29481,s,,',final_logits,',0.041089,16972,,1,,,,,,"':0.0411;udo:0.0200;',:0.0166;_:0.0156;/:0.0156",
n't,subword_fragment,3,0,1075,▁n,29510,urt,emb,SY,3.1e-05,6,18047,1364,SY,0.000423,7,19226,1437,SY:0.0000;ifer:0.0000;år:0.0000;▁Syd:0.0000;voj:0.0000,SY:0.0004;kamp:0.0004;år:0.0004;▁Syd:0.0004;bau:0.0004
n't,subword_fragment,3,0,1075,▁n,29510,urt,layer_1,ẩ,3.2e-05,32622,27998,17873,ẩ,0.039033,31958,21151,15355,ẩ:0.0000;ķ:0.0000;plaat:0.0000;▁kennis:0.0000;▁biologie:0.0000,ẩ:0.0390;▁/******/:0.0121;okrat:0.0034;▁giornata:0.0034;cembre:0.0030
n't,subword_fragment,3,0,1075,▁n,29510,urt,layer_2,▁kennis,0.000119,32293,32571,25142,▁kennis,0.000477,10491,18378,7555,▁kennis:0.0001;▁Fuß:0.0001;▁biologie:0.0001;▁bekan:0.0001;plaat:0.0001,▁kennis:0.0005;▁biologie:0.0005;Ż:0.0003;▁péri:0.0003;▁Fuß:0.0003
n't,subword_fragment,3,0,1075,▁n,29510,urt,layer_4,▁kennis,0.000118,32301,32575,25013,▁biologie,0.000484,11344,19515,8184,▁kennis:0.0001;▁Fuß:0.0001;▁biologie:0.0001;▁bekan:0.0001;plaat:0.0001,▁biologie:0.0005;▁kennis:0.0005;▁péri:0.0003;Ż:0.0003;▁Fuß:0.0003
n't,subword_fragment,3,0,1075,▁n,29510,urt,layer_7,▁kennis,0.000119,32293,32571,25187,▁biologie,0.000532,12126,18340,8932,▁kennis:0.0001;▁Fuß:0.0001;▁biologie:0.0001;▁bekan:0.0001;plaat:0.0001,▁biologie:0.0005;▁kennis:0.0005;Ż:0.0003;▁péri:0.0003;▁dévelop:0.0003
n't,subword_fragment,3,0,1075,▁n,29510,urt,layer_11,▁kennis,0.000109,32077,32534,25447,▁biologie,0.00082,6926,11464,11584,▁kennis:0.0001;▁biologie:0.0001;▁Fuß:0.0001;▁bekan:0.0001;plaat:0.0001,▁biologie:0.0008;▁kennis:0.0007;▁ál:0.0004;Ż:0.0004;▁péri:0.0003
n't,subword_fragment,3,0,1075,▁n,29510,urt,layer_14,▁kennis,0.0001,31874,32504,25090,▁kennis,0.000948,5682,11638,11222,▁kennis:0.0001;▁biologie:0.0001;▁Fuß:0.0001;▁bekan:0.0001;plaat:0.0001,▁kennis:0.0009;▁biologie:0.0009;▁ál:0.0005;Ż:0.0004;▁dévelop:0.0003
n't,subword_fragment,3,0,1075,▁n,29510,urt,layer_18,▁kennis,5.9e-05,31237,32068,19834,▁biologie,0.000917,13430,12057,3179,▁kennis:0.0001;▁biologie:0.0001;▁Fuß:0.0001;▁dévelop:0.0001;plaat:0.0001,▁biologie:0.0009;▁kennis:0.0008;rcu:0.0008;▁ál:0.0005;▁té:0.0005
n't,subword_fragment,3,0,1075,▁n,29510,urt,layer_21,▁kennis,0.000176,31793,31625,16164,▁kennis,0.002011,19948,10619,592,▁kennis:0.0002;▁biologie:0.0001;▁Fuß:0.0001;▁dévelop:0.0001;▁bekan:0.0001,▁kennis:0.0020;▁biologie:0.0015;▁ál:0.0010;rcu:0.0006;Ż:0.0006
n't,subword_fragment,3,0,1075,▁n,29510,urt,layer_23,▁kennis,0.000232,31635,31415,15907,▁kennis,0.001843,16709,8101,388,▁kennis:0.0002;▁biologie:0.0002;▁Fuß:0.0002;▁dévelop:0.0002;▁bekan:0.0002,▁kennis:0.0018;▁biologie:0.0014;▁ál:0.0008;rcu:0.0006;Ż:0.0005
n't,subword_fragment,3,0,1075,▁n,29510,urt,layer_25,▁kennis,0.000228,31832,31509,14137,▁kennis,0.001601,20084,9923,183,▁kennis:0.0002;▁biologie:0.0002;▁Fuß:0.0002;▁bekan:0.0002;▁dévelop:0.0001,▁kennis:0.0016;▁biologie:0.0014;▁ál:0.0008;rcu:0.0006;▁spett:0.0005
n't,subword_fragment,3,0,1075,▁n,29510,urt,layer_27,▁kennis,0.000202,29969,30907,12324,▁kennis,0.002562,7890,7162,74,▁kennis:0.0002;▁biologie:0.0002;▁Fuß:0.0002;▁bekan:0.0001;▁dévelop:0.0001,▁kennis:0.0026;▁biologie:0.0020;▁ál:0.0009;▁spett:0.0007;Ż:0.0006
n't,subword_fragment,3,0,1075,▁n,29510,urt,layer_28,▁kennis,0.000152,29230,29477,9214,▁kennis,0.002904,8638,5801,9,▁kennis:0.0002;▁biologie:0.0001;▁Fuß:0.0001;▁bekan:0.0001;plaat:0.0001,▁kennis:0.0029;▁biologie:0.0026;▁spett:0.0008;▁ál:0.0008;Ý:0.0006
n't,subword_fragment,3,0,1075,▁n,29510,urt,layer_29,▁kennis,9.8e-05,19037,20182,4501,urt,0.002986,701,471,1,▁kennis:0.0001;▁biologie:0.0001;▁Fuß:0.0001;▁Мекси:0.0001;▁bekan:0.0001,urt:0.0030;iche:0.0013;▁kennis:0.0012;aught:0.0010;ailed:0.0009
n't,subword_fragment,3,0,1075,▁n,29510,urt,layer_31,▁kennis,8.9e-05,5893,4908,1222,iche,0.024691,108,29,3,▁kennis:0.0001;▁bekan:0.0001;▁Fuß:0.0001;▁Мекси:0.0001;▁biologie:0.0001,iche:0.0247;▁=:0.0100;urt:0.0070;icer:0.0053;arc:0.0047
n't,subword_fragment,3,0,1075,▁n,29510,urt,layer_32,▁,8.7e-05,98,18,12,urt,0.042325,299,20,1,"▁:0.0001;,:0.0001;.:0.0001;▁=:0.0001;\:0.0001",urt:0.0423;iche:0.0389;.:0.0272;▁=:0.0220;arc:0.0219
n't,subword_fragment,3,0,1075,▁n,29510,urt,final_logits,urt,0.043132,295,20,1,,,,,,urt:0.0431;iche:0.0381;.:0.0270;▁=:0.0217;arc:0.0217,
n't,subword_fragment,3,1,29510,',29475,est,emb,Â,3.1e-05,13132,25830,27254,ǎ,0.000413,18219,27926,25114,Â:0.0000;ǎ:0.0000;aurus:0.0000;emet:0.0000;▁nominated:0.0000,ǎ:0.0004;aurus:0.0004;emet:0.0003;ǔ:0.0003;autor:0.0003
n't,subword_fragment,3,1,29510,',29475,est,layer_1,▁kennis,3.1e-05,20833,18812,29854,ẩ,0.002057,14917,11146,26904,▁kennis:0.0000;↔:0.0000;ٹ:0.0000;≡:0.0000;־:0.0000,ẩ:0.0021;↔:0.0020;▁stabil:0.0017;ště:0.0016;▁piss:0.0015
n't,subword_fragment,3,1,29510,',29475,est,layer_2,osta,3.1e-05,18088,4090,16454,▁crack,0.001905,21175,5090,18713,osta:0.0000;adow:0.0000;aya:0.0000;atel:0.0000;▁prost:0.0000,▁crack:0.0019;aya:0.0017;atel:0.0016;osta:0.0014;über:0.0014
n't,subword_fragment,3,1,29510,',29475,est,layer_4,LIED,3.1e-05,17419,16900,11151,LIED,0.002644,12701,11132,10439,LIED:0.0000;ioctl:0.0000;Ζ:0.0000;干:0.0000;udo:0.0000,LIED:0.0026;▁Korean:0.0018;▁hed:0.0017;▁cant:0.0014;▁punch:0.0013
n't,subword_fragment,3,1,29510,',29475,est,layer_7,Ζ,3.2e-05,15455,14684,25337,LIED,0.006992,6950,6104,22853,Ζ:0.0000;▁kennis:0.0000;LIED:0.0000;scriptstyle:0.0000;<0xF3>:0.0000,LIED:0.0070;▁fur:0.0054;geme:0.0025;eri:0.0023;hre:0.0017
n't,subword_fragment,3,1,29510,',29475,est,layer_11,scriptstyle,3.3e-05,3507,24506,26717,scriptstyle,0.005444,2401,23127,26926,scriptstyle:0.0000;dai:0.0000;geme:0.0000;Ť:0.0000;dern:0.0000,scriptstyle:0.0054;geme:0.0043;í:0.0036;enge:0.0032;▁/******/:0.0029
n't,subword_fragment,3,1,29510,',29475,est,layer_14,geme,3.3e-05,474,14922,13116,enge,0.006957,336,14900,14633,geme:0.0000;Ť:0.0000;ɵ:0.0000;enge:0.0000;dern:0.0000,enge:0.0070;geme:0.0033;▁Francia:0.0020;Ľ:0.0019;KS:0.0017
n't,subword_fragment,3,1,29510,',29475,est,layer_18,ɵ,3.6e-05,7328,16063,11625,\',0.003257,4879,13155,9522,ɵ:0.0000;Ľ:0.0000;Ṭ:0.0000;KERN:0.0000;Ť:0.0000,\':0.0033;Ľ:0.0033;kow:0.0027;ҽ:0.0026;<0xF2>:0.0023
n't,subword_fragment,3,1,29510,',29475,est,layer_21,dern,3.8e-05,4580,1251,185,mero,0.004554,5259,2389,220,dern:0.0000;kow:0.0000;eren:0.0000;ont:0.0000;agra:0.0000,mero:0.0046;kow:0.0035;eren:0.0030;obile:0.0027;None:0.0021
n't,subword_fragment,3,1,29510,',29475,est,layer_23,ɵ,4.1e-05,1495,1076,865,mero,0.00613,565,357,303,ɵ:0.0000;agra:0.0000;kow:0.0000;\':0.0000;KERN:0.0000,mero:0.0061;kow:0.0049;\':0.0032;ont:0.0026;agra:0.0026
n't,subword_fragment,3,1,29510,',29475,est,layer_25,ɵ,4.3e-05,4593,333,200,mero,0.005554,1167,47,34,ɵ:0.0000;Ť:0.0000;agra:0.0000;▁bekan:0.0000;KERN:0.0000,mero:0.0056;kem:0.0030;XT:0.0029;\':0.0028;agra:0.0027
n't,subword_fragment,3,1,29510,',29475,est,layer_27,KERN,4.5e-05,4698,66,37,mero,0.005564,2126,8,9,KERN:0.0000;ont:0.0000;┐:0.0000;\':0.0000;ɵ:0.0000,mero:0.0056;était:0.0042;s:0.0038;ont:0.0032;taient:0.0024
n't,subword_fragment,3,1,29510,',29475,est,layer_28,aire,4.6e-05,2898,310,8,aire,0.005651,1382,67,2,aire:0.0000;▁fait:0.0000;ont:0.0000;▁был:0.0000;▁appar:0.0000,aire:0.0057;est:0.0056;ave:0.0054;▁cou:0.0050;était:0.0045
n't,subword_fragment,3,1,29510,',29475,est,layer_29,est,6.7e-05,218,55,1,est,0.197438,140,21,1,est:0.0001;▁existence:0.0001;▁exist:0.0001;▁import:0.0001;▁est:0.0001,est:0.1974;▁exist:0.0164;▁existence:0.0159;import:0.0156;s:0.0154
n't,subword_fragment,3,1,29510,',29475,est,layer_31,est,0.000126,885,22,1,est,0.77116,806,16,1,est:0.0001;import:0.0001;▁est:0.0001;▁import:0.0001;▁importance:0.0001,est:0.7712;import:0.0657;▁est:0.0166;▁import:0.0094;y:0.0082
n't,subword_fragment,3,1,29510,',29475,est,layer_32,a,0.00021,119,13,3,est,0.268515,295,16,1,a:0.0002;import:0.0002;est:0.0002;▁a:0.0002;<0x0A>:0.0002,est:0.2685;import:0.1299;a:0.0826;ont:0.0410;ai:0.0382
n't,subword_fragment,3,1,29510,',29475,est,final_logits,est,0.264,289,15,1,,,,,,est:0.2640;import:0.1327;a:0.0805;ont:0.0405;ai:0.0380,
n't,subword_fragment,3,2,29475,t,,▁be,emb,ching,3.1e-05,32755,,11209,ainer,0.000417,32765,,14880,ching:0.0000;ainer:0.0000;ched:0.0000;jär:0.0000;ches:0.0000,ainer:0.0004;ching:0.0004;vier:0.0003;jär:0.0003;ched:0.0003
n't,subword_fragment,3,2,29475,t,,▁be,layer_1,▸,3.1e-05,21563,,11213,ions,0.002212,14825,,3996,▸:0.0000;ẩ:0.0000;丶:0.0000;≡:0.0000;▁kennis:0.0000,ions:0.0022;iones:0.0013;▁HD:0.0010;éric:0.0009;ѐ:0.0008
n't,subword_fragment,3,2,29475,t,,▁be,layer_2,ions,3.1e-05,4254,,877,hin,0.002342,6652,,1686,ions:0.0000;ched:0.0000;ward:0.0000;▁enough:0.0000;hin:0.0000,hin:0.0023;ions:0.0021;ät:0.0016;▁enough:0.0016;ward:0.0015
n't,subword_fragment,3,2,29475,t,,▁be,layer_4,unes,3.1e-05,5793,,677,unes,0.006763,2899,,682,unes:0.0000;onne:0.0000;ero:0.0000;▁unc:0.0000;WORK:0.0000,unes:0.0068;onne:0.0032;ero:0.0027;ulas:0.0017;▁unc:0.0016
n't,subword_fragment,3,2,29475,t,,▁be,layer_7,▁Fuß,3.2e-05,4731,,1049,ebook,0.003852,609,,211,▁Fuß:0.0000;plaat:0.0000;rå:0.0000;ниш:0.0000;ٹ:0.0000,ebook:0.0039;jos:0.0030;▁har:0.0023;▁hyper:0.0016;hyper:0.0015
n't,subword_fragment,3,2,29475,t,,▁be,layer_11,▁kennis,3.3e-05,21031,,7583,roz,0.002993,16096,,6638,▁kennis:0.0000;puis:0.0000;Ṭ:0.0000;Ľ:0.0000;Ṣ:0.0000,roz:0.0030;▁bothered:0.0021;Ľ:0.0019;emu:0.0017;ions:0.0014
n't,subword_fragment,3,2,29475,t,,▁be,layer_14,Ṭ,3.3e-05,13529,,1773,,0.001922,7948,,1137,Ṭ:0.0000;▁kennis:0.0000;Ď:0.0000;▁Fuß:0.0000;Ą:0.0000,:0.0019;▁bothered:0.0019;roz:0.0017;zb:0.0016;ices:0.0014
n't,subword_fragment,3,2,29475,t,,▁be,layer_18,▁necessarily,3.9e-05,18837,,2983,▁necessarily,0.04405,10729,,569,▁necessarily:0.0000;▁Мекси:0.0000;▁neces:0.0000;▁kennis:0.0000;plaat:0.0000,▁necessarily:0.0440;▁bothered:0.0074;▁bother:0.0052;▁hes:0.0034;ices:0.0032
n't,subword_fragment,3,2,29475,t,,▁be,layer_21,▁kennis,5.2e-05,24834,,1784,▁necessarily,0.272372,14058,,19,▁kennis:0.0001;▁bekan:0.0001;▁neces:0.0001;plaat:0.0001;▁Мекси:0.0001,▁necessarily:0.2724;▁neces:0.0069;▁exactly:0.0046;▁been:0.0040;ices:0.0040
n't,subword_fragment,3,2,29475,t,,▁be,layer_23,▁Fuß,6.4e-05,21324,,1853,▁necessarily,0.325624,5144,,13,▁Fuß:0.0001;▁kennis:0.0001;▁bekan:0.0001;▁Мекси:0.0001;▁biologie:0.0001,▁necessarily:0.3256;▁exactly:0.0088;▁been:0.0081;▁bothered:0.0066;▁gonna:0.0059
n't,subword_fragment,3,2,29475,t,,▁be,layer_25,▁Fuß,6.9e-05,17260,,1181,▁necessarily,0.314443,2636,,12,▁Fuß:0.0001;▁Мекси:0.0001;▁bekan:0.0001;▁neces:0.0001;▁kennis:0.0001,▁necessarily:0.3144;▁been:0.0121;▁bothered:0.0100;▁forget:0.0083;▁bother:0.0083
n't,subword_fragment,3,2,29475,t,,▁be,layer_27,▁necessarily,6.9e-05,17809,,239,▁necessarily,0.343012,3015,,6,▁necessarily:0.0001;▁Fuß:0.0001;▁neces:0.0001;▁Мекси:0.0001;▁bekan:0.0001,▁necessarily:0.3430;▁been:0.0212;▁really:0.0159;▁bother:0.0091;▁able:0.0080
n't,subword_fragment,3,2,29475,t,,▁be,layer_28,▁necessarily,7.3e-05,16927,,86,▁necessarily,0.274445,3582,,11,▁necessarily:0.0001;▁neces:0.0001;▁Fuß:0.0001;▁Мекси:0.0001;▁bekan:0.0001,▁necessarily:0.2744;▁been:0.0791;▁really:0.0211;▁gonna:0.0139;▁able:0.0099
n't,subword_fragment,3,2,29475,t,,▁be,layer_29,▁necessarily,8.9e-05,5263,,13,▁necessarily,0.280765,2239,,7,▁necessarily:0.0001;▁really:0.0001;▁been:0.0001;▁neces:0.0001;▁gonna:0.0001,▁necessarily:0.2808;▁really:0.0624;▁been:0.0439;▁able:0.0191;▁seen:0.0162
n't,subword_fragment,3,2,29475,t,,▁be,layer_31,▁necessarily,0.000123,1558,,3,▁have,0.076048,2714,,2,▁necessarily:0.0001;▁really:0.0001;▁be:0.0001;▁have:0.0001;▁been:0.0001,▁have:0.0760;▁be:0.0599;▁really:0.0524;▁necessarily:0.0307;▁know:0.0258
n't,subword_fragment,3,2,29475,t,,▁be,layer_32,.,0.000287,164,,4,▁be,0.056487,1429,,1,".:0.0003;<0x0A>:0.0003;,:0.0002;▁be:0.0002;▁a:0.0002",▁be:0.0565;▁have:0.0481;.:0.0215;▁know:0.0210;▁want:0.0177
n't,subword_fragment,3,2,29475,t,,▁be,final_logits,▁be,0.056546,1423,,1,,,,,,▁be:0.0565;▁have:0.0469;.:0.0221;▁know:0.0208;▁really:0.0172,
ing,subword_fragment,1,0,4923,▁ing,,est,emb,zec,3.1e-05,13,,13936,zec,0.001035,7,,16070,zec:0.0000;▁Foot:0.0000;▁Zeit:0.0000;рь:0.0000;▁Dry:0.0000,zec:0.0010;рь:0.0009;▁Zeit:0.0009;▁Foot:0.0007;▁Dry:0.0007
ing,subword_fragment,1,0,4923,▁ing,,est,layer_1,ķ,3.1e-05,11232,,29489,ẩ,0.017317,2636,,26534,ķ:0.0000;ẩ:0.0000;plaat:0.0000;▁biologie:0.0000;▁giornata:0.0000,ẩ:0.0173;ĩ:0.0037;▁/******/:0.0034;▁giornata:0.0034;cembre:0.0028
ing,subword_fragment,1,0,4923,▁ing,,est,layer_2,▁kennis,9.8e-05,29630,,30922,▁kennis,0.00043,11702,,20540,▁kennis:0.0001;▁Fuß:0.0001;▁biologie:0.0001;▁bekan:0.0001;plaat:0.0001,▁kennis:0.0004;▁biologie:0.0004;Ż:0.0003;▁Fuß:0.0003;▁dévelop:0.0003
ing,subword_fragment,1,0,4923,▁ing,,est,layer_4,▁kennis,9.8e-05,29578,,30913,▁kennis,0.000432,11554,,20594,▁kennis:0.0001;▁Fuß:0.0001;▁biologie:0.0001;▁bekan:0.0001;plaat:0.0001,▁kennis:0.0004;▁biologie:0.0004;Ż:0.0003;▁Fuß:0.0003;▁dévelop:0.0003
ing,subword_fragment,1,0,4923,▁ing,,est,layer_7,▁kennis,9.8e-05,29394,,30711,▁biologie,0.000455,11033,,17645,▁kennis:0.0001;▁Fuß:0.0001;▁biologie:0.0001;▁bekan:0.0001;plaat:0.0001,▁biologie:0.0005;▁kennis:0.0004;Ż:0.0003;▁dévelop:0.0003;▁Fuß:0.0003
ing,subword_fragment,1,0,4923,▁ing,,est,layer_11,▁kennis,8.9e-05,28658,,29713,▁biologie,0.000748,9855,,12033,▁kennis:0.0001;▁biologie:0.0001;▁Fuß:0.0001;▁bekan:0.0001;▁dévelop:0.0001,▁biologie:0.0007;▁kennis:0.0007;▁ál:0.0004;Ż:0.0004;▁dévelop:0.0003
ing,subword_fragment,1,0,4923,▁ing,,est,layer_14,▁kennis,8.1e-05,28314,,29254,▁kennis,0.000971,9653,,11483,▁kennis:0.0001;▁biologie:0.0001;▁Fuß:0.0001;▁bekan:0.0001;▁dévelop:0.0001,▁kennis:0.0010;▁biologie:0.0008;▁ál:0.0005;Ż:0.0004;▁dévelop:0.0003
ing,subword_fragment,1,0,4923,▁ing,,est,layer_18,▁kennis,6.2e-05,28190,,27378,▁ál,0.000896,15923,,9496,▁kennis:0.0001;▁biologie:0.0001;▁Fuß:0.0001;▁dévelop:0.0001;plaat:0.0001,▁ál:0.0009;▁biologie:0.0006;▁dévelop:0.0006;▁kennis:0.0006;▁vé:0.0006
ing,subword_fragment,1,0,4923,▁ing,,est,layer_21,▁kennis,0.000171,13974,,19554,▁biologie,0.002504,181,,1233,▁kennis:0.0002;▁biologie:0.0001;▁Fuß:0.0001;▁dévelop:0.0001;▁bekan:0.0001,▁biologie:0.0025;▁kennis:0.0022;▁ál:0.0019;▁underarter:0.0012;▁Initialized:0.0008
ing,subword_fragment,1,0,4923,▁ing,,est,layer_23,▁kennis,0.000251,12555,,18132,▁kennis,0.002122,41,,452,▁kennis:0.0003;▁biologie:0.0002;▁Fuß:0.0002;▁dévelop:0.0002;▁bekan:0.0002,▁kennis:0.0021;▁ál:0.0016;▁biologie:0.0014;▁underarter:0.0009;▁Initialized:0.0006
ing,subword_fragment,1,0,4923,▁ing,,est,layer_25,▁kennis,0.000236,10645,,17667,▁kennis,0.001852,16,,574,▁kennis:0.0002;▁biologie:0.0002;▁Fuß:0.0002;▁bekan:0.0002;▁dévelop:0.0002,▁kennis:0.0019;▁ál:0.0015;▁underarter:0.0012;▁biologie:0.0010;uit:0.0008
ing,subword_fragment,1,0,4923,▁ing,,est,layer_27,▁kennis,0.0002,8971,,18516,▁kennis,0.002269,7,,1081,▁kennis:0.0002;▁biologie:0.0002;▁Fuß:0.0002;▁bekan:0.0001;plaat:0.0001,▁kennis:0.0023;▁biologie:0.0020;▁underarter:0.0018;▁ál:0.0015;▁Initialized:0.0010
ing,subword_fragment,1,0,4923,▁ing,,est,layer_28,▁kennis,0.000147,6649,,20902,▁underarter,0.003275,3,,4345,▁kennis:0.0001;▁biologie:0.0001;▁Fuß:0.0001;plaat:0.0001;▁dévelop:0.0001,▁underarter:0.0033;▁biologie:0.0030;▁ing:0.0018;▁kennis:0.0015;▁Initialized:0.0011
ing,subword_fragment,1,0,4923,▁ing,,est,layer_29,▁kennis,9.4e-05,3239,,8621,▁ing,0.003437,1,,98,▁kennis:0.0001;▁biologie:0.0001;▁Fuß:0.0001;▁Мекси:0.0001;plaat:0.0001,▁ing:0.0034;▁underarter:0.0029;rav:0.0027;o:0.0020;ested:0.0020
ing,subword_fragment,1,0,4923,▁ing,,est,layer_31,▁kennis,7.3e-05,5197,,188,est,0.033196,379,,1,▁kennis:0.0001;scriptstyle:0.0001;▁biologie:0.0001;▁Fuß:0.0001;▁bekan:0.0001,est:0.0332;r:0.0268;enu:0.0179;ested:0.0177;er:0.0132
ing,subword_fragment,1,0,4923,▁ing,,est,layer_32,est,7.6e-05,954,,1,est,0.189779,1570,,1,est:0.0001;ested:0.0001;r:0.0001;ress:0.0001;enu:0.0001,est:0.1898;ested:0.1361;enu:0.0603;r:0.0552;ress:0.0439
ing,subword_fragment,1,0,4923,▁ing,,est,final_logits,est,0.194555,1570,,1,,,,,,est:0.1946;ested:0.1337;enu:0.0593;r:0.0557;ress:0.0434,
pre,subword_fragment,1,0,1478,▁pre,,-,emb,QL,3.1e-05,6,,1204,xc,0.000977,4,,1583,QL:0.0000;xc:0.0000;ROL:0.0000;▁stell:0.0000;cht:0.0000,xc:0.0010;ROL:0.0009;▁stell:0.0008;▁pre:0.0008;QL:0.0008
pre,subword_fragment,1,0,1478,▁pre,,-,layer_1,ẩ,3.2e-05,24113,,30213,▁/******/,0.136074,11771,,16550,ẩ:0.0000;ķ:0.0000;▁kennis:0.0000;╔:0.0000;▁biologie:0.0000,▁/******/:0.1361;ẩ:0.1076;ász:0.0040;okrat:0.0027;cembre:0.0025
pre,subword_fragment,1,0,1478,▁pre,,-,layer_2,▁kennis,0.000119,32314,,32746,▁kennis,0.000471,9762,,18692,▁kennis:0.0001;▁Fuß:0.0001;▁biologie:0.0001;▁bekan:0.0001;plaat:0.0001,▁kennis:0.0005;▁biologie:0.0004;Ż:0.0003;▁péri:0.0003;▁Fuß:0.0003
pre,subword_fragment,1,0,1478,▁pre,,-,layer_4,▁kennis,0.000119,32320,,32746,▁kennis,0.00048,10290,,19223,▁kennis:0.0001;▁Fuß:0.0001;▁biologie:0.0001;▁bekan:0.0001;plaat:0.0001,▁kennis:0.0005;▁biologie:0.0004;▁péri:0.0003;Ż:0.0003;▁Fuß:0.0003
pre,subword_fragment,1,0,1478,▁pre,,-,layer_7,▁kennis,0.000119,32301,,32745,▁kennis,0.00049,10220,,16549,▁kennis:0.0001;▁Fuß:0.0001;▁biologie:0.0001;▁bekan:0.0001;plaat:0.0001,▁kennis:0.0005;▁biologie:0.0005;Ż:0.0003;▁péri:0.0003;▁dévelop:0.0003
pre,subword_fragment,1,0,1478,▁pre,,-,layer_11,▁kennis,0.000109,32082,,32738,▁biologie,0.000733,6063,,9282,▁kennis:0.0001;▁biologie:0.0001;▁Fuß:0.0001;▁bekan:0.0001;plaat:0.0001,▁biologie:0.0007;▁kennis:0.0007;▁ál:0.0004;Ż:0.0004;▁péri:0.0004
pre,subword_fragment,1,0,1478,▁pre,,-,layer_14,▁kennis,0.0001,32081,,32735,▁kennis,0.00102,6938,,10831,▁kennis:0.0001;▁biologie:0.0001;▁Fuß:0.0001;▁bekan:0.0001;plaat:0.0001,▁kennis:0.0010;▁biologie:0.0008;▁ál:0.0005;Ż:0.0004;▁péri:0.0004
pre,subword_fragment,1,0,1478,▁pre,,-,layer_18,▁kennis,6.1e-05,29414,,32599,▁ál,0.000558,5714,,3584,▁kennis:0.0001;▁biologie:0.0001;▁Fuß:0.0001;▁dévelop:0.0001;scriptstyle:0.0001,▁ál:0.0006;▁vess:0.0005;▁vé:0.0005;🟠:0.0005;rcu:0.0005
pre,subword_fragment,1,0,1478,▁pre,,-,layer_21,▁kennis,0.000169,12392,,31904,▁biologie,0.002072,9,,1153,▁kennis:0.0002;▁biologie:0.0002;▁Fuß:0.0001;▁dévelop:0.0001;plaat:0.0001,▁biologie:0.0021;▁kennis:0.0013;▁ál:0.0010;▁pré:0.0009;▁vé:0.0009
pre,subword_fragment,1,0,1478,▁pre,,-,layer_23,▁kennis,0.000256,12229,,31700,▁biologie,0.001617,7,,387,▁kennis:0.0003;▁biologie:0.0002;▁Fuß:0.0002;▁bekan:0.0002;▁dévelop:0.0002,▁biologie:0.0016;▁kennis:0.0012;▁pré:0.0008;uß:0.0008;▁ál:0.0008
pre,subword_fragment,1,0,1478,▁pre,,-,layer_25,▁kennis,0.000262,10083,,31546,▁kennis,0.001454,4,,549,▁kennis:0.0003;▁biologie:0.0002;▁Fuß:0.0002;▁bekan:0.0002;plaat:0.0002,▁kennis:0.0015;▁pré:0.0014;▁biologie:0.0013;▁pre:0.0012;Ż:0.0009
pre,subword_fragment,1,0,1478,▁pre,,-,layer_27,▁kennis,0.000221,10574,,28016,▁biologie,0.002128,7,,72,▁kennis:0.0002;▁biologie:0.0002;▁Fuß:0.0002;▁bekan:0.0001;scriptstyle:0.0001,▁biologie:0.0021;▁kennis:0.0020;uß:0.0014;ço:0.0012;Ż:0.0010
pre,subword_fragment,1,0,1478,▁pre,,-,layer_28,▁kennis,0.000159,9192,,24256,uß,0.003554,7,,56,▁kennis:0.0002;▁biologie:0.0001;▁Fuß:0.0001;plaat:0.0001;scriptstyle:0.0001,uß:0.0036;▁biologie:0.0030;ço:0.0026;uve:0.0015;▁kennis:0.0014
pre,subword_fragment,1,0,1478,▁pre,,-,layer_29,▁biologie,0.000101,2643,,9230,▁pre,0.012213,1,,10,▁biologie:0.0001;▁kennis:0.0001;▁Fuß:0.0001;▁Мекси:0.0001;scriptstyle:0.0001,▁pre:0.0122;liminary:0.0068;ço:0.0062;cursor:0.0049;uve:0.0033
pre,subword_fragment,1,0,1478,▁pre,,-,layer_31,▁biologie,0.000107,9898,,48,-,0.162759,735,,1,▁biologie:0.0001;▁Fuß:0.0001;▁kennis:0.0001;̂:0.0001;områ:0.0001,-:0.1628;det:0.0289;fab:0.0186;cursor:0.0184;liminary:0.0168
pre,subword_fragment,1,0,1478,▁pre,,-,layer_32,-,9.3e-05,866,,1,-,0.322618,916,,1,-:0.0001;liminary:0.0001;cursor:0.0001;fers:0.0001;ached:0.0001,-:0.3226;liminary:0.0567;cursor:0.0199;he:0.0163;dis:0.0159
pre,subword_fragment,1,0,1478,▁pre,,-,final_logits,-,0.323908,915,,1,,,,,,-:0.3239;liminary:0.0563;cursor:0.0195;he:0.0161;dis:0.0161,
 SolidGoldMagikarp,glitch_token,6,0,7617,▁Sol,1081,id,emb,uese,3.1e-05,21,11230,11230,uese,0.001257,22,10072,10072,uese:0.0000;vari:0.0000;nitt:0.0000;dule:0.0000;ingen:0.0000,uese:0.0013;dule:0.0009;nitt:0.0009;vari:0.0008;ingen:0.0007
 SolidGoldMagikarp,glitch_token,6,0,7617,▁Sol,1081,id,layer_1,▁kennis,3.2e-05,13459,27679,27679,▁/******/,0.026704,7155,18658,18658,▁kennis:0.0000;plaat:0.0000;ẩ:0.0000;▁biologie:0.0000;ķ:0.0000,▁/******/:0.0267;ẩ:0.0193;ász:0.0048;lette:0.0038;▁giornata:0.0033
 SolidGoldMagikarp,glitch_token,6,0,7617,▁Sol,1081,id,layer_2,▁kennis,0.000101,26061,32573,32573,▁kennis,0.000567,14140,26078,26078,▁kennis:0.0001;▁Fuß:0.0001;▁biologie:0.0001;▁bekan:0.0001;plaat:0.0001,▁kennis:0.0006;▁biologie:0.0004;▁Fuß:0.0003;▁péri:0.0003;▁dévelop:0.0003
 SolidGoldMagikarp,glitch_token,6,0,7617,▁Sol,1081,id,layer_4,▁kennis,0.000101,26240,32576,32576,▁kennis,0.000576,15351,26497,26497,▁kennis:0.0001;▁Fuß:0.0001;▁biologie:0.0001;▁bekan:0.0001;plaat:0.0001,▁kennis:0.0006;▁biologie:0.0004;▁péri:0.0003;▁Fuß:0.0003;▁dévelop:0.0003
 SolidGoldMagikarp,glitch_token,6,0,7617,▁Sol,1081,id,layer_7,▁kennis,0.0001,26125,32574,32574,▁kennis,0.000597,15161,25632,25632,▁kennis:0.0001;▁Fuß:0.0001;▁biologie:0.0001;▁bekan:0.0001;plaat:0.0001,▁kennis:0.0006;▁biologie:0.0005;▁péri:0.0003;▁dévelop:0.0003;▁Fuß:0.0003
 SolidGoldMagikarp,glitch_token,6,0,7617,▁Sol,1081,id,layer_11,▁kennis,9.2e-05,24518,32593,32593,▁kennis,0.00095,9782,22236,22236,▁kennis:0.0001;▁biologie:0.0001;▁Fuß:0.0001;▁bekan:0.0001;plaat:0.0001,▁kennis:0.0009;▁biologie:0.0008;▁ál:0.0004;▁péri:0.0004;Ż:0.0003
 SolidGoldMagikarp,glitch_token,6,0,7617,▁Sol,1081,id,layer_14,▁kennis,8.4e-05,24252,32585,32585,▁kennis,0.00144,9358,20917,20917,▁kennis:0.0001;▁biologie:0.0001;▁Fuß:0.0001;▁bekan:0.0001;plaat:0.0001,▁kennis:0.0014;▁biologie:0.0009;▁ál:0.0006;▁dévelop:0.0004;▁péri:0.0004
 SolidGoldMagikarp,glitch_token,6,0,7617,▁Sol,1081,id,layer_18,▁kennis,6.3e-05,16813,31493,31493,▁kennis,0.001014,2885,9283,9283,▁kennis:0.0001;▁Fuß:0.0001;▁biologie:0.0001;▁dévelop:0.0001;plaat:0.0001,▁kennis:0.0010;▁ál:0.0010;▁vé:0.0008;rcu:0.0006;▁dévelop:0.0006
 SolidGoldMagikarp,glitch_token,6,0,7617,▁Sol,1081,id,layer_21,▁kennis,0.000224,9478,26317,26317,▁kennis,0.002886,24,629,629,▁kennis:0.0002;▁biologie:0.0002;▁Fuß:0.0002;▁dévelop:0.0001;▁bekan:0.0001,▁kennis:0.0029;▁ál:0.0020;▁biologie:0.0009;▁dévelop:0.0007;sol:0.0007
 SolidGoldMagikarp,glitch_token,6,0,7617,▁Sol,1081,id,layer_23,▁kennis,0.000346,10314,25483,25483,▁kennis,0.002045,31,326,326,▁kennis:0.0003;▁biologie:0.0002;▁Fuß:0.0002;▁dévelop:0.0002;▁bekan:0.0002,▁kennis:0.0020;▁ál:0.0016;▁biologie:0.0007;sol:0.0006;▁dévelop:0.0005
 SolidGoldMagikarp,glitch_token,6,0,7617,▁Sol,1081,id,layer_25,▁kennis,0.000345,7710,23682,23682,▁kennis,0.001973,5,166,166,▁kennis:0.0003;▁biologie:0.0002;▁Fuß:0.0002;▁bekan:0.0002;▁dévelop:0.0002,▁kennis:0.0020;▁ál:0.0017;sol:0.0016;▁sol:0.0015;▁Sol:0.0009
 SolidGoldMagikarp,glitch_token,6,0,7617,▁Sol,1081,id,layer_27,▁kennis,0.000286,6846,21175,21175,sol,0.003482,5,85,85,▁kennis:0.0003;▁biologie:0.0002;▁Fuß:0.0002;▁bekan:0.0002;▁dévelop:0.0002,sol:0.0035;▁sol:0.0030;▁ál:0.0021;▁kennis:0.0020;▁Sol:0.0015
 SolidGoldMagikarp,glitch_token,6,0,7617,▁Sol,1081,id,layer_28,▁kennis,0.000201,4961,15266,15266,sol,0.009592,3,18,18,▁kennis:0.0002;▁biologie:0.0002;▁Fuß:0.0002;▁dévelop:0.0001;▁bekan:0.0001,sol:0.0096;▁sol:0.0066;▁Sol:0.0026;▁ál:0.0019;▁kennis:0.0012
 SolidGoldMagikarp,glitch_token,6,0,7617,▁Sol,1081,id,layer_29,▁kennis,0.000126,4145,9182,9182,▁sol,0.01134,3,4,4,▁kennis:0.0001;▁biologie:0.0001;▁Fuß:0.0001;▁Мекси:0.0001;▁dévelop:0.0001,▁sol:0.0113;sol:0.0080;▁Sol:0.0023;id:0.0013;vent:0.0011
 SolidGoldMagikarp,glitch_token,6,0,7617,▁Sol,1081,id,layer_31,▁biologie,8.3e-05,3406,330,330,id,0.074867,219,1,1,▁biologie:0.0001;▁kennis:0.0001;▁Fuß:0.0001;▁dévelop:0.0001;▁bekan:0.0001,id:0.0749;v:0.0173;omon:0.0152;on:0.0142;er:0.0123
 SolidGoldMagikarp,glitch_token,6,0,7617,▁Sol,1081,id,layer_32,omon,6.9e-05,63,2,2,id,0.182809,85,1,1,omon:0.0001;id:0.0001;ving:0.0001;▁:0.0001;st:0.0001,id:0.1828;omon:0.1544;ving:0.0443;aris:0.0423;ic:0.0290
 SolidGoldMagikarp,glitch_token,6,0,7617,▁Sol,1081,id,final_logits,id,0.182234,82,1,1,,,,,,id:0.1822;omon:0.1511;ving:0.0433;aris:0.0433;ic:0.0297,
 SolidGoldMagikarp,glitch_token,6,1,1081,id,26443,arity,emb,iom,3.1e-05,25498,27958,9024,▁Rap,0.000487,23481,27807,7175,iom:0.0000;▁Rap:0.0000;ビ:0.0000;cil:0.0000;↳:0.0000,▁Rap:0.0005;▁drinks:0.0005;iom:0.0004;XFF:0.0003;cil:0.0003
 SolidGoldMagikarp,glitch_token,6,1,1081,id,26443,arity,layer_1,▁kennis,3.1e-05,28143,10203,1498,▁kennis,0.00933,17820,9873,55,▁kennis:0.0000;ģ:0.0000;▁biologie:0.0000;ША:0.0000;ٰ:0.0000,▁kennis:0.0093;нин:0.0016;itä:0.0014;fö:0.0014;wi:0.0012
 SolidGoldMagikarp,glitch_token,6,1,1081,id,26443,arity,layer_2,arity,3.1e-05,1649,13632,1,arity,0.004575,715,12240,1,arity:0.0000;opsis:0.0000;▁solid:0.0000;illo:0.0000;intr:0.0000,arity:0.0046;▁solid:0.0041;intr:0.0019;▁set:0.0018;arius:0.0017
 SolidGoldMagikarp,glitch_token,6,1,1081,id,26443,arity,layer_4,▁solid,3.1e-05,13958,12627,4,▁solid,0.077238,6998,11959,4,▁solid:0.0000;▁kennis:0.0000;▁/******/:0.0000;arity:0.0000;Ṣ:0.0000,▁solid:0.0772;▁/******/:0.0191;solid:0.0067;arity:0.0059;olid:0.0021
 SolidGoldMagikarp,glitch_token,6,1,1081,id,26443,arity,layer_7,▁solid,3.2e-05,27426,11596,2,▁solid,0.09079,21014,9541,2,▁solid:0.0000;arity:0.0000;puis:0.0000;▁kennis:0.0000;solid:0.0000,▁solid:0.0908;arity:0.0180;▁/******/:0.0137;solid:0.0115;fon:0.0041
 SolidGoldMagikarp,glitch_token,6,1,1081,id,26443,arity,layer_11,▁kennis,3.3e-05,25440,4462,4,▁solid,0.008273,22864,3384,2,▁kennis:0.0000;▁solid:0.0000;ness:0.0000;arity:0.0000;Ľ:0.0000,▁solid:0.0083;arity:0.0050;ités:0.0030;▁kennis:0.0030;solid:0.0024
 SolidGoldMagikarp,glitch_token,6,1,1081,id,26443,arity,layer_14,▁kennis,3.4e-05,16616,3986,10,▁solid,0.006098,14458,4099,2,▁kennis:0.0000;­:0.0000;▁solid:0.0000;ness:0.0000;ǀ:0.0000,▁solid:0.0061;arity:0.0044;▁kennis:0.0043;avax:0.0029;solid:0.0028
 SolidGoldMagikarp,glitch_token,6,1,1081,id,26443,arity,layer_18,arity,4e-05,18597,1240,1,arity,0.294385,11069,361,1,arity:0.0000;▁kennis:0.0000;scriptstyle:0.0000;plaat:0.0000;ǀ:0.0000,arity:0.2944;▁solid:0.0055;solid:0.0047;▁/******/:0.0039;▁Sol:0.0037
 SolidGoldMagikarp,glitch_token,6,1,1081,id,26443,arity,layer_21,arity,7e-05,2254,107,1,arity,0.960113,2635,93,1,arity:0.0001;▁solid:0.0001;solid:0.0001;▁Sol:0.0001;ify:0.0001,arity:0.9601;▁solid:0.0211;solid:0.0036;▁Sol:0.0024;ify:0.0014
 SolidGoldMagikarp,glitch_token,6,1,1081,id,26443,arity,layer_23,arity,7.8e-05,7783,149,1,arity,0.816251,4468,91,1,arity:0.0001;▁solid:0.0001;solid:0.0001;▁Sol:0.0001;ify:0.0001,arity:0.8163;▁solid:0.1424;solid:0.0143;▁Sol:0.0073;ify:0.0023
 SolidGoldMagikarp,glitch_token,6,1,1081,id,26443,arity,layer_25,arity,8.9e-05,8252,219,1,▁solid,0.548128,2849,126,2,arity:0.0001;▁solid:0.0001;solid:0.0001;▁Sol:0.0001;▁sol:0.0001,▁solid:0.5481;arity:0.3880;solid:0.0368;▁Sol:0.0147;▁sol:0.0011
 SolidGoldMagikarp,glitch_token,6,1,1081,id,26443,arity,layer_27,arity,9.1e-05,3126,177,1,arity,0.638372,867,107,1,arity:0.0001;▁solid:0.0001;solid:0.0001;▁Sol:0.0001;ifying:0.0001,arity:0.6384;▁solid:0.2357;solid:0.0224;▁Sol:0.0181;▁sol:0.0073
 SolidGoldMagikarp,glitch_token,6,1,1081,id,26443,arity,layer_28,arity,9.3e-05,4947,282,1,arity,0.833119,1601,191,1,arity:0.0001;ifying:0.0001;▁waste:0.0001;ified:0.0001;ify:0.0001,arity:0.8331;ifying:0.0087;ify:0.0067;▁State:0.0061;▁waste:0.0060
 SolidGoldMagikarp,glitch_token,6,1,1081,id,26443,arity,layer_29,arity,0.0001,2526,213,1,arity,0.728213,1594,234,1,arity:0.0001;ifying:0.0001;Work:0.0001;works:0.0001;▁waste:0.0001,arity:0.7282;ifying:0.0204;Work:0.0164;works:0.0134;▁State:0.0129
 SolidGoldMagikarp,glitch_token,6,1,1081,id,26443,arity,layer_31,arity,0.000131,730,49,1,arity,0.524011,1128,48,1,arity:0.0001;▁State:0.0001;Work:0.0001;works:0.0001;▁state:0.0001,arity:0.5240;▁State:0.0754;Work:0.0466;works:0.0252;▁state:0.0150
 SolidGoldMagikarp,glitch_token,6,1,1081,id,26443,arity,layer_32,arity,0.000163,378,478,1,arity,0.238689,734,160,1,"arity:0.0002;-:0.0002;,:0.0002;▁W:0.0002;<0x0A>:0.0001",arity:0.2387;▁W:0.0480;▁State:0.0449;Work:0.0189;ar:0.0185
 SolidGoldMagikarp,glitch_token,6,1,1081,id,26443,arity,final_logits,arity,0.239173,730,159,1,,,,,,arity:0.2392;▁W:0.0471;▁State:0.0442;Work:0.0190;ar:0.0184,
 SolidGoldMagikarp,glitch_token,6,2,26443,Gold,15517,.,emb,impse,3.1e-05,20302,1582,22181,impse,0.000833,19526,1340,18596,impse:0.0000;olut:0.0000;ocom:0.0000;widet:0.0000;Visual:0.0000,impse:0.0008;ocom:0.0007;olut:0.0006;itta:0.0006;▁Attendance:0.0006
 SolidGoldMagikarp,glitch_token,6,2,26443,Gold,15517,.,layer_1,▁kennis,3.1e-05,7080,20022,29687,钟,0.001837,3143,22033,15393,▁kennis:0.0000;▁biologie:0.0000;▁péri:0.0000;plaat:0.0000;områ:0.0000,钟:0.0018;smith:0.0017;Ō:0.0015;mine:0.0014;▁Coast:0.0013
 SolidGoldMagikarp,glitch_token,6,2,26443,Gold,15517,.,layer_2,impse,3.1e-05,9430,2989,22944,impse,0.002592,6928,2213,11339,impse:0.0000;úblic:0.0000;̧:0.0000;院:0.0000;̇:0.0000,impse:0.0026;院:0.0020;TM:0.0018;mine:0.0017;smith:0.0017
 SolidGoldMagikarp,glitch_token,6,2,26443,Gold,15517,.,layer_4,▁kennis,3.1e-05,10712,2554,27732,emper,0.009999,8583,1252,21311,▁kennis:0.0000;emper:0.0000;igos:0.0000;▁eerst:0.0000;plaat:0.0000,emper:0.0100;▁kennis:0.0082;igos:0.0034;erd:0.0032;▁Dum:0.0015
 SolidGoldMagikarp,glitch_token,6,2,26443,Gold,15517,.,layer_7,▁kennis,3.2e-05,3802,7866,23562,™,0.016123,1548,4551,8387,▁kennis:0.0000;шти:0.0000;™:0.0000;▁péri:0.0000;벨:0.0000,™:0.0161;TM:0.0037;enze:0.0034;▁Jazz:0.0030;tober:0.0024
 SolidGoldMagikarp,glitch_token,6,2,26443,Gold,15517,.,layer_11,▁kennis,3.3e-05,530,4318,3870,™,0.033054,128,2408,385,▁kennis:0.0000;™:0.0000;벨:0.0000;Ż:0.0000;шти:0.0000,™:0.0331;TM:0.0044;▁kennis:0.0036;▁music:0.0025;벨:0.0024
 SolidGoldMagikarp,glitch_token,6,2,26443,Gold,15517,.,layer_14,™,3.5e-05,1142,5061,3509,™,0.168827,420,2651,353,™:0.0000;▁kennis:0.0000;®:0.0000;TM:0.0000;▁señ:0.0000,™:0.1688;TM:0.0198;®:0.0112;▁kennis:0.0038;hö:0.0020
 SolidGoldMagikarp,glitch_token,6,2,26443,Gold,15517,.,layer_18,™,3.9e-05,511,5089,17370,™,0.081128,65,1668,6164,™:0.0000;▁kennis:0.0000;plaat:0.0000;multicol:0.0000;Ż:0.0000,™:0.0811;TM:0.0185;smith:0.0143;fish:0.0142;multicol:0.0099
 SolidGoldMagikarp,glitch_token,6,2,26443,Gold,15517,.,layer_21,plaat,4.9e-05,31,4712,10981,™,0.021862,7,1793,1179,plaat:0.0000;▁ál:0.0000;▁kennis:0.0000;™:0.0000;Ż:0.0000,™:0.0219;berg:0.0139;▁medal:0.0117;smith:0.0112;mine:0.0094
 SolidGoldMagikarp,glitch_token,6,2,26443,Gold,15517,.,layer_23,plaat,6.6e-05,170,7203,17183,™,0.032061,6,2048,1149,plaat:0.0001;▁kennis:0.0001;▁ál:0.0001;▁Fuß:0.0001;▁bekan:0.0001,™:0.0321;▁medal:0.0131;▁Solutions:0.0106;®:0.0089;fish:0.0067
 SolidGoldMagikarp,glitch_token,6,2,26443,Gold,15517,.,layer_25,plaat,8e-05,237,3734,12639,™,0.021497,4,543,315,plaat:0.0001;▁kennis:0.0001;▁Fuß:0.0001;▁bekan:0.0001;Ż:0.0001,™:0.0215;▁medal:0.0145;▁Solutions:0.0068;Gold:0.0057;mine:0.0054
 SolidGoldMagikarp,glitch_token,6,2,26443,Gold,15517,.,layer_27,plaat,8.7e-05,187,3492,7238,™,0.016771,5,529,110,plaat:0.0001;▁kennis:0.0001;▁ál:0.0001;▁bekan:0.0001;▁Fuß:0.0001,™:0.0168;▁Solutions:0.0101;▁medal:0.0099;▁ál:0.0061;Gold:0.0054
 SolidGoldMagikarp,glitch_token,6,2,26443,Gold,15517,.,layer_28,plaat,8.8e-05,95,1744,5041,™,0.028774,6,199,85,plaat:0.0001;▁kennis:0.0001;▁ál:0.0001;▁Fuß:0.0001;▁bekan:0.0001,™:0.0288;▁Solutions:0.0116;®:0.0096;▁medal:0.0072;fish:0.0062
 SolidGoldMagikarp,glitch_token,6,2,26443,Gold,15517,.,layer_29,plaat,7.2e-05,17,188,334,™,0.041062,7,105,23,plaat:0.0001;™:0.0001;®:0.0001;▁ál:0.0001;шти:0.0001,™:0.0411;®:0.0278;▁Solutions:0.0095;fish:0.0078;▁medal:0.0064
 SolidGoldMagikarp,glitch_token,6,2,26443,Gold,15517,.,layer_31,™,9.9e-05,19,138,4,™,0.030769,13,101,3,"™:0.0001;®:0.0001;,:0.0001;.:0.0001;<0x0A>:0.0001","™:0.0308;®:0.0300;.:0.0276;,:0.0219;F:0.0150"
 SolidGoldMagikarp,glitch_token,6,2,26443,Gold,15517,.,layer_32,<0x0A>,0.000276,167,757,3,.,0.04339,30,212,1,"<0x0A>:0.0003;,:0.0003;.:0.0003;▁:0.0002;▁(:0.0002",".:0.0434;<0x0A>:0.0417;,:0.0391;S:0.0234;▁is:0.0141"
 SolidGoldMagikarp,glitch_token,6,2,26443,Gold,15517,.,final_logits,.,0.043536,27,210,1,,,,,,".:0.0435;<0x0A>:0.0422;,:0.0396;S:0.0233;▁is:0.0141",
 SolidGoldMagikarp,glitch_token,6,3,15517,Mag,1617,azine,emb,aur,3.1e-05,171,2128,2971,aur,0.001752,170,1847,4967,aur:0.0000;Express:0.0000;▁Fal:0.0000;▁Express:0.0000;▁live:0.0000,aur:0.0018;Express:0.0010;▁Fal:0.0007;▁Express:0.0006;▁live:0.0006
 SolidGoldMagikarp,glitch_token,6,3,15517,Mag,1617,azine,layer_1,▁kennis,3.1e-05,4862,17181,5232,ialis,0.003076,1485,9812,1082,▁kennis:0.0000;ٹ:0.0000;▁péri:0.0000;plaat:0.0000;־:0.0000,ialis:0.0031;▁hab:0.0022;ias:0.0015;atel:0.0014;▁propriet:0.0012
 SolidGoldMagikarp,glitch_token,6,3,15517,Mag,1617,azine,layer_2,̧,3.1e-05,3880,1292,1383,ged,0.002685,3564,1064,2921,̧:0.0000;illo:0.0000;abet:0.0000;fix:0.0000;ged:0.0000,ged:0.0027;illo:0.0026;abet:0.0023;̧:0.0021;fix:0.0019
 SolidGoldMagikarp,glitch_token,6,3,15517,Mag,1617,azine,layer_4,ellan,3.1e-05,4477,5648,966,ellan,0.004296,2769,4404,2454,ellan:0.0000;роди:0.0000;vet:0.0000;сите:0.0000;лей:0.0000,ellan:0.0043;vet:0.0037;▁prospects:0.0034;▁suscept:0.0021;ras:0.0019
 SolidGoldMagikarp,glitch_token,6,3,15517,Mag,1617,azine,layer_7,ellan,3.1e-05,1255,16596,11,adem,0.005874,264,10865,2,ellan:0.0000;▁péri:0.0000;Ṭ:0.0000;äck:0.0000;Ż:0.0000,adem:0.0059;azine:0.0045;ellan:0.0036;vet:0.0029;iros:0.0024
 SolidGoldMagikarp,glitch_token,6,3,15517,Mag,1617,azine,layer_11,™,3.3e-05,455,14312,114,™,0.046796,97,10506,21,™:0.0000;∂:0.0000;Ť:0.0000;▁bewerken:0.0000;▁giornata:0.0000,™:0.0468;▁(“:0.0029;®:0.0029;ellan:0.0023;TM:0.0019
 SolidGoldMagikarp,glitch_token,6,3,15517,Mag,1617,azine,layer_14,™,3.4e-05,2684,17215,141,™,0.088056,1365,15159,38,™:0.0000;®:0.0000;▁kennis:0.0000;äck:0.0000;Ť:0.0000,™:0.0881;®:0.0170;TM:0.0049;▁(@:0.0026;tenance:0.0023
 SolidGoldMagikarp,glitch_token,6,3,15517,Mag,1617,azine,layer_18,▁kennis,3.9e-05,399,20088,12,™,0.153604,32,15314,2,▁kennis:0.0000;™:0.0000;ellan:0.0000;▁péri:0.0000;▁bekan:0.0000,™:0.1536;azine:0.0322;ellan:0.0268;TM:0.0070;®:0.0039
 SolidGoldMagikarp,glitch_token,6,3,15517,Mag,1617,azine,layer_21,azine,5.1e-05,12,5291,1,azine,0.41135,9,4596,1,azine:0.0001;ellan:0.0000;™:0.0000;netic:0.0000;ister:0.0000,azine:0.4114;ellan:0.0539;™:0.0166;netic:0.0153;net:0.0095
 SolidGoldMagikarp,glitch_token,6,3,15517,Mag,1617,azine,layer_23,azine,5.7e-05,4,2366,1,azine,0.309392,3,1100,1,azine:0.0001;ellan:0.0001;▁mag:0.0001;Mag:0.0001;▁Mag:0.0000,azine:0.3094;▁mag:0.0839;Mag:0.0563;▁Mag:0.0397;mag:0.0242
 SolidGoldMagikarp,glitch_token,6,3,15517,Mag,1617,azine,layer_25,▁mag,6.2e-05,3,1785,2,▁mag,0.28686,2,569,3,▁mag:0.0001;azine:0.0001;Mag:0.0001;mag:0.0001;▁Mag:0.0001,▁mag:0.2869;Mag:0.1339;azine:0.1191;▁Mag:0.0905;mag:0.0799
 SolidGoldMagikarp,glitch_token,6,3,15517,Mag,1617,azine,layer_27,azine,8.4e-05,3,188,1,azine,0.719122,3,75,1,azine:0.0001;▁mag:0.0001;Mag:0.0001;netic:0.0001;mag:0.0001,azine:0.7191;▁mag:0.0490;Mag:0.0267;netic:0.0246;mag:0.0186
 SolidGoldMagikarp,glitch_token,6,3,15517,Mag,1617,azine,layer_28,azine,0.000104,3,108,1,azine,0.815167,4,78,1,azine:0.0001;▁mag:0.0001;Mag:0.0001;mag:0.0001;pie:0.0001,azine:0.8152;▁mag:0.0706;mag:0.0196;Mag:0.0173;pie:0.0120
 SolidGoldMagikarp,glitch_token,6,3,15517,Mag,1617,azine,layer_29,azine,0.000144,5,56,1,azine,0.979313,6,59,1,azine:0.0001;▁mag:0.0001;pie:0.0001;mag:0.0001;Mag:0.0001,azine:0.9793;▁mag:0.0048;pie:0.0029;mag:0.0022;az:0.0017
 SolidGoldMagikarp,glitch_token,6,3,15517,Mag,1617,azine,layer_31,azine,0.000191,53,31,1,azine,0.850206,45,36,1,azine:0.0002;ic:0.0001;net:0.0001;.:0.0001;az:0.0001,azine:0.8502;ic:0.0502;.:0.0215;net:0.0207;az:0.0148
 SolidGoldMagikarp,glitch_token,6,3,15517,Mag,1617,azine,layer_32,ic,0.000273,96,29,2,azine,0.405834,29,13,1,"ic:0.0003;azine:0.0003;.:0.0003;<0x0A>:0.0002;,:0.0002",azine:0.4058;ic:0.2809;.:0.0712;net:0.0377;ick:0.0165
 SolidGoldMagikarp,glitch_token,6,3,15517,Mag,1617,azine,final_logits,azine,0.407619,28,13,1,,,,,,azine:0.4076;ic:0.2802;.:0.0708;net:0.0379;ick:0.0168,
 SolidGoldMagikarp,glitch_token,6,4,1617,ik,6650,.,emb,amo,3.1e-05,28222,175,19440,amo,0.001116,26673,175,12920,amo:0.0000;ษ:0.0000;ernel:0.0000;atura:0.0000;ham:0.0000,amo:0.0011;atura:0.0005;pul:0.0005;anes:0.0004;ivan:0.0004
 SolidGoldMagikarp,glitch_token,6,4,1617,ik,6650,.,layer_1,ģ,3.1e-05,18684,4659,22624,yar,0.001453,11149,1952,4862,ģ:0.0000;־:0.0000;ниш:0.0000;▁kennis:0.0000;▁biologie:0.0000,yar:0.0015;rez:0.0010;erd:0.0010;și:0.0009;ATA:0.0009
 SolidGoldMagikarp,glitch_token,6,4,1617,ik,6650,.,layer_2,NOP,3.1e-05,4305,121,20107,holm,0.002519,4894,152,18597,NOP:0.0000;hal:0.0000;yar:0.0000;amiento:0.0000;ki:0.0000,holm:0.0025;NOP:0.0023;hal:0.0021;han:0.0015;ivan:0.0013
 SolidGoldMagikarp,glitch_token,6,4,1617,ik,6650,.,layer_4,Xamarin,3.1e-05,11498,78,3640,elli,0.00681,10688,88,2142,Xamarin:0.0000;elli:0.0000;Cpp:0.0000;NOP:0.0000;tons:0.0000,elli:0.0068;Xamarin:0.0048;tons:0.0041;techn:0.0028;Cpp:0.0026
 SolidGoldMagikarp,glitch_token,6,4,1617,ik,6650,.,layer_7,▁kennis,3.2e-05,31529,886,22687,ihood,0.00972,30686,332,7912,▁kennis:0.0000;▁slä:0.0000;ƒ:0.0000;ẩ:0.0000;▁ingår:0.0000,ihood:0.0097;ƒ:0.0037;yrics:0.0032;anta:0.0031;pie:0.0027
 SolidGoldMagikarp,glitch_token,6,4,1617,ik,6650,.,layer_11,™,3.3e-05,12092,5304,9933,™,0.06634,9079,9164,2524,™:0.0000;▁kennis:0.0000;▁bewerken:0.0000;▁diffé:0.0000;▁slä:0.0000,™:0.0663;fel:0.0039;®:0.0025;TM:0.0022;alis:0.0018
 SolidGoldMagikarp,glitch_token,6,4,1617,ik,6650,.,layer_14,™,3.5e-05,12842,1447,11828,™,0.101573,11478,2980,4798,™:0.0000;▁kennis:0.0000;®:0.0000;▁Musik:0.0000;▁slä:0.0000,™:0.1016;®:0.0050;TM:0.0046;girl:0.0027;▁Musik:0.0024
 SolidGoldMagikarp,glitch_token,6,4,1617,ik,6650,.,layer_18,™,3.9e-05,23930,845,11137,™,0.157015,21218,514,2110,™:0.0000;▁kennis:0.0000;мпи:0.0000;▁ingår:0.0000;ERCHANT:0.0000,™:0.1570;TM:0.0074;ERCHANT:0.0071;Criterion:0.0036;wand:0.0033
 SolidGoldMagikarp,glitch_token,6,4,1617,ik,6650,.,layer_21,™,4.5e-05,20175,24,2272,™,0.042,20349,36,1071,™:0.0000;raft:0.0000;막:0.0000;TM:0.0000;Mag:0.0000,™:0.0420;raft:0.0087;Mag:0.0060;▁mag:0.0054;night:0.0048
 SolidGoldMagikarp,glitch_token,6,4,1617,ik,6650,.,layer_23,™,5.1e-05,8337,43,939,™,0.057673,6840,55,197,™:0.0001;막:0.0000;TM:0.0000;▁kennis:0.0000;Mag:0.0000,™:0.0577;TM:0.0121;▁mag:0.0109;Mag:0.0101;막:0.0067
 SolidGoldMagikarp,glitch_token,6,4,1617,ik,6650,.,layer_25,™,5.3e-05,6103,16,1046,™,0.054063,4060,19,141,™:0.0001;막:0.0000;wand:0.0000;Mag:0.0000;▁kennis:0.0000,™:0.0541;Mag:0.0223;▁mag:0.0164;▁wand:0.0134;wand:0.0092
 SolidGoldMagikarp,glitch_token,6,4,1617,ik,6650,.,layer_27,™,5.5e-05,6263,8,259,™,0.035628,4106,7,34,™:0.0001;▁kennis:0.0001;wand:0.0001;Mag:0.0001;막:0.0000,™:0.0356;Mag:0.0228;▁wand:0.0141;al:0.0116;raft:0.0102
 SolidGoldMagikarp,glitch_token,6,4,1617,ik,6650,.,layer_28,™,6.3e-05,8837,8,86,™,0.097736,6639,11,18,™:0.0001;▁Musik:0.0001;raft:0.0001;▁wand:0.0001;®:0.0001,™:0.0977;▁wand:0.0125;Mag:0.0115;raft:0.0098;TM:0.0079
 SolidGoldMagikarp,glitch_token,6,4,1617,ik,6650,.,layer_29,™,7.6e-05,4465,8,22,™,0.243053,4512,17,10,™:0.0001;®:0.0001;al:0.0001;TM:0.0001;Mag:0.0001,™:0.2431;®:0.0293;al:0.0200;Mag:0.0076;TM:0.0068
 SolidGoldMagikarp,glitch_token,6,4,1617,ik,6650,.,layer_31,™,9.6e-05,1588,62,3,™,0.067562,1824,92,2,"™:0.0001;,:0.0001;.:0.0001;<0x0A>:0.0001;®:0.0001","™:0.0676;.:0.0668;,:0.0407;s:0.0237;®:0.0185"
 SolidGoldMagikarp,glitch_token,6,4,1617,ik,6650,.,layer_32,<0x0A>,0.000196,364,123,3,.,0.089759,257,55,1,"<0x0A>:0.0002;,:0.0002;.:0.0002;▁:0.0002;▁(:0.0002",".:0.0898;<0x0A>:0.0593;,:0.0543;▁is:0.0219;s:0.0163"
 SolidGoldMagikarp,glitch_token,6,4,1617,ik,6650,.,final_logits,.,0.091144,256,55,1,,,,,,".:0.0911;<0x0A>:0.0588;,:0.0536;▁is:0.0216;s:0.0163",
 SolidGoldMagikarp,glitch_token,6,5,6650,arp,,<0x0A>,emb,rez,3.1e-05,3257,,26634,rez,0.000981,2513,,23515,rez:0.0000;FAULT:0.0000;wich:0.0000;PER:0.0000;agner:0.0000,rez:0.0010;agner:0.0009;PER:0.0008;wich:0.0007;igd:0.0007
 SolidGoldMagikarp,glitch_token,6,5,6650,arp,,<0x0A>,layer_1,▁kennis,3.1e-05,11822,,29843,rez,0.00289,7097,,17761,▁kennis:0.0000;▁biologie:0.0000;puis:0.0000;־:0.0000;plaat:0.0000,rez:0.0029;asa:0.0021;och:0.0018;ẩ:0.0017;abet:0.0017
 SolidGoldMagikarp,glitch_token,6,5,6650,arp,,<0x0A>,layer_2,aset,3.1e-05,207,,22892,dev,0.001774,101,,18767,aset:0.0000;osta:0.0000;ags:0.0000;asset:0.0000;aggio:0.0000,dev:0.0018;aggio:0.0017;ipa:0.0017;oku:0.0016;aset:0.0014
 SolidGoldMagikarp,glitch_token,6,5,6650,arp,,<0x0A>,layer_4,aset,3.1e-05,236,,26192,aset,0.029318,106,,21498,aset:0.0000;ERCHANT:0.0000;uni:0.0000;DRV:0.0000;˚:0.0000,aset:0.0293;uni:0.0049;˚:0.0042;ERCHANT:0.0038;asis:0.0023
 SolidGoldMagikarp,glitch_token,6,5,6650,arp,,<0x0A>,layer_7,fish,3.2e-05,26309,,25369,fish,0.015608,24958,,21228,fish:0.0000;▁jap:0.0000;estra:0.0000;养:0.0000;ľ:0.0000,fish:0.0156;estra:0.0082;▁swimming:0.0044;IME:0.0041;elta:0.0039
 SolidGoldMagikarp,glitch_token,6,5,6650,arp,,<0x0A>,layer_11,fish,3.3e-05,32482,,4029,fish,0.006563,32504,,3424,fish:0.0000;▁jap:0.0000;ľ:0.0000;▁characters:0.0000;VD:0.0000,fish:0.0066;VD:0.0054;▁characters:0.0041;elta:0.0024;▁swimming:0.0023
 SolidGoldMagikarp,glitch_token,6,5,6650,arp,,<0x0A>,layer_14,™,3.4e-05,32345,,11901,WL,0.005666,32486,,10376,™:0.0000;▁[…]:0.0000;▁retval:0.0000;Unmar:0.0000;TES:0.0000,WL:0.0057;™:0.0039;fish:0.0024;ď:0.0023;TES:0.0023
 SolidGoldMagikarp,glitch_token,6,5,6650,arp,,<0x0A>,layer_18,™,3.7e-05,13036,,13725,™,0.02142,9959,,10451,™:0.0000;▁kennis:0.0000;fish:0.0000;ALSE:0.0000;▁bekan:0.0000,™:0.0214;fish:0.0139;▁fish:0.0060;▁fishing:0.0031;▁pic:0.0028
 SolidGoldMagikarp,glitch_token,6,5,6650,arp,,<0x0A>,layer_21,™,4.1e-05,813,,12422,▁pic,0.019796,901,,15913,™:0.0000;▁pic:0.0000;▁fishing:0.0000;fish:0.0000;▁fisher:0.0000,▁pic:0.0198;▁trainer:0.0152;▁fisher:0.0112;▁fishing:0.0106;▁Pok:0.0087
 SolidGoldMagikarp,glitch_token,6,5,6650,arp,,<0x0A>,layer_23,▁Pok,4.6e-05,5718,,14665,▁Pok,0.108566,5620,,11259,▁Pok:0.0000;™:0.0000;▁trainer:0.0000;▁kennis:0.0000;▁bekan:0.0000,▁Pok:0.1086;▁trainer:0.0433;™:0.0132;▁fishing:0.0055;▁pok:0.0052
 SolidGoldMagikarp,glitch_token,6,5,6650,arp,,<0x0A>,layer_25,▁kennis,5e-05,1958,,6097,▁Pok,0.057691,1992,,2354,▁kennis:0.0000;▁Pok:0.0000;▁trainer:0.0000;▁bekan:0.0000;™:0.0000,▁Pok:0.0577;▁trainer:0.0487;™:0.0097;▁fishing:0.0059;▁spawn:0.0058
 SolidGoldMagikarp,glitch_token,6,5,6650,arp,,<0x0A>,layer_27,▁kennis,5.6e-05,1645,,4498,▁trainer,0.018601,1701,,1248,▁kennis:0.0001;▁bekan:0.0001;▁giornata:0.0000;plaat:0.0000;▁trainer:0.0000,▁trainer:0.0186;_:0.0100;▁Pok:0.0069;™:0.0065;▁spl:0.0043
 SolidGoldMagikarp,glitch_token,6,5,6650,arp,,<0x0A>,layer_28,▁bekan,5.6e-05,3341,,2889,▁trainer,0.013073,3451,,543,▁bekan:0.0001;▁kennis:0.0001;▁giornata:0.0001;™:0.0001;plaat:0.0001,▁trainer:0.0131;™:0.0128;_:0.0121;@:0.0070;XY:0.0058
 SolidGoldMagikarp,glitch_token,6,5,6650,arp,,<0x0A>,layer_29,™,5.9e-05,4188,,115,@,0.02457,5632,,87,™:0.0001;@:0.0001;▁(@:0.0001;_:0.0001;▁spl:0.0000,@:0.0246;™:0.0229;_:0.0181;▁(@:0.0120;▁spl:0.0071
 SolidGoldMagikarp,glitch_token,6,5,6650,arp,,<0x0A>,layer_31,<0x0A>,9.2e-05,6016,,1,<0x0A>,0.056087,8657,,1,"<0x0A>:0.0001;▁pic:0.0001;,:0.0001;▁#:0.0001;▁is:0.0001","<0x0A>:0.0561;,:0.0288;▁pic:0.0271;▁#:0.0269;S:0.0234"
 SolidGoldMagikarp,glitch_token,6,5,6650,arp,,<0x0A>,layer_32,<0x0A>,0.000229,4798,,1,<0x0A>,0.10903,5090,,1,"<0x0A>:0.0002;,:0.0002;.:0.0002;▁(:0.0002;▁:0.0002","<0x0A>:0.1090;,:0.0575;.:0.0549;S:0.0355;▁is:0.0241"
 SolidGoldMagikarp,glitch_token,6,5,6650,arp,,<0x0A>,final_logits,<0x0A>,0.108579,5083,,1,,,,,,"<0x0A>:0.1086;,:0.0581;.:0.0546;S:0.0353;▁is:0.0242",
 petertodd,glitch_token,3,0,6176,▁pet,1698,rol,emb,🇸,3.1e-05,1829,16138,74,🇸,0.000943,1436,16749,116,🇸:0.0000;▁Stars:0.0000;<0xB2>:0.0000;性:0.0000;asy:0.0000,🇸:0.0009;▁Stars:0.0008;性:0.0007;<0xB2>:0.0007;ideo:0.0006
 petertodd,glitch_token,3,0,6176,▁pet,1698,rol,layer_1,▁biologie,3.1e-05,3484,29605,8199,ẩ,0.038053,221,27197,1333,▁biologie:0.0000;ẩ:0.0000;▁giornata:0.0000;▁kennis:0.0000;▁occas:0.0000,ẩ:0.0381;▁/******/:0.0256;▁giornata:0.0076;cembre:0.0046;ENDOR:0.0038
 petertodd,glitch_token,3,0,6176,▁pet,1698,rol,layer_2,▁kennis,8.8e-05,18074,31404,30753,▁biologie,0.00043,6942,30794,22619,▁kennis:0.0001;▁Fuß:0.0001;▁biologie:0.0001;▁bekan:0.0001;plaat:0.0001,▁biologie:0.0004;▁kennis:0.0004;▁péri:0.0003;▁Fuß:0.0003;▁dévelop:0.0003
 petertodd,glitch_token,3,0,6176,▁pet,1698,rol,layer_4,▁kennis,8.8e-05,17847,31351,30731,▁biologie,0.000468,6511,30433,22464,▁kennis:0.0001;▁Fuß:0.0001;▁biologie:0.0001;▁bekan:0.0001;plaat:0.0001,▁biologie:0.0005;▁kennis:0.0004;▁péri:0.0003;▁Fuß:0.0003;▁dévelop:0.0003
 petertodd,glitch_token,3,0,6176,▁pet,1698,rol,layer_7,▁kennis,8.7e-05,17320,31214,30894,▁biologie,0.000507,5684,28501,24309,▁kennis:0.0001;▁Fuß:0.0001;▁biologie:0.0001;▁bekan:0.0001;plaat:0.0001,▁biologie:0.0005;▁kennis:0.0004;▁péri:0.0004;▁dévelop:0.0003;Ż:0.0003
 petertodd,glitch_token,3,0,6176,▁pet,1698,rol,layer_11,▁kennis,8e-05,15792,31497,30195,▁biologie,0.000829,3196,28967,16625,▁kennis:0.0001;▁biologie:0.0001;▁Fuß:0.0001;▁bekan:0.0001;▁dévelop:0.0001,▁biologie:0.0008;▁kennis:0.0006;▁ál:0.0004;▁péri:0.0004;▁dévelop:0.0004
 petertodd,glitch_token,3,0,6176,▁pet,1698,rol,layer_14,▁kennis,7.2e-05,14692,31448,29184,▁biologie,0.000878,1730,27721,11551,▁kennis:0.0001;▁biologie:0.0001;▁Fuß:0.0001;▁bekan:0.0001;▁dévelop:0.0001,▁biologie:0.0009;▁kennis:0.0009;▁ál:0.0005;▁dévelop:0.0004;▁péri:0.0004
 petertodd,glitch_token,3,0,6176,▁pet,1698,rol,layer_18,▁kennis,6.2e-05,15689,30099,20325,▁dévelop,0.000688,6311,21131,1073,▁kennis:0.0001;▁biologie:0.0001;▁Fuß:0.0001;▁dévelop:0.0001;▁bekan:0.0001,▁dévelop:0.0007;ter:0.0006;rdev:0.0006;ters:0.0005;rcu:0.0005
 petertodd,glitch_token,3,0,6176,▁pet,1698,rol,layer_21,▁kennis,0.000133,3968,22415,12291,pet,0.006239,2,2898,109,▁kennis:0.0001;▁biologie:0.0001;▁Fuß:0.0001;▁dévelop:0.0001;▁bekan:0.0001,pet:0.0062;▁pet:0.0039;Pet:0.0037;▁biologie:0.0026;▁pets:0.0022
 petertodd,glitch_token,3,0,6176,▁pet,1698,rol,layer_23,▁kennis,0.000211,3592,20856,13174,pet,0.00911,2,1415,119,▁kennis:0.0002;▁biologie:0.0002;▁Fuß:0.0002;▁dévelop:0.0002;▁bekan:0.0001,pet:0.0091;▁pet:0.0068;Pet:0.0045;▁pets:0.0024;▁biologie:0.0023
 petertodd,glitch_token,3,0,6176,▁pet,1698,rol,layer_25,▁kennis,0.000203,1658,19182,10915,pet,0.057891,2,999,56,▁kennis:0.0002;▁biologie:0.0002;▁Fuß:0.0002;▁bekan:0.0002;▁dévelop:0.0001,pet:0.0579;▁pet:0.0380;Pet:0.0205;▁Pet:0.0087;▁pets:0.0050
 petertodd,glitch_token,3,0,6176,▁pet,1698,rol,layer_27,▁biologie,0.000185,1869,18745,8979,pet,0.030975,2,1021,37,▁biologie:0.0002;▁kennis:0.0002;▁Fuß:0.0002;▁bekan:0.0001;▁péri:0.0001,pet:0.0310;▁pet:0.0200;Pet:0.0088;▁pets:0.0032;▁Pet:0.0031
 petertodd,glitch_token,3,0,6176,▁pet,1698,rol,layer_28,▁biologie,0.000155,1318,16994,6279,pet,0.039075,2,1000,22,▁biologie:0.0002;▁kennis:0.0001;▁Fuß:0.0001;▁bekan:0.0001;▁péri:0.0001,pet:0.0391;▁pet:0.0221;Pet:0.0087;▁pets:0.0039;▁dog:0.0039
 petertodd,glitch_token,3,0,6176,▁pet,1698,rol,layer_29,▁biologie,0.000111,406,10529,3894,pet,0.047941,2,425,29,▁biologie:0.0001;▁kennis:0.0001;▁Fuß:0.0001;▁bekan:0.0001;▁péri:0.0001,pet:0.0479;▁pet:0.0281;Pet:0.0087;ter:0.0079;▁Pet:0.0048
 petertodd,glitch_token,3,0,6176,▁pet,1698,rol,layer_31,▁biologie,9.3e-05,3264,12156,102,role,0.04486,515,2831,10,▁biologie:0.0001;▁kennis:0.0001;▁Fuß:0.0001;▁bekan:0.0001;шти:0.0001,role:0.0449;ite:0.0370;itions:0.0321;ty:0.0273;▁owners:0.0270
 petertodd,glitch_token,3,0,6176,▁pet,1698,rol,layer_32,",",8.9e-05,81,2352,2,rol,0.098395,59,1805,1,",:0.0001;rol:0.0001;itions:0.0001;role:0.0001;ty:0.0001",rol:0.0984;role:0.0858;itions:0.0608;ty:0.0490;ite:0.0361
 petertodd,glitch_token,3,0,6176,▁pet,1698,rol,final_logits,rol,0.101122,59,1793,1,,,,,,rol:0.1011;role:0.0838;itions:0.0613;ty:0.0478;ite:0.0372,
 petertodd,glitch_token,3,1,1698,ert,27394,he,emb,rezent,3.1e-05,12985,10953,29594,åg,0.000813,9579,11003,30064,rezent:0.0000;åg:0.0000;win:0.0000;▁Chron:0.0000;wick:0.0000,åg:0.0008;rezent:0.0008;win:0.0007;▁Chron:0.0006;wick:0.0006
 petertodd,glitch_token,3,1,1698,ert,27394,he,layer_1,▁kennis,3.1e-05,31396,19694,6806,rezent,0.002908,29571,22733,557,▁kennis:0.0000;ٹ:0.0000;▁biologie:0.0000;▁Fuß:0.0000;plaat:0.0000,rezent:0.0029;endor:0.0019;ivi:0.0017;▁routes:0.0016;áb:0.0014
 petertodd,glitch_token,3,1,1698,ert,27394,he,layer_2,ikes,3.1e-05,29773,5102,3014,ikes,0.002768,28556,6319,4798,ikes:0.0000;esi:0.0000;ennessee:0.0000;eden:0.0000;ucc:0.0000,ikes:0.0028;esi:0.0024;ucc:0.0019;egen:0.0017;endor:0.0017
 petertodd,glitch_token,3,1,1698,ert,27394,he,layer_4,emper,3.1e-05,28490,5612,5289,ijk,0.00294,26027,7657,6258,emper:0.0000;턴:0.0000;ijk:0.0000;tk:0.0000;Illuminate:0.0000,ijk:0.0029;esi:0.0024;emper:0.0023;eden:0.0018;턴:0.0017
 petertodd,glitch_token,3,1,1698,ert,27394,he,layer_7,own,3.2e-05,25118,2269,802,own,0.026313,16444,3354,187,own:0.0000;▁slä:0.0000;дина:0.0000;▁biologie:0.0000;DRV:0.0000,own:0.0263;park:0.0067;дина:0.0031;je:0.0030;kn:0.0025
 petertodd,glitch_token,3,1,1698,ert,27394,he,layer_11,own,3.3e-05,30609,2723,213,own,0.011656,27726,5048,263,own:0.0000;kim:0.0000;@:0.0000;park:0.0000;▁slä:0.0000,own:0.0117;kim:0.0078;park:0.0053;@:0.0037;ree:0.0032
 petertodd,glitch_token,3,1,1698,ert,27394,he,layer_14,▁[…],3.3e-05,25202,202,131,own,0.007044,21768,335,334,▁[…]:0.0000;own:0.0000;@:0.0000;­:0.0000;park:0.0000,own:0.0070;@:0.0034;recht:0.0032;park:0.0031;ieck:0.0031
 petertodd,glitch_token,3,1,1698,ert,27394,he,layer_18,own,3.5e-05,6465,104,71,own,0.016179,2034,171,139,own:0.0000;schen:0.0000;usch:0.0000;ucker:0.0000;ieck:0.0000,own:0.0162;usch:0.0086;schen:0.0065;ieck:0.0056;ucker:0.0055
 petertodd,glitch_token,3,1,1698,ert,27394,he,layer_21,▁vess,4.3e-05,8839,108,1248,@,0.017765,1353,61,388,▁vess:0.0000;▁dévelop:0.0000;▁éc:0.0000;@:0.0000;▁espa:0.0000,@:0.0178;▁et:0.0048;▁@:0.0046;ucker:0.0043;iff:0.0041
 petertodd,glitch_token,3,1,1698,ert,27394,he,layer_23,▁biologie,5.6e-05,4907,828,4807,hof,0.006888,231,132,573,▁biologie:0.0001;▁kennis:0.0001;▁vess:0.0001;▁Fuß:0.0001;▁dévelop:0.0001,hof:0.0069;@:0.0063;son:0.0061;etz:0.0053;▁et:0.0046
 petertodd,glitch_token,3,1,1698,ert,27394,he,layer_25,▁biologie,6.1e-05,8589,1638,4874,▁pet,0.025712,637,361,445,▁biologie:0.0001;▁Fuß:0.0001;▁kennis:0.0001;▁vess:0.0001;▁dévelop:0.0001,▁pet:0.0257;pet:0.0254;▁Pet:0.0249;Pet:0.0187;son:0.0044
 petertodd,glitch_token,3,1,1698,ert,27394,he,layer_27,▁biologie,6.5e-05,7723,1566,4125,iff,0.008246,524,477,420,▁biologie:0.0001;▁Fuß:0.0001;▁kennis:0.0001;▁vess:0.0001;▁Mär:0.0001,iff:0.0082;own:0.0080;@:0.0050;son:0.0048;sen:0.0041
 petertodd,glitch_token,3,1,1698,ert,27394,he,layer_28,▁biologie,6.3e-05,7398,876,1375,own,0.015602,585,294,109,▁biologie:0.0001;▁kennis:0.0001;▁Fuß:0.0001;▁vess:0.0001;▁Mär:0.0001,own:0.0156;@:0.0106;son:0.0057;iff:0.0053;sch:0.0046
 petertodd,glitch_token,3,1,1698,ert,27394,he,layer_29,@,6e-05,1374,118,137,@,0.048313,268,188,91,@:0.0001;unnel:0.0001;own:0.0001;z:0.0001;ch:0.0001,@:0.0483;own:0.0208;z:0.0136;unnel:0.0134;ill:0.0098
 petertodd,glitch_token,3,1,1698,ert,27394,he,layer_31,own,8.6e-05,1254,35,5,own,0.106852,457,60,7,own:0.0001;@:0.0001;ill:0.0001;.:0.0001;he:0.0001,own:0.1069;@:0.0580;ill:0.0293;.:0.0262;ay:0.0190
 petertodd,glitch_token,3,1,1698,ert,27394,he,layer_32,",",0.000309,2340,172,8,he,0.039582,1643,69,1,",:0.0003;<0x0A>:0.0003;.:0.0003;▁(:0.0003;▁:0.0002",he:0.0396;ay:0.0260;own:0.0244;.:0.0212;ol:0.0197
 petertodd,glitch_token,3,1,1698,ert,27394,he,final_logits,he,0.039773,1635,64,1,,,,,,he:0.0398;ay:0.0257;own:0.0241;.:0.0213;ol:0.0200,
 petertodd,glitch_token,3,2,27394,odd,,.,emb,kir,3.1e-05,31682,,14744,kir,0.002875,31388,,14114,kir:0.0000;▁Jar:0.0000;oul:0.0000;asso:0.0000;EM:0.0000,kir:0.0029;▁Jar:0.0009;asso:0.0008;oul:0.0007;itzer:0.0007
 petertodd,glitch_token,3,2,27394,odd,,.,layer_1,▁kennis,3.1e-05,24809,,28022,sch,0.002047,27809,,12016,▁kennis:0.0000;ٹ:0.0000;▁Fuß:0.0000;▁dévelop:0.0000;▁bekan:0.0000,sch:0.0020;ifica:0.0017;▁kennis:0.0017;bury:0.0014;atta:0.0012
 petertodd,glitch_token,3,2,27394,odd,,.,layer_2,sch,3.1e-05,25186,,7846,sch,0.005059,25361,,8024,sch:0.0000;ily:0.0000;czy:0.0000;jes:0.0000;▁--(:0.0000,sch:0.0051;ily:0.0024;jes:0.0022;czy:0.0017;asso:0.0016
 petertodd,glitch_token,3,2,27394,odd,,.,layer_4,▁--(,3.1e-05,13716,,18793,ญ,0.004228,18405,,17578,▁--(:0.0000;▁/******/:0.0000;iger:0.0000;ness:0.0000;jer:0.0000,ญ:0.0042;oen:0.0041;▁--(:0.0034;št:0.0031;iger:0.0027
 petertodd,glitch_token,3,2,27394,odd,,.,layer_7,립,3.2e-05,5275,,29357,oren,0.003558,7888,,22607,립:0.0000;Ď:0.0000;״:0.0000;iveau:0.0000;Ť:0.0000,oren:0.0036;ahoma:0.0028;inc:0.0028;ocz:0.0021;ijk:0.0020
 petertodd,glitch_token,3,2,27394,odd,,.,layer_11,Ť,3.2e-05,14497,,24174,elson,0.002436,20650,,20884,Ť:0.0000;™:0.0000;▁égal:0.0000;∂:0.0000;▁péri:0.0000,elson:0.0024;eln:0.0020;TM:0.0020;lam:0.0016;™:0.0016
 petertodd,glitch_token,3,2,27394,odd,,.,layer_14,▁dévelop,3.4e-05,14586,,18184,TM,0.002504,20294,,14263,▁dévelop:0.0000;▁bekan:0.0000;▁égal:0.0000;plaat:0.0000;™:0.0000,TM:0.0025;▁égal:0.0024;▁dévelop:0.0023;wiki:0.0020;™:0.0020
 petertodd,glitch_token,3,2,27394,odd,,.,layer_18,apps,3.5e-05,12193,,1322,apps,0.004663,15711,,766,apps:0.0000;̆:0.0000;orsz:0.0000;@:0.0000;™:0.0000,apps:0.0047;ijk:0.0039;@:0.0034;wiki:0.0033;▁Wik:0.0032
 petertodd,glitch_token,3,2,27394,odd,,.,layer_21,@,4.2e-05,1980,,309,▁dot,0.024195,3133,,208,@:0.0000;▁dot:0.0000;▁Wik:0.0000;rell:0.0000;wiki:0.0000,▁dot:0.0242;wiki:0.0223;@:0.0169;▁Wik:0.0162;rell:0.0139
 petertodd,glitch_token,3,2,27394,odd,,.,layer_23,@,4.5e-05,1495,,105,wiki,0.032987,2148,,33,@:0.0000;▁Foundation:0.0000;wiki:0.0000;▁Wik:0.0000;rell:0.0000,wiki:0.0330;@:0.0241;▁Wik:0.0177;▁Foundation:0.0148;rell:0.0134
 petertodd,glitch_token,3,2,27394,odd,,.,layer_25,@,4.6e-05,11768,,151,wiki,0.030846,14015,,20,@:0.0000;wiki:0.0000;▁biologie:0.0000;▁dot:0.0000;▁Foundation:0.0000,wiki:0.0308;@:0.0200;▁dot:0.0133;▁pet:0.0099;▁et:0.0096
 petertodd,glitch_token,3,2,27394,odd,,.,layer_27,@,5.4e-05,12532,,21,@,0.084762,13816,,5,@:0.0001;▁dot:0.0001;▁Foundation:0.0000;▁kennis:0.0000;▁Fuß:0.0000,@:0.0848;▁dot:0.0493;wiki:0.0142;▁Foundation:0.0137;.:0.0134
 petertodd,glitch_token,3,2,27394,odd,,.,layer_28,@,5.9e-05,8019,,12,@,0.124484,8655,,3,@:0.0001;▁dot:0.0001;▁Fuß:0.0001;▁(@:0.0000;▁biologie:0.0000,@:0.1245;▁dot:0.0469;.:0.0208;wiki:0.0118;▁(@:0.0090
 petertodd,glitch_token,3,2,27394,odd,,.,layer_29,@,7.3e-05,4389,,3,@,0.292093,5743,,2,@:0.0001;▁dot:0.0001;.:0.0001;_:0.0001;':0.0001,@:0.2921;.:0.0567;▁dot:0.0464;_:0.0280;':0.0152
 petertodd,glitch_token,3,2,27394,odd,,.,layer_31,.,0.000119,2955,,1,.,0.518557,2680,,1,.:0.0001;@:0.0001;<0x0A>:0.0001;/:0.0001;▁at:0.0001,".:0.5186;@:0.0686;<0x0A>:0.0511;/:0.0465;,:0.0147"
 petertodd,glitch_token,3,2,27394,odd,,.,layer_32,.,0.000292,2639,,1,.,0.404968,1158,,1,".:0.0003;<0x0A>:0.0003;,:0.0002;/:0.0002;@:0.0002",".:0.4050;<0x0A>:0.0748;/:0.0527;@:0.0518;,:0.0259"
 petertodd,glitch_token,3,2,27394,odd,,.,final_logits,.,0.398561,1153,,1,,,,,,".:0.3986;<0x0A>:0.0737;/:0.0539;@:0.0539;,:0.0255",
 ,control_byte,2,0,29473,▁,771,1,emb,elli,3.1e-05,29502,9548,4926,▁acknow,0.00036,30115,9420,9852,elli:0.0000;irt:0.0000;rix:0.0000;iple:0.0000;▁acknow:0.0000,▁acknow:0.0004;elli:0.0003;itle:0.0002;▁transferred:0.0002;irt:0.0002
 ,control_byte,2,0,29473,▁,771,1,layer_1,ieux,3.5e-05,23284,4222,26997,ieux,0.005987,22694,4824,27876,ieux:0.0000;▁Giov:0.0000;yll:0.0000;ota:0.0000;efore:0.0000,ieux:0.0060;efore:0.0050;▁Giov:0.0046;yll:0.0043;ota:0.0040
 ,control_byte,2,0,29473,▁,771,1,layer_2,▁kennis,0.794921,32761,4783,32308,▁kennis,0.000633,32746,4238,25228,▁kennis:0.7949;▁Fuß:0.0672;▁biologie:0.0555;▁bekan:0.0306;plaat:0.0120,▁kennis:0.0006;▁biologie:0.0005;▁dévelop:0.0004;▁besk:0.0003;▁artikel:0.0003
 ,control_byte,2,0,29473,▁,771,1,layer_4,▁kennis,0.794711,32761,4783,32308,▁kennis,0.000633,32745,4235,25281,▁kennis:0.7947;▁Fuß:0.0673;▁biologie:0.0556;▁bekan:0.0307;plaat:0.0120,▁kennis:0.0006;▁biologie:0.0005;▁dévelop:0.0004;▁besk:0.0003;▁artikel:0.0003
 ,control_byte,2,0,29473,▁,771,1,layer_7,▁kennis,0.793986,32761,4784,32305,▁kennis,0.000631,32745,4246,25238,▁kennis:0.7940;▁Fuß:0.0675;▁biologie:0.0558;▁bekan:0.0307;plaat:0.0121,▁kennis:0.0006;▁biologie:0.0005;▁dévelop:0.0004;▁besk:0.0003;▁artikel:0.0003
 ,control_byte,2,0,29473,▁,771,1,layer_11,▁kennis,0.795157,32761,4782,32304,▁kennis,0.00064,32746,4224,25174,▁kennis:0.7952;▁Fuß:0.0668;▁biologie:0.0562;▁bekan:0.0302;plaat:0.0120,▁kennis:0.0006;▁biologie:0.0005;▁dévelop:0.0004;▁besk:0.0003;▁artikel:0.0003
 ,control_byte,2,0,29473,▁,771,1,layer_14,▁kennis,0.797364,32761,4779,32306,▁kennis,0.000653,32746,4184,25369,▁kennis:0.7974;▁Fuß:0.0659;▁biologie:0.0560;▁bekan:0.0296;plaat:0.0119,▁kennis:0.0007;▁biologie:0.0005;▁dévelop:0.0004;▁besk:0.0003;▁artikel:0.0003
 ,control_byte,2,0,29473,▁,771,1,layer_18,▁kennis,0.797332,32761,4775,32307,▁kennis,0.000656,32747,4131,25484,▁kennis:0.7973;▁Fuß:0.0661;▁biologie:0.0561;▁bekan:0.0293;plaat:0.0119,▁kennis:0.0007;▁biologie:0.0005;▁dévelop:0.0004;▁artikel:0.0004;▁besk:0.0004
 ,control_byte,2,0,29473,▁,771,1,layer_21,▁kennis,0.813551,32760,4804,32330,▁kennis,0.0007,32751,4296,27578,▁kennis:0.8136;▁Fuß:0.0606;▁biologie:0.0543;▁bekan:0.0262;plaat:0.0110,▁kennis:0.0007;▁biologie:0.0006;▁besk:0.0004;▁artikel:0.0004;▁dévelop:0.0004
 ,control_byte,2,0,29473,▁,771,1,layer_23,▁kennis,0.813382,32760,4803,32329,▁kennis,0.000701,32751,4300,27425,▁kennis:0.8134;▁Fuß:0.0605;▁biologie:0.0546;▁bekan:0.0263;plaat:0.0109,▁kennis:0.0007;▁biologie:0.0006;▁besk:0.0004;▁artikel:0.0004;▁dévelop:0.0004
 ,control_byte,2,0,29473,▁,771,1,layer_25,▁kennis,0.812907,32760,4802,32325,▁kennis,0.000699,32751,4298,27247,▁kennis:0.8129;▁Fuß:0.0610;▁biologie:0.0545;▁bekan:0.0264;plaat:0.0109,▁kennis:0.0007;▁biologie:0.0006;▁besk:0.0004;▁artikel:0.0004;▁dévelop:0.0004
 ,control_byte,2,0,29473,▁,771,1,layer_27,▁kennis,0.812393,32760,4803,32324,▁kennis,0.000694,32751,4324,27052,▁kennis:0.8124;▁Fuß:0.0614;▁biologie:0.0544;▁bekan:0.0264;plaat:0.0110,▁kennis:0.0007;▁biologie:0.0006;▁besk:0.0004;▁artikel:0.0004;▁dévelop:0.0004
 ,control_byte,2,0,29473,▁,771,1,layer_28,▁kennis,0.811284,32760,4798,32326,▁kennis,0.000684,32751,4314,26932,▁kennis:0.8113;▁Fuß:0.0619;▁biologie:0.0546;▁bekan:0.0265;plaat:0.0112,▁kennis:0.0007;▁biologie:0.0006;▁artikel:0.0004;▁besk:0.0004;▁dévelop:0.0004
 ,control_byte,2,0,29473,▁,771,1,layer_29,▁kennis,0.806009,32760,4800,32316,▁kennis,0.000673,32750,4320,26515,▁kennis:0.8060;▁Fuß:0.0629;▁biologie:0.0558;▁bekan:0.0275;plaat:0.0115,▁kennis:0.0007;▁biologie:0.0006;▁artikel:0.0004;▁besk:0.0004;▁dévelop:0.0003
 ,control_byte,2,0,29473,▁,771,1,layer_31,▁kennis,0.327833,32761,4788,32635,▁bekan,0.000598,32759,5131,32743,▁kennis:0.3278;▁Fuß:0.1156;▁bekan:0.0749;▁biologie:0.0565;plaat:0.0449,▁bekan:0.0006;▁Fuß:0.0005;områ:0.0004;▁kennis:0.0004;▁dévelop:0.0004
 ,control_byte,2,0,29473,▁,771,1,layer_32,1,9.5e-05,2712,23526,1,1,0.260699,1069,19323,1,1:0.0001;2:0.0001;3:0.0001;5:0.0001;4:0.0001,1:0.2607;2:0.2180;3:0.0769;4:0.0512;5:0.0481
 ,control_byte,2,0,29473,▁,771,1,final_logits,1,0.263875,1069,19282,1,,,,,,1:0.2639;2:0.2188;3:0.0756;4:0.0520;5:0.0473,
 ,control_byte,2,1,771,<0x00>,,<0x00>,emb,▁Western,3.1e-05,10485,,10485,▁convention,0.00061,12862,,12862,▁Western:0.0000;▁convention:0.0000;Ł:0.0000;agan:0.0000;▁ó:0.0000,▁convention:0.0006;Ł:0.0006;▁Western:0.0006;agan:0.0005;dims:0.0005
 ,control_byte,2,1,771,<0x00>,,<0x00>,layer_1,▁vid,3.1e-05,10389,,10389,▁vid,0.00168,11577,,11577,▁vid:0.0000;▁dici:0.0000;▁loaded:0.0000;▁dag:0.0000;▁alg:0.0000,▁vid:0.0017;▁loaded:0.0016;▁Nick:0.0012;▁alg:0.0011;▁senior:0.0010
 ,control_byte,2,1,771,<0x00>,,<0x00>,layer_2,ea,3.1e-05,6961,,6961,LIED,0.001988,6429,,6429,ea:0.0000;ails:0.0000;▁loaded:0.0000;umer:0.0000;rif:0.0000,LIED:0.0020;ea:0.0017;ries:0.0013;idas:0.0013;▁stag:0.0012
 ,control_byte,2,1,771,<0x00>,,<0x00>,layer_4,▸,3.1e-05,1189,,1189,achuset,0.002153,1475,,1475,▸:0.0000;Ṭ:0.0000;визи:0.0000;▁fün:0.0000;◄:0.0000,achuset:0.0022;▁domin:0.0018;▁Wy:0.0017;domin:0.0016;inton:0.0014
 ,control_byte,2,1,771,<0x00>,,<0x00>,layer_7,Ζ,3.2e-05,2604,,2604,▁ele,0.003427,5465,,5465,Ζ:0.0000;úblic:0.0000;▁kennis:0.0000;Ď:0.0000;▁havet:0.0000,▁ele:0.0034;ea:0.0019;LT:0.0019;▁zá:0.0016;lin:0.0015
 ,control_byte,2,1,771,<0x00>,,<0x00>,layer_11,Ď,3.3e-05,2017,,2017,V,0.002351,5529,,5529,Ď:0.0000;▁péri:0.0000;▁zá:0.0000;▁kennis:0.0000;干:0.0000,V:0.0024;stract:0.0022;▁zá:0.0022;DL:0.0021;ea:0.0020
 ,control_byte,2,1,771,<0x00>,,<0x00>,layer_14,Ď,3.4e-05,1831,,1831,bis,0.002148,5479,,5479,Ď:0.0000;ℓ:0.0000;Ṭ:0.0000;визи:0.0000;▸:0.0000,bis:0.0021;SEL:0.0020;ea:0.0020;▁zá:0.0017;Ď:0.0017
 ,control_byte,2,1,771,<0x00>,,<0x00>,layer_18,ℓ,3.6e-05,4651,,4651,нд,0.003725,14020,,14020,ℓ:0.0000;▸:0.0000;Ṭ:0.0000;־:0.0000;︎:0.0000,нд:0.0037;jor:0.0023;while:0.0014;́:0.0014;je:0.0013
 ,control_byte,2,1,771,<0x00>,,<0x00>,layer_21,нд,4.3e-05,10683,,10683,нд,0.01571,21745,,21745,нд:0.0000;ℓ:0.0000;Ṣ:0.0000;Ź:0.0000;Ζ:0.0000,нд:0.0157;ument:0.0045;ment:0.0031;uments:0.0018;while:0.0017
 ,control_byte,2,1,771,<0x00>,,<0x00>,layer_23,ℓ,4.5e-05,6596,,6596,нд,0.007287,17518,,17518,ℓ:0.0000;Ζ:0.0000;Ṣ:0.0000;нд:0.0000;Ṭ:0.0000,нд:0.0073;ument:0.0033;jes:0.0020;MSG:0.0020;▁knocked:0.0017
 ,control_byte,2,1,771,<0x00>,,<0x00>,layer_25,ℓ,4.8e-05,6253,,6253,ument,0.003539,20253,,20253,ℓ:0.0000;Ζ:0.0000;▁Мекси:0.0000;▁Fuß:0.0000;Ṣ:0.0000,ument:0.0035;нд:0.0027;fort:0.0024;ment:0.0017;ial:0.0014
 ,control_byte,2,1,771,<0x00>,,<0x00>,layer_27,ℓ,5e-05,4282,,4282,ment,0.005378,16367,,16367,ℓ:0.0001;Ṣ:0.0000;▁Мекси:0.0000;▁Fuß:0.0000;Ζ:0.0000,ment:0.0054;нд:0.0025;C:0.0022;ument:0.0022;▁Copyright:0.0020
 ,control_byte,2,1,771,<0x00>,,<0x00>,layer_28,ℓ,5.3e-05,2384,,2384,ment,0.005685,7475,,7475,ℓ:0.0001;▁Мекси:0.0001;▁Fuß:0.0001;︎:0.0001;Ṣ:0.0001,ment:0.0057;нд:0.0024;ument:0.0024;i:0.0021;fort:0.0018
 ,control_byte,2,1,771,<0x00>,,<0x00>,layer_29,ℓ,5e-05,1421,,1421,▁,0.007682,6686,,6686,ℓ:0.0000;нд:0.0000;Ψ:0.0000;Ṣ:0.0000;▁Мекси:0.0000,▁:0.0077;C:0.0057;<0x09>:0.0057;ment:0.0044;i:0.0030
 ,control_byte,2,1,771,<0x00>,,<0x00>,layer_31,▁,5.6e-05,41,,41,▁,0.092053,339,,339,▁:0.0001;<0x09>:0.0001;t:0.0001;C:0.0001;<0x0A>:0.0001,▁:0.0921;<0x09>:0.0339;C:0.0268;<0x0A>:0.0236;t:0.0169
 ,control_byte,2,1,771,<0x00>,,<0x00>,layer_32,▁,0.000163,2,,2,<0x00>,0.231631,1,,1,▁:0.0002;<0x00>:0.0002;<0x0A>:0.0001;<0x09>:0.0001;.:0.0001,<0x00>:0.2316;▁:0.0837;<0x09>:0.0789;<0x0A>:0.0491;:0.0272
 ,control_byte,2,1,771,<0x00>,,<0x00>,final_logits,<0x00>,0.232022,1,,1,,,,,,<0x00>:0.2320;▁:0.0854;<0x09>:0.0802;<0x0A>:0.0486;:0.0277,
<|reserved_special_token_0|>,reserved_special,12,0,1291,▁<,29534,div,emb,▁/******/,3.1e-05,29988,15781,181,▁/******/,0.001963,30924,14315,253,▁/******/:0.0000;bury:0.0000;TT:0.0000;hand:0.0000;ingen:0.0000,▁/******/:0.0020;bury:0.0009;TT:0.0006;▁Ing:0.0005;hand:0.0005
<|reserved_special_token_0|>,reserved_special,12,0,1291,▁<,29534,div,layer_1,ẩ,3.2e-05,31825,26366,22352,ẩ,0.083114,30878,25033,19753,ẩ:0.0000;▁giornata:0.0000;ķ:0.0000;▁biologie:0.0000;ĩ:0.0000,ẩ:0.0831;▁/******/:0.0750;ĩ:0.0074;▁giornata:0.0061;cembre:0.0032
<|reserved_special_token_0|>,reserved_special,12,0,1291,▁<,29534,div,layer_2,▁kennis,0.000119,27549,29175,28010,▁biologie,0.000478,8091,22677,17124,▁kennis:0.0001;▁Fuß:0.0001;▁biologie:0.0001;▁bekan:0.0001;plaat:0.0001,▁biologie:0.0005;▁kennis:0.0004;Ż:0.0003;▁dévelop:0.0003;▁péri:0.0003
<|reserved_special_token_0|>,reserved_special,12,0,1291,▁<,29534,div,layer_4,▁kennis,0.000119,27700,29174,28030,▁biologie,0.000502,9857,22581,17556,▁kennis:0.0001;▁Fuß:0.0001;▁biologie:0.0001;▁bekan:0.0001;plaat:0.0001,▁biologie:0.0005;▁kennis:0.0004;Ż:0.0003;▁péri:0.0003;▁dévelop:0.0003
<|reserved_special_token_0|>,reserved_special,12,0,1291,▁<,29534,div,layer_7,▁kennis,0.000119,27717,28992,28038,▁biologie,0.000543,10441,20795,18399,▁kennis:0.0001;▁Fuß:0.0001;▁biologie:0.0001;▁bekan:0.0001;plaat:0.0001,▁biologie:0.0005;▁kennis:0.0004;Ż:0.0003;▁dévelop:0.0003;▁péri:0.0003
<|reserved_special_token_0|>,reserved_special,12,0,1291,▁<,29534,div,layer_11,▁kennis,0.00011,26577,28670,27237,▁biologie,0.000856,7389,18567,14980,▁kennis:0.0001;▁biologie:0.0001;▁Fuß:0.0001;▁bekan:0.0001;▁dévelop:0.0001,▁biologie:0.0009;▁kennis:0.0007;Ż:0.0004;▁ál:0.0003;▁péri:0.0003
<|reserved_special_token_0|>,reserved_special,12,0,1291,▁<,29534,div,layer_14,▁kennis,0.000102,25688,28370,28254,▁biologie,0.000942,6131,17351,21169,▁kennis:0.0001;▁biologie:0.0001;▁Fuß:0.0001;▁bekan:0.0001;▁dévelop:0.0001,▁biologie:0.0009;▁kennis:0.0009;Ż:0.0004;▁ál:0.0004;▁dévelop:0.0004
<|reserved_special_token_0|>,reserved_special,12,0,1291,▁<,29534,div,layer_18,▁kennis,5.8e-05,19788,27896,24900,▁biologie,0.000929,784,13640,10732,▁kennis:0.0001;▁biologie:0.0001;▁Fuß:0.0001;▁dévelop:0.0001;scriptstyle:0.0001,▁biologie:0.0009;▁kennis:0.0005;Ż:0.0005;▁vál:0.0004;▁dévelop:0.0004
<|reserved_special_token_0|>,reserved_special,12,0,1291,▁<,29534,div,layer_21,▁kennis,0.000191,21596,30202,17355,▁biologie,0.001267,1713,23883,523,▁kennis:0.0002;▁biologie:0.0002;▁Fuß:0.0001;▁dévelop:0.0001;plaat:0.0001,▁biologie:0.0013;▁kennis:0.0011;Ż:0.0006;▁dévelop:0.0004;▁ál:0.0004
<|reserved_special_token_0|>,reserved_special,12,0,1291,▁<,29534,div,layer_23,▁kennis,0.000243,23361,30406,17806,▁biologie,0.001197,2682,24737,494,▁kennis:0.0002;▁biologie:0.0002;▁Fuß:0.0002;▁dévelop:0.0002;▁bekan:0.0002,▁biologie:0.0012;▁kennis:0.0010;Ż:0.0005;▁dévelop:0.0004;▁ál:0.0004
<|reserved_special_token_0|>,reserved_special,12,0,1291,▁<,29534,div,layer_25,▁kennis,0.000243,22777,30597,15887,▁kennis,0.001203,1955,25659,162,▁kennis:0.0002;▁biologie:0.0002;▁Fuß:0.0002;▁dévelop:0.0002;▁bekan:0.0002,▁kennis:0.0012;▁biologie:0.0011;Ż:0.0004;▁pob:0.0004;▁ál:0.0004
<|reserved_special_token_0|>,reserved_special,12,0,1291,▁<,29534,div,layer_27,▁kennis,0.000223,15527,30882,14605,▁kennis,0.001555,40,26787,70,▁kennis:0.0002;▁biologie:0.0002;▁Fuß:0.0002;▁dévelop:0.0001;plaat:0.0001,▁kennis:0.0016;▁biologie:0.0014;Ż:0.0005;▁pob:0.0004;▁ál:0.0003
<|reserved_special_token_0|>,reserved_special,12,0,1291,▁<,29534,div,layer_28,▁kennis,0.000167,14136,30005,11477,▁biologie,0.001791,24,21838,10,▁kennis:0.0002;▁biologie:0.0001;▁Fuß:0.0001;▁dévelop:0.0001;plaat:0.0001,▁biologie:0.0018;▁kennis:0.0016;▁pob:0.0005;Ż:0.0004;▁ál:0.0004
<|reserved_special_token_0|>,reserved_special,12,0,1291,▁<,29534,div,layer_29,▁kennis,0.000115,10874,29485,8180,▁kennis,0.000897,10,17337,4,▁kennis:0.0001;▁biologie:0.0001;▁Fuß:0.0001;▁dévelop:0.0001;scriptstyle:0.0001,▁kennis:0.0009;>:0.0009;▁biologie:0.0007;div:0.0007;i:0.0005
<|reserved_special_token_0|>,reserved_special,12,0,1291,▁<,29534,div,layer_31,▁kennis,7.4e-05,1124,17431,190,div,0.033273,9,3812,1,▁kennis:0.0001;▁biologie:0.0001;▁Fuß:0.0001;▁artikel:0.0001;ٹ:0.0001,div:0.0333;p:0.0102;h:0.0100;br:0.0098;▁:0.0070
<|reserved_special_token_0|>,reserved_special,12,0,1291,▁<,29534,div,layer_32,▁,7.3e-05,17,1723,2,div,0.120193,38,2117,1,▁:0.0001;div:0.0001;td:0.0001;li:0.0001;span:0.0001,div:0.1202;▁:0.0494;a:0.0382;span:0.0341;td:0.0309
<|reserved_special_token_0|>,reserved_special,12,0,1291,▁<,29534,div,final_logits,div,0.122556,37,2117,1,,,,,,div:0.1226;▁:0.0495;a:0.0386;span:0.0340;td:0.0310,
<|reserved_special_token_0|>,reserved_special,12,1,29534,|,1179,<0x0A>,emb,▁trigger,3.1e-05,29975,32742,3227,▁trigger,0.000738,29136,32728,2697,▁trigger:0.0000;itung:0.0000;▁af:0.0000;▁fuel:0.0000;Trigger:0.0000,▁trigger:0.0007;itung:0.0007;▁fuel:0.0006;▁af:0.0005;trigger:0.0004
<|reserved_special_token_0|>,reserved_special,12,1,29534,|,1179,<0x0A>,layer_1,ẩ,3.1e-05,28598,32750,26501,ẩ,0.007885,25048,32724,8261,ẩ:0.0000;➤:0.0000;▁dévelop:0.0000;▁biologie:0.0000;ľ:0.0000,ẩ:0.0079;▁/******/:0.0054;▁blast:0.0021;Lif:0.0015;▁giornata:0.0010
<|reserved_special_token_0|>,reserved_special,12,1,29534,|,1179,<0x0A>,layer_2,osta,3.1e-05,10939,31981,9776,osta,0.003025,13121,32441,10420,osta:0.0000;aris:0.0000;iginal:0.0000;oster:0.0000;ients:0.0000,osta:0.0030;oster:0.0023;aris:0.0017;▁tot:0.0015;▁mens:0.0014
<|reserved_special_token_0|>,reserved_special,12,1,29534,|,1179,<0x0A>,layer_4,osta,3.1e-05,18825,31474,16345,poch,0.003447,17966,31681,13255,osta:0.0000;poch:0.0000;úblic:0.0000;cohol:0.0000;enti:0.0000,poch:0.0034;osta:0.0023;úblic:0.0019;enti:0.0019;dale:0.0015
<|reserved_special_token_0|>,reserved_special,12,1,29534,|,1179,<0x0A>,layer_7,вид,3.2e-05,30357,26415,27320,вид,0.005542,29679,26844,21502,вид:0.0000;▁kole:0.0000;Ν:0.0000;úblic:0.0000;▁biologie:0.0000,вид:0.0055;poch:0.0028;dash:0.0021;▁kole:0.0020;ře:0.0019
<|reserved_special_token_0|>,reserved_special,12,1,29534,|,1179,<0x0A>,layer_11,вид,3.3e-05,30495,16231,16764,вид,0.004088,28514,15827,7295,вид:0.0000;▁biologie:0.0000;↵:0.0000;▁péri:0.0000;scriptstyle:0.0000,вид:0.0041;ň:0.0028;kem:0.0022;▁cast:0.0017;ńst:0.0014
<|reserved_special_token_0|>,reserved_special,12,1,29534,|,1179,<0x0A>,layer_14,↵,3.4e-05,30887,25575,17353,вид,0.005226,29730,27381,12982,↵:0.0000;вид:0.0000;Ď:0.0000;▁kennis:0.0000;Ζ:0.0000,вид:0.0052;↵:0.0027;ḷ:0.0018;pha:0.0017;ň:0.0017
<|reserved_special_token_0|>,reserved_special,12,1,29534,|,1179,<0x0A>,layer_18,вид,3.6e-05,32725,11609,3454,AS,0.003595,32638,8495,943,вид:0.0000;AS:0.0000;Ī:0.0000;scriptstyle:0.0000;̈:0.0000,AS:0.0036;pha:0.0031;вид:0.0029;oa:0.0020;UE:0.0019
<|reserved_special_token_0|>,reserved_special,12,1,29534,|,1179,<0x0A>,layer_21,ner,3.9e-05,32758,3921,1570,ner,0.00486,32723,2923,297,ner:0.0000;∪:0.0000;▁Arbitro:0.0000;▁Bronnen:0.0000;oux:0.0000,ner:0.0049;▁|:0.0034;i:0.0026;▁Bronnen:0.0023;AS:0.0020
<|reserved_special_token_0|>,reserved_special,12,1,29534,|,1179,<0x0A>,layer_23,∪,4.2e-05,32743,7662,3596,▁|,0.00464,32403,2932,67,∪:0.0000;wij:0.0000;вид:0.0000;▁Украї:0.0000;▁Arbitro:0.0000,▁|:0.0046;i:0.0034;x:0.0023;pmatrix:0.0023;AS:0.0019
<|reserved_special_token_0|>,reserved_special,12,1,29534,|,1179,<0x0A>,layer_25,∪,4.6e-05,32766,11465,5699,▁x,0.006025,32729,3262,16,∪:0.0000;▁Украї:0.0000;scriptstyle:0.0000;▁kennis:0.0000;Ī:0.0000,▁x:0.0060;x:0.0034;>:0.0024;i:0.0022;▁document:0.0020
<|reserved_special_token_0|>,reserved_special,12,1,29534,|,1179,<0x0A>,layer_27,∪,4.9e-05,32739,7287,3939,▁x,0.00525,32022,1457,11,∪:0.0000;▁kennis:0.0000;▁Украї:0.0000;scriptstyle:0.0000;вид:0.0000,▁x:0.0053;x:0.0050;<:0.0049;--:0.0032;>:0.0031
<|reserved_special_token_0|>,reserved_special,12,1,29534,|,1179,<0x0A>,layer_28,∪,4.8e-05,31603,6135,3030,x,0.009935,21687,1373,13,∪:0.0000;scriptstyle:0.0000;вид:0.0000;▁Украї:0.0000;▁kennis:0.0000,x:0.0099;▁x:0.0097;>:0.0094;<:0.0048;▁|:0.0047
<|reserved_special_token_0|>,reserved_special,12,1,29534,|,1179,<0x0A>,layer_29,>,5.2e-05,19165,2247,58,>,0.049684,5697,883,6,>:0.0001;▁|:0.0000;x:0.0000;->:0.0000;▁x:0.0000,>:0.0497;x:0.0213;▁|:0.0184;▁x:0.0139;<:0.0115
<|reserved_special_token_0|>,reserved_special,12,1,29534,|,1179,<0x0A>,layer_31,>,8.3e-05,553,859,3,<0x0A>,0.103184,409,633,1,>:0.0001;x:0.0001;<0x0A>:0.0001;a:0.0001;<:0.0001,<0x0A>:0.1032;>:0.0678;x:0.0632;a:0.0320;<:0.0285
<|reserved_special_token_0|>,reserved_special,12,1,29534,|,1179,<0x0A>,layer_32,<0x0A>,0.000184,255,706,1,<0x0A>,0.065306,237,438,1,<0x0A>:0.0002;▁:0.0002;>:0.0002;▁a:0.0002;-:0.0001,<0x0A>:0.0653;>:0.0644;<:0.0424;▁:0.0208;a:0.0186
<|reserved_special_token_0|>,reserved_special,12,1,29534,|,1179,<0x0A>,final_logits,<0x0A>,0.065526,236,436,1,,,,,,<0x0A>:0.0655;>:0.0635;<:0.0423;▁:0.0206;a:0.0188,
<|reserved_special_token_0|>,reserved_special,12,2,1179,res,8833,|,emb,▁/******/,3.1e-05,3819,17900,19000,oya,0.000635,3797,19516,18233,▁/******/:0.0000;oya:0.0000;prit:0.0000;chell:0.0000;<0xB8>:0.0000,oya:0.0006;prit:0.0006;Ъ:0.0005;▁/******/:0.0005;icl:0.0004
<|reserved_special_token_0|>,reserved_special,12,2,1179,res,8833,|,layer_1,־,3.1e-05,14182,25598,31583,▁/******/,0.044292,4913,24988,31147,־:0.0000;▁biologie:0.0000;◄:0.0000;▁kennis:0.0000;Ζ:0.0000,▁/******/:0.0443;chell:0.0024;̧:0.0020;wi:0.0020;勝:0.0018
<|reserved_special_token_0|>,reserved_special,12,2,1179,res,8833,|,layer_2,▁/******/,3.1e-05,13875,19672,14048,▁/******/,0.006011,12605,20131,15398,▁/******/:0.0000;pository:0.0000;̧:0.0000;џ:0.0000;stract:0.0000,▁/******/:0.0060;pository:0.0047;џ:0.0020;hren:0.0014;̧:0.0014
<|reserved_special_token_0|>,reserved_special,12,2,1179,res,8833,|,layer_4,▁/******/,3.2e-05,720,16291,23644,▁/******/,0.712875,493,15355,25241,▁/******/:0.0000;uld:0.0000;oki:0.0000;pository:0.0000;toire:0.0000,▁/******/:0.7129;uld:0.0008;chnitt:0.0008;pository:0.0007;џ:0.0006
<|reserved_special_token_0|>,reserved_special,12,2,1179,res,8833,|,layer_7,̧,3.2e-05,8952,2805,28077,▁/******/,0.172196,4701,849,28482,̧:0.0000;▁/******/:0.0000;џ:0.0000;Ζ:0.0000;̌:0.0000,▁/******/:0.1722;iah:0.0030;̧:0.0028;ialog:0.0024;nice:0.0016
<|reserved_special_token_0|>,reserved_special,12,2,1179,res,8833,|,layer_11,▁ná,3.3e-05,20772,13514,31255,▁/******/,0.010778,17884,5010,31493,▁ná:0.0000;Ď:0.0000;▁kennis:0.0000;områ:0.0000;Ť:0.0000,▁/******/:0.0108;gas:0.0036;▁ná:0.0030;TDM:0.0019;NM:0.0019
<|reserved_special_token_0|>,reserved_special,12,2,1179,res,8833,|,layer_14,Ď,3.4e-05,11693,3941,29894,rv,0.006138,6492,633,30440,Ď:0.0000;▁kennis:0.0000;▁ná:0.0000;Ť:0.0000;­:0.0000,rv:0.0061;Data:0.0034;▁ná:0.0025;data:0.0021;olution:0.0019
<|reserved_special_token_0|>,reserved_special,12,2,1179,res,8833,|,layer_18,områ,3.7e-05,18044,4355,24730,itr,0.005341,10279,360,21832,områ:0.0000;plaat:0.0000;Ī:0.0000;▁kennis:0.0000;Ď:0.0000,itr:0.0053;chnitt:0.0040;Data:0.0039;olution:0.0032;rt:0.0028
<|reserved_special_token_0|>,reserved_special,12,2,1179,res,8833,|,layer_21,idents,4e-05,5295,119,20404,idents,0.010591,2035,69,15798,idents:0.0000;ɵ:0.0000;gens:0.0000;mary:0.0000;pected:0.0000,idents:0.0106;map:0.0069;data:0.0059;Data:0.0044;pected:0.0038
<|reserved_special_token_0|>,reserved_special,12,2,1179,res,8833,|,layer_23,▁ná,4.2e-05,9895,809,670,map,0.007919,3383,297,114,▁ná:0.0000;Û:0.0000;너:0.0000;ई:0.0000;Ý:0.0000,map:0.0079;Data:0.0073;JSON:0.0069;data:0.0067;idents:0.0052
<|reserved_special_token_0|>,reserved_special,12,2,1179,res,8833,|,layer_25,▁ná,4.3e-05,11605,465,168,Data,0.007628,4773,238,29,▁ná:0.0000;너:0.0000;pons:0.0000;Ý:0.0000;║:0.0000,Data:0.0076;data:0.0068;▁|:0.0054;JSON:0.0051;idents:0.0037
<|reserved_special_token_0|>,reserved_special,12,2,1179,res,8833,|,layer_27,▁res,6.1e-05,700,179,2,▁res,0.323782,196,136,2,▁res:0.0001;|:0.0001;pons:0.0001;▁rés:0.0000;pawn:0.0000,▁res:0.3238;|:0.1238;pons:0.0111;▁|:0.0065;Data:0.0051
<|reserved_special_token_0|>,reserved_special,12,2,1179,res,8833,|,layer_28,▁res,7.2e-05,88,81,2,▁res,0.700248,37,71,2,▁res:0.0001;|:0.0001;pons:0.0001;▁rés:0.0001;pond:0.0000,▁res:0.7002;|:0.0369;pons:0.0071;▁rés:0.0035;Data:0.0034
<|reserved_special_token_0|>,reserved_special,12,2,1179,res,8833,|,layer_29,|,7.8e-05,56,48,1,|,0.503837,31,49,1,|:0.0001;▁res:0.0001;▁|:0.0001;pons:0.0001;|^:0.0001,|:0.5038;▁res:0.2241;▁|:0.0398;pons:0.0105;|^:0.0044
<|reserved_special_token_0|>,reserved_special,12,2,1179,res,8833,|,layer_31,|,0.00014,3691,12,1,|,0.938029,1969,14,1,|:0.0001;ervation:0.0001;ident:0.0001;pu:0.0001;erve:0.0001,|:0.9380;.:0.0032;ident:0.0030;[:0.0029;id:0.0025
<|reserved_special_token_0|>,reserved_special,12,2,1179,res,8833,|,layer_32,|,0.000211,1801,21,1,|,0.52472,1443,15,1,"|:0.0002;.:0.0002;,:0.0001;[:0.0001;<0x0A>:0.0001",|:0.5247;.:0.1631;[:0.0185;erv:0.0148;_:0.0143
<|reserved_special_token_0|>,reserved_special,12,2,1179,res,8833,|,final_logits,|,0.527883,1440,15,1,,,,,,|:0.5279;.:0.1610;[:0.0181;erv:0.0150;_:0.0141,
<|reserved_special_token_0|>,reserved_special,12,3,8833,erved,29498,|,emb,▁ju,3.1e-05,18098,1532,4495,▁ju,0.001098,19444,1177,4418,▁ju:0.0000;gom:0.0000;gas:0.0000;▁minor:0.0000;▁cred:0.0000,▁ju:0.0011;▁minor:0.0008;gom:0.0008;gas:0.0008;▁cred:0.0007
<|reserved_special_token_0|>,reserved_special,12,3,8833,erved,29498,|,layer_1,▁kennis,3.1e-05,31314,11052,26290,orum,0.002007,31838,1294,21689,▁kennis:0.0000;▁biologie:0.0000;▁dévelop:0.0000;▁giornata:0.0000;ниш:0.0000,orum:0.0020;ât:0.0011;itat:0.0011;Conne:0.0009;gles:0.0009
<|reserved_special_token_0|>,reserved_special,12,3,8833,erved,29498,|,layer_2,▁Reserve,3.1e-05,20238,1437,5727,▁reserve,0.003425,22897,1061,6915,▁Reserve:0.0000;▁reserve:0.0000;HECK:0.0000;민:0.0000;▁reserved:0.0000,▁reserve:0.0034;▁Reserve:0.0031;▁reserved:0.0025;민:0.0019;▁objects:0.0016
<|reserved_special_token_0|>,reserved_special,12,3,8833,erved,29498,|,layer_4,▁/******/,3.1e-05,11889,3839,13879,▁reserved,0.006717,11800,2409,12320,▁/******/:0.0000;▁reserved:0.0000;▁Reserve:0.0000;▁Reserved:0.0000;▁reserve:0.0000,▁reserved:0.0067;▁/******/:0.0052;▁Reserve:0.0051;▁reserve:0.0047;▁Reserved:0.0043
<|reserved_special_token_0|>,reserved_special,12,3,8833,erved,29498,|,layer_7,▁reserved,3.2e-05,1202,650,13977,▁reserved,0.028288,1053,215,13750,▁reserved:0.0000;▁Reserved:0.0000;▁reserve:0.0000;▁Reserve:0.0000;ój:0.0000,▁reserved:0.0283;▁Reserved:0.0135;▁reserve:0.0109;▁reserves:0.0049;▁Reserve:0.0049
<|reserved_special_token_0|>,reserved_special,12,3,8833,erved,29498,|,layer_11,▁kennis,3.3e-05,9697,26,13152,▁reserved,0.007351,5045,3,11338,▁kennis:0.0000;dern:0.0000;ศ:0.0000;Ṭ:0.0000;▁invån:0.0000,▁reserved:0.0074;dern:0.0066;_:0.0055;▁Reserved:0.0029;future:0.0025
<|reserved_special_token_0|>,reserved_special,12,3,8833,erved,29498,|,layer_14,▁kennis,3.5e-05,974,40,22444,▁reserved,0.011676,212,3,22729,▁kennis:0.0000;▁biologie:0.0000;▁[…]:0.0000;úblic:0.0000;iveau:0.0000,▁reserved:0.0117;▁Reserved:0.0089;_:0.0081;GroupName:0.0023;▁unused:0.0015
<|reserved_special_token_0|>,reserved_special,12,3,8833,erved,29498,|,layer_18,▁reserved,3.6e-05,1258,9,15426,▁reserved,0.070468,246,2,10047,▁reserved:0.0000;▁kennis:0.0000;▁Reserved:0.0000;▁biologie:0.0000;iveau:0.0000,▁reserved:0.0705;_:0.0417;▁Reserved:0.0370;▁unused:0.0056;▁reserv:0.0030
<|reserved_special_token_0|>,reserved_special,12,3,8833,erved,29498,|,layer_21,▁Reserved,4.3e-05,462,4,7374,▁reserved,0.126303,164,3,3520,▁Reserved:0.0000;▁reserved:0.0000;▁reserv:0.0000;_:0.0000;▁seats:0.0000,▁reserved:0.1263;▁Reserved:0.0742;_:0.0499;▁reserv:0.0099;▁seats:0.0088
<|reserved_special_token_0|>,reserved_special,12,3,8833,erved,29498,|,layer_23,▁Reserved,5.5e-05,1052,33,85,▁reserved,0.493216,178,7,10,▁Reserved:0.0001;▁reserved:0.0001;▁reserv:0.0000;▁reserve:0.0000;▁Reserve:0.0000,▁reserved:0.4932;▁Reserved:0.2870;▁reserve:0.0314;▁reserv:0.0272;▁Reserve:0.0115
<|reserved_special_token_0|>,reserved_special,12,3,8833,erved,29498,|,layer_25,▁Reserved,5.8e-05,1949,24,104,▁reserved,0.468135,443,5,10,▁Reserved:0.0001;▁reserved:0.0001;▁reserv:0.0001;▁reserve:0.0000;▁Reserve:0.0000,▁reserved:0.4681;▁Reserved:0.2442;▁reserve:0.0299;▁reserv:0.0219;_:0.0185
<|reserved_special_token_0|>,reserved_special,12,3,8833,erved,29498,|,layer_27,|,6.6e-05,3354,5,1,|,0.648528,1440,4,1,|:0.0001;▁Reserved:0.0001;▁reserved:0.0001;▁|:0.0001;_:0.0001,|:0.6485;▁|:0.0616;▁reserved:0.0569;_:0.0528;▁Reserved:0.0221
<|reserved_special_token_0|>,reserved_special,12,3,8833,erved,29498,|,layer_28,|,6.6e-05,4681,3,1,|,0.552693,3173,2,1,|:0.0001;▁|:0.0001;_:0.0001;)|:0.0001;│:0.0000,|:0.5527;_:0.1334;▁|:0.0547;|\:0.0042;)|:0.0033
<|reserved_special_token_0|>,reserved_special,12,3,8833,erved,29498,|,layer_29,|,8.3e-05,3684,3,1,|,0.820279,4487,3,1,|:0.0001;▁|:0.0001;_:0.0001;)|:0.0001;|\:0.0001,|:0.8203;▁|:0.0599;_:0.0522;|\:0.0039;||:0.0022
<|reserved_special_token_0|>,reserved_special,12,3,8833,erved,29498,|,layer_31,|,0.000151,2353,2,1,|,0.936935,4275,2,1,|:0.0002;_:0.0001;▁words:0.0001;||:0.0001;▁|:0.0001,|:0.9369;_:0.0208;▁words:0.0057;▁|:0.0015;||:0.0014
<|reserved_special_token_0|>,reserved_special,12,3,8833,erved,29498,|,layer_32,|,0.00023,9698,3,1,|,0.330106,11845,2,1,|:0.0002;-:0.0002;_:0.0002;.:0.0002;▁:0.0002,|:0.3301;_:0.1678;-:0.0274;1:0.0244;.:0.0172
<|reserved_special_token_0|>,reserved_special,12,3,8833,erved,29498,|,final_logits,|,0.332908,11779,2,1,,,,,,|:0.3329;_:0.1674;-:0.0273;1:0.0241;.:0.0171,
<|reserved_special_token_0|>,reserved_special,12,4,29498,_,15676,name,emb,▁/******/,3.1e-05,32760,28243,7247,▁/******/,0.000996,32700,28031,8775,▁/******/:0.0000;selves:0.0000;ся:0.0000;iejsc:0.0000;ampions:0.0000,▁/******/:0.0010;selves:0.0004;ся:0.0004;▁desc:0.0003;ampions:0.0003
<|reserved_special_token_0|>,reserved_special,12,4,29498,_,15676,name,layer_1,▁Giov,3.7e-05,32424,30383,26867,efore,0.006556,32557,30600,28089,▁Giov:0.0000;ieux:0.0000;ota:0.0000;efore:0.0000;yll:0.0000,efore:0.0066;▁Giov:0.0060;ieux:0.0053;ota:0.0046;ژ:0.0035
<|reserved_special_token_0|>,reserved_special,12,4,29498,_,15676,name,layer_2,▁kennis,0.81312,32618,10668,27355,▁kennis,0.000564,29198,9081,21457,▁kennis:0.8131;▁Fuß:0.0664;▁biologie:0.0474;▁bekan:0.0309;plaat:0.0115,▁kennis:0.0006;▁biologie:0.0005;▁bekan:0.0004;▁dévelop:0.0003;▁besk:0.0003
<|reserved_special_token_0|>,reserved_special,12,4,29498,_,15676,name,layer_4,▁kennis,0.813937,32618,10659,27359,▁kennis,0.000563,29081,8962,21403,▁kennis:0.8139;▁Fuß:0.0661;▁biologie:0.0468;▁bekan:0.0310;plaat:0.0115,▁kennis:0.0006;▁biologie:0.0005;▁bekan:0.0004;▁dévelop:0.0003;▁besk:0.0003
<|reserved_special_token_0|>,reserved_special,12,4,29498,_,15676,name,layer_7,▁kennis,0.813737,32618,10643,27342,▁kennis,0.000564,28920,8851,21201,▁kennis:0.8137;▁Fuß:0.0665;▁biologie:0.0466;▁bekan:0.0310;plaat:0.0115,▁kennis:0.0006;▁biologie:0.0005;▁bekan:0.0004;▁dévelop:0.0003;▁besk:0.0003
<|reserved_special_token_0|>,reserved_special,12,4,29498,_,15676,name,layer_11,▁kennis,0.809963,32617,10640,27342,▁kennis,0.000553,28827,8812,21197,▁kennis:0.8100;▁Fuß:0.0680;▁biologie:0.0479;▁bekan:0.0313;plaat:0.0117,▁kennis:0.0006;▁biologie:0.0005;▁bekan:0.0004;▁dévelop:0.0003;▁besk:0.0003
<|reserved_special_token_0|>,reserved_special,12,4,29498,_,15676,name,layer_14,▁kennis,0.810546,32617,10642,27320,▁kennis,0.000557,28771,8849,20977,▁kennis:0.8105;▁Fuß:0.0676;▁biologie:0.0481;▁bekan:0.0310;plaat:0.0117,▁kennis:0.0006;▁biologie:0.0005;▁bekan:0.0004;▁dévelop:0.0003;▁besk:0.0003
<|reserved_special_token_0|>,reserved_special,12,4,29498,_,15676,name,layer_18,▁kennis,0.81058,32615,10613,27329,▁kennis,0.000559,28523,8701,21025,▁kennis:0.8106;▁Fuß:0.0679;▁biologie:0.0480;▁bekan:0.0310;plaat:0.0118,▁kennis:0.0006;▁biologie:0.0005;▁bekan:0.0004;▁dévelop:0.0003;▁besk:0.0003
<|reserved_special_token_0|>,reserved_special,12,4,29498,_,15676,name,layer_21,▁kennis,0.824935,32617,10647,27372,▁kennis,0.000584,28894,8906,21770,▁kennis:0.8249;▁Fuß:0.0625;▁biologie:0.0465;▁bekan:0.0281;plaat:0.0110,▁kennis:0.0006;▁biologie:0.0005;▁bekan:0.0003;▁dévelop:0.0003;▁besk:0.0003
<|reserved_special_token_0|>,reserved_special,12,4,29498,_,15676,name,layer_23,▁kennis,0.824945,32616,10657,27357,▁kennis,0.000586,28847,8935,21589,▁kennis:0.8249;▁Fuß:0.0625;▁biologie:0.0464;▁bekan:0.0283;plaat:0.0110,▁kennis:0.0006;▁biologie:0.0005;▁bekan:0.0003;▁dévelop:0.0003;▁besk:0.0003
<|reserved_special_token_0|>,reserved_special,12,4,29498,_,15676,name,layer_25,▁kennis,0.824822,32615,10661,27344,▁kennis,0.000582,28685,8989,21494,▁kennis:0.8248;▁Fuß:0.0630;▁biologie:0.0458;▁bekan:0.0285;plaat:0.0110,▁kennis:0.0006;▁biologie:0.0005;▁bekan:0.0003;▁dévelop:0.0003;▁besk:0.0003
<|reserved_special_token_0|>,reserved_special,12,4,29498,_,15676,name,layer_27,▁kennis,0.824763,32616,10616,27329,▁kennis,0.000581,28749,8677,21211,▁kennis:0.8248;▁Fuß:0.0633;▁biologie:0.0457;▁bekan:0.0282;plaat:0.0112,▁kennis:0.0006;▁biologie:0.0005;▁bekan:0.0003;▁dévelop:0.0003;▁besk:0.0003
<|reserved_special_token_0|>,reserved_special,12,4,29498,_,15676,name,layer_28,▁kennis,0.824351,32623,10597,27276,▁kennis,0.000579,29548,8428,20648,▁kennis:0.8244;▁Fuß:0.0633;▁biologie:0.0463;▁bekan:0.0283;plaat:0.0110,▁kennis:0.0006;▁biologie:0.0005;▁bekan:0.0003;▁besk:0.0003;▁dévelop:0.0003
<|reserved_special_token_0|>,reserved_special,12,4,29498,_,15676,name,layer_29,▁kennis,0.821867,32618,10551,27217,▁kennis,0.000576,28586,8063,20014,▁kennis:0.8219;▁Fuß:0.0638;▁biologie:0.0463;▁bekan:0.0292;plaat:0.0112,▁kennis:0.0006;▁biologie:0.0005;▁bekan:0.0003;▁dévelop:0.0003;▁besk:0.0003
<|reserved_special_token_0|>,reserved_special,12,4,29498,_,15676,name,layer_31,▁kennis,0.33452,32710,10674,25462,▁bekan,0.000729,32725,8670,9482,▁kennis:0.3345;▁Fuß:0.1282;▁bekan:0.0849;▁biologie:0.0523;plaat:0.0461,▁bekan:0.0007;▁Fuß:0.0005;områ:0.0005;ٹ:0.0004;▁kennis:0.0004
<|reserved_special_token_0|>,reserved_special,12,4,29498,_,15676,name,layer_32,words,6.3e-05,123,2434,3,name,0.030136,261,883,1,words:0.0001;1:0.0001;name:0.0001;2:0.0001;id:0.0001,name:0.0301;data:0.0195;id:0.0173;1:0.0152;value:0.0121
<|reserved_special_token_0|>,reserved_special,12,4,29498,_,15676,name,final_logits,name,0.029416,255,872,1,,,,,,name:0.0294;data:0.0196;id:0.0173;1:0.0153;value:0.0123,
<|reserved_special_token_0|>,reserved_special,12,5,15676,special,29498,_,emb,ida,3.1e-05,12,8285,8285,▁ged,0.001063,9,9754,9754,ida:0.0000;▁ged:0.0000;der:0.0000;mente:0.0000;▁gates:0.0000,▁ged:0.0011;ida:0.0008;der:0.0008;erst:0.0007;▁gates:0.0006
<|reserved_special_token_0|>,reserved_special,12,5,15676,special,29498,_,layer_1,▁retval,3.1e-05,77,15991,15991,▁retval,0.004798,24,10167,10167,▁retval:0.0000;▸:0.0000;ľ:0.0000;▁gepubliceerd:0.0000;◄:0.0000,▁retval:0.0048;mente:0.0022;izes:0.0021;izo:0.0018;▁gepubliceerd:0.0016
<|reserved_special_token_0|>,reserved_special,12,5,15676,special,29498,_,layer_2,izes,3.1e-05,86,4061,4061,izes,0.006978,42,2489,2489,izes:0.0000;erst:0.0000;ists:0.0000;ised:0.0000;ties:0.0000,izes:0.0070;erst:0.0029;ists:0.0026;ises:0.0023;ised:0.0022
<|reserved_special_token_0|>,reserved_special,12,5,15676,special,29498,_,layer_4,erst,3.1e-05,8,9069,9069,erst,0.00928,5,6345,6345,erst:0.0000;rake:0.0000;ised:0.0000;ties:0.0000;▁special:0.0000,erst:0.0093;▁special:0.0032;reverse:0.0026;rake:0.0023;special:0.0022
<|reserved_special_token_0|>,reserved_special,12,5,15676,special,29498,_,layer_7,ẓ,3.2e-05,4439,4410,4410,ised,0.004924,2017,585,585,ẓ:0.0000;erst:0.0000;ٰ:0.0000;ṯ:0.0000;úblic:0.0000,ised:0.0049;erst:0.0048;izing:0.0031;▁Reserved:0.0030;ize:0.0028
<|reserved_special_token_0|>,reserved_special,12,5,15676,special,29498,_,layer_11,ẓ,3.2e-05,7704,35,35,_,0.006392,4679,1,1,ẓ:0.0000;捷:0.0000;Ý:0.0000;ṯ:0.0000;향:0.0000,_:0.0064;ниче:0.0030;▁names:0.0026;▁symbols:0.0023;▁Name:0.0020
<|reserved_special_token_0|>,reserved_special,12,5,15676,special,29498,_,layer_14,­,3.3e-05,8132,102,102,_,0.003698,4634,1,1,­:0.0000;Ť:0.0000;̆:0.0000;▁dici:0.0000;ľ:0.0000,_:0.0037;AW:0.0026;ife:0.0025;UC:0.0023;ниче:0.0020
<|reserved_special_token_0|>,reserved_special,12,5,15676,special,29498,_,layer_18,Ť,3.6e-05,1175,46,46,_,0.049698,209,1,1,Ť:0.0000;▁kennis:0.0000;netdev:0.0000;мпи:0.0000;̆:0.0000,_:0.0497;▁reserved:0.0151;ised:0.0083;™:0.0033;rv:0.0026
<|reserved_special_token_0|>,reserved_special,12,5,15676,special,29498,_,layer_21,ty,4.5e-05,200,7,7,ty,0.496553,45,3,3,ty:0.0000;ties:0.0000;ised:0.0000;netdev:0.0000;Ť:0.0000,ty:0.4966;ties:0.0754;_:0.0443;ised:0.0392;▁reserved:0.0120
<|reserved_special_token_0|>,reserved_special,12,5,15676,special,29498,_,layer_23,ty,4.7e-05,73,120,120,ty,0.338082,20,5,5,ty:0.0000;ties:0.0000;ised:0.0000;Ť:0.0000;izations:0.0000,ty:0.3381;ised:0.1535;ties:0.0937;izations:0.0475;_:0.0166
<|reserved_special_token_0|>,reserved_special,12,5,15676,special,29498,_,layer_25,Ť,4.8e-05,290,146,146,▁characters,0.149597,29,4,4,Ť:0.0000;ties:0.0000;netdev:0.0000;ty:0.0000;▁characters:0.0000,▁characters:0.1496;ty:0.1293;ties:0.0867;_:0.0419;chars:0.0374
<|reserved_special_token_0|>,reserved_special,12,5,15676,special,29498,_,layer_27,▁characters,6.1e-05,1624,17,17,▁characters,0.774456,251,3,3,▁characters:0.0001;chars:0.0001;▁caract:0.0001;ties:0.0000;▁caracter:0.0000,▁characters:0.7745;chars:0.0493;_:0.0359;izations:0.0104;ty:0.0102
<|reserved_special_token_0|>,reserved_special,12,5,15676,special,29498,_,layer_28,▁characters,6.3e-05,1009,8,8,▁characters,0.668017,192,2,2,▁characters:0.0001;chars:0.0001;ties:0.0001;ty:0.0001;▁caract:0.0001,▁characters:0.6680;_:0.0999;chars:0.0336;ties:0.0229;ty:0.0160
<|reserved_special_token_0|>,reserved_special,12,5,15676,special,29498,_,layer_29,▁characters,6.7e-05,1455,3,3,▁characters,0.410573,658,2,2,▁characters:0.0001;chars:0.0001;_:0.0001;ties:0.0001;|:0.0001,▁characters:0.4106;_:0.3129;chars:0.0546;|:0.0209;▁|:0.0139
<|reserved_special_token_0|>,reserved_special,12,5,15676,special,29498,_,layer_31,|,9.9e-05,8222,2,2,|,0.566969,5566,2,2,|:0.0001;_:0.0001;▁characters:0.0001;chars:0.0001;ty:0.0001,|:0.5670;_:0.2333;▁characters:0.0475;chars:0.0157;ization:0.0124
<|reserved_special_token_0|>,reserved_special,12,5,15676,special,29498,_,layer_32,_,0.000161,4975,1,1,_,0.684146,2866,1,1,_:0.0002;|:0.0001;-:0.0001;.:0.0001;▁ch:0.0001,_:0.6841;|:0.1240;-:0.0224;.:0.0144;chars:0.0060
<|reserved_special_token_0|>,reserved_special,12,5,15676,special,29498,_,final_logits,_,0.683048,2866,1,1,,,,,,_:0.6830;|:0.1264;-:0.0220;.:0.0142;chars:0.0059,
<|reserved_special_token_0|>,reserved_special,12,6,29498,_,6031,char,emb,▁/******/,3.1e-05,32760,9697,4964,▁/******/,0.000996,32700,9917,3881,▁/******/:0.0000;selves:0.0000;ся:0.0000;iejsc:0.0000;ampions:0.0000,▁/******/:0.0010;selves:0.0004;ся:0.0004;▁desc:0.0003;ampions:0.0003
<|reserved_special_token_0|>,reserved_special,12,6,29498,_,6031,char,layer_1,ľ,3.1e-05,31933,23597,13464,▁/******/,0.013127,27784,23677,8608,ľ:0.0000;▁dévelop:0.0000;־:0.0000;selves:0.0000;▁/******/:0.0000,▁/******/:0.0131;ggi:0.0014;éta:0.0013;▁smart:0.0008;zione:0.0007
<|reserved_special_token_0|>,reserved_special,12,6,29498,_,6031,char,layer_2,selves,3.1e-05,30985,21698,3689,▁/******/,0.003067,20758,23653,1516,selves:0.0000;éta:0.0000;Â:0.0000;тура:0.0000;úblic:0.0000,▁/******/:0.0031;▁accommod:0.0012;▁routine:0.0012;selves:0.0011;тура:0.0011
<|reserved_special_token_0|>,reserved_special,12,6,29498,_,6031,char,layer_4,▁special,3.1e-05,17054,18426,1604,▁special,0.026172,9353,22349,875,▁special:0.0000;ord:0.0000;edy:0.0000;▁specialized:0.0000;▁privilege:0.0000,▁special:0.0262;edy:0.0049;▁Special:0.0037;Ord:0.0035;▁privilege:0.0033
<|reserved_special_token_0|>,reserved_special,12,6,29498,_,6031,char,layer_7,­,3.1e-05,3937,14436,8669,▁reserved,0.003077,719,17492,4724,­:0.0000;egin:0.0000;úblic:0.0000;ève:0.0000;INCLUDING:0.0000,▁reserved:0.0031;edy:0.0030;▁special:0.0026;egin:0.0024;ève:0.0023
<|reserved_special_token_0|>,reserved_special,12,6,29498,_,6031,char,layer_11,­,3.3e-05,599,4500,24514,iron,0.002624,37,6010,19603,­:0.0000;роди:0.0000;éta:0.0000;úblic:0.0000;iron:0.0000,iron:0.0026;<0x85>:0.0024;éta:0.0019;ниче:0.0019;ram:0.0016
<|reserved_special_token_0|>,reserved_special,12,6,29498,_,6031,char,layer_14,úblic,3.3e-05,8341,11389,15980,úblic,0.008143,587,13307,9560,úblic:0.0000;­:0.0000;¶:0.0000;Ľ:0.0000;▁invån:0.0000,úblic:0.0081;▁fortune:0.0021;::_:0.0021;idy:0.0020;Ľ:0.0015
<|reserved_special_token_0|>,reserved_special,12,6,29498,_,6031,char,layer_18,­,3.5e-05,12650,2014,1202,▁reserved,0.03664,761,1756,169,­:0.0000;▁reserved:0.0000;▁invån:0.0000;▁characters:0.0000;▁special:0.0000,▁reserved:0.0366;▁characters:0.0097;▁special:0.0065;▁Reserved:0.0046;▁symbols:0.0030
<|reserved_special_token_0|>,reserved_special,12,6,29498,_,6031,char,layer_21,ty,4.1e-05,24095,386,49,ty,0.078863,3716,168,10,ty:0.0000;ties:0.0000;▁reserved:0.0000;▁characters:0.0000;▁special:0.0000,ty:0.0789;▁reserved:0.0569;ties:0.0304;▁characters:0.0246;▁special:0.0135
<|reserved_special_token_0|>,reserved_special,12,6,29498,_,6031,char,layer_23,↔,4.5e-05,29840,433,265,▁characters,0.067429,5536,49,13,↔:0.0000;special:0.0000;ษ:0.0000;ties:0.0000;⇔:0.0000,▁characters:0.0674;special:0.0656;ty:0.0537;▁special:0.0501;ties:0.0343
<|reserved_special_token_0|>,reserved_special,12,6,29498,_,6031,char,layer_25,▁characters,5.3e-05,31015,680,69,▁characters,0.641947,4940,50,4,▁characters:0.0001;ٰ:0.0000;Ṭ:0.0000;ษ:0.0000;▁biologie:0.0000,▁characters:0.6419;chars:0.0182;▁symbols:0.0171;char:0.0113;symbol:0.0076
<|reserved_special_token_0|>,reserved_special,12,6,29498,_,6031,char,layer_27,▁characters,7.1e-05,31171,232,12,▁characters,0.964602,5359,37,5,▁characters:0.0001;▁character:0.0001;▁caract:0.0001;chars:0.0001;▁caracter:0.0001,▁characters:0.9646;▁character:0.0087;chars:0.0045;character:0.0033;char:0.0019
<|reserved_special_token_0|>,reserved_special,12,6,29498,_,6031,char,layer_28,▁characters,7.6e-05,29585,119,8,▁characters,0.957273,2738,33,5,▁characters:0.0001;▁character:0.0001;▁caract:0.0001;chars:0.0001;▁caracter:0.0001,▁characters:0.9573;▁character:0.0090;character:0.0047;chars:0.0045;char:0.0029
<|reserved_special_token_0|>,reserved_special,12,6,29498,_,6031,char,layer_29,▁characters,7e-05,25839,47,4,▁characters,0.669211,1951,37,2,▁characters:0.0001;chars:0.0001;▁character:0.0001;char:0.0001;▁symbols:0.0001,▁characters:0.6692;char:0.0352;chars:0.0333;▁character:0.0161;character:0.0137
<|reserved_special_token_0|>,reserved_special,12,6,29498,_,6031,char,layer_31,▁characters,0.000105,24710,29,2,char,0.331665,4518,20,1,▁characters:0.0001;char:0.0001;chars:0.0001;▁char:0.0001;tokens:0.0001,char:0.3317;▁characters:0.1559;chars:0.1238;tokens:0.0557;symbol:0.0308
<|reserved_special_token_0|>,reserved_special,12,6,29498,_,6031,char,layer_32,char,0.000195,3824,26,1,char,0.189004,2781,20,1,char:0.0002;chars:0.0002;words:0.0002;character:0.0002;symbol:0.0002,char:0.1890;chars:0.1528;symbol:0.0523;tokens:0.0323;character:0.0304
<|reserved_special_token_0|>,reserved_special,12,6,29498,_,6031,char,final_logits,char,0.191038,2780,20,1,,,,,,char:0.1910;chars:0.1488;symbol:0.0514;tokens:0.0332;character:0.0312,
<|reserved_special_token_0|>,reserved_special,12,7,6031,token,29498,_,emb,ipper,3.1e-05,11075,31590,31590,ipper,0.001251,11023,32090,32090,ipper:0.0000;ammen:0.0000;hba:0.0000;▁gepubliceerd:0.0000;eken:0.0000,ipper:0.0013;ammen:0.0011;hba:0.0010;▁gepubliceerd:0.0007;▁kennis:0.0007
<|reserved_special_token_0|>,reserved_special,12,7,6031,token,29498,_,layer_1,▁kennis,3.1e-05,19441,31810,31810,▁kennis,0.002521,16900,31196,31196,▁kennis:0.0000;▸:0.0000;▁gepubliceerd:0.0000;▁biologie:0.0000;▁artikel:0.0000,▁kennis:0.0025;▁gepubliceerd:0.0019;unächst:0.0015;<0xD3>:0.0011;▁htt:0.0011
<|reserved_special_token_0|>,reserved_special,12,7,6031,token,29498,_,layer_2,elen,3.1e-05,8172,31370,31370,▁(%,0.00243,7680,30443,30443,elen:0.0000;arters:0.0000;aro:0.0000;HECK:0.0000;eton:0.0000,▁(%:0.0024;peon:0.0018;ggi:0.0017;arters:0.0016;elen:0.0015
<|reserved_special_token_0|>,reserved_special,12,7,6031,token,29498,_,layer_4,elen,3.1e-05,5962,19566,19566,elen,0.016308,5772,16116,16116,elen:0.0000;▁Que:0.0000;eton:0.0000;unfinished:0.0000;widet:0.0000,elen:0.0163;▁Que:0.0048;eton:0.0043;▁Special:0.0020;unfinished:0.0016
<|reserved_special_token_0|>,reserved_special,12,7,6031,token,29498,_,layer_7,▁kennis,3.2e-05,880,13787,13787,ampa,0.00292,765,6462,6462,▁kennis:0.0000;ampa:0.0000;NV:0.0000;ifer:0.0000;plaat:0.0000,ampa:0.0029;NV:0.0028;ifer:0.0023;▁Special:0.0018;VO:0.0017
<|reserved_special_token_0|>,reserved_special,12,7,6031,token,29498,_,layer_11,▁kennis,3.2e-05,2929,117,117,_,0.003773,2668,1,1,▁kennis:0.0000;▁biologie:0.0000;▁bekan:0.0000;▁uitgenodigd:0.0000;ampa:0.0000,_:0.0038;ampa:0.0036;VO:0.0029;ниче:0.0028;omi:0.0023
<|reserved_special_token_0|>,reserved_special,12,7,6031,token,29498,_,layer_14,▁kennis,3.4e-05,3065,545,545,ampa,0.003467,1906,3,3,▁kennis:0.0000;▁biologie:0.0000;▁bekan:0.0000;ľ:0.0000;͡:0.0000,ampa:0.0035;™:0.0026;_:0.0025;▁Вла:0.0022;Source:0.0019
<|reserved_special_token_0|>,reserved_special,12,7,6031,token,29498,_,layer_18,▁biologie,3.6e-05,3108,5,5,_,0.069919,2084,1,1,▁biologie:0.0000;▁kennis:0.0000;▁bekan:0.0000;▁fün:0.0000;_:0.0000,_:0.0699;list:0.0042;™:0.0030;<0xB2>:0.0027;ční:0.0026
<|reserved_special_token_0|>,reserved_special,12,7,6031,token,29498,_,layer_21,▁biologie,4.2e-05,846,21,21,_,0.09387,124,1,1,▁biologie:0.0000;▁kennis:0.0000;▁bekan:0.0000;plaatst:0.0000;▁fün:0.0000,_:0.0939;▁list:0.0130;list:0.0115;(:0.0039;▁Token:0.0036
<|reserved_special_token_0|>,reserved_special,12,7,6031,token,29498,_,layer_23,▁bekan,4.7e-05,853,51,51,_,0.109064,74,1,1,▁bekan:0.0000;▁biologie:0.0000;plaatst:0.0000;▁kennis:0.0000;▁Fuß:0.0000,_:0.1091;|:0.0248;▁|:0.0183;list:0.0154;▁list:0.0144
<|reserved_special_token_0|>,reserved_special,12,7,6031,token,29498,_,layer_25,▁biologie,5.1e-05,1011,31,31,_,0.255413,77,1,1,▁biologie:0.0001;▁bekan:0.0000;plaatst:0.0000;▁kennis:0.0000;▁Fuß:0.0000,_:0.2554;▁|:0.0123;|:0.0107;▁list:0.0080;list:0.0078
<|reserved_special_token_0|>,reserved_special,12,7,6031,token,29498,_,layer_27,|,5.4e-05,664,2,2,_,0.709102,101,1,1,|:0.0001;_:0.0001;▁bekan:0.0001;▁biologie:0.0000;plaatst:0.0000,_:0.7091;|:0.1569;▁|:0.0094;(:0.0066;():0.0022
<|reserved_special_token_0|>,reserved_special,12,7,6031,token,29498,_,layer_28,_,5.8e-05,542,1,1,_,0.872344,124,1,1,_:0.0001;|:0.0001;▁bekan:0.0000;▁Fuß:0.0000;шти:0.0000,_:0.8723;|:0.0564;▁|:0.0055;(:0.0040;():0.0011
<|reserved_special_token_0|>,reserved_special,12,7,6031,token,29498,_,layer_29,|,7.2e-05,775,2,2,_,0.770392,423,1,1,|:0.0001;_:0.0001;▁|:0.0001;||:0.0001;|\:0.0001,_:0.7704;|:0.1879;▁|:0.0260;(:0.0017;||:0.0006
<|reserved_special_token_0|>,reserved_special,12,7,6031,token,29498,_,layer_31,|,0.000126,664,2,2,|,0.67209,464,2,2,|:0.0001;_:0.0001;(:0.0001;||:0.0001;|\:0.0001,|:0.6721;_:0.3130;(:0.0026;||:0.0007;▁|:0.0006
<|reserved_special_token_0|>,reserved_special,12,7,6031,token,29498,_,layer_32,|,0.000176,4146,2,2,_,0.42266,2479,1,1,|:0.0002;_:0.0002;.:0.0001;(:0.0001;<0x0A>:0.0001,_:0.4227;|:0.3339;(:0.0451;.:0.0196;>:0.0137
<|reserved_special_token_0|>,reserved_special,12,7,6031,token,29498,_,final_logits,_,0.424613,2479,1,1,,,,,,_:0.4246;|:0.3307;(:0.0448;.:0.0199;>:0.0136,
<|reserved_special_token_0|>,reserved_special,12,8,29498,_,29502,names,emb,▁/******/,3.1e-05,32760,5510,15519,▁/******/,0.000996,32700,6405,17173,▁/******/:0.0000;selves:0.0000;ся:0.0000;iejsc:0.0000;ampions:0.0000,▁/******/:0.0010;selves:0.0004;ся:0.0004;▁desc:0.0003;ampions:0.0003
<|reserved_special_token_0|>,reserved_special,12,8,29498,_,29502,names,layer_1,־,3.1e-05,31865,28169,24250,▁/******/,0.00431,24793,22958,20983,־:0.0000;▁dévelop:0.0000;selves:0.0000;▁bewerken:0.0000;▸:0.0000,▁/******/:0.0043;enu:0.0009;éta:0.0007;▁greeted:0.0007;▁administer:0.0006
<|reserved_special_token_0|>,reserved_special,12,8,29498,_,29502,names,layer_2,selves,3.1e-05,29687,26160,23218,▁/******/,0.006413,14325,21957,22320,selves:0.0000;aats:0.0000;TDM:0.0000;ẩ:0.0000;▁bewerken:0.0000,▁/******/:0.0064;esi:0.0017;▁spraw:0.0013;ggi:0.0009;aats:0.0009
<|reserved_special_token_0|>,reserved_special,12,8,29498,_,29502,names,layer_4,־,3.1e-05,29155,24859,18626,rate,0.001527,11194,17229,16585,־:0.0000;úblic:0.0000;ョ:0.0000;TDM:0.0000;ٰ:0.0000,rate:0.0015;hd:0.0012;edy:0.0011;ョ:0.0011;arter:0.0011
<|reserved_special_token_0|>,reserved_special,12,8,29498,_,29502,names,layer_7,úblic,3.1e-05,20317,28040,3044,RG,0.001569,3298,21078,921,úblic:0.0000;INCLUDING:0.0000;▁Ú:0.0000;ٰ:0.0000;iveau:0.0000,RG:0.0016;INCLUDING:0.0014;ef:0.0014;NV:0.0013;WITH:0.0012
<|reserved_special_token_0|>,reserved_special,12,8,29498,_,29502,names,layer_11,éta,3.2e-05,2176,6369,3937,éta,0.004104,201,3807,1693,éta:0.0000;­:0.0000;dern:0.0000;роди:0.0000;¶:0.0000,éta:0.0041;ków:0.0019;dern:0.0019;getNode:0.0017;ční:0.0017
<|reserved_special_token_0|>,reserved_special,12,8,29498,_,29502,names,layer_14,úblic,3.3e-05,6837,7674,2139,úblic,0.005456,383,2375,600,úblic:0.0000;¶:0.0000;xspace:0.0000;­:0.0000;dern:0.0000,úblic:0.0055;xspace:0.0041;рю:0.0029;getNode:0.0025;::_:0.0025
<|reserved_special_token_0|>,reserved_special,12,8,29498,_,29502,names,layer_18,úblic,3.5e-05,18365,4439,1440,list,0.03281,1201,354,177,úblic:0.0000;▁др:0.0000;▁Fuß:0.0000;list:0.0000;▁Egy:0.0000,list:0.0328;▁list:0.0152;::_:0.0034;List:0.0024;▁value:0.0023
<|reserved_special_token_0|>,reserved_special,12,8,29498,_,29502,names,layer_21,▁biologie,4.2e-05,27355,4831,648,▁tokens,0.020539,2466,144,41,▁biologie:0.0000;▁bekan:0.0000;▁Fuß:0.0000;plaatst:0.0000;úblic:0.0000,▁tokens:0.0205;▁token:0.0185;▁Token:0.0104;▁list:0.0081;▁Tok:0.0071
<|reserved_special_token_0|>,reserved_special,12,8,29498,_,29502,names,layer_23,▁bekan,4.8e-05,25481,9015,194,▁tokens,0.064028,968,260,12,▁bekan:0.0000;▁biologie:0.0000;▁Fuß:0.0000;↔:0.0000;⇔:0.0000,▁tokens:0.0640;▁token:0.0462;▁list:0.0210;▁name:0.0187;list:0.0181
<|reserved_special_token_0|>,reserved_special,12,8,29498,_,29502,names,layer_25,▁biologie,5.2e-05,27264,8764,213,▁tokens,0.066905,869,158,11,▁biologie:0.0001;▁bekan:0.0001;▁Fuß:0.0001;ٰ:0.0001;▁Namen:0.0000,▁tokens:0.0669;▁token:0.0463;▁names:0.0213;token:0.0207;▁list:0.0172
<|reserved_special_token_0|>,reserved_special,12,8,29498,_,29502,names,layer_27,▁biologie,5.4e-05,23363,6946,118,▁list,0.028878,517,151,11,▁biologie:0.0001;▁bekan:0.0001;▁Fuß:0.0001;ٰ:0.0001;▁Mär:0.0001,▁list:0.0289;list:0.0236;map:0.0197;▁names:0.0191;▁characters:0.0175
<|reserved_special_token_0|>,reserved_special,12,8,29498,_,29502,names,layer_28,▁biologie,5e-05,18739,4128,64,▁list,0.038053,365,102,12,▁biologie:0.0001;▁Fuß:0.0001;▁bekan:0.0000;plaat:0.0000;▁Mär:0.0000,▁list:0.0381;list:0.0306;▁names:0.0273;map:0.0271;▁map:0.0206
<|reserved_special_token_0|>,reserved_special,12,8,29498,_,29502,names,layer_29,▁names,5.5e-05,8526,492,5,map,0.102781,230,46,7,▁names:0.0001;▁mapping:0.0001;▁map:0.0001;map:0.0001;names:0.0001,map:0.1028;▁names:0.0564;▁map:0.0430;list:0.0314;▁mapping:0.0228
<|reserved_special_token_0|>,reserved_special,12,8,29498,_,29502,names,layer_31,map,8e-05,4243,139,2,map,0.151784,717,52,3,map:0.0001;names:0.0001;▁names:0.0001;▁map:0.0001;▁|:0.0001,map:0.1518;list:0.0711;names:0.0704;to:0.0391;name:0.0339
<|reserved_special_token_0|>,reserved_special,12,8,29498,_,29502,names,layer_32,names,0.000141,1422,48,1,names,0.067924,1031,37,1,names:0.0001;map:0.0001;ids:0.0001;dict:0.0001;|:0.0001,names:0.0679;map:0.0602;list:0.0511;name:0.0360;type:0.0257
<|reserved_special_token_0|>,reserved_special,12,8,29498,_,29502,names,final_logits,names,0.066997,1031,37,1,,,,,,names:0.0670;map:0.0591;list:0.0522;name:0.0359;type:0.0262,
<|reserved_special_token_0|>,reserved_special,12,9,29502,0,29534,|,emb,plaat,3.1e-05,20914,12136,12136,▁/******/,0.000407,21989,9877,9877,plaat:0.0000;▁Mär:0.0000;мерикан:0.0000;werken:0.0000;refix:0.0000,▁/******/:0.0004;refix:0.0003;ativo:0.0003;▁Mär:0.0003;▁militar:0.0003
<|reserved_special_token_0|>,reserved_special,12,9,29502,0,29534,|,layer_1,plaat,3.1e-05,31290,27312,27312,▁/******/,0.008708,27633,22731,22731,plaat:0.0000;▁kennis:0.0000;plaatst:0.0000;ٰ:0.0000;▁Fuß:0.0000,▁/******/:0.0087;smith:0.0007;ori:0.0006;acci:0.0006;sWith:0.0005
<|reserved_special_token_0|>,reserved_special,12,9,29502,0,29534,|,layer_2,ẓ,3.1e-05,32094,23473,23473,▁/******/,0.018697,30694,18109,18109,ẓ:0.0000;ٰ:0.0000;plaat:0.0000;ṯ:0.0000;▁kennis:0.0000,"▁/******/:0.0187;ẓ:0.0022;▁–,:0.0016;물:0.0012;refix:0.0009"
<|reserved_special_token_0|>,reserved_special,12,9,29502,0,29534,|,layer_4,▁/******/,3.1e-05,28446,18976,18976,▁/******/,0.501786,23284,12477,12477,▁/******/:0.0000;ẓ:0.0000;іб:0.0000;ṯ:0.0000;puis:0.0000,▁/******/:0.5018;Cpp:0.0010;ichen:0.0009;ẓ:0.0008;▁Ji:0.0007
<|reserved_special_token_0|>,reserved_special,12,9,29502,0,29534,|,layer_7,ẓ,3.2e-05,16117,15909,15909,▁/******/,0.003869,6081,9614,9614,ẓ:0.0000;ٰ:0.0000;NV:0.0000;netdev:0.0000;atz:0.0000,▁/******/:0.0039;ẓ:0.0031;NV:0.0031;▁mark:0.0021;isti:0.0017
<|reserved_special_token_0|>,reserved_special,12,9,29502,0,29534,|,layer_11,іб,3.2e-05,2754,13539,13539,▁fired,0.0038,170,7500,7500,іб:0.0000;ḷ:0.0000;̈:0.0000;ẓ:0.0000;↔:0.0000,▁fired:0.0038;ční:0.0035;_:0.0034;ḷ:0.0023;LS:0.0020
<|reserved_special_token_0|>,reserved_special,12,9,29502,0,29534,|,layer_14,̈,3.4e-05,1535,25261,25261,_,0.00296,28,21397,21397,̈:0.0000;іб:0.0000;ḷ:0.0000;Ą:0.0000;plaat:0.0000,_:0.0030;::<:0.0026;ḷ:0.0022;вид:0.0020;̀:0.0020
<|reserved_special_token_0|>,reserved_special,12,9,29502,0,29534,|,layer_18,plaat,3.7e-05,726,19815,19815,_,0.030867,3,10995,10995,plaat:0.0000;▁Fuß:0.0000;Ą:0.0000;↔:0.0000;⇔:0.0000,_:0.0309;шка:0.0082;0:0.0055;xspace:0.0034;↔:0.0025
<|reserved_special_token_0|>,reserved_special,12,9,29502,0,29534,|,layer_21,Ą,3.9e-05,1692,9584,9584,_,0.091089,3,1287,1287,Ą:0.0000;▁Mär:0.0000;plaat:0.0000;Ī:0.0000;Ż:0.0000,_:0.0911;8:0.0030;0:0.0028;2:0.0027;xspace:0.0027
<|reserved_special_token_0|>,reserved_special,12,9,29502,0,29534,|,layer_23,plaat,4.5e-05,2175,206,206,_,0.106005,4,3,3,plaat:0.0000;Ą:0.0000;ٰ:0.0000;▁kennis:0.0000;Ż:0.0000,_:0.1060;▁|:0.0254;|:0.0107;0:0.0049;2:0.0029
<|reserved_special_token_0|>,reserved_special,12,9,29502,0,29534,|,layer_25,plaat,4.9e-05,3983,375,375,_,0.081119,4,3,3,plaat:0.0000;ٰ:0.0000;▁Fuß:0.0000;▁kennis:0.0000;ろ:0.0000,_:0.0811;▁|:0.0189;|:0.0117;0:0.0033;__:0.0021
<|reserved_special_token_0|>,reserved_special,12,9,29502,0,29534,|,layer_27,|,6e-05,499,1,1,|,0.912418,6,1,1,|:0.0001;▁|:0.0000;▁kennis:0.0000;▁Fuß:0.0000;▁bekan:0.0000,|:0.9124;▁|:0.0223;_:0.0129;|\:0.0029;)|:0.0013
<|reserved_special_token_0|>,reserved_special,12,9,29502,0,29534,|,layer_28,|,6e-05,79,1,1,|,0.783308,4,1,1,|:0.0001;▁|:0.0000;▁bekan:0.0000;▁Fuß:0.0000;Ż:0.0000,|:0.7833;_:0.0738;▁|:0.0233;0:0.0060;|\:0.0028
<|reserved_special_token_0|>,reserved_special,12,9,29502,0,29534,|,layer_29,|,7.5e-05,18,1,1,|,0.896955,6,1,1,|:0.0001;▁|:0.0001;x:0.0001;|\:0.0001;)|:0.0001,|:0.8970;x:0.0363;▁|:0.0258;_:0.0172;|\:0.0024
<|reserved_special_token_0|>,reserved_special,12,9,29502,0,29534,|,layer_31,|,0.000138,5,1,1,|,0.959467,4,1,1,|:0.0001;x:0.0001;_:0.0001;||:0.0001;0:0.0001,|:0.9595;x:0.0233;_:0.0077;0:0.0016;1:0.0007
<|reserved_special_token_0|>,reserved_special,12,9,29502,0,29534,|,layer_32,|,0.00017,6,1,1,|,0.359495,4,1,1,"|:0.0002;x:0.0001;,:0.0001;_:0.0001;<0x0A>:0.0001",|:0.3595;x:0.1147;_:0.1084;0:0.0724;1:0.0373
<|reserved_special_token_0|>,reserved_special,12,9,29502,0,29534,|,final_logits,|,0.355323,4,1,1,,,,,,|:0.3553;x:0.1154;_:0.1084;0:0.0745;1:0.0375,
<|reserved_special_token_0|>,reserved_special,12,10,29534,|,29535,>,emb,▁trigger,3.1e-05,29975,11606,11606,▁trigger,0.000738,29136,11145,11145,▁trigger:0.0000;itung:0.0000;▁af:0.0000;▁fuel:0.0000;Trigger:0.0000,▁trigger:0.0007;itung:0.0007;▁fuel:0.0006;▁af:0.0005;trigger:0.0004
<|reserved_special_token_0|>,reserved_special,12,10,29534,|,29535,>,layer_1,▁dévelop,3.1e-05,28679,7062,7062,aris,0.000997,25770,4936,4936,▁dévelop:0.0000;▁biologie:0.0000;➤:0.0000;▁décl:0.0000;hdd:0.0000,aris:0.0010;▁fil:0.0009;▁dro:0.0009;lessness:0.0008;▁familjen:0.0008
<|reserved_special_token_0|>,reserved_special,12,10,29534,|,29535,>,layer_2,chestr,3.1e-05,25327,1242,1242,ctl,0.001636,25796,1566,1566,chestr:0.0000;▁celle:0.0000;lif:0.0000;▁lifetime:0.0000;rias:0.0000,ctl:0.0016;lif:0.0014;▁celle:0.0014;▁lifetime:0.0013;chestr:0.0013
<|reserved_special_token_0|>,reserved_special,12,10,29534,|,29535,>,layer_4,▁/******/,3.1e-05,28768,10480,10480,▁/******/,0.100031,27584,11155,11155,▁/******/:0.0000;widet:0.0000;hd:0.0000;alla:0.0000;▁lifetime:0.0000,▁/******/:0.1000;widet:0.0024;▁lifetime:0.0015;hd:0.0014;▁^:0.0013
<|reserved_special_token_0|>,reserved_special,12,10,29534,|,29535,>,layer_7,№,3.1e-05,26557,3497,3497,№,0.004012,23941,3422,3422,№:0.0000;ť:0.0000;úblic:0.0000;мпи:0.0000;▁Насе:0.0000,№:0.0040;▁frozen:0.0023;finity:0.0018;English:0.0016;▁screw:0.0015
<|reserved_special_token_0|>,reserved_special,12,10,29534,|,29535,>,layer_11,Ź,3.3e-05,29549,8237,8237,▁/******/,0.009425,25707,5153,5153,Ź:0.0000;▁bewerken:0.0000;ٔ:0.0000;▁referenties:0.0000;TDM:0.0000,▁/******/:0.0094;xspace:0.0039;iß:0.0024;TDM:0.0024;шка:0.0023
<|reserved_special_token_0|>,reserved_special,12,10,29534,|,29535,>,layer_14,▁kennis,3.5e-05,31748,17196,17196,▁/******/,0.030291,29871,12176,12176,▁kennis:0.0000;▁biologie:0.0000;TDM:0.0000;ٹ:0.0000;▁Fuß:0.0000,▁/******/:0.0303;TDM:0.0087;xspace:0.0085;HER:0.0028;cref:0.0020
<|reserved_special_token_0|>,reserved_special,12,10,29534,|,29535,>,layer_18,◄,3.7e-05,32470,12641,12641,xspace,0.01379,31524,4415,4415,◄:0.0000;▁Fuß:0.0000;▁Насе:0.0000;Ż:0.0000;▁kennis:0.0000,xspace:0.0138;ов:0.0034;▁fün:0.0032;▁Насе:0.0025;▁shall:0.0023
<|reserved_special_token_0|>,reserved_special,12,10,29534,|,29535,>,layer_21,▁biologie,4.1e-05,32746,16263,16263,xspace,0.009861,32562,7384,7384,▁biologie:0.0000;∪:0.0000;ов:0.0000;▁Насе:0.0000;▁Marcatori:0.0000,xspace:0.0099;▁Arbitro:0.0041;zem:0.0032;ов:0.0029;LIC:0.0025
<|reserved_special_token_0|>,reserved_special,12,10,29534,|,29535,>,layer_23,▁biologie,4.5e-05,32577,9310,9310,xspace,0.007112,31147,824,824,▁biologie:0.0000;∪:0.0000;▁Украї:0.0000;ов:0.0000;▸:0.0000,xspace:0.0071;▁|:0.0033;zu:0.0024;ов:0.0022;hs:0.0020
<|reserved_special_token_0|>,reserved_special,12,10,29534,|,29535,>,layer_25,▁biologie,5.3e-05,32672,3367,3367,xspace,0.009134,31472,16,16,▁biologie:0.0001;▁kennis:0.0000;∪:0.0000;▁Мекси:0.0000;▁Украї:0.0000,xspace:0.0091;▁|:0.0035;->:0.0021;ов:0.0021;▁Krieg:0.0014
<|reserved_special_token_0|>,reserved_special,12,10,29534,|,29535,>,layer_27,▁biologie,5.1e-05,3960,213,213,▁|,0.017785,51,2,2,▁biologie:0.0001;▁kennis:0.0001;∪:0.0000;▸:0.0000;▁Мекси:0.0000,▁|:0.0178;>:0.0095;->:0.0071;<:0.0042;]:0.0042
<|reserved_special_token_0|>,reserved_special,12,10,29534,|,29535,>,layer_28,▸,5.1e-05,2175,8,8,>,0.08392,31,1,1,▸:0.0001;▁Мекси:0.0000;⇔:0.0000;▁biologie:0.0000;▁bekan:0.0000,">:0.0839;▁|:0.0244;->:0.0086;|\:0.0084;>,:0.0057"
<|reserved_special_token_0|>,reserved_special,12,10,29534,|,29535,>,layer_29,>,5.9e-05,133,1,1,>,0.461598,19,1,1,">:0.0001;▁|:0.0001;>,:0.0001;>;:0.0001;⟩:0.0001",">:0.4616;▁|:0.0640;|\:0.0195;>,:0.0185;▁>:0.0153"
<|reserved_special_token_0|>,reserved_special,12,10,29534,|,29535,>,layer_31,>,7.7e-05,13,1,1,>,0.346351,8,1,1,">:0.0001;|\:0.0001;>,:0.0001;>;:0.0001;▁|:0.0001",">:0.3464;|\:0.0479;▁|:0.0208;>,:0.0170;,:0.0166"
<|reserved_special_token_0|>,reserved_special,12,10,29534,|,29535,>,layer_32,>,0.000134,58,1,1,>,0.379388,47,1,1,">:0.0001;>,:0.0001;,:0.0001;>;:0.0001;<0x0A>:0.0001",">:0.3794;>,:0.0608;,:0.0339;>;:0.0323;>>:0.0225"
<|reserved_special_token_0|>,reserved_special,12,10,29534,|,29535,>,final_logits,>,0.375523,47,1,1,,,,,,">:0.3755;>,:0.0613;,:0.0349;>;:0.0328;>>:0.0226",
<|reserved_special_token_0|>,reserved_special,12,11,29535,>,,<0x0A>,emb,unda,3.1e-05,32747,,10028,rito,0.000323,32760,,12702,"unda:0.0000;rito:0.0000;rian:0.0000;\"":0.0000;voir:0.0000",rito:0.0003;rian:0.0003;oby:0.0003;voir:0.0003;unda:0.0003
<|reserved_special_token_0|>,reserved_special,12,11,29535,>,,<0x0A>,layer_1,plaatst,3.1e-05,30338,,23729,▁/******/,0.001675,30210,,21270,plaatst:0.0000;esen:0.0000;▁unc:0.0000;▸:0.0000;▁kennis:0.0000,▁/******/:0.0017;▁pron:0.0017;esen:0.0016;ści:0.0012;▁unc:0.0011
<|reserved_special_token_0|>,reserved_special,12,11,29535,>,,<0x0A>,layer_2,▁/******/,3.1e-05,23797,,6686,▁/******/,0.005868,25760,,12165,▁/******/:0.0000;alla:0.0000;▁[…]:0.0000;pped:0.0000;▁lat:0.0000,▁/******/:0.0059;alla:0.0018;▁script:0.0014;astern:0.0012;jos:0.0012
<|reserved_special_token_0|>,reserved_special,12,11,29535,>,,<0x0A>,layer_4,▁/******/,3.1e-05,28609,,23797,▁/******/,0.358113,29068,,28976,▁/******/:0.0000;мир:0.0000;iga:0.0000;ño:0.0000;IFT:0.0000,▁/******/:0.3581;мир:0.0046;bach:0.0011;iga:0.0011;IFT:0.0009
<|reserved_special_token_0|>,reserved_special,12,11,29535,>,,<0x0A>,layer_7,仁,3.1e-05,22302,,20460,owie,0.002103,22193,,26648,仁:0.0000;owie:0.0000;ں:0.0000;­:0.0000;chan:0.0000,owie:0.0021;仁:0.0019;лко:0.0019;chan:0.0018;ENDOR:0.0018
<|reserved_special_token_0|>,reserved_special,12,11,29535,>,,<0x0A>,layer_11,≡,3.2e-05,7901,,24860,▁Sed,0.002885,5755,,28273,≡:0.0000;▁kennis:0.0000;◄:0.0000;­:0.0000;▁Ú:0.0000,▁Sed:0.0029;hren:0.0024;▁/******/:0.0022;□:0.0021;cí:0.0020
<|reserved_special_token_0|>,reserved_special,12,11,29535,>,,<0x0A>,layer_14,▁kennis,3.4e-05,12829,,22575,▁shall,0.002707,7654,,22221,▁kennis:0.0000;ỹ:0.0000;✦:0.0000;лове:0.0000;▁égal:0.0000,▁shall:0.0027;ỹ:0.0026;ství:0.0023;▁Ú:0.0017;Uint:0.0017
<|reserved_special_token_0|>,reserved_special,12,11,29535,>,,<0x0A>,layer_18,▁Fuß,3.6e-05,21077,,937,▁shall,0.013292,11461,,73,▁Fuß:0.0000;∪:0.0000;▁kennis:0.0000;▁shall:0.0000;▁égal:0.0000,▁shall:0.0133;VP:0.0022;▁{:0.0019;▁value:0.0018;Value:0.0017
<|reserved_special_token_0|>,reserved_special,12,11,29535,>,,<0x0A>,layer_21,ов,4.2e-05,32131,,2509,ов,0.005337,28700,,59,ов:0.0000;げ:0.0000;∪:0.0000;▁Насе:0.0000;▁biologie:0.0000,ов:0.0053;▁<:0.0046;▁{:0.0041;▁|:0.0041;▁shall:0.0039
<|reserved_special_token_0|>,reserved_special,12,11,29535,>,,<0x0A>,layer_23,げ,4.5e-05,28260,,4816,▁<,0.012576,12855,,38,げ:0.0000;∪:0.0000;▁Украї:0.0000;▁biologie:0.0000;▁Насе:0.0000,▁<:0.0126;▁|:0.0067;▁{:0.0056;▁token:0.0039;▁[:0.0038
<|reserved_special_token_0|>,reserved_special,12,11,29535,>,,<0x0A>,layer_25,▁biologie,5.2e-05,20131,,4062,▁<,0.021363,2338,,10,▁biologie:0.0001;▁bekan:0.0000;∪:0.0000;げ:0.0000;▁Fuß:0.0000,▁<:0.0214;▁{:0.0066;▁[:0.0052;▁|:0.0050;▁token:0.0045
<|reserved_special_token_0|>,reserved_special,12,11,29535,>,,<0x0A>,layer_27,▁<,5.8e-05,13095,,2801,▁<,0.596969,557,,14,▁<:0.0001;▁bekan:0.0001;げ:0.0001;▁biologie:0.0001;∪:0.0001,▁<:0.5970;<:0.1384;▁|:0.0042;:::0.0035;▁token:0.0021
<|reserved_special_token_0|>,reserved_special,12,11,29535,>,,<0x0A>,layer_28,▁<,5.8e-05,15235,,1184,▁<,0.47086,1079,,7,▁<:0.0001;げ:0.0001;▁bekan:0.0001;<:0.0001;∪:0.0001,▁<:0.4709;<:0.1206;▁|:0.0090;:::0.0069;▁::0.0045
<|reserved_special_token_0|>,reserved_special,12,11,29535,>,,<0x0A>,layer_29,▁<,6.1e-05,17312,,22,▁<,0.327139,2510,,4,▁<:0.0001;<:0.0001;▁|:0.0001;:::0.0000;▁token:0.0000,▁<:0.3271;<:0.0896;▁|:0.0341;<0x0A>:0.0193;▁=:0.0188
<|reserved_special_token_0|>,reserved_special,12,11,29535,>,,<0x0A>,layer_31,▁<,8.9e-05,14567,,7,▁<,0.258819,7232,,4,"▁<:0.0001;|:0.0001;▁|:0.0001;"");:0.0001;"";:0.0001",▁<:0.2588;|:0.0863;▁|:0.0625;<0x0A>:0.0493;`:0.0284
<|reserved_special_token_0|>,reserved_special,12,11,29535,>,,<0x0A>,layer_32,<0x0A>,0.000163,1123,,1,<0x0A>,0.157443,1178,,1,<0x0A>:0.0002;▁<:0.0001;▁:0.0001;▁|:0.0001;`:0.0001,<0x0A>:0.1574;▁<:0.0880;▁|:0.0585;`:0.0501;|:0.0433
<|reserved_special_token_0|>,reserved_special,12,11,29535,>,,<0x0A>,final_logits,<0x0A>,0.160611,1174,,1,,,,,,<0x0A>:0.1606;▁<:0.0860;▁|:0.0591;`:0.0490;|:0.0432,
<|extra_0|>,reserved_special,7,0,1291,▁<,29534,div,emb,▁/******/,3.1e-05,29988,15781,181,▁/******/,0.001963,30924,14315,253,▁/******/:0.0000;bury:0.0000;TT:0.0000;hand:0.0000;ingen:0.0000,▁/******/:0.0020;bury:0.0009;TT:0.0006;▁Ing:0.0005;hand:0.0005
<|extra_0|>,reserved_special,7,0,1291,▁<,29534,div,layer_1,ẩ,3.2e-05,31825,26366,22352,ẩ,0.083114,30878,25033,19753,ẩ:0.0000;▁giornata:0.0000;ķ:0.0000;▁biologie:0.0000;ĩ:0.0000,ẩ:0.0831;▁/******/:0.0750;ĩ:0.0074;▁giornata:0.0061;cembre:0.0032
<|extra_0|>,reserved_special,7,0,1291,▁<,29534,div,layer_2,▁kennis,0.000119,27549,29175,28010,▁biologie,0.000478,8091,22677,17124,▁kennis:0.0001;▁Fuß:0.0001;▁biologie:0.0001;▁bekan:0.0001;plaat:0.0001,▁biologie:0.0005;▁kennis:0.0004;Ż:0.0003;▁dévelop:0.0003;▁péri:0.0003
<|extra_0|>,reserved_special,7,0,1291,▁<,29534,div,layer_4,▁kennis,0.000119,27700,29174,28030,▁biologie,0.000502,9857,22581,17556,▁kennis:0.0001;▁Fuß:0.0001;▁biologie:0.0001;▁bekan:0.0001;plaat:0.0001,▁biologie:0.0005;▁kennis:0.0004;Ż:0.0003;▁péri:0.0003;▁dévelop:0.0003
<|extra_0|>,reserved_special,7,0,1291,▁<,29534,div,layer_7,▁kennis,0.000119,27717,28992,28038,▁biologie,0.000543,10441,20795,18399,▁kennis:0.0001;▁Fuß:0.0001;▁biologie:0.0001;▁bekan:0.0001;plaat:0.0001,▁biologie:0.0005;▁kennis:0.0004;Ż:0.0003;▁dévelop:0.0003;▁péri:0.0003
<|extra_0|>,reserved_special,7,0,1291,▁<,29534,div,layer_11,▁kennis,0.00011,26577,28670,27237,▁biologie,0.000856,7389,18567,14980,▁kennis:0.0001;▁biologie:0.0001;▁Fuß:0.0001;▁bekan:0.0001;▁dévelop:0.0001,▁biologie:0.0009;▁kennis:0.0007;Ż:0.0004;▁ál:0.0003;▁péri:0.0003
<|extra_0|>,reserved_special,7,0,1291,▁<,29534,div,layer_14,▁kennis,0.000102,25688,28370,28254,▁biologie,0.000942,6131,17351,21169,▁kennis:0.0001;▁biologie:0.0001;▁Fuß:0.0001;▁bekan:0.0001;▁dévelop:0.0001,▁biologie:0.0009;▁kennis:0.0009;Ż:0.0004;▁ál:0.0004;▁dévelop:0.0004
<|extra_0|>,reserved_special,7,0,1291,▁<,29534,div,layer_18,▁kennis,5.8e-05,19788,27896,24900,▁biologie,0.000929,784,13640,10732,▁kennis:0.0001;▁biologie:0.0001;▁Fuß:0.0001;▁dévelop:0.0001;scriptstyle:0.0001,▁biologie:0.0009;▁kennis:0.0005;Ż:0.0005;▁vál:0.0004;▁dévelop:0.0004
<|extra_0|>,reserved_special,7,0,1291,▁<,29534,div,layer_21,▁kennis,0.000191,21596,30202,17355,▁biologie,0.001267,1713,23883,523,▁kennis:0.0002;▁biologie:0.0002;▁Fuß:0.0001;▁dévelop:0.0001;plaat:0.0001,▁biologie:0.0013;▁kennis:0.0011;Ż:0.0006;▁dévelop:0.0004;▁ál:0.0004
<|extra_0|>,reserved_special,7,0,1291,▁<,29534,div,layer_23,▁kennis,0.000243,23361,30406,17806,▁biologie,0.001197,2682,24737,494,▁kennis:0.0002;▁biologie:0.0002;▁Fuß:0.0002;▁dévelop:0.0002;▁bekan:0.0002,▁biologie:0.0012;▁kennis:0.0010;Ż:0.0005;▁dévelop:0.0004;▁ál:0.0004
<|extra_0|>,reserved_special,7,0,1291,▁<,29534,div,layer_25,▁kennis,0.000243,22777,30597,15887,▁kennis,0.001203,1955,25659,162,▁kennis:0.0002;▁biologie:0.0002;▁Fuß:0.0002;▁dévelop:0.0002;▁bekan:0.0002,▁kennis:0.0012;▁biologie:0.0011;Ż:0.0004;▁pob:0.0004;▁ál:0.0004
<|extra_0|>,reserved_special,7,0,1291,▁<,29534,div,layer_27,▁kennis,0.000223,15527,30882,14605,▁kennis,0.001555,40,26787,70,▁kennis:0.0002;▁biologie:0.0002;▁Fuß:0.0002;▁dévelop:0.0001;plaat:0.0001,▁kennis:0.0016;▁biologie:0.0014;Ż:0.0005;▁pob:0.0004;▁ál:0.0003
<|extra_0|>,reserved_special,7,0,1291,▁<,29534,div,layer_28,▁kennis,0.000167,14136,30005,11477,▁biologie,0.001791,24,21838,10,▁kennis:0.0002;▁biologie:0.0001;▁Fuß:0.0001;▁dévelop:0.0001;plaat:0.0001,▁biologie:0.0018;▁kennis:0.0016;▁pob:0.0005;Ż:0.0004;▁ál:0.0004
<|extra_0|>,reserved_special,7,0,1291,▁<,29534,div,layer_29,▁kennis,0.000115,10874,29485,8180,▁kennis,0.000897,10,17337,4,▁kennis:0.0001;▁biologie:0.0001;▁Fuß:0.0001;▁dévelop:0.0001;scriptstyle:0.0001,▁kennis:0.0009;>:0.0009;▁biologie:0.0007;div:0.0007;i:0.0005
<|extra_0|>,reserved_special,7,0,1291,▁<,29534,div,layer_31,▁kennis,7.4e-05,1124,17431,190,div,0.033273,9,3812,1,▁kennis:0.0001;▁biologie:0.0001;▁Fuß:0.0001;▁artikel:0.0001;ٹ:0.0001,div:0.0333;p:0.0102;h:0.0100;br:0.0098;▁:0.0070
<|extra_0|>,reserved_special,7,0,1291,▁<,29534,div,layer_32,▁,7.3e-05,17,1723,2,div,0.120193,38,2117,1,▁:0.0001;div:0.0001;td:0.0001;li:0.0001;span:0.0001,div:0.1202;▁:0.0494;a:0.0382;span:0.0341;td:0.0309
<|extra_0|>,reserved_special,7,0,1291,▁<,29534,div,final_logits,div,0.122556,37,2117,1,,,,,,div:0.1226;▁:0.0495;a:0.0386;span:0.0340;td:0.0310,
<|extra_0|>,reserved_special,7,1,29534,|,14307,<0x0A>,emb,▁trigger,3.1e-05,29975,24650,3227,▁trigger,0.000738,29136,23558,2697,▁trigger:0.0000;itung:0.0000;▁af:0.0000;▁fuel:0.0000;Trigger:0.0000,▁trigger:0.0007;itung:0.0007;▁fuel:0.0006;▁af:0.0005;trigger:0.0004
<|extra_0|>,reserved_special,7,1,29534,|,14307,<0x0A>,layer_1,ẩ,3.1e-05,28598,23656,26501,ẩ,0.007885,25048,28712,8261,ẩ:0.0000;➤:0.0000;▁dévelop:0.0000;▁biologie:0.0000;ľ:0.0000,ẩ:0.0079;▁/******/:0.0054;▁blast:0.0021;Lif:0.0015;▁giornata:0.0010
<|extra_0|>,reserved_special,7,1,29534,|,14307,<0x0A>,layer_2,osta,3.1e-05,10939,28018,9776,osta,0.003025,13121,25525,10420,osta:0.0000;aris:0.0000;iginal:0.0000;oster:0.0000;ients:0.0000,osta:0.0030;oster:0.0023;aris:0.0017;▁tot:0.0015;▁mens:0.0014
<|extra_0|>,reserved_special,7,1,29534,|,14307,<0x0A>,layer_4,osta,3.1e-05,18825,28500,16345,poch,0.003447,17966,27435,13255,osta:0.0000;poch:0.0000;úblic:0.0000;cohol:0.0000;enti:0.0000,poch:0.0034;osta:0.0023;úblic:0.0019;enti:0.0019;dale:0.0015
<|extra_0|>,reserved_special,7,1,29534,|,14307,<0x0A>,layer_7,вид,3.2e-05,30357,18938,27320,вид,0.005542,29679,25891,21502,вид:0.0000;▁kole:0.0000;Ν:0.0000;úblic:0.0000;▁biologie:0.0000,вид:0.0055;poch:0.0028;dash:0.0021;▁kole:0.0020;ře:0.0019
<|extra_0|>,reserved_special,7,1,29534,|,14307,<0x0A>,layer_11,вид,3.3e-05,30495,11421,16764,вид,0.004088,28514,18617,7295,вид:0.0000;▁biologie:0.0000;↵:0.0000;▁péri:0.0000;scriptstyle:0.0000,вид:0.0041;ň:0.0028;kem:0.0022;▁cast:0.0017;ńst:0.0014
<|extra_0|>,reserved_special,7,1,29534,|,14307,<0x0A>,layer_14,↵,3.4e-05,30887,7624,17353,вид,0.005226,29730,13431,12982,↵:0.0000;вид:0.0000;Ď:0.0000;▁kennis:0.0000;Ζ:0.0000,вид:0.0052;↵:0.0027;ḷ:0.0018;pha:0.0017;ň:0.0017
<|extra_0|>,reserved_special,7,1,29534,|,14307,<0x0A>,layer_18,вид,3.6e-05,32725,10612,3454,AS,0.003595,32638,15878,943,вид:0.0000;AS:0.0000;Ī:0.0000;scriptstyle:0.0000;̈:0.0000,AS:0.0036;pha:0.0031;вид:0.0029;oa:0.0020;UE:0.0019
<|extra_0|>,reserved_special,7,1,29534,|,14307,<0x0A>,layer_21,ner,3.9e-05,32758,21757,1570,ner,0.00486,32723,22261,297,ner:0.0000;∪:0.0000;▁Arbitro:0.0000;▁Bronnen:0.0000;oux:0.0000,ner:0.0049;▁|:0.0034;i:0.0026;▁Bronnen:0.0023;AS:0.0020
<|extra_0|>,reserved_special,7,1,29534,|,14307,<0x0A>,layer_23,∪,4.2e-05,32743,20013,3596,▁|,0.00464,32403,23831,67,∪:0.0000;wij:0.0000;вид:0.0000;▁Украї:0.0000;▁Arbitro:0.0000,▁|:0.0046;i:0.0034;x:0.0023;pmatrix:0.0023;AS:0.0019
<|extra_0|>,reserved_special,7,1,29534,|,14307,<0x0A>,layer_25,∪,4.6e-05,32766,20403,5699,▁x,0.006025,32729,26466,16,∪:0.0000;▁Украї:0.0000;scriptstyle:0.0000;▁kennis:0.0000;Ī:0.0000,▁x:0.0060;x:0.0034;>:0.0024;i:0.0022;▁document:0.0020
<|extra_0|>,reserved_special,7,1,29534,|,14307,<0x0A>,layer_27,∪,4.9e-05,32739,23611,3939,▁x,0.00525,32022,27880,11,∪:0.0000;▁kennis:0.0000;▁Украї:0.0000;scriptstyle:0.0000;вид:0.0000,▁x:0.0053;x:0.0050;<:0.0049;--:0.0032;>:0.0031
<|extra_0|>,reserved_special,7,1,29534,|,14307,<0x0A>,layer_28,∪,4.8e-05,31603,21332,3030,x,0.009935,21687,25997,13,∪:0.0000;scriptstyle:0.0000;вид:0.0000;▁Украї:0.0000;▁kennis:0.0000,x:0.0099;▁x:0.0097;>:0.0094;<:0.0048;▁|:0.0047
<|extra_0|>,reserved_special,7,1,29534,|,14307,<0x0A>,layer_29,>,5.2e-05,19165,20845,58,>,0.049684,5697,22033,6,>:0.0001;▁|:0.0000;x:0.0000;->:0.0000;▁x:0.0000,>:0.0497;x:0.0213;▁|:0.0184;▁x:0.0139;<:0.0115
<|extra_0|>,reserved_special,7,1,29534,|,14307,<0x0A>,layer_31,>,8.3e-05,553,12749,3,<0x0A>,0.103184,409,10394,1,>:0.0001;x:0.0001;<0x0A>:0.0001;a:0.0001;<:0.0001,<0x0A>:0.1032;>:0.0678;x:0.0632;a:0.0320;<:0.0285
<|extra_0|>,reserved_special,7,1,29534,|,14307,<0x0A>,layer_32,<0x0A>,0.000184,255,14850,1,<0x0A>,0.065306,237,6275,1,<0x0A>:0.0002;▁:0.0002;>:0.0002;▁a:0.0002;-:0.0001,<0x0A>:0.0653;>:0.0644;<:0.0424;▁:0.0208;a:0.0186
<|extra_0|>,reserved_special,7,1,29534,|,14307,<0x0A>,final_logits,<0x0A>,0.065526,236,6244,1,,,,,,<0x0A>:0.0655;>:0.0635;<:0.0423;▁:0.0206;a:0.0188,
<|extra_0|>,reserved_special,7,2,14307,extra,29498,_,emb,borg,3.1e-05,2906,30219,30219,borg,0.001187,2689,31146,31146,borg:0.0000;hend:0.0000;chaft:0.0000;ajo:0.0000;oro:0.0000,borg:0.0012;plaat:0.0011;hend:0.0009;chaft:0.0008;oro:0.0007
<|extra_0|>,reserved_special,7,2,14307,extra,29498,_,layer_1,ژ,3.1e-05,7216,30276,30276,Unmar,0.002872,7600,26706,26706,ژ:0.0000;plaat:0.0000;områ:0.0000;▁kennis:0.0000;◼:0.0000,Unmar:0.0029;borg:0.0022;akte:0.0019;folg:0.0019;ẩ:0.0017
<|extra_0|>,reserved_special,7,2,14307,extra,29498,_,layer_2,rar,3.1e-05,3402,9026,9026,rar,0.002045,2639,8564,8564,rar:0.0000;◼:0.0000;lc:0.0000;▁controvers:0.0000;▁flesh:0.0000,rar:0.0020;▁controvers:0.0019;▁flesh:0.0013;▁Target:0.0012;jav:0.0012
<|extra_0|>,reserved_special,7,2,14307,extra,29498,_,layer_4,TypeInfo,3.1e-05,346,7951,7951,TypeInfo,0.004063,161,7452,7452,TypeInfo:0.0000;hir:0.0000;eti:0.0000;rost:0.0000;yc:0.0000,TypeInfo:0.0041;eti:0.0038;yc:0.0032;rost:0.0024;oki:0.0021
<|extra_0|>,reserved_special,7,2,14307,extra,29498,_,layer_7,ٰ,3.2e-05,734,5341,5341,fo,0.003103,381,1084,1084,ٰ:0.0000;ǧ:0.0000;ژ:0.0000;待:0.0000;emet:0.0000,fo:0.0031;ize:0.0026;hire:0.0021;eme:0.0020;▁Gle:0.0019
<|extra_0|>,reserved_special,7,2,14307,extra,29498,_,layer_11,▁kennis,3.4e-05,2234,676,676,▁attachment,0.002938,1721,8,8,▁kennis:0.0000;ٰ:0.0000;▁invån:0.0000;ṯ:0.0000;Ť:0.0000,▁attachment:0.0029;enza:0.0025;tg:0.0024;ení:0.0021;dern:0.0021
<|extra_0|>,reserved_special,7,2,14307,extra,29498,_,layer_14,▁kennis,3.5e-05,916,179,179,_,0.005947,452,1,1,▁kennis:0.0000;­:0.0000;úblic:0.0000;Ť:0.0000;Â:0.0000,_:0.0059;tg:0.0044;iah:0.0042;ení:0.0024;\_:0.0023
<|extra_0|>,reserved_special,7,2,14307,extra,29498,_,layer_18,▁Mär,3.7e-05,776,8,8,_,0.114768,335,1,1,▁Mär:0.0000;▁biologie:0.0000;▁kennis:0.0000;▁König:0.0000;områ:0.0000,_:0.1148;\_:0.0037;fields:0.0033;▁Deutsch:0.0032;ord:0.0026
<|extra_0|>,reserved_special,7,2,14307,extra,29498,_,layer_21,_,4.1e-05,25,1,1,_,0.135413,16,1,1,_:0.0000;▁Mär:0.0000;▁biologie:0.0000;▁Extra:0.0000;ctions:0.0000,_:0.1354;ctions:0.0186;▁Extra:0.0158;ord:0.0111;▁info:0.0103
<|extra_0|>,reserved_special,7,2,14307,extra,29498,_,layer_23,▁biologie,4.9e-05,251,61,61,_,0.058124,60,1,1,▁biologie:0.0000;▁Mär:0.0000;plaat:0.0000;plaatst:0.0000;Ζ:0.0000,_:0.0581;ord:0.0071;▁Extra:0.0062;fields:0.0059;▁params:0.0059
<|extra_0|>,reserved_special,7,2,14307,extra,29498,_,layer_25,▁Mär,5.3e-05,83,47,47,_,0.085439,31,1,1,▁Mär:0.0001;▁biologie:0.0001;plaat:0.0001;plaatst:0.0000;▁Lebens:0.0000,_:0.0854;fields:0.0111;▁info:0.0087;▁Extra:0.0086;▁extra:0.0072
<|extra_0|>,reserved_special,7,2,14307,extra,29498,_,layer_27,▁Mär,5.6e-05,570,5,5,_,0.265614,287,1,1,▁Mär:0.0001;|:0.0001;plaat:0.0001;▁kennis:0.0001;_:0.0001,_:0.2656;|:0.2218;▁|:0.0077;fields:0.0049;▁info:0.0041
<|extra_0|>,reserved_special,7,2,14307,extra,29498,_,layer_28,|,5.6e-05,674,3,3,_,0.329032,563,1,1,|:0.0001;▁Mär:0.0001;_:0.0001;plaat:0.0001;▁kennis:0.0001,_:0.3290;|:0.1303;Data:0.0101;fields:0.0079;\_:0.0075
<|extra_0|>,reserved_special,7,2,14307,extra,29498,_,layer_29,|,7.2e-05,4204,2,2,_,0.486984,4859,1,1,|:0.0001;_:0.0001;▁|:0.0001;\_:0.0001;Data:0.0001,_:0.4870;|:0.3294;▁|:0.0117;Data:0.0113;Info:0.0029
<|extra_0|>,reserved_special,7,2,14307,extra,29498,_,layer_31,|,0.00014,708,2,2,|,0.755428,793,2,2,|:0.0001;_:0.0001;Data:0.0001;|\:0.0001;||:0.0001,|:0.7554;_:0.1678;Data:0.0130;Info:0.0025;▁data:0.0019
<|extra_0|>,reserved_special,7,2,14307,extra,29498,_,layer_32,-,0.000239,4745,3,3,_,0.28942,2442,1,1,-:0.0002;|:0.0002;_:0.0002;.:0.0002;<0x0A>:0.0002,_:0.2894;|:0.1940;-:0.0475;.:0.0317;Data:0.0275
<|extra_0|>,reserved_special,7,2,14307,extra,29498,_,final_logits,_,0.295376,2441,1,1,,,,,,_:0.2954;|:0.1907;-:0.0482;.:0.0311;Data:0.0275,
<|extra_0|>,reserved_special,7,3,29498,_,29502,data,emb,▁/******/,3.1e-05,32760,5510,16033,▁/******/,0.000996,32700,6405,14859,▁/******/:0.0000;selves:0.0000;ся:0.0000;iejsc:0.0000;ampions:0.0000,▁/******/:0.0010;selves:0.0004;ся:0.0004;▁desc:0.0003;ampions:0.0003
<|extra_0|>,reserved_special,7,3,29498,_,29502,data,layer_1,▁Giov,3.7e-05,32429,13247,10647,efore,0.00669,32561,16372,12043,▁Giov:0.0000;ieux:0.0000;ota:0.0000;efore:0.0000;yll:0.0000,efore:0.0067;▁Giov:0.0061;ieux:0.0051;ota:0.0046;ژ:0.0034
<|extra_0|>,reserved_special,7,3,29498,_,29502,data,layer_2,▁kennis,0.81046,32617,32200,21279,▁kennis,0.000567,28938,26944,18286,▁kennis:0.8105;▁Fuß:0.0670;▁biologie:0.0483;▁bekan:0.0310;plaat:0.0116,▁kennis:0.0006;▁biologie:0.0005;▁bekan:0.0004;▁dévelop:0.0003;▁besk:0.0003
<|extra_0|>,reserved_special,7,3,29498,_,29502,data,layer_4,▁kennis,0.811331,32616,32204,21276,▁kennis,0.000566,28800,27008,18196,▁kennis:0.8113;▁Fuß:0.0668;▁biologie:0.0476;▁bekan:0.0310;plaat:0.0116,▁kennis:0.0006;▁biologie:0.0005;▁bekan:0.0004;▁dévelop:0.0003;▁besk:0.0003
<|extra_0|>,reserved_special,7,3,29498,_,29502,data,layer_7,▁kennis,0.810819,32617,32206,21285,▁kennis,0.000567,28792,27017,18232,▁kennis:0.8108;▁Fuß:0.0676;▁biologie:0.0472;▁bekan:0.0312;plaat:0.0117,▁kennis:0.0006;▁biologie:0.0005;▁bekan:0.0004;▁dévelop:0.0003;▁besk:0.0003
<|extra_0|>,reserved_special,7,3,29498,_,29502,data,layer_11,▁kennis,0.807932,32615,32204,21251,▁kennis,0.00056,28638,26984,18086,▁kennis:0.8079;▁Fuß:0.0687;▁biologie:0.0483;▁bekan:0.0315;plaat:0.0118,▁kennis:0.0006;▁biologie:0.0005;▁bekan:0.0004;▁dévelop:0.0003;▁besk:0.0003
<|extra_0|>,reserved_special,7,3,29498,_,29502,data,layer_14,▁kennis,0.808336,32616,32203,21268,▁kennis,0.000564,28628,26986,18126,▁kennis:0.8083;▁Fuß:0.0683;▁biologie:0.0486;▁bekan:0.0313;plaat:0.0118,▁kennis:0.0006;▁biologie:0.0005;▁bekan:0.0004;▁dévelop:0.0003;▁besk:0.0003
<|extra_0|>,reserved_special,7,3,29498,_,29502,data,layer_18,▁kennis,0.808355,32614,32202,21291,▁kennis,0.000568,28374,26812,18171,▁kennis:0.8084;▁Fuß:0.0686;▁biologie:0.0485;▁bekan:0.0312;plaat:0.0119,▁kennis:0.0006;▁biologie:0.0005;▁bekan:0.0004;▁dévelop:0.0003;▁besk:0.0003
<|extra_0|>,reserved_special,7,3,29498,_,29502,data,layer_21,▁kennis,0.822439,32614,32243,21062,▁kennis,0.000592,28641,28956,16740,▁kennis:0.8224;▁Fuß:0.0634;▁biologie:0.0470;▁bekan:0.0283;plaat:0.0111,▁kennis:0.0006;▁biologie:0.0005;▁bekan:0.0003;▁dévelop:0.0003;▁besk:0.0003
<|extra_0|>,reserved_special,7,3,29498,_,29502,data,layer_23,▁kennis,0.821658,32614,32245,21037,▁kennis,0.000588,28611,29069,16540,▁kennis:0.8217;▁Fuß:0.0639;▁biologie:0.0471;▁bekan:0.0284;plaat:0.0112,▁kennis:0.0006;▁biologie:0.0005;▁bekan:0.0003;▁dévelop:0.0003;▁besk:0.0003
<|extra_0|>,reserved_special,7,3,29498,_,29502,data,layer_25,▁kennis,0.822831,32614,32243,20981,▁kennis,0.000595,28547,28898,16242,▁kennis:0.8228;▁Fuß:0.0636;▁biologie:0.0466;▁bekan:0.0284;plaat:0.0111,▁kennis:0.0006;▁biologie:0.0005;▁bekan:0.0003;▁dévelop:0.0003;▁besk:0.0003
<|extra_0|>,reserved_special,7,3,29498,_,29502,data,layer_27,▁kennis,0.823224,32615,32244,20950,▁kennis,0.0006,28585,28835,15919,▁kennis:0.8232;▁Fuß:0.0639;▁biologie:0.0464;▁bekan:0.0283;plaat:0.0110,▁kennis:0.0006;▁biologie:0.0005;▁bekan:0.0003;▁dévelop:0.0003;▁besk:0.0003
<|extra_0|>,reserved_special,7,3,29498,_,29502,data,layer_28,▁kennis,0.822487,32620,32242,20891,▁kennis,0.000598,29227,28443,15390,▁kennis:0.8225;▁Fuß:0.0642;▁biologie:0.0468;▁bekan:0.0286;plaat:0.0108,▁kennis:0.0006;▁biologie:0.0005;▁bekan:0.0004;▁dévelop:0.0003;▁besk:0.0003
<|extra_0|>,reserved_special,7,3,29498,_,29502,data,layer_29,▁kennis,0.819132,32617,32238,20837,▁kennis,0.000593,28420,27887,15047,▁kennis:0.8191;▁Fuß:0.0646;▁biologie:0.0475;▁bekan:0.0297;plaat:0.0110,▁kennis:0.0006;▁biologie:0.0005;▁bekan:0.0004;▁dévelop:0.0003;▁besk:0.0003
<|extra_0|>,reserved_special,7,3,29498,_,29502,data,layer_31,▁kennis,0.332604,32709,32587,20605,▁bekan,0.000747,32708,32697,11270,▁kennis:0.3326;▁Fuß:0.1324;▁bekan:0.0870;▁biologie:0.0550;plaat:0.0444,▁bekan:0.0007;▁Fuß:0.0006;områ:0.0004;▁dévelop:0.0004;ٹ:0.0004
<|extra_0|>,reserved_special,7,3,29498,_,29502,data,layer_32,data,6.7e-05,152,75,1,data,0.0915,378,162,1,data:0.0001;info:0.0001;fields:0.0001;keys:0.0001;|:0.0001,data:0.0915;info:0.0319;name:0.0160;fields:0.0150;params:0.0124
<|extra_0|>,reserved_special,7,3,29498,_,29502,data,final_logits,data,0.092261,374,160,1,,,,,,data:0.0923;info:0.0319;name:0.0160;fields:0.0151;params:0.0125,
<|extra_0|>,reserved_special,7,4,29502,0,29534,|,emb,plaat,3.1e-05,20914,12136,12136,▁/******/,0.000407,21989,9877,9877,plaat:0.0000;▁Mär:0.0000;мерикан:0.0000;werken:0.0000;refix:0.0000,▁/******/:0.0004;refix:0.0003;ativo:0.0003;▁Mär:0.0003;▁militar:0.0003
<|extra_0|>,reserved_special,7,4,29502,0,29534,|,layer_1,▁/******/,3.1e-05,30387,21412,21412,▁/******/,0.038354,28069,16134,16134,▁/******/:0.0000;builtin:0.0000;plaat:0.0000;べ:0.0000;netdev:0.0000,▁/******/:0.0384;Sprintf:0.0011;▁/***/:0.0011;べ:0.0009;smith:0.0007
<|extra_0|>,reserved_special,7,4,29502,0,29534,|,layer_2,ٰ,3.1e-05,29032,13861,13861,▁/******/,0.002653,27104,11705,11705,ٰ:0.0000;ẓ:0.0000;べ:0.0000;іб:0.0000;ṯ:0.0000,▁/******/:0.0027;▁cha:0.0010;holder:0.0010;▁bra:0.0010;▁(+:0.0010
<|extra_0|>,reserved_special,7,4,29502,0,29534,|,layer_4,▁/******/,3.1e-05,26776,8850,8850,▁/******/,0.006991,26056,7132,7132,▁/******/:0.0000;VR:0.0000;▁Initialized:0.0000;jek:0.0000;牙:0.0000,▁/******/:0.0070;VR:0.0065;▁Initialized:0.0027;牙:0.0025;allen:0.0024
<|extra_0|>,reserved_special,7,4,29502,0,29534,|,layer_7,ٰ,3.2e-05,22982,19939,19939,▁/******/,0.025931,12893,14326,14326,ٰ:0.0000;netdev:0.0000;ẓ:0.0000;Ď:0.0000;ژ:0.0000,▁/******/:0.0259;▁#!:0.0043;jek:0.0030;ffen:0.0028;ät:0.0026
<|extra_0|>,reserved_special,7,4,29502,0,29534,|,layer_11,ẓ,3.2e-05,1802,21273,21273,▁/******/,0.032639,152,18075,18075,ẓ:0.0000;ٰ:0.0000;ṯ:0.0000;іб:0.0000;ḷ:0.0000,▁/******/:0.0326;_:0.0027;ifer:0.0025;iner:0.0025;▁#!:0.0023
<|extra_0|>,reserved_special,7,4,29502,0,29534,|,layer_14,Ď,3.3e-05,688,26031,26031,▁/******/,0.016145,36,25094,25094,Ď:0.0000;Ą:0.0000;̈:0.0000;ḷ:0.0000;ṯ:0.0000,▁/******/:0.0161;::<:0.0058;▁Record:0.0041;ční:0.0034;iner:0.0024
<|extra_0|>,reserved_special,7,4,29502,0,29534,|,layer_18,▁Fuß,3.8e-05,1931,29073,29073,_,0.010797,7,26161,26161,▁Fuß:0.0000;plaat:0.0000;Ī:0.0000;Ą:0.0000;netdev:0.0000,_:0.0108;ční:0.0037;шка:0.0028;chnitt:0.0025;:0.0020
<|extra_0|>,reserved_special,7,4,29502,0,29534,|,layer_21,netdev,3.8e-05,1594,14758,14758,_,0.023273,24,6363,6363,netdev:0.0000;Ī:0.0000;∪:0.0000;ов:0.0000;rcu:0.0000,_:0.0233;vec:0.0042;ctor:0.0025;ALLOC:0.0024;chnitt:0.0024
<|extra_0|>,reserved_special,7,4,29502,0,29534,|,layer_23,plaat,4e-05,6199,21,21,|,0.008042,140,1,1,plaat:0.0000;netdev:0.0000;Ī:0.0000;ろ:0.0000;ARGS:0.0000,|:0.0080;_:0.0075;▁|:0.0074;|\:0.0047;부:0.0025
<|extra_0|>,reserved_special,7,4,29502,0,29534,|,layer_25,plaat,4.2e-05,4258,59,59,|,0.006232,62,1,1,plaat:0.0000;netdev:0.0000;Ī:0.0000;ろ:0.0000;Ż:0.0000,|:0.0062;▁|:0.0036;|\:0.0031;▁offset:0.0028;_:0.0027
<|extra_0|>,reserved_special,7,4,29502,0,29534,|,layer_27,|,4.5e-05,101,1,1,|,0.121835,5,1,1,|:0.0000;▁|:0.0000;ھ:0.0000;dai:0.0000;Ż:0.0000,|:0.1218;▁|:0.0500;_:0.0306;|\:0.0165;0:0.0096
<|extra_0|>,reserved_special,7,4,29502,0,29534,|,layer_28,|,4.6e-05,32,1,1,|,0.107888,4,1,1,|:0.0000;▁|:0.0000;▁offset:0.0000;OFFSET:0.0000;_:0.0000,|:0.1079;_:0.0888;▁|:0.0342;0:0.0130;|\:0.0109
<|extra_0|>,reserved_special,7,4,29502,0,29534,|,layer_29,|,6.1e-05,14,1,1,|,0.564023,7,1,1,|:0.0001;▁|:0.0001;x:0.0001;|\:0.0001;_:0.0000,|:0.5640;▁|:0.1708;x:0.0602;_:0.0342;|\:0.0138
<|extra_0|>,reserved_special,7,4,29502,0,29534,|,layer_31,|,0.000106,5,1,1,|,0.906484,4,1,1,|:0.0001;x:0.0001;_:0.0001;||:0.0001;0:0.0001,|:0.9065;_:0.0317;x:0.0250;0:0.0026;1:0.0022
<|extra_0|>,reserved_special,7,4,29502,0,29534,|,layer_32,|,0.00015,8,1,1,|,0.403122,4,1,1,|:0.0002;_:0.0001;.:0.0001;<0x0A>:0.0001;x:0.0001,|:0.4031;_:0.1418;x:0.0590;0:0.0427;1:0.0282
<|extra_0|>,reserved_special,7,4,29502,0,29534,|,final_logits,|,0.405508,4,1,1,,,,,,|:0.4055;_:0.1401;x:0.0584;0:0.0427;1:0.0276,
<|extra_0|>,reserved_special,7,5,29534,|,29535,>,emb,▁trigger,3.1e-05,29975,11606,11606,▁trigger,0.000738,29136,11145,11145,▁trigger:0.0000;itung:0.0000;▁af:0.0000;▁fuel:0.0000;Trigger:0.0000,▁trigger:0.0007;itung:0.0007;▁fuel:0.0006;▁af:0.0005;trigger:0.0004
<|extra_0|>,reserved_special,7,5,29534,|,29535,>,layer_1,▁dévelop,3.1e-05,27874,8337,8337,▁/******/,0.003895,24806,5831,5831,▁dévelop:0.0000;:0.0000;▁biologie:0.0000;≡:0.0000;▁diffé:0.0000,▁/******/:0.0039;▁numerous:0.0011;▁lifetime:0.0008;itle:0.0008;heid:0.0007
<|extra_0|>,reserved_special,7,5,29534,|,29535,>,layer_2,▁lifetime,3.1e-05,21676,692,692,▁lifetime,0.005379,23091,1155,1155,▁lifetime:0.0000;amp:0.0000;lif:0.0000;osta:0.0000;▁oct:0.0000,▁lifetime:0.0054;▁oct:0.0016;lif:0.0016;GD:0.0014;▁direct:0.0013
<|extra_0|>,reserved_special,7,5,29534,|,29535,>,layer_4,amp,3.1e-05,23928,7719,7719,▁/******/,0.004419,22997,9834,9834,amp:0.0000;rag:0.0000;allen:0.0000;osta:0.0000;▁lifetime:0.0000,▁/******/:0.0044;allen:0.0022;▁Nav:0.0020;▁mess:0.0016;zte:0.0016
<|extra_0|>,reserved_special,7,5,29534,|,29535,>,layer_7,мпи,3.1e-05,27450,3738,3738,№,0.005711,26002,4703,4703,мпи:0.0000;№:0.0000;úblic:0.0000;▁Nur:0.0000;mgr:0.0000,№:0.0057;мпи:0.0053;▁Nur:0.0048;▁/******/:0.0045;mgr:0.0044
<|extra_0|>,reserved_special,7,5,29534,|,29535,>,layer_11,мпи,3.2e-05,30289,8023,8023,▁/******/,0.053954,27991,6251,6251,мпи:0.0000;▁referenties:0.0000;▁/******/:0.0000;ẩ:0.0000;▁Насе:0.0000,▁/******/:0.0540;ẩ:0.0018;TDM:0.0018;мпи:0.0015;тва:0.0014
<|extra_0|>,reserved_special,7,5,29534,|,29535,>,layer_14,▁kennis,3.5e-05,32014,22290,22290,▁/******/,0.023575,31135,22435,22435,▁kennis:0.0000;▁referenties:0.0000;TDM:0.0000;ٹ:0.0000;▁biologie:0.0000,▁/******/:0.0236;TDM:0.0088;LBL:0.0035;▁klikken:0.0023;xspace:0.0023
<|extra_0|>,reserved_special,7,5,29534,|,29535,>,layer_18,▁Fuß,3.9e-05,32751,17608,17608,▁fün,0.006446,32729,10975,10975,▁Fuß:0.0000;▁Насе:0.0000;▁kennis:0.0000;◄:0.0000;▁fün:0.0000,▁fün:0.0064;▁Насе:0.0047;xspace:0.0038;NF:0.0032;▁Ú:0.0023
<|extra_0|>,reserved_special,7,5,29534,|,29535,>,layer_21,▁Насе,4.3e-05,32765,15712,15712,▁Arbitro,0.005714,32759,5627,5627,▁Насе:0.0000;▁biologie:0.0000;∪:0.0000;▁kennis:0.0000;ов:0.0000,▁Arbitro:0.0057;omp:0.0047;▁Bronnen:0.0036;LIC:0.0033;zem:0.0031
<|extra_0|>,reserved_special,7,5,29534,|,29535,>,layer_23,▁Насе,4.6e-05,32709,10182,10182,zu,0.003328,32185,646,646,▁Насе:0.0000;▁biologie:0.0000;▁Мекси:0.0000;▁Украї:0.0000;Ī:0.0000,zu:0.0033;▁Arbitro:0.0022;ов:0.0020;▁Насе:0.0020;▁|:0.0020
<|extra_0|>,reserved_special,7,5,29534,|,29535,>,layer_25,▁biologie,5.2e-05,32698,6096,6096,▁|,0.003619,31807,79,79,▁biologie:0.0001;▁Мекси:0.0000;▁kennis:0.0000;▁Насе:0.0000;▁Украї:0.0000,▁|:0.0036;▁Bened:0.0020;ов:0.0018;zu:0.0016;▁Krieg:0.0013
<|extra_0|>,reserved_special,7,5,29534,|,29535,>,layer_27,▁Мекси,5.2e-05,7273,1701,1701,▁|,0.014807,161,5,5,▁Мекси:0.0001;▁kennis:0.0001;▸:0.0001;▁Насе:0.0001;▁biologie:0.0001,▁|:0.0148;|\:0.0039;]:0.0033;[:0.0030;>:0.0022
<|extra_0|>,reserved_special,7,5,29534,|,29535,>,layer_28,▁Мекси,5.4e-05,3601,266,266,▁|,0.026474,27,2,2,▁Мекси:0.0001;▸:0.0001;▁dévelop:0.0001;▁Fuß:0.0001;げ:0.0001,▁|:0.0265;>:0.0110;|\:0.0104;]:0.0050;~:0.0029
<|extra_0|>,reserved_special,7,5,29534,|,29535,>,layer_29,▁|,5.4e-05,128,5,5,▁|,0.176015,7,2,2,▁|:0.0001;|\:0.0001;▁Мекси:0.0000;▸:0.0000;>:0.0000,▁|:0.1760;>:0.0610;|\:0.0472;~:0.0055;)|:0.0044
<|extra_0|>,reserved_special,7,5,29534,|,29535,>,layer_31,>,6.7e-05,20,1,1,>,0.124592,18,1,1,>:0.0001;▁extra:0.0001;|\:0.0001;▁Extra:0.0001;▁|:0.0001,">:0.1246;▁extra:0.0490;|\:0.0297;,:0.0200;▁:0.0179"
<|extra_0|>,reserved_special,7,5,29534,|,29535,>,layer_32,>,0.000108,81,1,1,>,0.220866,70,1,1,">:0.0001;,:0.0001;<0x0A>:0.0001;):0.0001;]:0.0001",">:0.2209;,:0.0377;):0.0332;}:0.0332;<0x0A>:0.0300"
<|extra_0|>,reserved_special,7,5,29534,|,29535,>,final_logits,>,0.215955,69,1,1,,,,,,">:0.2160;,:0.0375;}:0.0331;):0.0331;<0x0A>:0.0302",
<|extra_0|>,reserved_special,7,6,29535,>,,|,emb,unda,3.1e-05,32747,,17653,rito,0.000323,32760,,17198,"unda:0.0000;rito:0.0000;rian:0.0000;\"":0.0000;voir:0.0000",rito:0.0003;rian:0.0003;oby:0.0003;voir:0.0003;unda:0.0003
<|extra_0|>,reserved_special,7,6,29535,>,,|,layer_1,plaatst,3.1e-05,30962,,19784,▁/******/,0.004548,30935,,14765,plaatst:0.0000;esen:0.0000;▁/******/:0.0000;▁kennis:0.0000;ungs:0.0000,▁/******/:0.0045;ści:0.0016;▁pron:0.0016;esen:0.0015;wie:0.0014
<|extra_0|>,reserved_special,7,6,29535,>,,|,layer_2,▁/******/,3.1e-05,25798,,20959,▁/******/,0.00416,28083,,22815,▁/******/:0.0000;▁lat:0.0000;▁cum:0.0000;▁Lat:0.0000;cq:0.0000,▁/******/:0.0042;▁lat:0.0022;▁top:0.0015;ней:0.0015;bey:0.0014
<|extra_0|>,reserved_special,7,6,29535,>,,|,layer_4,▁/******/,3.1e-05,26504,,31793,▁/******/,0.402411,26530,,31399,▁/******/:0.0000;▁Peak:0.0000;мир:0.0000;IFT:0.0000;iga:0.0000,▁/******/:0.4024;мир:0.0044;▁Peak:0.0017;IFT:0.0008;▁pedest:0.0007
<|extra_0|>,reserved_special,7,6,29535,>,,|,layer_7,ỹ,3.1e-05,17706,,30948,ENDOR,0.004228,16962,,30387,ỹ:0.0000;ENDOR:0.0000;仁:0.0000;▁Украї:0.0000;향:0.0000,ENDOR:0.0042;лко:0.0027;ství:0.0024;ỹ:0.0018;ám:0.0017
<|extra_0|>,reserved_special,7,6,29535,>,,|,layer_11,▁/******/,3.3e-05,5615,,23762,▁/******/,0.027244,3909,,19329,▁/******/:0.0000;▁bewerken:0.0000;TDM:0.0000;▁kennis:0.0000;▁préc:0.0000,▁/******/:0.0272;ialis:0.0027;ether:0.0023;zem:0.0019;☼:0.0019
<|extra_0|>,reserved_special,7,6,29535,>,,|,layer_14,▁bewerken,3.4e-05,15070,,19461,ství,0.004243,13056,,13839,▁bewerken:0.0000;▁kennis:0.0000;TDM:0.0000;ỹ:0.0000;≡:0.0000,ství:0.0042;trm:0.0023;TDM:0.0022;ttp:0.0021;onel:0.0020
<|extra_0|>,reserved_special,7,6,29535,>,,|,layer_18,Ī,3.7e-05,24457,,21656,▁Ú,0.002389,18881,,12997,Ī:0.0000;▁Fuß:0.0000;▁kennis:0.0000;ٹ:0.0000;▁Мекси:0.0000,▁Ú:0.0024;keley:0.0017;▁shall:0.0016;zem:0.0015;vp:0.0013
<|extra_0|>,reserved_special,7,6,29535,>,,|,layer_21,げ,4.2e-05,32011,,5012,ов,0.00382,29813,,183,げ:0.0000;▁Насе:0.0000;▁biologie:0.0000;ов:0.0000;ٹ:0.0000,ов:0.0038;げ:0.0021;zem:0.0019;▁|:0.0015;▁Насе:0.0014
<|extra_0|>,reserved_special,7,6,29535,>,,|,layer_23,げ,4.6e-05,29014,,935,▁|,0.004688,18314,,5,げ:0.0000;▁Насе:0.0000;▁Мекси:0.0000;▁biologie:0.0000;▁Украї:0.0000,▁|:0.0047;ов:0.0028;げ:0.0028;▁<:0.0024;|:0.0023
<|extra_0|>,reserved_special,7,6,29535,>,,|,layer_25,▁biologie,5.1e-05,18754,,2021,▁|,0.005028,2622,,3,▁biologie:0.0001;▁Мекси:0.0001;げ:0.0000;Ż:0.0000;Ζ:0.0000,▁|:0.0050;げ:0.0021;|:0.0018;ов:0.0018;▁>:0.0018
<|extra_0|>,reserved_special,7,6,29535,>,,|,layer_27,げ,5.3e-05,9270,,63,|,0.04609,323,,1,げ:0.0001;Ż:0.0001;▁Мекси:0.0001;▁biologie:0.0001;Ζ:0.0001,|:0.0461;▁<:0.0235;▁|:0.0218;▁=:0.0061;<:0.0057
<|extra_0|>,reserved_special,7,6,29535,>,,|,layer_28,げ,5.3e-05,6592,,46,|,0.041942,167,,1,げ:0.0001;▁Мекси:0.0001;Ż:0.0001;scriptstyle:0.0001;▁biologie:0.0001,|:0.0419;▁<:0.0187;▁|:0.0177;▁=:0.0090;<:0.0059
<|extra_0|>,reserved_special,7,6,29535,>,,|,layer_29,|,5e-05,10809,,1,|,0.077367,1156,,1,|:0.0000;げ:0.0000;▁Мекси:0.0000;▁|:0.0000;Ż:0.0000,|:0.0774;▁=:0.0394;▁|:0.0297;▁+:0.0093;`:0.0087
<|extra_0|>,reserved_special,7,6,29535,>,,|,layer_31,|,8.4e-05,2915,,1,|,0.461482,1360,,1,|:0.0001;▁|:0.0001;▁<:0.0001;`:0.0001;<0x0A>:0.0001,|:0.4615;<0x0A>:0.0438;▁|:0.0344;▁<:0.0283;`:0.0264
<|extra_0|>,reserved_special,7,6,29535,>,,|,layer_32,<0x0A>,0.000138,301,,2,|,0.197583,340,,1,<0x0A>:0.0001;|:0.0001;▁:0.0001;`:0.0001;▁=:0.0001,|:0.1976;<0x0A>:0.1535;`:0.0612;▁=:0.0571;▁|:0.0350
<|extra_0|>,reserved_special,7,6,29535,>,,|,final_logits,|,0.200242,340,,1,,,,,,|:0.2002;<0x0A>:0.1559;`:0.0611;▁=:0.0574;▁|:0.0348,
<unk>,unk_token,1,0,0,<unk>,,▁,emb,[TOOL_RESULTS],3.1e-05,9565,,27275,[TOOL_RESULTS],3.1e-05,7978,,27987,[TOOL_RESULTS]:0.0000;[/TOOL_RESULTS]:0.0000;[/INST]:0.0000;[/AVAILABLE_TOOLS]:0.0000;[TOOL_CALLS]:0.0000,[TOOL_RESULTS]:0.0000;[/TOOL_RESULTS]:0.0000;[/INST]:0.0000;[/AVAILABLE_TOOLS]:0.0000;[TOOL_CALLS]:0.0000
<unk>,unk_token,1,0,0,<unk>,,▁,layer_1,[TOOL_RESULTS],3.1e-05,17256,,17527,[TOOL_RESULTS],3.1e-05,14694,,21392,[TOOL_RESULTS]:0.0000;[/TOOL_RESULTS]:0.0000;[/INST]:0.0000;[/AVAILABLE_TOOLS]:0.0000;[TOOL_CALLS]:0.0000,[TOOL_RESULTS]:0.0000;[/TOOL_RESULTS]:0.0000;[/INST]:0.0000;[/AVAILABLE_TOOLS]:0.0000;[TOOL_CALLS]:0.0000
<unk>,unk_token,1,0,0,<unk>,,▁,layer_2,[TOOL_RESULTS],3.1e-05,18818,,13437,[TOOL_RESULTS],3.1e-05,16759,,15396,[TOOL_RESULTS]:0.0000;[/TOOL_RESULTS]:0.0000;[/INST]:0.0000;[/AVAILABLE_TOOLS]:0.0000;[TOOL_CALLS]:0.0000,[TOOL_RESULTS]:0.0000;[/TOOL_RESULTS]:0.0000;[/INST]:0.0000;[/AVAILABLE_TOOLS]:0.0000;[TOOL_CALLS]:0.0000
<unk>,unk_token,1,0,0,<unk>,,▁,layer_4,[TOOL_RESULTS],3.1e-05,9716,,529,[TOOL_RESULTS],3.1e-05,6399,,1879,[TOOL_RESULTS]:0.0000;[/TOOL_RESULTS]:0.0000;[/INST]:0.0000;[/AVAILABLE_TOOLS]:0.0000;[TOOL_CALLS]:0.0000,[TOOL_RESULTS]:0.0000;[/TOOL_RESULTS]:0.0000;[/INST]:0.0000;[/AVAILABLE_TOOLS]:0.0000;[TOOL_CALLS]:0.0000
<unk>,unk_token,1,0,0,<unk>,,▁,layer_7,[TOOL_RESULTS],3.1e-05,29953,,52,[TOOL_RESULTS],3.1e-05,30316,,23,[TOOL_RESULTS]:0.0000;[/TOOL_RESULTS]:0.0000;[/INST]:0.0000;[/AVAILABLE_TOOLS]:0.0000;[TOOL_CALLS]:0.0000,[TOOL_RESULTS]:0.0000;[/TOOL_RESULTS]:0.0000;[/INST]:0.0000;[/AVAILABLE_TOOLS]:0.0000;[TOOL_CALLS]:0.0000
<unk>,unk_token,1,0,0,<unk>,,▁,layer_11,[TOOL_RESULTS],3.1e-05,26501,,760,[TOOL_RESULTS],3.1e-05,24947,,3149,[TOOL_RESULTS]:0.0000;[/TOOL_RESULTS]:0.0000;[/INST]:0.0000;[/AVAILABLE_TOOLS]:0.0000;[TOOL_CALLS]:0.0000,[TOOL_RESULTS]:0.0000;[/TOOL_RESULTS]:0.0000;[/INST]:0.0000;[/AVAILABLE_TOOLS]:0.0000;[TOOL_CALLS]:0.0000
<unk>,unk_token,1,0,0,<unk>,,▁,layer_14,[TOOL_RESULTS],3.1e-05,5999,,27873,[TOOL_RESULTS],3.1e-05,7214,,26365,[TOOL_RESULTS]:0.0000;[/TOOL_RESULTS]:0.0000;[/INST]:0.0000;[/AVAILABLE_TOOLS]:0.0000;[TOOL_CALLS]:0.0000,[TOOL_RESULTS]:0.0000;[/TOOL_RESULTS]:0.0000;[/INST]:0.0000;[/AVAILABLE_TOOLS]:0.0000;[TOOL_CALLS]:0.0000
<unk>,unk_token,1,0,0,<unk>,,▁,layer_18,[TOOL_RESULTS],3.1e-05,30319,,219,[TOOL_RESULTS],3.1e-05,29445,,401,[TOOL_RESULTS]:0.0000;[/TOOL_RESULTS]:0.0000;[/INST]:0.0000;[/AVAILABLE_TOOLS]:0.0000;[TOOL_CALLS]:0.0000,[TOOL_RESULTS]:0.0000;[/TOOL_RESULTS]:0.0000;[/INST]:0.0000;[/AVAILABLE_TOOLS]:0.0000;[TOOL_CALLS]:0.0000
<unk>,unk_token,1,0,0,<unk>,,▁,layer_21,[TOOL_RESULTS],3.1e-05,12587,,29555,[TOOL_RESULTS],3.1e-05,14070,,25354,[TOOL_RESULTS]:0.0000;[/TOOL_RESULTS]:0.0000;[/INST]:0.0000;[/AVAILABLE_TOOLS]:0.0000;[TOOL_CALLS]:0.0000,[TOOL_RESULTS]:0.0000;[/TOOL_RESULTS]:0.0000;[/INST]:0.0000;[/AVAILABLE_TOOLS]:0.0000;[TOOL_CALLS]:0.0000
<unk>,unk_token,1,0,0,<unk>,,▁,layer_23,[TOOL_RESULTS],3.1e-05,9815,,21408,▁~=,3.1e-05,8194,,20417,[TOOL_RESULTS]:0.0000;[/TOOL_RESULTS]:0.0000;[/INST]:0.0000;[/AVAILABLE_TOOLS]:0.0000;[TOOL_CALLS]:0.0000,▁~=:0.0000;▁Cath:0.0000;ymbol:0.0000;irection:0.0000;tl:0.0000
<unk>,unk_token,1,0,0,<unk>,,▁,layer_25,itta,3.1e-05,25084,,4018,igne,3.1e-05,26365,,2661,itta:0.0000;rake:0.0000;owing:0.0000;igne:0.0000;opy:0.0000,igne:0.0000;owing:0.0000;rake:0.0000;itta:0.0000;opy:0.0000
<unk>,unk_token,1,0,0,<unk>,,▁,layer_27,ienne,3.1e-05,16891,,2133,iem,0.00023,16572,,3564,ienne:0.0000;idy:0.0000;iem:0.0000;▁BT:0.0000;▁Rein:0.0000,iem:0.0002;ienne:0.0002;idy:0.0002;▁BT:0.0002;▁Lin:0.0002
<unk>,unk_token,1,0,0,<unk>,,▁,layer_28,amen,3.9e-05,4498,,29456,amen,0.00715,3074,,32293,"amen:0.0000;leans:0.0000;rael:0.0000;stract:0.0000;▁–,:0.0000","amen:0.0072;leans:0.0060;iento:0.0038;blic:0.0038;▁–,:0.0032"
<unk>,unk_token,1,0,0,<unk>,,▁,layer_29,▁,0.000113,29547,,1,▁,0.028064,31506,,1,▁:0.0001;-:0.0001;▁the:0.0001;▁a:0.0001;▁(:0.0001,▁:0.0281;▁the:0.0142;-:0.0132;▁a:0.0116;▁(:0.0100
<unk>,unk_token,1,0,0,<unk>,,▁,layer_31,▁,0.000119,30670,,1,▁,0.026886,31615,,1,"▁:0.0001;-:0.0001;▁the:0.0001;,:0.0001;<0x0A>:0.0001","▁:0.0269;-:0.0183;<0x0A>:0.0130;,:0.0114;▁(:0.0097"
<unk>,unk_token,1,0,0,<unk>,,▁,layer_32,▁,0.000167,31625,,1,▁,0.080945,31735,,1,▁:0.0002;▁The:0.0001;▁A:0.0001;▁In:0.0001;▁R:0.0001,▁:0.0809;▁A:0.0269;▁In:0.0220;▁The:0.0206;▁R:0.0204
<unk>,unk_token,1,0,0,<unk>,,▁,final_logits,▁,0.081992,31686,,1,,,,,,▁:0.0820;▁A:0.0266;▁In:0.0221;▁The:0.0207;▁R:0.0201,
<s>,special_bos,1,0,1,<s>,,▁#,emb,ocker,3.1e-05,9195,,4318,ocker,0.000982,5500,,5725,ocker:0.0000;äger:0.0000;ennen:0.0000;egy:0.0000;kee:0.0000,ocker:0.0010;äger:0.0008;ennen:0.0008;alue:0.0007;érc:0.0006
<s>,special_bos,1,0,1,<s>,,▁#,layer_1,yll,3.4e-05,4572,,22159,yll,0.005684,4686,,21329,yll:0.0000;ieux:0.0000;kers:0.0000;ota:0.0000;amba:0.0000,yll:0.0057;ieux:0.0055;efore:0.0038;amba:0.0033;ota:0.0032
<s>,special_bos,1,0,1,<s>,,▁#,layer_2,▁kennis,0.672324,5564,,18237,▁kennis,0.000799,4725,,9021,▁kennis:0.6723;▁biologie:0.0839;▁Fuß:0.0787;▁bekan:0.0374;▁dévelop:0.0179,▁kennis:0.0008;▁biologie:0.0007;▁artikel:0.0004;▁dévelop:0.0004;▁besk:0.0004
<s>,special_bos,1,0,1,<s>,,▁#,layer_4,▁kennis,0.672006,5564,,18228,▁kennis,0.000798,4704,,9022,▁kennis:0.6720;▁biologie:0.0840;▁Fuß:0.0787;▁bekan:0.0374;▁dévelop:0.0179,▁kennis:0.0008;▁biologie:0.0007;▁artikel:0.0004;▁dévelop:0.0004;▁besk:0.0004
<s>,special_bos,1,0,1,<s>,,▁#,layer_7,▁kennis,0.671108,5565,,18212,▁kennis,0.000796,4693,,9000,▁kennis:0.6711;▁biologie:0.0841;▁Fuß:0.0789;▁bekan:0.0375;▁dévelop:0.0180,▁kennis:0.0008;▁biologie:0.0007;▁artikel:0.0004;▁dévelop:0.0004;▁besk:0.0004
<s>,special_bos,1,0,1,<s>,,▁#,layer_11,▁kennis,0.672839,5566,,18214,▁kennis,0.000809,4708,,9093,▁kennis:0.6728;▁biologie:0.0848;▁Fuß:0.0780;▁bekan:0.0369;▁dévelop:0.0180,▁kennis:0.0008;▁biologie:0.0007;▁artikel:0.0004;▁dévelop:0.0004;▁besk:0.0004
<s>,special_bos,1,0,1,<s>,,▁#,layer_14,▁kennis,0.675731,5565,,18232,▁kennis,0.000827,4686,,9152,▁kennis:0.6757;▁biologie:0.0846;▁Fuß:0.0771;▁bekan:0.0362;▁dévelop:0.0179,▁kennis:0.0008;▁biologie:0.0007;▁artikel:0.0004;▁dévelop:0.0004;▁besk:0.0004
<s>,special_bos,1,0,1,<s>,,▁#,layer_18,▁kennis,0.672921,5565,,18201,▁kennis,0.000836,4644,,9099,▁kennis:0.6729;▁biologie:0.0851;▁Fuß:0.0776;▁bekan:0.0361;▁dévelop:0.0181,▁kennis:0.0008;▁biologie:0.0007;▁artikel:0.0004;▁dévelop:0.0004;▁besk:0.0004
<s>,special_bos,1,0,1,<s>,,▁#,layer_21,▁kennis,0.694338,5581,,18448,▁kennis,0.000897,4804,,9739,▁kennis:0.6943;▁biologie:0.0842;▁Fuß:0.0725;▁bekan:0.0330;▁dévelop:0.0168,▁kennis:0.0009;▁biologie:0.0008;▁artikel:0.0005;▁besk:0.0004;▁dévelop:0.0004
<s>,special_bos,1,0,1,<s>,,▁#,layer_23,▁kennis,0.693974,5576,,18375,▁kennis,0.000901,4785,,9485,▁kennis:0.6940;▁biologie:0.0847;▁Fuß:0.0725;▁bekan:0.0331;▁dévelop:0.0169,▁kennis:0.0009;▁biologie:0.0008;▁artikel:0.0005;▁besk:0.0004;▁dévelop:0.0004
<s>,special_bos,1,0,1,<s>,,▁#,layer_25,▁kennis,0.693461,5577,,18329,▁kennis,0.000897,4819,,9356,▁kennis:0.6935;▁biologie:0.0846;▁Fuß:0.0729;▁bekan:0.0332;▁dévelop:0.0168,▁kennis:0.0009;▁biologie:0.0008;▁artikel:0.0005;▁besk:0.0004;▁dévelop:0.0004
<s>,special_bos,1,0,1,<s>,,▁#,layer_27,▁kennis,0.693006,5580,,18235,▁kennis,0.000892,4917,,9105,▁kennis:0.6930;▁biologie:0.0844;▁Fuß:0.0734;▁bekan:0.0332;▁dévelop:0.0167,▁kennis:0.0009;▁biologie:0.0008;▁artikel:0.0005;▁besk:0.0004;▁dévelop:0.0004
<s>,special_bos,1,0,1,<s>,,▁#,layer_28,▁kennis,0.68846,5585,,18176,▁kennis,0.000873,4977,,8932,▁kennis:0.6885;▁biologie:0.0849;▁Fuß:0.0742;▁bekan:0.0335;plaat:0.0169,▁kennis:0.0009;▁biologie:0.0007;▁artikel:0.0005;▁besk:0.0004;▁dévelop:0.0004
<s>,special_bos,1,0,1,<s>,,▁#,layer_29,▁kennis,0.680851,5580,,17793,▁kennis,0.000858,4865,,7972,▁kennis:0.6809;▁biologie:0.0863;▁Fuß:0.0755;▁bekan:0.0349;plaat:0.0172,▁kennis:0.0009;▁biologie:0.0007;▁artikel:0.0005;▁besk:0.0004;▁dévelop:0.0004
<s>,special_bos,1,0,1,<s>,,▁#,layer_31,▁kennis,0.524421,5935,,12684,▁/******/,0.002954,16176,,190,▁kennis:0.5244;▁Fuß:0.1181;▁biologie:0.0685;▁bekan:0.0588;plaat:0.0284,▁/******/:0.0030;▁Q:0.0015;▁Question:0.0011;Q:0.0008;▁kennis:0.0006
<s>,special_bos,1,0,1,<s>,,▁#,layer_32,▁#,0.090071,26999,,1,▁#,0.270924,31806,,1,▁#:0.0901;▁Fuß:0.0435;▁##:0.0424;▁kennis:0.0389;▁###:0.0314,▁#:0.2709;▁##:0.0873;▁###:0.0600;▁The:0.0321;▁User:0.0303
<s>,special_bos,1,0,1,<s>,,▁#,final_logits,▁#,0.274934,31806,,1,,,,,,▁#:0.2749;▁##:0.0893;▁###:0.0576;▁The:0.0328;▁User:0.0308,
</s>,special_eos,1,0,2,</s>,,клю,emb,▁correlation,3.1e-05,11205,,21740,▁correlation,0.00026,13348,,19255,▁correlation:0.0000;vue:0.0000;eller:0.0000;iger:0.0000;▁interference:0.0000,▁correlation:0.0003;vue:0.0002;eller:0.0002;▁interference:0.0002;iger:0.0002
</s>,special_eos,1,0,2,</s>,,клю,layer_1,▁biologie,3.1e-05,2399,,13112,▁nos,0.00108,907,,27949,▁biologie:0.0000;▸:0.0000;▁klik:0.0000;ķ:0.0000;шта:0.0000,▁nos:0.0011;▁bases:0.0010;▁dat:0.0010;▁Commonwealth:0.0009;▁mog:0.0008
</s>,special_eos,1,0,2,</s>,,клю,layer_2,▁kennis,0.000108,32393,,1597,▁Fuß,0.000297,32259,,1715,▁kennis:0.0001;▁Fuß:0.0001;▁biologie:0.0001;▁bekan:0.0001;plaat:0.0001,▁Fuß:0.0003;▁kennis:0.0003;▁biologie:0.0003;▁bekan:0.0003;ٰ:0.0003
</s>,special_eos,1,0,2,</s>,,клю,layer_4,▁kennis,0.000108,32410,,1593,▁Fuß,0.000304,32477,,1664,▁kennis:0.0001;▁Fuß:0.0001;▁biologie:0.0001;▁bekan:0.0001;plaat:0.0001,▁Fuß:0.0003;▁biologie:0.0003;▁kennis:0.0003;▁bekan:0.0003;ٰ:0.0003
</s>,special_eos,1,0,2,</s>,,клю,layer_7,▁kennis,0.000106,32393,,1574,▁biologie,0.000323,32289,,1631,▁kennis:0.0001;▁Fuß:0.0001;▁biologie:0.0001;▁bekan:0.0001;plaat:0.0001,▁biologie:0.0003;▁Fuß:0.0003;▁kennis:0.0003;ٰ:0.0003;▁bekan:0.0003
</s>,special_eos,1,0,2,</s>,,клю,layer_11,▁kennis,0.0001,32331,,1546,▁biologie,0.000506,29631,,1527,▁kennis:0.0001;▁Fuß:0.0001;▁biologie:0.0001;▁bekan:0.0001;plaat:0.0001,▁biologie:0.0005;▁kennis:0.0004;scriptstyle:0.0003;▁Fuß:0.0003;▁dévelop:0.0003
</s>,special_eos,1,0,2,</s>,,клю,layer_14,▁kennis,9.5e-05,32235,,1558,▁kennis,0.00069,25405,,1750,▁kennis:0.0001;▁Fuß:0.0001;▁biologie:0.0001;▁bekan:0.0001;plaat:0.0001,▁kennis:0.0007;▁biologie:0.0006;▁Fuß:0.0003;scriptstyle:0.0003;Ż:0.0003
</s>,special_eos,1,0,2,</s>,,клю,layer_18,▁kennis,4.7e-05,31948,,2823,▁kennis,0.003194,28065,,23808,▁kennis:0.0000;▁Fuß:0.0000;scriptstyle:0.0000;plaat:0.0000;▁bekan:0.0000,▁kennis:0.0032;<0xBD>:0.0010;évrier:0.0009;▁ál:0.0009;Dit:0.0008
</s>,special_eos,1,0,2,</s>,,клю,layer_21,▁kennis,8.5e-05,30872,,3230,▁Initialized,0.002557,25411,,26080,▁kennis:0.0001;▁Fuß:0.0001;▁bekan:0.0001;plaat:0.0001;ниш:0.0001,▁Initialized:0.0026;ieme:0.0016;<s>:0.0015;▁kennis:0.0009;ici:0.0008
</s>,special_eos,1,0,2,</s>,,клю,layer_23,▁kennis,0.000117,31000,,2413,▁Initialized,0.003354,24191,,17730,▁kennis:0.0001;▁Fuß:0.0001;▁bekan:0.0001;scriptstyle:0.0001;plaat:0.0001,▁Initialized:0.0034;ieme:0.0032;<s>:0.0023;▁kennis:0.0009;Dit:0.0008
</s>,special_eos,1,0,2,</s>,,клю,layer_25,▁kennis,0.000108,30720,,1949,ieme,0.0046,23890,,11279,▁kennis:0.0001;▁Fuß:0.0001;▁bekan:0.0001;scriptstyle:0.0001;plaat:0.0001,ieme:0.0046;▁Initialized:0.0031;<s>:0.0028;verso:0.0011;▁EXPORT:0.0008
</s>,special_eos,1,0,2,</s>,,клю,layer_27,▁Fuß,9e-05,30503,,1580,ieme,0.004334,22807,,5789,▁Fuß:0.0001;▁kennis:0.0001;plaat:0.0001;scriptstyle:0.0001;▁bekan:0.0001,ieme:0.0043;<s>:0.0042;verso:0.0041;▁Initialized:0.0036;colo:0.0025
</s>,special_eos,1,0,2,</s>,,клю,layer_28,plaat,8.2e-05,27859,,870,colo,0.005892,16583,,2164,plaat:0.0001;▁Fuß:0.0001;scriptstyle:0.0001;▁kennis:0.0001;▁biologie:0.0001,colo:0.0059;<s>:0.0032;verso:0.0031;ieme:0.0026;Dit:0.0026
</s>,special_eos,1,0,2,</s>,,клю,layer_29,▁Fuß,6.4e-05,31214,,995,colo,0.005041,27226,,3345,▁Fuß:0.0001;plaat:0.0001;▁kennis:0.0001;▁biologie:0.0001;scriptstyle:0.0001,colo:0.0050;<s>:0.0030;verso:0.0015;inations:0.0015;Dit:0.0014
</s>,special_eos,1,0,2,</s>,,клю,layer_31,<0xD3>,5.3e-05,19507,,32,▁Nich,0.004044,14561,,87,<0xD3>:0.0001;▁artikel:0.0001;ð:0.0001;ниш:0.0001;◄:0.0001,▁Nich:0.0040;colo:0.0040;▁Society:0.0035;ó:0.0034;l:0.0033
</s>,special_eos,1,0,2,</s>,,клю,layer_32,paren,5.5e-05,22255,,2,клю,0.01722,16615,,1,paren:0.0001;клю:0.0001;colo:0.0001;ља:0.0001;uits:0.0001,клю:0.0172;ду:0.0098;ља:0.0072;望:0.0068;сле:0.0053
</s>,special_eos,1,0,2,</s>,,клю,final_logits,клю,0.016778,16587,,1,,,,,,клю:0.0168;ду:0.0096;ља:0.0070;望:0.0066;сле:0.0053,
<unk>,special_unk,1,0,0,<unk>,,▁,emb,[TOOL_RESULTS],3.1e-05,9565,,27275,[TOOL_RESULTS],3.1e-05,7978,,27987,[TOOL_RESULTS]:0.0000;[/TOOL_RESULTS]:0.0000;[/INST]:0.0000;[/AVAILABLE_TOOLS]:0.0000;[TOOL_CALLS]:0.0000,[TOOL_RESULTS]:0.0000;[/TOOL_RESULTS]:0.0000;[/INST]:0.0000;[/AVAILABLE_TOOLS]:0.0000;[TOOL_CALLS]:0.0000
<unk>,special_unk,1,0,0,<unk>,,▁,layer_1,[TOOL_RESULTS],3.1e-05,17256,,17527,[TOOL_RESULTS],3.1e-05,14694,,21392,[TOOL_RESULTS]:0.0000;[/TOOL_RESULTS]:0.0000;[/INST]:0.0000;[/AVAILABLE_TOOLS]:0.0000;[TOOL_CALLS]:0.0000,[TOOL_RESULTS]:0.0000;[/TOOL_RESULTS]:0.0000;[/INST]:0.0000;[/AVAILABLE_TOOLS]:0.0000;[TOOL_CALLS]:0.0000
<unk>,special_unk,1,0,0,<unk>,,▁,layer_2,[TOOL_RESULTS],3.1e-05,18818,,13437,[TOOL_RESULTS],3.1e-05,16759,,15396,[TOOL_RESULTS]:0.0000;[/TOOL_RESULTS]:0.0000;[/INST]:0.0000;[/AVAILABLE_TOOLS]:0.0000;[TOOL_CALLS]:0.0000,[TOOL_RESULTS]:0.0000;[/TOOL_RESULTS]:0.0000;[/INST]:0.0000;[/AVAILABLE_TOOLS]:0.0000;[TOOL_CALLS]:0.0000
<unk>,special_unk,1,0,0,<unk>,,▁,layer_4,[TOOL_RESULTS],3.1e-05,9716,,529,[TOOL_RESULTS],3.1e-05,6399,,1879,[TOOL_RESULTS]:0.0000;[/TOOL_RESULTS]:0.0000;[/INST]:0.0000;[/AVAILABLE_TOOLS]:0.0000;[TOOL_CALLS]:0.0000,[TOOL_RESULTS]:0.0000;[/TOOL_RESULTS]:0.0000;[/INST]:0.0000;[/AVAILABLE_TOOLS]:0.0000;[TOOL_CALLS]:0.0000
<unk>,special_unk,1,0,0,<unk>,,▁,layer_7,[TOOL_RESULTS],3.1e-05,29953,,52,[TOOL_RESULTS],3.1e-05,30316,,23,[TOOL_RESULTS]:0.0000;[/TOOL_RESULTS]:0.0000;[/INST]:0.0000;[/AVAILABLE_TOOLS]:0.0000;[TOOL_CALLS]:0.0000,[TOOL_RESULTS]:0.0000;[/TOOL_RESULTS]:0.0000;[/INST]:0.0000;[/AVAILABLE_TOOLS]:0.0000;[TOOL_CALLS]:0.0000
<unk>,special_unk,1,0,0,<unk>,,▁,layer_11,[TOOL_RESULTS],3.1e-05,26501,,760,[TOOL_RESULTS],3.1e-05,24947,,3149,[TOOL_RESULTS]:0.0000;[/TOOL_RESULTS]:0.0000;[/INST]:0.0000;[/AVAILABLE_TOOLS]:0.0000;[TOOL_CALLS]:0.0000,[TOOL_RESULTS]:0.0000;[/TOOL_RESULTS]:0.0000;[/INST]:0.0000;[/AVAILABLE_TOOLS]:0.0000;[TOOL_CALLS]:0.0000
<unk>,special_unk,1,0,0,<unk>,,▁,layer_14,[TOOL_RESULTS],3.1e-05,5999,,27873,[TOOL_RESULTS],3.1e-05,7214,,26365,[TOOL_RESULTS]:0.0000;[/TOOL_RESULTS]:0.0000;[/INST]:0.0000;[/AVAILABLE_TOOLS]:0.0000;[TOOL_CALLS]:0.0000,[TOOL_RESULTS]:0.0000;[/TOOL_RESULTS]:0.0000;[/INST]:0.0000;[/AVAILABLE_TOOLS]:0.0000;[TOOL_CALLS]:0.0000
<unk>,special_unk,1,0,0,<unk>,,▁,layer_18,[TOOL_RESULTS],3.1e-05,30319,,219,[TOOL_RESULTS],3.1e-05,29445,,401,[TOOL_RESULTS]:0.0000;[/TOOL_RESULTS]:0.0000;[/INST]:0.0000;[/AVAILABLE_TOOLS]:0.0000;[TOOL_CALLS]:0.0000,[TOOL_RESULTS]:0.0000;[/TOOL_RESULTS]:0.0000;[/INST]:0.0000;[/AVAILABLE_TOOLS]:0.0000;[TOOL_CALLS]:0.0000
<unk>,special_unk,1,0,0,<unk>,,▁,layer_21,[TOOL_RESULTS],3.1e-05,12587,,29555,[TOOL_RESULTS],3.1e-05,14070,,25354,[TOOL_RESULTS]:0.0000;[/TOOL_RESULTS]:0.0000;[/INST]:0.0000;[/AVAILABLE_TOOLS]:0.0000;[TOOL_CALLS]:0.0000,[TOOL_RESULTS]:0.0000;[/TOOL_RESULTS]:0.0000;[/INST]:0.0000;[/AVAILABLE_TOOLS]:0.0000;[TOOL_CALLS]:0.0000
<unk>,special_unk,1,0,0,<unk>,,▁,layer_23,[TOOL_RESULTS],3.1e-05,9815,,21408,▁~=,3.1e-05,8194,,20417,[TOOL_RESULTS]:0.0000;[/TOOL_RESULTS]:0.0000;[/INST]:0.0000;[/AVAILABLE_TOOLS]:0.0000;[TOOL_CALLS]:0.0000,▁~=:0.0000;▁Cath:0.0000;ymbol:0.0000;irection:0.0000;tl:0.0000
<unk>,special_unk,1,0,0,<unk>,,▁,layer_25,itta,3.1e-05,25084,,4018,igne,3.1e-05,26365,,2661,itta:0.0000;rake:0.0000;owing:0.0000;igne:0.0000;opy:0.0000,igne:0.0000;owing:0.0000;rake:0.0000;itta:0.0000;opy:0.0000
<unk>,special_unk,1,0,0,<unk>,,▁,layer_27,ienne,3.1e-05,16891,,2133,iem,0.00023,16572,,3564,ienne:0.0000;idy:0.0000;iem:0.0000;▁BT:0.0000;▁Rein:0.0000,iem:0.0002;ienne:0.0002;idy:0.0002;▁BT:0.0002;▁Lin:0.0002
<unk>,special_unk,1,0,0,<unk>,,▁,layer_28,amen,3.9e-05,4498,,29456,amen,0.00715,3074,,32293,"amen:0.0000;leans:0.0000;rael:0.0000;stract:0.0000;▁–,:0.0000","amen:0.0072;leans:0.0060;iento:0.0038;blic:0.0038;▁–,:0.0032"
<unk>,special_unk,1,0,0,<unk>,,▁,layer_29,▁,0.000113,29547,,1,▁,0.028064,31506,,1,▁:0.0001;-:0.0001;▁the:0.0001;▁a:0.0001;▁(:0.0001,▁:0.0281;▁the:0.0142;-:0.0132;▁a:0.0116;▁(:0.0100
<unk>,special_unk,1,0,0,<unk>,,▁,layer_31,▁,0.000119,30670,,1,▁,0.026886,31615,,1,"▁:0.0001;-:0.0001;▁the:0.0001;,:0.0001;<0x0A>:0.0001","▁:0.0269;-:0.0183;<0x0A>:0.0130;,:0.0114;▁(:0.0097"
<unk>,special_unk,1,0,0,<unk>,,▁,layer_32,▁,0.000167,31625,,1,▁,0.080945,31735,,1,▁:0.0002;▁The:0.0001;▁A:0.0001;▁In:0.0001;▁R:0.0001,▁:0.0809;▁A:0.0269;▁In:0.0220;▁The:0.0206;▁R:0.0204
<unk>,special_unk,1,0,0,<unk>,,▁,final_logits,▁,0.081992,31686,,1,,,,,,▁:0.0820;▁A:0.0266;▁In:0.0221;▁The:0.0207;▁R:0.0201,
