word,category,n_tokens,pos,token_id,token,next_token_id,final_top1_token,probe,raw_top1,raw_top1_prob,raw_self_rank,raw_next_rank,raw_final1_rank,normed_top1,normed_top1_prob,normed_self_rank,normed_next_rank,normed_final1_rank,raw_top5,normed_top5
dog,common_noun,1,0,12240,dog,,dog,emb,dog,1.0,1,,1,dog,1.0,1,,1,dog:1.0000;▁dog:0.0000;Dog:0.0000;▁Dog:0.0000;▁DOG:0.0000,dog:1.0000;▁dog:0.0000;Dog:0.0000;▁Dog:0.0000;▁DOG:0.0000
dog,common_noun,1,0,12240,dog,,dog,layer_1,dog,1.0,1,,1,dog,1.0,1,,1,dog:1.0000;▁dog:0.0000;Dog:0.0000;▁Dog:0.0000;▁DOG:0.0000,dog:1.0000;▁dog:0.0000;Dog:0.0000;▁Dog:0.0000;▁DOG:0.0000
dog,common_noun,1,0,12240,dog,,dog,layer_2,<bos>,0.945896,2,,2,dog,1.0,1,,1,<bos>:0.9459;dog:0.0541;Dog:0.0000;▁dog:0.0000;▁Dog:0.0000,dog:1.0000;▁dog:0.0000;Dog:0.0000;▁Dog:0.0000;▁DOG:0.0000
dog,common_noun,1,0,12240,dog,,dog,layer_3,dog,0.99993,1,,1,dog,1.0,1,,1,dog:0.9999;Dog:0.0001;▁dog:0.0000;▁Dog:0.0000;▁DOG:0.0000,dog:1.0000;Dog:0.0000;▁dog:0.0000;▁Dog:0.0000;▁DOG:0.0000
dog,common_noun,1,0,12240,dog,,dog,layer_6,<bos>,0.999999,2,,2,dog,0.976048,1,,1,<bos>:1.0000;dog:0.0000;Dog:0.0000;▁يتيمه:0.0000;DOG:0.0000,dog:0.9760;▁يتيمه:0.0139;Dog:0.0097;▁Dog:0.0002;DOG:0.0001
dog,common_noun,1,0,12240,dog,,dog,layer_9,▁يتيمه,0.999895,2,,2,▁يتيمه,0.999996,2,,2,▁يتيمه:0.9999;dog:0.0000;▁DOG:0.0000;</thead>:0.0000;enumi:0.0000,▁يتيمه:1.0000;dog:0.0000;▁DOG:0.0000;Dog:0.0000;DOG:0.0000
dog,common_noun,1,0,12240,dog,,dog,layer_12,StandardCharsets,0.974967,154,,154,StandardCharsets,0.982616,18,,18,"StandardCharsets:0.9750;\{\\:0.0168;</thead>:0.0073;:0.0005;csolódó:0.0002","StandardCharsets:0.9826;</thead>:0.0082;\{\\:0.0053;Dog:0.0011;:0.0004"
dog,common_noun,1,0,12240,dog,,dog,layer_14,enumi,0.994829,241,,241,enumi,0.729241,64,,64,enumi:0.9948;StandardCharsets:0.0050;mouseup:0.0001;▁lainnya:0.0000;SafeMath:0.0000,enumi:0.7292;StandardCharsets:0.2306;mouseup:0.0225;readAs:0.0036;AddTagHelper:0.0024
dog,common_noun,1,0,12240,dog,,dog,layer_17,mouseup,0.543217,7,,7,mouseup,0.371468,3,,3,"mouseup:0.5432;enumi:0.3769;:0.0490;ImageIO:0.0110;ical:0.0064",mouseup:0.3715;Dog:0.1470;dog:0.1255;▁quæ:0.0641;DOG:0.0618
dog,common_noun,1,0,12240,dog,,dog,layer_19,▁houſe,0.974427,16,,16,▁houſe,0.939952,17,,17,▁houſe:0.9744;enumi:0.0254;▁ſtre:0.0002;▁ſmall:0.0000;ImageIO:0.0000,▁houſe:0.9400;▁ſtre:0.0552;enumi:0.0026;▁ſmall:0.0011;▁beſt:0.0003
dog,common_noun,1,0,12240,dog,,dog,layer_20,▁dogs,0.771495,3,,3,▁houſe,0.99639,3,,3,▁dogs:0.7715;▁dog:0.1852;dog:0.0295;▁houſe:0.0089;Dog:0.0047,▁houſe:0.9964;▁ſtre:0.0016;dog:0.0006;Dog:0.0004;▁Diſ:0.0002
dog,common_noun,1,0,12240,dog,,dog,layer_21,▁dog,0.911722,3,,3,▁houſe,0.998023,2,,2,"▁dog:0.9117;▁endless:0.0494;dog:0.0229;▁dogs:0.0130;:0.0016",▁houſe:0.9980;dog:0.0008;▁Houſe:0.0002;▁faſt:0.0001;▁ſta:0.0001
dog,common_noun,1,0,12240,dog,,dog,layer_23,▁dog,0.999814,2,,2,dog,0.867429,1,,1,▁dog:0.9998;dog:0.0002;▁dogs:0.0000;Dog:0.0000;▁Dog:0.0000,dog:0.8674;Dog:0.0962;▁dog:0.0289;▁Dog:0.0037;▁DOG:0.0027
dog,common_noun,1,0,12240,dog,,dog,layer_25,<eos>,1.0,379,,379,dog,0.507396,1,,1,"<eos>:1.0000;

:0.0000;-:0.0000;.:0.0000;▁(:0.0000","dog:0.5074;

:0.2149;do:0.1100;bed:0.0265;og:0.0264"
dog,common_noun,1,0,12240,dog,,dog,layer_26,<eos>,1.0,1544,,1544,dog,0.956829,1,,1,<eos>:1.0000;.:0.0000;▁(:0.0000;-:0.0000;▁and:0.0000,"dog:0.9568;log:0.0034;

:0.0030;tag:0.0028;do:0.0024"
dog,common_noun,1,0,12240,dog,,dog,final_logits,dog,0.935511,1,,1,,,,,,"dog:0.9355;log:0.0050;

:0.0043;tag:0.0041;do:0.0035",
table,common_noun,1,0,1785,table,,table,emb,table,1.0,1,,1,table,1.0,1,,1,table:1.0000;▁table:0.0000;Table:0.0000;▁Table:0.0000;TABLE:0.0000,table:1.0000;▁table:0.0000;Table:0.0000;▁Table:0.0000;<unk>:0.0000
table,common_noun,1,0,1785,table,,table,layer_1,table,1.0,1,,1,table,1.0,1,,1,table:1.0000;▁table:0.0000;Table:0.0000;▁Table:0.0000;TABLE:0.0000,table:1.0000;▁table:0.0000;Table:0.0000;▁Table:0.0000;TABLE:0.0000
table,common_noun,1,0,1785,table,,table,layer_2,table,0.87076,1,,1,table,1.0,1,,1,table:0.8708;<bos>:0.1292;▁table:0.0000;Table:0.0000;▁Table:0.0000,table:1.0000;▁table:0.0000;Table:0.0000;▁Table:0.0000;▁tables:0.0000
table,common_noun,1,0,1785,table,,table,layer_3,<bos>,0.9966,2,,2,table,0.999999,1,,1,<bos>:0.9966;table:0.0034;▁table:0.0000;Table:0.0000;▁Table:0.0000,table:1.0000;▁table:0.0000;Table:0.0000;▁Table:0.0000;▁tables:0.0000
table,common_noun,1,0,1785,table,,table,layer_6,<bos>,0.999933,6,,6,▁table,0.658535,5,,5,<bos>:0.9999;▁table:0.0000;▁tables:0.0000;Table:0.0000;▁Table:0.0000,▁table:0.6585;▁tables:0.2531;Table:0.0463;▁Table:0.0398;table:0.0023
table,common_noun,1,0,1785,table,,table,layer_9,▁Table,0.921297,8,,8,▁Table,0.941,5,,5,▁Table:0.9213;Table:0.0417;▁table:0.0225;enumi:0.0070;▁tables:0.0050,▁Table:0.9410;Table:0.0442;▁table:0.0099;▁tables:0.0040;table:0.0007
table,common_noun,1,0,1785,table,,table,layer_12,Παραπομπές,0.567251,251,,251,▁Table,0.396141,8,,8,Παραπομπές:0.5673;\{\\:0.1747;</thead>:0.1445;▁فريبيس:0.0469;▁houſe:0.0358,▁Table:0.3961;</thead>:0.3695;Table:0.1272;▁TABLE:0.0679;▁table:0.0073
table,common_noun,1,0,1785,table,,table,layer_14,enumi,0.998023,73,,73,enumi,0.866331,9,,9,enumi:0.9980;▁lainnya:0.0005;kolwiek:0.0004;.​:0.0001;\{\\:0.0001,enumi:0.8663;▁Table:0.0611;AddTagHelper:0.0278;▁TABLE:0.0139;Table:0.0098
table,common_noun,1,0,1785,table,,table,layer_17,▁table,0.715564,5,,5,▁Table,0.629584,5,,5,▁table:0.7156;▁Table:0.2841;▁TABLE:0.0002;Table:0.0001;table:0.0000,▁Table:0.6296;▁table:0.3656;▁TABLE:0.0027;Table:0.0017;table:0.0004
table,common_noun,1,0,1785,table,,table,layer_19,▁table,0.997641,7,,7,▁table,0.951891,6,,6,▁table:0.9976;▁Table:0.0024;▁TABLE:0.0000;Table:0.0000;▁houſe:0.0000,▁table:0.9519;▁Table:0.0368;▁houſe:0.0081;▁TABLE:0.0020;Table:0.0008
table,common_noun,1,0,1785,table,,table,layer_20,▁table,0.999976,4,,4,▁table,0.993225,6,,6,▁table:1.0000;▁Table:0.0000;Table:0.0000;table:0.0000;▁tables:0.0000,▁table:0.9932;▁Table:0.0064;Table:0.0002;▁TABLE:0.0001;▁tables:0.0000
table,common_noun,1,0,1785,table,,table,layer_21,▁table,0.999995,4,,4,▁table,0.690889,7,,7,▁table:1.0000;▁Table:0.0000;Table:0.0000;table:0.0000;▁location:0.0000,▁table:0.6909;▁houſe:0.2449;▁Table:0.0165;▁purpoſe:0.0157;▁TABLE:0.0156
table,common_noun,1,0,1785,table,,table,layer_23,▁table,1.0,2,,2,▁table,0.937675,2,,2,▁table:1.0000;table:0.0000;Table:0.0000;▁Table:0.0000;▁stable:0.0000,▁table:0.9377;table:0.0532;Table:0.0088;▁Table:0.0004;ToTable:0.0000
table,common_noun,1,0,1785,table,,table,layer_25,-,0.997402,2,,2,table,0.993568,1,,1,"-:0.9974;table:0.0026;.:0.0000;▁table:0.0000;
:0.0000",table:0.9936;Table:0.0063;▁table:0.0001;TABLE:0.0000;▁Table:0.0000
table,common_noun,1,0,1785,table,,table,layer_26,<eos>,0.99932,413,,413,table,0.792543,1,,1,"<eos>:0.9993;-:0.0007;.:0.0000;,:0.0000;▁(:0.0000",table:0.7925;stable:0.0214;cell:0.0138;able:0.0136;1:0.0135
table,common_noun,1,0,1785,table,,table,final_logits,table,0.62607,1,,1,,,,,,table:0.6261;stable:0.0313;cell:0.0213;able:0.0210;1:0.0208,
water,common_noun,1,0,6213,water,,water,emb,water,1.0,1,,1,water,1.0,1,,1,water:1.0000;WATER:0.0000;▁water:0.0000;Water:0.0000;▁Water:0.0000,water:1.0000;WATER:0.0000;▁water:0.0000;Water:0.0000;▁Water:0.0000
water,common_noun,1,0,6213,water,,water,layer_1,water,0.999999,1,,1,water,1.0,1,,1,water:1.0000;▁water:0.0000;Water:0.0000;WATER:0.0000;▁Water:0.0000,water:1.0000;▁water:0.0000;Water:0.0000;WATER:0.0000;▁Water:0.0000
water,common_noun,1,0,6213,water,,water,layer_2,<bos>,1.0,2,,2,water,1.0,1,,1,<bos>:1.0000;water:0.0000;▁water:0.0000;Water:0.0000;▁Water:0.0000,water:1.0000;▁water:0.0000;Water:0.0000;WATER:0.0000;▁Water:0.0000
water,common_noun,1,0,6213,water,,water,layer_3,<bos>,0.698397,2,,2,water,0.999988,1,,1,<bos>:0.6984;water:0.3001;▁water:0.0014;Water:0.0000;WATER:0.0000,water:1.0000;▁water:0.0000;Water:0.0000;WATER:0.0000;▁Water:0.0000
water,common_noun,1,0,6213,water,,water,layer_6,<bos>,1.0,2,,2,water,0.974651,1,,1,<bos>:1.0000;water:0.0000;▁water:0.0000;Water:0.0000;▁Water:0.0000,water:0.9747;▁water:0.0227;Water:0.0025;▁Water:0.0001;<bos>:0.0000
water,common_noun,1,0,6213,water,,water,layer_9,</thead>,0.975583,12,,12,</thead>,0.931804,8,,8,</thead>:0.9756;KommentareTeilen:0.0100;Przypisy:0.0034;▁يتيمه:0.0017;▁TextInputType:0.0016,</thead>:0.9318;KommentareTeilen:0.0489;الإنجليزية:0.0052;▁TextInputType:0.0048;▁يتيمه:0.0027
water,common_noun,1,0,6213,water,,water,layer_12,</thead>,0.999264,277,,277,</thead>,0.999961,88,,88,</thead>:0.9993;StandardCharsets:0.0003;csolódó:0.0003;obacz:0.0000;▁فريبيس:0.0000,</thead>:1.0000;StandardCharsets:0.0000;AddTagHelper:0.0000;▁فريبيس:0.0000;obacz:0.0000
water,common_noun,1,0,6213,water,,water,layer_14,enumi,0.892271,519,,519,enumi,0.266007,237,,237,enumi:0.8923;▁perpetuity:0.0128;▁mercy:0.0115;而是:0.0107;🏻‍♀️:0.0059,enumi:0.2660;🏻‍♀️:0.1372;▁textStatus:0.1296;AddTagHelper:0.1118;▁perpetuity:0.0783
water,common_noun,1,0,6213,water,,water,layer_17,enumi,0.869555,309,,309,▁ſtre,0.354403,219,,219,enumi:0.8696;▁تانيه:0.0711;----------------:0.0155;▁boundless:0.0116;▁water:0.0105,▁ſtre:0.3544;▁diſt:0.2395;enumi:0.1939;▁faſt:0.0636;▁tranſ:0.0186
water,common_noun,1,0,6213,water,,water,layer_19,enumi,0.987599,20,,20,▁ſtre,0.944681,33,,33,"enumi:0.9876;▁فريبيس:0.0098;▁water:0.0015;:0.0004;▁ſtre:0.0003",▁ſtre:0.9447;▁فريبيس:0.0351;enumi:0.0139;▁ſmall:0.0026;▁houſe:0.0025
water,common_noun,1,0,6213,water,,water,layer_20,▁water,0.999999,2,,2,▁houſe,0.540952,10,,10,▁water:1.0000;water:0.0000;▁Water:0.0000;Water:0.0000;▁watering:0.0000,▁houſe:0.5410;▁ſtre:0.4119;▁water:0.0391;▁ſmall:0.0024;▁pleaſure:0.0017
water,common_noun,1,0,6213,water,,water,layer_21,▁water,1.0,2,,2,▁houſe,0.979023,21,,21,▁water:1.0000;water:0.0000;▁window:0.0000;▁electric:0.0000;▁weight:0.0000,▁houſe:0.9790;▁pleaſure:0.0098;▁ſtre:0.0039;▁faſt:0.0031;▁purpoſe:0.0023
water,common_noun,1,0,6213,water,,water,layer_23,▁water,1.0,2,,2,▁water,0.791115,2,,2,▁water:1.0000;water:0.0000;▁Water:0.0000;Water:0.0000;-:0.0000,▁water:0.7911;water:0.2049;Water:0.0032;WATER:0.0007;▁WATER:0.0000
water,common_noun,1,0,6213,water,,water,layer_25,<eos>,1.0,99,,99,water,0.999518,1,,1,"<eos>:1.0000;-:0.0000;.:0.0000;,:0.0000;

:0.0000",water:0.9995;▁water:0.0002;-:0.0001;wat:0.0001;w:0.0000
water,common_noun,1,0,6213,water,,water,layer_26,<eos>,1.0,601,,601,water,0.987715,1,,1,<eos>:1.0000;-:0.0000;.:0.0000;<unused1>:0.0000;<unused0>:0.0000,water:0.9877;wat:0.0048;w:0.0007;color:0.0004;white:0.0003
water,common_noun,1,0,6213,water,,water,final_logits,water,0.951259,1,,1,,,,,,water:0.9513;wat:0.0140;w:0.0027;color:0.0016;white:0.0012,
music,common_noun,1,0,18734,music,,music,emb,music,1.0,1,,1,music,1.0,1,,1,music:1.0000;▁music:0.0000;Music:0.0000;▁MUSIC:0.0000;▁Music:0.0000,music:1.0000;▁music:0.0000;Music:0.0000;▁Music:0.0000;▁MUSIC:0.0000
music,common_noun,1,0,18734,music,,music,layer_1,music,0.994913,1,,1,music,0.999977,1,,1,music:0.9949;▁music:0.0050;Music:0.0001;▁Music:0.0000;▁MUSIC:0.0000,music:1.0000;▁music:0.0000;Music:0.0000;▁Music:0.0000;▁MUSIC:0.0000
music,common_noun,1,0,18734,music,,music,layer_2,<bos>,0.999997,3,,3,music,0.847744,1,,1,<bos>:1.0000;▁music:0.0000;music:0.0000;Music:0.0000;▁Music:0.0000,music:0.8477;▁music:0.1522;Music:0.0000;▁Music:0.0000;▁MUSIC:0.0000
music,common_noun,1,0,18734,music,,music,layer_3,<bos>,1.0,3,,3,music,0.504968,1,,1,<bos>:1.0000;▁music:0.0000;music:0.0000;Music:0.0000;▁Music:0.0000,music:0.5050;▁music:0.4949;Music:0.0001;▁Music:0.0000;▁MUSIC:0.0000
music,common_noun,1,0,18734,music,,music,layer_6,▁music,0.8191,2,,2,▁music,0.756696,2,,2,▁music:0.8191;music:0.1720;Music:0.0063;<bos>:0.0013;▁Music:0.0008,▁music:0.7567;music:0.2387;Music:0.0039;▁Music:0.0006;▁MUSIC:0.0001
music,common_noun,1,0,18734,music,,music,layer_9,<bos>,0.952902,6,,6,▁music,0.630468,3,,3,<bos>:0.9529;▁music:0.0300;الإنجليزية:0.0044;▁فريبيس:0.0027;发表于:0.0012,▁music:0.6305;▁فريبيس:0.2167;music:0.0775;الإنجليزية:0.0197;Music:0.0140
music,common_noun,1,0,18734,music,,music,layer_12,▁فريبيس,0.76704,423,,423,▁فريبيس,0.872905,63,,63,▁فريبيس:0.7670;\{\\:0.1164;▁متعلقه:0.0965;StandardCharsets:0.0194;קישורים:0.0006,▁فريبيس:0.8729;\{\\:0.0671;▁متعلقه:0.0522;StandardCharsets:0.0068;קישורים:0.0009
music,common_noun,1,0,18734,music,,music,layer_14,קישורים,0.74747,87,,87,קישורים,0.469459,22,,22,קישורים:0.7475;▁Chriſt:0.1144;enumi:0.0446;▁etc:0.0278;▁lainnya:0.0225,קישורים:0.4695;▁etc:0.1364;▁devam:0.1324;▁music:0.0538;Demografia:0.0406
music,common_noun,1,0,18734,music,,music,layer_17,▁pleaſure,0.462132,8018,,8018,▁etc,0.27253,1521,,1521,▁pleaſure:0.4621;▁Perſ:0.3161;▁Diſ:0.0989;▁Chriſt:0.0279;▁Theſe:0.0201,▁etc:0.2725;-:0.2043;...:0.1260;bois:0.0791;broek:0.0452
music,common_noun,1,0,18734,music,,music,layer_19,▁pleaſure,0.773585,1063,,1063,▁meaning,0.197732,253,,253,▁pleaſure:0.7736;▁Diſ:0.0868;▁houſe:0.0867;▁ſtre:0.0297;▁Inſ:0.0106,▁meaning:0.1977;AtIndexPath:0.1145;...:0.0911;▁etc:0.0779;▁celui:0.0597
music,common_noun,1,0,18734,music,,music,layer_20,▁pleaſure,0.697253,17,,17,▁music,0.987802,9,,9,▁pleaſure:0.6973;▁music:0.2978;▁houſe:0.0026;нрави:0.0017;▁Diſ:0.0002,▁music:0.9878;▁means:0.0043;▁makes:0.0017;▁pleaſure:0.0014;▁musica:0.0009
music,common_noun,1,0,18734,music,,music,layer_21,▁means,0.852461,2265,,2265,▁BoxDecoration,0.444056,1529,,1529,▁means:0.8525;▁meaning:0.1468;▁makes:0.0007;...:0.0000;▁fun:0.0000,▁BoxDecoration:0.4441;▁means:0.1859;▁meaning:0.1612;▁pleaſure:0.1523;MemoryWarning:0.0169
music,common_noun,1,0,18734,music,,music,layer_23,▁music,1.0,7,,7,▁music,0.995895,2,,2,▁music:1.0000;▁meaning:0.0000;▁and:0.0000;▁activity:0.0000;▁production:0.0000,▁music:0.9959;music:0.0030;Music:0.0004;+#+#:0.0004;▁musica:0.0001
music,common_noun,1,0,18734,music,,music,layer_25,-,0.996753,381,,381,m,0.444809,2,,2,"-:0.9968;.:0.0031;▁and:0.0001;<eos>:0.0000;,:0.0000",m:0.4448;music:0.0930;more:0.0897;mak:0.0753;n:0.0526
music,common_noun,1,0,18734,music,,music,layer_26,<eos>,1.0,836,,836,music,0.838931,1,,1,"<eos>:1.0000;.:0.0000;,:0.0000;-:0.0000;and:0.0000",music:0.8389;video:0.0727;making:0.0210;therapy:0.0156;mak:0.0071
music,common_noun,1,0,18734,music,,music,final_logits,music,0.46173,1,,1,,,,,,music:0.4617;video:0.1051;making:0.0468;therapy:0.0383;mak:0.0224,
idea,common_noun,1,0,28701,idea,,idea,emb,idea,1.0,1,,1,idea,1.0,1,,1,idea:1.0000;Idea:0.0000;▁Idea:0.0000;▁idea:0.0000;IDEA:0.0000,idea:1.0000;Idea:0.0000;▁idea:0.0000;▁Idea:0.0000;▁IDEA:0.0000
idea,common_noun,1,0,28701,idea,,idea,layer_1,idea,1.0,1,,1,idea,1.0,1,,1,idea:1.0000;▁idea:0.0000;Idea:0.0000;▁Idea:0.0000;IDEA:0.0000,idea:1.0000;▁idea:0.0000;Idea:0.0000;▁Idea:0.0000;IDEA:0.0000
idea,common_noun,1,0,28701,idea,,idea,layer_2,idea,1.0,1,,1,idea,1.0,1,,1,idea:1.0000;<bos>:0.0000;▁idea:0.0000;Idea:0.0000;▁Idea:0.0000,idea:1.0000;▁idea:0.0000;Idea:0.0000;▁Idea:0.0000;IDEA:0.0000
idea,common_noun,1,0,28701,idea,,idea,layer_3,idea,1.0,1,,1,idea,1.0,1,,1,idea:1.0000;Idea:0.0000;▁Idea:0.0000;▁idea:0.0000;IDEA:0.0000,idea:1.0000;Idea:0.0000;▁idea:0.0000;▁Idea:0.0000;▁IDEA:0.0000
idea,common_noun,1,0,28701,idea,,idea,layer_6,idea,0.999374,1,,1,idea,0.99995,1,,1,idea:0.9994;▁idea:0.0004;Idea:0.0002;▁Idea:0.0001;▁ideas:0.0000,idea:1.0000;▁idea:0.0000;Idea:0.0000;▁Idea:0.0000;▁ideas:0.0000
idea,common_noun,1,0,28701,idea,,idea,layer_9,idea,0.896786,1,,1,idea,0.992092,1,,1,idea:0.8968;▁idea:0.0832;▁ideas:0.0076;▁Idea:0.0075;Idea:0.0043,idea:0.9921;Idea:0.0040;▁idea:0.0026;▁Idea:0.0013;▁ideas:0.0000
idea,common_noun,1,0,28701,idea,,idea,layer_12,▁idea,0.530065,2,,2,idea,0.937898,1,,1,▁idea:0.5301;idea:0.3595;▁ideas:0.0727;Idea:0.0267;▁Idea:0.0046,idea:0.9379;Idea:0.0340;▁idea:0.0200;▁IDEA:0.0038;▁Idea:0.0036
idea,common_noun,1,0,28701,idea,,idea,layer_14,▁idea,0.355594,3,,3,idea,0.646019,1,,1,▁idea:0.3556;▁ideas:0.3319;idea:0.2694;Idea:0.0251;▁IDEA:0.0128,idea:0.6460;Idea:0.2234;▁IDEA:0.0876;▁ideas:0.0229;▁idea:0.0175
idea,common_noun,1,0,28701,idea,,idea,layer_17,▁ideas,0.997783,5,,5,▁ideas,0.956971,2,,2,▁ideas:0.9978;▁idea:0.0021;▁idées:0.0000;▁concept:0.0000;idea:0.0000,▁ideas:0.9570;idea:0.0205;▁idea:0.0194;Idea:0.0017;▁idées:0.0007
idea,common_noun,1,0,28701,idea,,idea,layer_19,▁ideas,0.887381,43,,43,▁ideas,0.607706,4,,4,▁ideas:0.8874;▁if:0.0759;!:0.0179;▁idées:0.0080;▁idea:0.0040,▁ideas:0.6077;▁idées:0.3275;▁idea:0.0173;idea:0.0170;▁ideias:0.0148
idea,common_noun,1,0,28701,idea,,idea,layer_20,▁ideas,0.951903,5,,5,▁idées,0.903686,3,,3,▁ideas:0.9519;▁idea:0.0467;▁idées:0.0014;▁idee:0.0000;idea:0.0000,▁idées:0.9037;▁ideas:0.0597;idea:0.0217;▁idea:0.0105;Idea:0.0024
idea,common_noun,1,0,28701,idea,,idea,layer_21,▁ideas,0.99882,105,,105,▁idées,0.997498,3,,3,▁ideas:0.9988;▁idea:0.0007;I:0.0003;▁if:0.0001;▁what:0.0000,▁idées:0.9975;▁ideas:0.0022;idea:0.0001;▁idea:0.0000;▁idee:0.0000
idea,common_noun,1,0,28701,idea,,idea,layer_23,.,0.54613,20,,20,idea,0.707459,1,,1,".:0.5461;▁idea:0.4538;1:0.0000;▁ideas:0.0000;,:0.0000",idea:0.7075;Idea:0.1975;▁Idea:0.0477;▁idea:0.0391;▁IDEA:0.0048
idea,common_noun,1,0,28701,idea,,idea,layer_25,.,0.999997,74,,74,idea,0.999942,1,,1,".:1.0000;<eos>:0.0000;,:0.0000;!:0.0000;-:0.0000",idea:0.9999;Idea:0.0000;▁idées:0.0000;ide:0.0000;▁idea:0.0000
idea,common_noun,1,0,28701,idea,,idea,layer_26,.,1.0,765,,765,idea,0.998059,1,,1,".:1.0000;<eos>:0.0000;,:0.0000;▁(:0.0000;-:0.0000",idea:0.9981;ide:0.0008;ideal:0.0004;.:0.0002;behind:0.0002
idea,common_noun,1,0,28701,idea,,idea,final_logits,idea,0.93322,1,,1,,,,,,idea:0.9332;ide:0.0156;ideal:0.0100;.:0.0057;behind:0.0054,
house,common_noun,1,0,6111,house,,house,emb,house,1.0,1,,1,house,1.0,1,,1,house:1.0000;HOUSE:0.0000;▁house:0.0000;House:0.0000;houses:0.0000,house:1.0000;HOUSE:0.0000;▁house:0.0000;House:0.0000;houses:0.0000
house,common_noun,1,0,6111,house,,house,layer_1,house,1.0,1,,1,house,1.0,1,,1,house:1.0000;▁house:0.0000;House:0.0000;HOUSE:0.0000;▁House:0.0000,house:1.0000;▁house:0.0000;House:0.0000;HOUSE:0.0000;▁House:0.0000
house,common_noun,1,0,6111,house,,house,layer_2,house,0.999992,1,,1,house,1.0,1,,1,house:1.0000;<bos>:0.0000;▁house:0.0000;House:0.0000;▁House:0.0000,house:1.0000;▁house:0.0000;House:0.0000;▁House:0.0000;HOUSE:0.0000
house,common_noun,1,0,6111,house,,house,layer_3,house,0.999254,1,,1,house,1.0,1,,1,house:0.9993;▁house:0.0007;House:0.0000;▁House:0.0000;HOUSE:0.0000,house:1.0000;▁house:0.0000;House:0.0000;▁House:0.0000;HOUSE:0.0000
house,common_noun,1,0,6111,house,,house,layer_6,house,0.837944,1,,1,house,0.948067,1,,1,house:0.8379;houses:0.0662;▁house:0.0322;▁House:0.0236;House:0.0128,house:0.9481;houses:0.0189;▁House:0.0127;▁house:0.0075;House:0.0073
house,common_noun,1,0,6111,house,,house,layer_9,bootstrapcdn,0.793361,3,,3,house,0.571632,1,,1,bootstrapcdn:0.7934;\{\\:0.1911;house:0.0041;▁houſe:0.0032;▁house:0.0010,house:0.5716;bootstrapcdn:0.3429;▁house:0.0295;▁etc:0.0230;House:0.0123
house,common_noun,1,0,6111,house,,house,layer_12,\{\\,0.671297,227,,227,enumi,0.632473,18,,18,\{\\:0.6713;enumi:0.1535;csolódó:0.0585;▁houſe:0.0496;▁فريبيس:0.0451,enumi:0.6325;\{\\:0.1503;Pob:0.0542;▁of:0.0247;▁követ:0.0244
house,common_noun,1,0,6111,house,,house,layer_14,enumi,0.985608,407,,407,enumi,0.87515,16,,16,enumi:0.9856;▁houſe:0.0088;▁Chriſt:0.0011;SafeMath:0.0009;▁Houſe:0.0007,enumi:0.8752;▁neer:0.0333;▁houſe:0.0201;▁lainnya:0.0133;forName:0.0072
house,common_noun,1,0,6111,house,,house,layer_17,ImageIO,0.578092,181,,181,▁again,0.256243,30,,30,ImageIO:0.5781;▁taas:0.0762;▁again:0.0630;▁etc:0.0432;postdata:0.0330,▁again:0.2562;hou:0.1491;▁and:0.0847;▁houſe:0.0730;▁everything:0.0679
house,common_noun,1,0,6111,house,,house,layer_19,▁houſe,0.999974,2346,,2346,▁houſe,0.999795,885,,885,▁houſe:1.0000;▁Houſe:0.0000;neſs:0.0000;▁ſtre:0.0000;▁BoxDecoration:0.0000,▁houſe:0.9998;▁Houſe:0.0002;▁ſtre:0.0000;▁purpoſe:0.0000;▁faſt:0.0000
house,common_noun,1,0,6111,house,,house,layer_20,▁houſe,0.688459,9,,9,▁houſe,0.998548,48,,48,▁houſe:0.6885;▁house:0.3112;▁houses:0.0002;▁Houſe:0.0001;▁Houses:0.0000,▁houſe:0.9985;▁Houſe:0.0015;▁house:0.0000;▁purpoſe:0.0000;▁Houses:0.0000
house,common_noun,1,0,6111,house,,house,layer_21,▁house,0.516316,105,,105,▁houſe,0.99932,317,,317,▁house:0.5163;▁building:0.2542;▁body:0.1961;▁construction:0.0198;▁endless:0.0053,▁houſe:0.9993;▁Houſe:0.0007;▁purpoſe:0.0000;▁متعلقه:0.0000;▁themſelves:0.0000
house,common_noun,1,0,6111,house,,house,layer_23,▁house,0.999996,4,,4,▁houſe,0.852977,6,,6,▁house:1.0000;▁House:0.0000;▁housing:0.0000;house:0.0000;House:0.0000,▁houſe:0.8530;▁Houſe:0.1466;▁house:0.0004;House:0.0000;▁House:0.0000
house,common_noun,1,0,6111,house,,house,layer_25,<eos>,1.0,39,,39,house,0.926822,1,,1,"<eos>:1.0000;-:0.0000;.:0.0000;
:0.0000;on:0.0000","house:0.9268;House:0.0407;▁house:0.0187;▁House:0.0035;
:0.0022"
house,common_noun,1,0,6111,house,,house,layer_26,<eos>,1.0,411,,411,house,0.897121,1,,1,<eos>:1.0000;.:0.0000;-:0.0000;<unused1>:0.0000;<unused0>:0.0000,house:0.8971;mouse:0.0091;ouse:0.0078;hou:0.0072;on:0.0068
house,common_noun,1,0,6111,house,,house,final_logits,house,0.855745,1,,1,,,,,,house:0.8557;mouse:0.0122;ouse:0.0105;hou:0.0097;on:0.0092,
science,common_noun,1,0,41610,science,,science,emb,science,1.0,1,,1,science,1.0,1,,1,science:1.0000;▁science:0.0000;▁SCIENCE:0.0000;Science:0.0000;SCIENCE:0.0000,science:1.0000;▁science:0.0000;▁SCIENCE:0.0000;Science:0.0000;▁Science:0.0000
science,common_noun,1,0,41610,science,,science,layer_1,science,0.994922,1,,1,science,0.999974,1,,1,science:0.9949;▁science:0.0051;Science:0.0000;▁Science:0.0000;▁SCIENCE:0.0000,science:1.0000;▁science:0.0000;Science:0.0000;▁Science:0.0000;▁SCIENCE:0.0000
science,common_noun,1,0,41610,science,,science,layer_2,▁science,0.960725,2,,2,▁science,0.800182,2,,2,▁science:0.9607;science:0.0392;▁Science:0.0000;Science:0.0000;<bos>:0.0000,▁science:0.8002;science:0.1998;▁Science:0.0000;Science:0.0000;▁SCIENCE:0.0000
science,common_noun,1,0,41610,science,,science,layer_3,▁science,0.63711,2,,2,science,0.612147,1,,1,▁science:0.6371;science:0.3591;Science:0.0022;▁Science:0.0016;▁SCIENCE:0.0000,science:0.6121;▁science:0.3877;▁Science:0.0001;Science:0.0000;▁SCIENCE:0.0000
science,common_noun,1,0,41610,science,,science,layer_6,<bos>,0.642759,3,,3,▁science,0.997812,2,,2,<bos>:0.6428;▁science:0.3564;science:0.0006;▁Science:0.0002;Science:0.0001,▁science:0.9978;science:0.0020;▁Science:0.0001;Science:0.0000;▁scientists:0.0000
science,common_noun,1,0,41610,science,,science,layer_9,<bos>,0.900248,4,,4,▁science,0.986839,2,,2,"<bos>:0.9002;▁science:0.0973;

:0.0015;science:0.0005;▁Science:0.0002",▁science:0.9868;science:0.0121;▁Science:0.0009;Science:0.0000;▁scientific:0.0000
science,common_noun,1,0,41610,science,,science,layer_12,\{\\,0.655798,30,,30,▁science,0.792435,9,,9,\{\\:0.6558;Ligações:0.1671;▁science:0.1024;География:0.0372;Encyklopedia:0.0086,▁science:0.7924;▁Wissenschaft:0.0624;Ligações:0.0568;\{\\:0.0388;Encyklopedia:0.0125
science,common_noun,1,0,41610,science,,science,layer_14,Ligações,0.828587,32,,32,▁science,0.956109,7,,7,Ligações:0.8286;MemoryWarning:0.0715;▁science:0.0350;enumi:0.0213;.[/:0.0171,▁science:0.9561;▁Science:0.0177;Ligações:0.0145;cience:0.0055;▁Wissenschaft:0.0016
science,common_noun,1,0,41610,science,,science,layer_17,▁science,0.536524,11,,11,cience,0.391779,5,,5,▁science:0.5365;▁تانيه:0.3323;cience:0.1308;▁Science:0.0001;MemoryWarning:0.0001,cience:0.3918;▁تانيه:0.3445;▁science:0.2582;▁Science:0.0020;science:0.0015
science,common_noun,1,0,41610,science,,science,layer_19,▁science,0.999943,8,,8,▁science,0.96759,6,,6,▁science:0.9999;cience:0.0000;▁scientific:0.0000;▁Science:0.0000;enumi:0.0000,▁science:0.9676;▁فريبيس:0.0143;cience:0.0090;enumi:0.0047;▁pleaſure:0.0010
science,common_noun,1,0,41610,science,,science,layer_20,▁science,0.999999,7,,7,▁science,0.999592,3,,3,▁science:1.0000;▁scientific:0.0000;▁Science:0.0000;▁sciences:0.0000;Science:0.0000,▁science:0.9996;Science:0.0002;science:0.0001;▁Science:0.0001;▁scientific:0.0000
science,common_noun,1,0,41610,science,,science,layer_21,▁science,0.99999,9,,9,▁pleaſure,0.500431,58,,58,▁science:1.0000;▁scientific:0.0000;cience:0.0000;▁Science:0.0000;▁sciences:0.0000,▁pleaſure:0.5004;▁Majefty:0.3749;▁ſeveral:0.0424;▁houſe:0.0294;MemoryWarning:0.0254
science,common_noun,1,0,41610,science,,science,layer_23,▁science,1.0,7,,7,+#+#,0.99926,6,,6,▁science:1.0000;▁Science:0.0000;▁scientific:0.0000;Science:0.0000;▁sciences:0.0000,+#+#:0.9993;▁science:0.0007;TargetException:0.0000;▁BoxDecoration:0.0000;Science:0.0000
science,common_noun,1,0,41610,science,,science,layer_25,<eos>,1.0,1999,,1999,<eos>,0.947574,5,,5,<eos>:1.0000;-:0.0000;▁and:0.0000;.:0.0000;and:0.0000,<eos>:0.9476;-:0.0301;behind:0.0115;back:0.0018;science:0.0013
science,common_noun,1,0,41610,science,,science,layer_26,<eos>,1.0,7770,,7770,science,0.472453,1,,1,<eos>:1.0000;-:0.0000;.:0.0000;<unused1>:0.0000;<unused0>:0.0000,"science:0.4725;<eos>:0.2268;behind:0.0346;
:0.0103;study:0.0085"
science,common_noun,1,0,41610,science,,science,final_logits,science,0.45256,1,,1,,,,,,"science:0.4526;<eos>:0.2244;behind:0.0361;
:0.0109;study:0.0091",
coffee,common_noun,1,0,40147,coffee,,coffee,emb,coffee,0.997229,1,,1,coffee,1.0,1,,1,coffee:0.9972;▁myſelf:0.0022;▁Efq:0.0005;▁Monfieur:0.0001;▁COFFEE:0.0000,coffee:1.0000;▁coffee:0.0000;Coffee:0.0000;▁COFFEE:0.0000;▁Coffee:0.0000
coffee,common_noun,1,0,40147,coffee,,coffee,layer_1,coffee,0.988767,1,,1,coffee,0.98205,1,,1,coffee:0.9888;▁coffee:0.0109;Coffee:0.0003;▁Coffee:0.0000;▁COFFEE:0.0000,coffee:0.9821;▁coffee:0.0179;Coffee:0.0000;▁Coffee:0.0000;▁COFFEE:0.0000
coffee,common_noun,1,0,40147,coffee,,coffee,layer_2,<bos>,1.0,3,,3,▁coffee,0.995426,2,,2,<bos>:1.0000;▁coffee:0.0000;coffee:0.0000;Coffee:0.0000;▁Coffee:0.0000,▁coffee:0.9954;coffee:0.0045;Coffee:0.0000;▁Coffee:0.0000;▁COFFEE:0.0000
coffee,common_noun,1,0,40147,coffee,,coffee,layer_3,<bos>,0.793758,3,,3,▁coffee,0.805971,2,,2,<bos>:0.7938;▁coffee:0.1407;coffee:0.0469;Coffee:0.0185;▁Coffee:0.0001,▁coffee:0.8060;coffee:0.1914;Coffee:0.0026;▁Coffee:0.0000;▁COFFEE:0.0000
coffee,common_noun,1,0,40147,coffee,,coffee,layer_6,▁coffee,0.61934,2,,2,▁coffee,0.725899,2,,2,▁coffee:0.6193;coffee:0.3447;Coffee:0.0241;▁coffe:0.0098;▁Coffee:0.0013,▁coffee:0.7259;coffee:0.2541;Coffee:0.0160;▁coffe:0.0036;▁Coffee:0.0002
coffee,common_noun,1,0,40147,coffee,,coffee,layer_9,enumi,0.892383,5,,5,enumi,0.620602,4,,4,"enumi:0.8924;الإنجليزية:0.0469;▁coffee:0.0235;

:0.0195;coffee:0.0069",enumi:0.6206;الإنجليزية:0.2723;▁coffee:0.0824;coffee:0.0165;▁coffe:0.0040
coffee,common_noun,1,0,40147,coffee,,coffee,layer_12,AddTagHelper,0.734343,15,,15,AddTagHelper,0.87145,5,,5,AddTagHelper:0.7343;StandardCharsets:0.1789;acaktır:0.0490;csolódó:0.0238;▁Chriſt:0.0049,"AddTagHelper:0.8714;acaktır:0.0971;StandardCharsets:0.0128;

:0.0094;coffee:0.0047"
coffee,common_noun,1,0,40147,coffee,,coffee,layer_14,AddTagHelper,0.999445,126,,126,AddTagHelper,0.999999,47,,47,AddTagHelper:0.9994;▁pleaſure:0.0004;▁Chriſt:0.0002;enumi:0.0000;▁preſent:0.0000,AddTagHelper:1.0000;▁pleaſure:0.0000;▁Chriſt:0.0000;WebVitals:0.0000;enumi:0.0000
coffee,common_noun,1,0,40147,coffee,,coffee,layer_17,▁houſe,0.778115,29,,29,▁ſtre,0.585732,23,,23,▁houſe:0.7781;▁ſtre:0.1013;▁slowest:0.0311;▁pleaſure:0.0182;▁faſt:0.0164,▁ſtre:0.5857;▁houſe:0.0967;▁faſt:0.0798;▁ſta:0.0724;▁Chriſt:0.0466
coffee,common_noun,1,0,40147,coffee,,coffee,layer_19,▁houſe,0.947423,13,,13,▁houſe,0.410092,13,,13,▁houſe:0.9474;▁pleaſure:0.0156;▁ſtre:0.0155;▁ſmall:0.0132;▁coffee:0.0048,▁houſe:0.4101;▁ſtre:0.4063;▁ſmall:0.0545;▁ſeveral:0.0543;▁pleaſure:0.0405
coffee,common_noun,1,0,40147,coffee,,coffee,layer_20,▁coffee,0.999956,2,,2,▁houſe,0.86575,17,,17,▁coffee:1.0000;coffee:0.0000;▁again:0.0000;Coffee:0.0000;▁Coffee:0.0000,▁houſe:0.8657;▁ſeveral:0.1018;▁pleaſure:0.0166;▁ſmall:0.0107;▁Conſ:0.0011
coffee,common_noun,1,0,40147,coffee,,coffee,layer_21,▁coffee,1.0,5,,5,▁pleaſure,0.554156,37,,37,▁coffee:1.0000;<h3>:0.0000;▁again:0.0000;▁Coffee:0.0000;coffee:0.0000,▁pleaſure:0.5542;▁houſe:0.2442;▁ſeveral:0.1170;▁متعلقه:0.0569;▁ſmall:0.0170
coffee,common_noun,1,0,40147,coffee,,coffee,layer_23,▁coffee,1.0,3,,3,▁coffee,0.998856,2,,2,▁coffee:1.0000;▁Coffee:0.0000;coffee:0.0000;Coffee:0.0000;<eos>:0.0000,▁coffee:0.9989;coffee:0.0010;Coffee:0.0001;▁Coffee:0.0000;▁coffe:0.0000
coffee,common_noun,1,0,40147,coffee,,coffee,layer_25,<eos>,1.0,283,,283,coffee,0.98896,1,,1,"<eos>:1.0000;-:0.0000;.:0.0000;,:0.0000;_:0.0000",coffee:0.9890;▁coffee:0.0110;Coffee:0.0001;▁coffe:0.0000;▁Coffee:0.0000
coffee,common_noun,1,0,40147,coffee,,coffee,layer_26,<eos>,1.0,13883,,13883,coffee,0.998081,1,,1,"<eos>:1.0000;.:0.0000;-:0.0000;,:0.0000;▁(:0.0000",coffee:0.9981;machine:0.0001;co:0.0001;<eos>:0.0001;cooking:0.0000
coffee,common_noun,1,0,40147,coffee,,coffee,final_logits,coffee,0.993595,1,,1,,,,,,coffee:0.9936;machine:0.0004;co:0.0002;<eos>:0.0002;cooking:0.0001,
London,proper_noun,1,0,19748,London,,London,emb,London,0.999956,1,,1,London,1.0,1,,1,London:1.0000;▁London:0.0000;▁london:0.0000;▁LONDON:0.0000;london:0.0000,London:1.0000;▁London:0.0000;▁london:0.0000;▁LONDON:0.0000;london:0.0000
London,proper_noun,1,0,19748,London,,London,layer_1,London,0.991172,1,,1,London,0.999585,1,,1,London:0.9912;▁London:0.0088;▁london:0.0000;▁LONDON:0.0000;LONDON:0.0000,London:0.9996;▁London:0.0004;▁london:0.0000;▁LONDON:0.0000;london:0.0000
London,proper_noun,1,0,19748,London,,London,layer_2,London,0.798602,1,,1,London,0.880008,1,,1,London:0.7986;▁London:0.2014;<bos>:0.0000;LONDON:0.0000;▁london:0.0000,London:0.8800;▁London:0.1200;▁london:0.0000;▁LONDON:0.0000;london:0.0000
London,proper_noun,1,0,19748,London,,London,layer_3,London,0.959819,1,,1,London,0.969759,1,,1,London:0.9598;▁London:0.0402;LONDON:0.0000;▁LONDON:0.0000;▁london:0.0000,London:0.9698;▁London:0.0302;▁LONDON:0.0000;LONDON:0.0000;▁london:0.0000
London,proper_noun,1,0,19748,London,,London,layer_6,▁London,0.621758,2,,2,London,0.508826,1,,1,▁London:0.6218;London:0.3781;▁Londres:0.0000;LONDON:0.0000;london:0.0000,London:0.5088;▁London:0.4912;▁Londres:0.0000;▁LONDON:0.0000;▁Londra:0.0000
London,proper_noun,1,0,19748,London,,London,layer_9,"

",0.652243,6,,6,▁London,0.841545,2,,2,"

:0.6522;<bos>:0.1289;▁London:0.1000;<eos>:0.0650;Londres:0.0126","▁London:0.8415;London:0.1379;

:0.0087;Londres:0.0044;▁Londres:0.0040"
London,proper_noun,1,0,19748,London,,London,layer_12,csolódó,0.609594,285,,285,StandardCharsets,0.911217,33,,33,csolódó:0.6096;StandardCharsets:0.3646;▁Chriftian:0.0136;География:0.0051;acaktır:0.0017,StandardCharsets:0.9112;acaktır:0.0224;csolódó:0.0182;▁automatiques:0.0043;▁urbanos:0.0042
London,proper_noun,1,0,19748,London,,London,layer_14,▁defStyle,0.508521,659,,659,AddTagHelper,0.995735,195,,195,▁defStyle:0.5085;':0.4013;AddTagHelper:0.0360;StandardCharsets:0.0257;▁perpetuity:0.0070,AddTagHelper:0.9957;▁defStyle:0.0032;StandardCharsets:0.0003;▁pleaſure:0.0001;▁defStyleAttr:0.0001
London,proper_noun,1,0,19748,London,,London,layer_17,▁houſe,0.888858,29,,29,▁houſe,0.568316,16,,16,▁houſe:0.8889;▁pleaſure:0.0330;maining:0.0305;▁ſtre:0.0205;▁purpoſe:0.0068,▁houſe:0.5683;▁ſtre:0.2794;▁Chriſt:0.0358;▁diſt:0.0338;▁pleaſure:0.0219
London,proper_noun,1,0,19748,London,,London,layer_19,▁London,0.789487,4,,4,▁ſtre,0.666493,9,,9,"▁London:0.7895;

:0.1210;':0.0551;London:0.0157;▁:0.0067",▁ſtre:0.6665;▁Chriſt:0.1126;▁pleaſure:0.0967;▁preſent:0.0551;▁London:0.0162
London,proper_noun,1,0,19748,London,,London,layer_20,▁London,0.992819,3,,3,▁London,0.526959,5,,5,"▁London:0.9928;<eos>:0.0068;London:0.0002;

:0.0001;:0.0000",▁London:0.5270;▁purpoſe:0.3445;▁ſtre:0.0270;▁pleaſure:0.0265;London:0.0248
London,proper_noun,1,0,19748,London,,London,layer_21,<eos>,0.950717,17,,17,▁pleaſure,0.688953,19,,19,"<eos>:0.9507;<strong>:0.0265;

:0.0087;▁London:0.0082;@:0.0034",▁pleaſure:0.6890;▁purpoſe:0.2645;▁houſe:0.0371;▁Jefus:0.0026;▁ſtate:0.0020
London,proper_noun,1,0,19748,London,,London,layer_23,▁London,1.0,3,,3,▁London,0.826634,2,,2,"▁London:1.0000;<eos>:0.0000;London:0.0000;

:0.0000;.:0.0000",▁London:0.8266;London:0.1733;▁london:0.0000;london:0.0000;▁Londres:0.0000
London,proper_noun,1,0,19748,London,,London,layer_25,.,0.999358,149,,149,London,0.999905,1,,1,".:0.9994;<eos>:0.0006;-:0.0000;
:0.0000;

:0.0000",London:0.9999;▁London:0.0001;london:0.0000;<h2>:0.0000;LONDON:0.0000
London,proper_noun,1,0,19748,London,,London,layer_26,.,1.0,123,,123,London,0.999975,1,,1,".:1.0000;

:0.0000;,:0.0000;
:0.0000;<eos>:0.0000","London:1.0000;Lon:0.0000;South:0.0000;<h2>:0.0000;

:0.0000"
London,proper_noun,1,0,19748,London,,London,final_logits,London,0.952071,1,,1,,,,,,"London:0.9521;Lon:0.0054;South:0.0039;<h2>:0.0027;

:0.0022",
Einstein,proper_noun,1,0,136357,Einstein,,Einstein,emb,▁myſelf,0.998012,5,,5,Einstein,1.0,1,,1,▁myſelf:0.9980;▁Monfieur:0.0018;▁itſelf:0.0002;▁Efq:0.0000;Einstein:0.0000,Einstein:1.0000;▁Einstein:0.0000;▁myſelf:0.0000;▁itſelf:0.0000;▁Efq:0.0000
Einstein,proper_noun,1,0,136357,Einstein,,Einstein,layer_1,Einstein,0.999998,1,,1,Einstein,1.0,1,,1,Einstein:1.0000;▁Einstein:0.0000;▁Monfieur:0.0000;▁myſelf:0.0000;▁Jefus:0.0000,Einstein:1.0000;▁Einstein:0.0000;<unused1>:0.0000;<mask>:0.0000;<unused2>:0.0000
Einstein,proper_noun,1,0,136357,Einstein,,Einstein,layer_2,Einstein,0.999991,1,,1,Einstein,1.0,1,,1,Einstein:1.0000;▁Einstein:0.0000;<bos>:0.0000;▁eins:0.0000;▁Eins:0.0000,Einstein:1.0000;▁Einstein:0.0000;▁eins:0.0000;▁Eins:0.0000;<unk>:0.0000
Einstein,proper_noun,1,0,136357,Einstein,,Einstein,layer_3,Einstein,0.999918,1,,1,Einstein,0.999987,1,,1,Einstein:0.9999;▁Einstein:0.0001;<bos>:0.0000;▁eins:0.0000;▁Eins:0.0000,Einstein:1.0000;▁Einstein:0.0000;▁eins:0.0000;▁Eins:0.0000;Eins:0.0000
Einstein,proper_noun,1,0,136357,Einstein,,Einstein,layer_6,<bos>,0.603787,2,,2,Einstein,0.593215,1,,1,<bos>:0.6038;Einstein:0.3399;▁Einstein:0.0563;▁raiſ:0.0000;Étymologie:0.0000,Einstein:0.5932;▁Einstein:0.4068;Étymologie:0.0000;Eins:0.0000;▁يتيمه:0.0000
Einstein,proper_noun,1,0,136357,Einstein,,Einstein,layer_9,<bos>,0.999433,26,,26,▁Einstein,0.779227,3,,3,<bos>:0.9994;▁كمان:0.0004;enumi:0.0000;neſs:0.0000;AnimationsModule:0.0000,▁Einstein:0.7792;▁كمان:0.1603;Einstein:0.0227;▁pleaſure:0.0126;▁Chriſt:0.0071
Einstein,proper_noun,1,0,136357,Einstein,,Einstein,layer_12,▁Jefus,0.810608,405,,405,▁Jefus,0.669517,51,,51,▁Jefus:0.8106;▁pleaſure:0.1226;▁Theſe:0.0137;▁Chriſt:0.0130;▁Chriftian:0.0107,▁Jefus:0.6695;▁Chriſt:0.0911;▁Chriftian:0.0741;▁pleaſure:0.0439;▁InputDecoration:0.0336
Einstein,proper_noun,1,0,136357,Einstein,,Einstein,layer_14,AddTagHelper,0.71214,3410,,3410,AddTagHelper,0.995835,532,,532,AddTagHelper:0.7121;enumi:0.2842;▁defStyle:0.0027;▁pleaſure:0.0006;WebVitals:0.0002,AddTagHelper:0.9958;enumi:0.0022;▁pleaſure:0.0012;▁defStyle:0.0006;▁Chriſt:0.0001
Einstein,proper_noun,1,0,136357,Einstein,,Einstein,layer_17,期刊论文,0.431252,5492,,5492,▁pleaſure,0.411188,601,,601,期刊论文:0.4313;enumi:0.3703;VersionUID:0.0702;▁متعلقه:0.0540;достатки:0.0357,▁pleaſure:0.4112;▁متعلقه:0.1154;期刊论文:0.1053;▁diſt:0.0508;enumi:0.0423
Einstein,proper_noun,1,0,136357,Einstein,,Einstein,layer_19,enumi,0.655254,1649,,1649,enumi,0.640342,196,,196,"enumi:0.6553;


:0.1765;



:0.0924;

:0.0567;<eos>:0.0105",enumi:0.6403;▁pleaſure:0.2345;▁ſtre:0.0710;VersionUID:0.0139;▁ſtate:0.0136
Einstein,proper_noun,1,0,136357,Einstein,,Einstein,layer_20,<eos>,0.990427,283,,283,VersionUID,0.898787,49,,49,"<eos>:0.9904;VersionUID:0.0049;

:0.0041;


:0.0002;



:0.0002",VersionUID:0.8988;▁ſtate:0.0534;▁pleaſure:0.0399;▁ſtre:0.0036;▁ſte:0.0005
Einstein,proper_noun,1,0,136357,Einstein,,Einstein,layer_21,<eos>,0.983572,5276,,5276,▁pleaſure,0.978344,199,,199,<eos>:0.9836;<h1>:0.0129;﻿:0.0015;<h3>:0.0012;<strong>:0.0002,▁pleaſure:0.9783;▁ſeveral:0.0102;▁purpoſe:0.0055;▁ſtate:0.0023;▁preſent:0.0011
Einstein,proper_noun,1,0,136357,Einstein,,Einstein,layer_23,<eos>,1.0,315,,315,▁Einstein,0.879918,2,,2,"<eos>:1.0000;

:0.0000;<strong>:0.0000;<h2>:0.0000;-:0.0000",▁Einstein:0.8799;Einstein:0.0848;VersionUID:0.0269;▁InputDecoration:0.0071;ValueStyle:0.0005
Einstein,proper_noun,1,0,136357,Einstein,,Einstein,layer_25,<eos>,1.0,1594,,1594,Einstein,0.975342,1,,1,"<eos>:1.0000;

:0.0000;-:0.0000;.:0.0000;<unused63>:0.0000","Einstein:0.9753;<eos>:0.0204;▁Einstein:0.0042;

:0.0000;E:0.0000"
Einstein,proper_noun,1,0,136357,Einstein,,Einstein,layer_26,<eos>,1.0,19115,,19115,Einstein,0.999806,1,,1,"<eos>:1.0000;

:0.0000;-:0.0000;.:0.0000;,:0.0000","Einstein:0.9998;Eins:0.0001;<eos>:0.0000;▁Einstein:0.0000;

:0.0000"
Einstein,proper_noun,1,0,136357,Einstein,,Einstein,final_logits,Einstein,0.992763,1,,1,,,,,,"Einstein:0.9928;Eins:0.0029;<eos>:0.0011;▁Einstein:0.0004;

:0.0003",
Google,proper_noun,1,0,12583,Google,,Google,emb,Google,0.999995,1,,1,Google,1.0,1,,1,Google:1.0000;▁Google:0.0000;▁google:0.0000;▁GOOGLE:0.0000;google:0.0000,Google:1.0000;▁Google:0.0000;▁google:0.0000;▁GOOGLE:0.0000;google:0.0000
Google,proper_noun,1,0,12583,Google,,Google,layer_1,Google,0.997319,1,,1,Google,0.999966,1,,1,Google:0.9973;▁Google:0.0027;▁google:0.0000;google:0.0000;▁GOOGLE:0.0000,Google:1.0000;▁Google:0.0000;▁google:0.0000;google:0.0000;▁GOOGLE:0.0000
Google,proper_noun,1,0,12583,Google,,Google,layer_2,Google,0.998095,1,,1,Google,0.999502,1,,1,Google:0.9981;▁Google:0.0019;▁google:0.0000;google:0.0000;▁GOOGLE:0.0000,Google:0.9995;▁Google:0.0005;▁google:0.0000;google:0.0000;▁GOOGLE:0.0000
Google,proper_noun,1,0,12583,Google,,Google,layer_3,Google,0.999053,1,,1,Google,0.999758,1,,1,Google:0.9991;▁Google:0.0009;google:0.0000;▁google:0.0000;▁GOOGLE:0.0000,Google:0.9998;▁Google:0.0002;google:0.0000;▁google:0.0000;▁GOOGLE:0.0000
Google,proper_noun,1,0,12583,Google,,Google,layer_6,<bos>,0.999997,2,,2,Google,0.740489,1,,1,<bos>:1.0000;Google:0.0000;▁Google:0.0000;google:0.0000;▁google:0.0000,Google:0.7405;▁Google:0.2594;google:0.0001;▁google:0.0000;▁GOOGLE:0.0000
Google,proper_noun,1,0,12583,Google,,Google,layer_9,▁Google,0.70776,10,,10,▁يتيمه,0.91827,7,,7,▁Google:0.7078;▁also:0.0951;▁يتيمه:0.0571;AnimationsModule:0.0483;▁كمان:0.0451,▁يتيمه:0.9183;▁Google:0.0674;GoogleMap:0.0052;AnimationsModule:0.0040;▁كمان:0.0026
Google,proper_noun,1,0,12583,Google,,Google,layer_12,StandardCharsets,0.990334,267,,267,StandardCharsets,0.996331,37,,37,StandardCharsets:0.9903;\{\\:0.0042;▁Jefus:0.0013;▁Chriftian:0.0012;▁Cæsar:0.0011,StandardCharsets:0.9963;\{\\:0.0029;▁كمان:0.0004;Przypisy:0.0002;паковка:0.0001
Google,proper_noun,1,0,12583,Google,,Google,layer_14,StandardCharsets,0.665594,339,,339,AddTagHelper,0.254915,74,,74,"StandardCharsets:0.6656;lė:0.0979;▁etc:0.0694;▁finally:0.0403;:0.0282",AddTagHelper:0.2549;StandardCharsets:0.2518;lė:0.1684;▁etc:0.0899;googleapis:0.0808
Google,proper_noun,1,0,12583,Google,,Google,layer_17,▁Google,0.984313,4,,4,▁Google,0.88344,3,,3,▁Google:0.9843;▁etc:0.0104;google:0.0019;Google:0.0012;StandardCharsets:0.0009,▁Google:0.8834;goog:0.0368;Google:0.0245;StandardCharsets:0.0156;google:0.0135
Google,proper_noun,1,0,12583,Google,,Google,layer_19,▁Google,0.999403,3,,3,▁Google,0.84427,3,,3,▁Google:0.9994;▁google:0.0003;Google:0.0001;mycompany:0.0001;google:0.0001,▁Google:0.8443;▁houſe:0.1282;Google:0.0128;▁ſtre:0.0039;▁google:0.0029
Google,proper_noun,1,0,12583,Google,,Google,layer_20,▁Google,0.962345,4,,4,▁houſe,0.926133,13,,13,▁Google:0.9623;google:0.0252;▁google:0.0095;Google:0.0030;▁googled:0.0000,▁houſe:0.9261;▁ſtate:0.0365;▁purpoſe:0.0172;▁myſelf:0.0064;▁ſmall:0.0063
Google,proper_noun,1,0,12583,Google,,Google,layer_21,▁Google,0.95806,4,,4,▁houſe,0.780189,65,,65,▁Google:0.9581;<eos>:0.0226;▁google:0.0140;Google:0.0045;▁definition:0.0005,▁houſe:0.7802;▁purpoſe:0.1994;▁pleaſure:0.0078;▁myſelf:0.0045;▁ſtate:0.0035
Google,proper_noun,1,0,12583,Google,,Google,layer_23,▁Google,0.999647,2,,2,Google,0.568201,1,,1,▁Google:0.9996;Google:0.0004;▁google:0.0000;google:0.0000;<eos>:0.0000,Google:0.5682;▁Google:0.4316;▁google:0.0002;google:0.0000;▁GOOGLE:0.0000
Google,proper_noun,1,0,12583,Google,,Google,layer_25,<eos>,1.0,19,,19,Google,0.999187,1,,1,"<eos>:1.0000;-:0.0000;.:0.0000;
:0.0000;,:0.0000",Google:0.9992;▁Google:0.0008;▁google:0.0000;google:0.0000;GOOGLE:0.0000
Google,proper_noun,1,0,12583,Google,,Google,layer_26,<eos>,1.0,2049,,2049,Google,0.982495,1,,1,<eos>:1.0000;.:0.0000;-:0.0000;<unused1>:0.0000;<unused0>:0.0000,Google:0.9825;<eos>:0.0077;Search:0.0027;Goo:0.0012;G:0.0006
Google,proper_noun,1,0,12583,Google,,Google,final_logits,Google,0.972944,1,,1,,,,,,Google:0.9729;<eos>:0.0114;Search:0.0041;Goo:0.0019;G:0.0009,
Tokyo,proper_noun,1,0,61827,Tokyo,,Tokyo,emb,▁myſelf,0.47435,2,,2,Tokyo,1.0,1,,1,▁myſelf:0.4743;Tokyo:0.2178;▁Efq:0.1959;▁Monfieur:0.0702;▁itſelf:0.0416,Tokyo:1.0000;▁Tokyo:0.0000;▁tokyo:0.0000;▁TOKYO:0.0000;▁myſelf:0.0000
Tokyo,proper_noun,1,0,61827,Tokyo,,Tokyo,layer_1,Tokyo,0.998763,1,,1,Tokyo,0.999991,1,,1,Tokyo:0.9988;▁Tokyo:0.0012;▁tokyo:0.0000;▁TOKYO:0.0000;tokyo:0.0000,Tokyo:1.0000;▁Tokyo:0.0000;▁tokyo:0.0000;▁TOKYO:0.0000;tokyo:0.0000
Tokyo,proper_noun,1,0,61827,Tokyo,,Tokyo,layer_2,Tokyo,0.994825,1,,1,Tokyo,0.999842,1,,1,Tokyo:0.9948;▁Tokyo:0.0052;▁tokyo:0.0000;▁TOKYO:0.0000;tokyo:0.0000,Tokyo:0.9998;▁Tokyo:0.0002;▁tokyo:0.0000;tokyo:0.0000;▁TOKYO:0.0000
Tokyo,proper_noun,1,0,61827,Tokyo,,Tokyo,layer_3,Tokyo,0.997865,1,,1,Tokyo,0.999913,1,,1,Tokyo:0.9979;▁Tokyo:0.0021;▁tokyo:0.0000;▁TOKYO:0.0000;TOKYO:0.0000,Tokyo:0.9999;▁Tokyo:0.0001;▁tokyo:0.0000;▁TOKYO:0.0000;TOKYO:0.0000
Tokyo,proper_noun,1,0,61827,Tokyo,,Tokyo,layer_6,Tokyo,0.620295,1,,1,Tokyo,0.723938,1,,1,Tokyo:0.6203;▁Tokyo:0.3778;GEBURTSDATUM:0.0016;<bos>:0.0001;▁tokyo:0.0001,Tokyo:0.7239;▁Tokyo:0.2761;▁tokyo:0.0000;▁TOKYO:0.0000;TOKYO:0.0000
Tokyo,proper_noun,1,0,61827,Tokyo,,Tokyo,layer_9,<bos>,1.0,7,,7,Tokyo,0.678705,1,,1,"<bos>:1.0000;Przypisy:0.0000;PTION:0.0000;</thead>:0.0000;

:0.0000",Tokyo:0.6787;Przypisy:0.1546;▁Tokyo:0.1043;PTION:0.0275;<bos>:0.0178
Tokyo,proper_noun,1,0,61827,Tokyo,,Tokyo,layer_12,▁Theſe,0.910614,160,,160,Przypisy,0.803178,13,,13,▁Theſe:0.9106;▁Chriftian:0.0626;▁Jefus:0.0176;▁pleaſure:0.0036;▁whoſe:0.0035,Przypisy:0.8032;▁Chriftian:0.0867;▁Theſe:0.0342;acaktır:0.0152;▁Cæsar:0.0136
Tokyo,proper_noun,1,0,61827,Tokyo,,Tokyo,layer_14,▁defStyle,0.57045,127,,127,▁pleaſure,0.467937,29,,29,▁defStyle:0.5705;▁pleaſure:0.3177;<bos>:0.0306;▁Conſ:0.0257;IfNeeded:0.0174,▁pleaſure:0.4679;▁defStyle:0.2150;▁Conſ:0.0974;IfNeeded:0.0465;▁Chriftian:0.0396
Tokyo,proper_noun,1,0,61827,Tokyo,,Tokyo,layer_17,▁pleaſure,0.476865,113,,113,▁purpoſe,0.456132,57,,57,▁pleaſure:0.4769;▁houſe:0.3507;▁purpoſe:0.1449;▁faſt:0.0076;▁diſt:0.0069,▁purpoſe:0.4561;▁houſe:0.3121;▁diſt:0.0732;▁pleaſure:0.0673;▁ſmall:0.0296
Tokyo,proper_noun,1,0,61827,Tokyo,,Tokyo,layer_19,▁pleaſure,0.990832,91,,91,▁pleaſure,0.875398,90,,90,▁pleaſure:0.9908;ſelves:0.0053;▁ſmall:0.0019;▁preſent:0.0008;▁houſe:0.0004,▁pleaſure:0.8754;▁ſeveral:0.0310;▁preſent:0.0282;▁ſmall:0.0236;▁ſtre:0.0132
Tokyo,proper_noun,1,0,61827,Tokyo,,Tokyo,layer_20,▁Tokyo,0.760101,7,,7,▁pleaſure,0.52348,89,,89,▁Tokyo:0.7601;▁pleaſure:0.2230;ſelves:0.0075;▁purpoſe:0.0044;▁ſmall:0.0029,▁pleaſure:0.5235;▁purpoſe:0.3138;▁Jefus:0.1497;▁ſmall:0.0054;▁Diſ:0.0021
Tokyo,proper_noun,1,0,61827,Tokyo,,Tokyo,layer_21,▁Tokyo,0.995835,3,,3,▁pleaſure,0.929723,81,,81,▁Tokyo:0.9958;<eos>:0.0040;Tokyo:0.0002;<h1>:0.0000;<h3>:0.0000,▁pleaſure:0.9297;▁purpoſe:0.0657;▁ſmall:0.0024;▁ſever:0.0009;▁houſe:0.0005
Tokyo,proper_noun,1,0,61827,Tokyo,,Tokyo,layer_23,▁Tokyo,1.0,2,,2,▁Tokyo,0.953188,2,,2,▁Tokyo:1.0000;Tokyo:0.0000;▁Japanese:0.0000;▁Japan:0.0000;<eos>:0.0000,▁Tokyo:0.9532;Tokyo:0.0462;▁pleaſure:0.0003;▁Jefus:0.0002;▁purpoſe:0.0001
Tokyo,proper_noun,1,0,61827,Tokyo,,Tokyo,layer_25,<eos>,1.0,191,,191,Tokyo,0.999886,1,,1,"<eos>:1.0000;-:0.0000;
:0.0000;

:0.0000;2:0.0000",Tokyo:0.9999;▁Tokyo:0.0001;▁tokyo:0.0000;tokyo:0.0000;Japan:0.0000
Tokyo,proper_noun,1,0,61827,Tokyo,,Tokyo,layer_26,2,0.991894,8,,8,Tokyo,1.0,1,,1,"2:0.9919;

:0.0081;<eos>:0.0000;
:0.0000;-:0.0000",Tokyo:1.0000;▁Tokyo:0.0000;Japan:0.0000;Japanese:0.0000;TOKYO:0.0000
Tokyo,proper_noun,1,0,61827,Tokyo,,Tokyo,final_logits,Tokyo,0.992449,1,,1,,,,,,Tokyo:0.9924;▁Tokyo:0.0024;Japan:0.0011;Japanese:0.0004;TOKYO:0.0004,
Shakespeare,proper_noun,1,0,105015,Shakespeare,,Shakespeare,emb,▁Shakspeare,0.99999,8,,8,▁Shakspeare,1.0,2,,2,▁Shakspeare:1.0000;▁myſelf:0.0000;▁Efq:0.0000;▁itſelf:0.0000;▁Monfieur:0.0000,▁Shakspeare:1.0000;Shakespeare:0.0000;▁Shaksp:0.0000;▁myſelf:0.0000;▁Shakespeare:0.0000
Shakespeare,proper_noun,1,0,105015,Shakespeare,,Shakespeare,layer_1,Shakespeare,0.999999,1,,1,Shakespeare,1.0,1,,1,Shakespeare:1.0000;▁Shakespeare:0.0000;▁Shakspeare:0.0000;▁Shaksp:0.0000;kespeare:0.0000,Shakespeare:1.0000;▁Shakespeare:0.0000;▁Shakspeare:0.0000;kespeare:0.0000;▁Shaksp:0.0000
Shakespeare,proper_noun,1,0,105015,Shakespeare,,Shakespeare,layer_2,Shakespeare,0.99854,1,,1,Shakespeare,0.999997,1,,1,Shakespeare:0.9985;<bos>:0.0014;▁Shakespeare:0.0000;▁Shakspeare:0.0000;kespeare:0.0000,Shakespeare:1.0000;▁Shakespeare:0.0000;▁Shakspeare:0.0000;kespeare:0.0000;▁Shakes:0.0000
Shakespeare,proper_noun,1,0,105015,Shakespeare,,Shakespeare,layer_3,Shakespeare,0.998545,1,,1,Shakespeare,0.999133,1,,1,Shakespeare:0.9985;▁Shakespeare:0.0015;▁Shakspeare:0.0000;<bos>:0.0000;kespeare:0.0000,Shakespeare:0.9991;▁Shakespeare:0.0009;▁Shakspeare:0.0000;kespeare:0.0000;kespea:0.0000
Shakespeare,proper_noun,1,0,105015,Shakespeare,,Shakespeare,layer_6,Shakespeare,0.703605,1,,1,▁Shakespeare,0.602206,2,,2,Shakespeare:0.7036;▁Shakespeare:0.2963;▁Shakspeare:0.0000;QMetaType:0.0000;<bos>:0.0000,▁Shakespeare:0.6022;Shakespeare:0.3978;▁Shakspeare:0.0000;enumi:0.0000;</thead>:0.0000
Shakespeare,proper_noun,1,0,105015,Shakespeare,,Shakespeare,layer_9,enumi,0.82079,7,,7,enumi,0.944111,6,,6,enumi:0.8208;</thead>:0.1562;<bos>:0.0229;GraphicsUnit:0.0001;▁يتيمه:0.0000,enumi:0.9441;</thead>:0.0556;▁Shakespeare:0.0001;▁CreateTagHelper:0.0001;GraphicsUnit:0.0000
Shakespeare,proper_noun,1,0,105015,Shakespeare,,Shakespeare,layer_12,</thead>,0.996198,23,,23,</thead>,0.99807,6,,6,</thead>:0.9962;enumi:0.0036;\{\\:0.0001;География:0.0000;acaktır:0.0000,</thead>:0.9981;enumi:0.0019;▁Shakespeare:0.0000;▁فريبيس:0.0000;acaktır:0.0000
Shakespeare,proper_noun,1,0,105015,Shakespeare,,Shakespeare,layer_14,enumi,1.0,73,,73,enumi,0.999734,23,,23,"enumi:1.0000;enumii:0.0000;':0.0000;


:0.0000;</thead>:0.0000",enumi:0.9997;enumii:0.0003;▁Theſe:0.0000;▁pleaſure:0.0000;▁Chriſt:0.0000
Shakespeare,proper_noun,1,0,105015,Shakespeare,,Shakespeare,layer_17,enumi,0.621162,380,,380,enumi,0.616744,39,,39,enumi:0.6212;VersionUID:0.3523;ImageIO:0.0264;󠁢:0.0001;WebVitals:0.0000,enumi:0.6167;VersionUID:0.2521;ImageIO:0.1231;󠁢:0.0048;świę:0.0004
Shakespeare,proper_noun,1,0,105015,Shakespeare,,Shakespeare,layer_19,▁pleaſure,0.993505,538,,538,▁pleaſure,0.929401,153,,153,▁pleaſure:0.9935;VersionUID:0.0032;▁houſe:0.0026;▁Diſ:0.0003;▁Houſe:0.0002,▁pleaſure:0.9294;▁Diſ:0.0240;▁Reſ:0.0143;VersionUID:0.0089;▁houſe:0.0054
Shakespeare,proper_noun,1,0,105015,Shakespeare,,Shakespeare,layer_20,▁pleaſure,0.999811,27,,27,▁pleaſure,0.991513,45,,45,▁pleaſure:0.9998;▁houſe:0.0001;▁Shakespeare:0.0000;▁Majefty:0.0000;▁greateſt:0.0000,▁pleaſure:0.9915;▁Reſ:0.0045;▁houſe:0.0015;▁ſeveral:0.0007;▁Theſe:0.0006
Shakespeare,proper_noun,1,0,105015,Shakespeare,,Shakespeare,layer_21,▁Shakespeare,0.928692,31,,31,▁pleaſure,0.994557,94,,94,▁Shakespeare:0.9287;▁plays:0.0282;▁theatrical:0.0268;▁theatre:0.0104;▁playing:0.0031,▁pleaſure:0.9946;▁houſe:0.0034;▁Majefty:0.0009;▁ſeveral:0.0006;▁purpoſe:0.0002
Shakespeare,proper_noun,1,0,105015,Shakespeare,,Shakespeare,layer_23,▁Shakespeare,1.0,2,,2,▁Shakspeare,0.985879,4,,4,▁Shakespeare:1.0000;Shakespeare:0.0000;▁playing:0.0000;▁theatrical:0.0000;▁theatre:0.0000,▁Shakspeare:0.9859;▁Shakespeare:0.0129;▁pleaſure:0.0008;Shakespeare:0.0003;▁ſte:0.0000
Shakespeare,proper_noun,1,0,105015,Shakespeare,,Shakespeare,layer_25,<eos>,1.0,889,,889,Shakespeare,0.998223,1,,1,"<eos>:1.0000;▁and:0.0000;.:0.0000;-:0.0000;
:0.0000",Shakespeare:0.9982;▁Shakespeare:0.0018;Sha:0.0000;kespeare:0.0000;Hamlet:0.0000
Shakespeare,proper_noun,1,0,105015,Shakespeare,,Shakespeare,layer_26,<eos>,1.0,31447,,31447,Shakespeare,0.999761,1,,1,"<eos>:1.0000;.:0.0000;,:0.0000;-:0.0000;▁and:0.0000",Shakespeare:0.9998;▁Shakespeare:0.0002;Sha:0.0000;kespeare:0.0000;Hamlet:0.0000
Shakespeare,proper_noun,1,0,105015,Shakespeare,,Shakespeare,final_logits,Shakespeare,0.998591,1,,1,,,,,,Shakespeare:0.9986;▁Shakespeare:0.0013;Sha:0.0001;kespeare:0.0000;Hamlet:0.0000,
Beyoncé,proper_noun,2,0,37861,Bey,54524,Bey,emb,Bey,1.0,1,6838,1,Bey,1.0,1,2208,1,Bey:1.0000;▁Bey:0.0000;▁Monfieur:0.0000;▁myſelf:0.0000;▁bey:0.0000,Bey:1.0000;▁Bey:0.0000;▁bey:0.0000;▁Beyonce:0.0000;<unk>:0.0000
Beyoncé,proper_noun,2,0,37861,Bey,54524,Bey,layer_1,Bey,1.0,1,3797,1,Bey,1.0,1,1238,1,Bey:1.0000;▁Bey:0.0000;▁bey:0.0000;▁Beyonce:0.0000;▁Beyoncé:0.0000,Bey:1.0000;▁Bey:0.0000;▁bey:0.0000;▁Beyonce:0.0000;<unk>:0.0000
Beyoncé,proper_noun,2,0,37861,Bey,54524,Bey,layer_2,Bey,1.0,1,1354,1,Bey,1.0,1,2018,1,Bey:1.0000;▁Bey:0.0000;▁bey:0.0000;▁Beyonce:0.0000;▁Beyoncé:0.0000,Bey:1.0000;▁Bey:0.0000;▁bey:0.0000;▁Beyonce:0.0000;▁Beyoncé:0.0000
Beyoncé,proper_noun,2,0,37861,Bey,54524,Bey,layer_3,Bey,1.0,1,987,1,Bey,1.0,1,445,1,Bey:1.0000;▁Bey:0.0000;▁bey:0.0000;▁Beyonce:0.0000;▁Beyoncé:0.0000,Bey:1.0000;▁Bey:0.0000;▁bey:0.0000;▁Beyonce:0.0000;▁Beyoncé:0.0000
Beyoncé,proper_noun,2,0,37861,Bey,54524,Bey,layer_6,Bey,0.972401,1,11376,1,Bey,1.0,1,7748,1,Bey:0.9724;<bos>:0.0256;▁pleaſure:0.0020;▁ſte:0.0000;▁ſta:0.0000,Bey:1.0000;▁pleaſure:0.0000;▁Bey:0.0000;▁Beyonce:0.0000;▁ſte:0.0000
Beyoncé,proper_noun,2,0,37861,Bey,54524,Bey,layer_9,<bos>,1.0,2,180949,2,Bey,0.993875,1,156206,1,<bos>:1.0000;Bey:0.0000;</thead>:0.0000;▁pleaſure:0.0000;▁finally:0.0000,Bey:0.9939;▁pleaſure:0.0059;▁ſta:0.0001;▁समीक्षाओं:0.0000;▁تضيفلها:0.0000
Beyoncé,proper_noun,2,0,37861,Bey,54524,Bey,layer_12,\{\\,0.863173,78,248501,78,\{\\,0.520929,3,244436,3,\{\\:0.8632;acaktır:0.0764;csolódó:0.0125;èdia:0.0057;</thead>:0.0053,\{\\:0.5209;acaktır:0.2037;Bey:0.0897;▁again:0.0770;▁lastly:0.0277
Beyoncé,proper_noun,2,0,37861,Bey,54524,Bey,layer_14,▁defStyle,0.96399,81,243236,81,▁defStyle,0.992889,7,239518,7,▁defStyle:0.9640;▁lastly:0.0233;enumi:0.0057;▁finally:0.0056;▁mercy:0.0003,▁defStyle:0.9929;▁lastly:0.0040;▁finally:0.0014;▁Diſ:0.0003;▁again:0.0002
Beyoncé,proper_noun,2,0,37861,Bey,54524,Bey,layer_17,▁viſ,0.490169,21,230712,21,Bey,0.36682,1,219049,1,▁viſ:0.4902;▁ſmall:0.2332;▁ſever:0.1138;▁paſſ:0.0376;▁ſta:0.0372,Bey:0.3668;▁viſ:0.2092;▁ſever:0.1029;▁ſta:0.0969;▁ſmall:0.0814
Beyoncé,proper_noun,2,0,37861,Bey,54524,Bey,layer_19,enumi,0.988466,412,132180,412,enumi,0.99168,97,84982,97,enumi:0.9885;▁ſmall:0.0058;▁houſe:0.0048;▁beſt:0.0004;▁ſtate:0.0002,enumi:0.9917;▁ſmall:0.0044;▁houſe:0.0012;▁ſte:0.0006;▁beſt:0.0005
Beyoncé,proper_noun,2,0,37861,Bey,54524,Bey,layer_20,enumi,0.998966,21,109170,21,▁ſmall,0.354079,40,37197,40,enumi:0.9990;▁ſmall:0.0010;▁ſte:0.0000;▁Majefty:0.0000;▁houſe:0.0000,▁ſmall:0.3541;▁ſte:0.2959;enumi:0.2524;▁houſe:0.0182;▁purpoſe:0.0132
Beyoncé,proper_noun,2,0,37861,Bey,54524,Bey,layer_21,enumi,0.548259,24,131579,24,▁ſmall,0.279148,65,24046,65,enumi:0.5483;достатки:0.3941;▁lastly:0.0266;▁perpetuity:0.0168;▁finally:0.0091,▁ſmall:0.2791;▁houſe:0.1774;▁ſte:0.1262;▁فريبيس:0.0745;▁leaſt:0.0716
Beyoncé,proper_noun,2,0,37861,Bey,54524,Bey,layer_23,Bey,1.0,1,134096,1,Bey,0.993903,1,23945,1,Bey:1.0000;▁beaten:0.0000;Bay:0.0000;▁beating:0.0000;▁beat:0.0000,Bey:0.9939;▁Monfieur:0.0033;▁Majefty:0.0015;▁ſmall:0.0007;▁Houſe:0.0001
Beyoncé,proper_noun,2,0,37861,Bey,54524,Bey,layer_25,<eos>,1.0,750,166722,750,Bey,0.999995,1,9055,1,"<eos>:1.0000;-:0.0000;

:0.0000;
:0.0000;2:0.0000",Bey:1.0000;▁bey:0.0000;▁Bey:0.0000;▁Beyer:0.0000;Bay:0.0000
Beyoncé,proper_noun,2,0,37861,Bey,54524,Bey,layer_26,<eos>,1.0,22380,185194,22380,Bey,0.999918,1,5348,1,"<eos>:1.0000;-:0.0000;

:0.0000;
:0.0000;.:0.0000",Bey:0.9999;Hey:0.0000;Be:0.0000;▁Bey:0.0000;Jay:0.0000
Beyoncé,proper_noun,2,0,37861,Bey,54524,Bey,final_logits,Bey,0.999559,1,5348,1,,,,,,Bey:0.9996;Hey:0.0001;Be:0.0000;▁Bey:0.0000;Jay:0.0000,
Beyoncé,proper_noun,2,1,54524,oncé,,Bey,emb,oncé,1.0,1,,94353,oncé,1.0,1,,87802,oncé:1.0000;▁myſelf:0.0000;▁Efq:0.0000;<unused6>:0.0000;<unused80>:0.0000,oncé:1.0000;<mask>:0.0000;<unused1>:0.0000;<unused2>:0.0000;<unused0>:0.0000
Beyoncé,proper_noun,2,1,54524,oncé,,Bey,layer_1,oncé,1.0,1,,15440,oncé,1.0,1,,6316,oncé:1.0000;<mask>:0.0000;<unused1>:0.0000;<unused2>:0.0000;<unused0>:0.0000,oncé:1.0000;<mask>:0.0000;<unused1>:0.0000;<unused2>:0.0000;<unused0>:0.0000
Beyoncé,proper_noun,2,1,54524,oncé,,Bey,layer_2,oncé,1.0,1,,274,oncé,1.0,1,,56,oncé:1.0000;<bos>:0.0000;<unused1>:0.0000;<mask>:0.0000;<unused2>:0.0000,oncé:1.0000;<mask>:0.0000;<unused1>:0.0000;<unused2>:0.0000;<unused0>:0.0000
Beyoncé,proper_noun,2,1,54524,oncé,,Bey,layer_3,oncé,1.0,1,,413,oncé,1.0,1,,64,oncé:1.0000;▁Beyoncé:0.0000;▁незавершена:0.0000;RegistryLite:0.0000;Personensuche:0.0000,oncé:1.0000;<mask>:0.0000;<unused1>:0.0000;<unused2>:0.0000;<unused0>:0.0000
Beyoncé,proper_noun,2,1,54524,oncé,,Bey,layer_6,<bos>,0.999994,2,,445,oncé,1.0,1,,233,<bos>:1.0000;oncé:0.0000;▁raiſ:0.0000;▁itſelf:0.0000;▁pleaſure:0.0000,oncé:1.0000;▁pleaſure:0.0000;▁themſelves:0.0000;▁Monfieur:0.0000;▁himſelf:0.0000
Beyoncé,proper_noun,2,1,54524,oncé,,Bey,layer_9,<bos>,0.892567,3,,5058,▁تضيفلها,0.899072,2,,2097,<bos>:0.8926;▁تضيفلها:0.0376;oncé:0.0279;▁Chriſt:0.0085;▁Conſ:0.0079,▁تضيفلها:0.8991;oncé:0.0975;▁Conſ:0.0024;▁pleaſure:0.0001;▁Chriſt:0.0001
Beyoncé,proper_noun,2,1,54524,oncé,,Bey,layer_12,▁Theſe,0.54843,1923,,71709,▁Efq,0.276539,300,,35008,▁Theſe:0.5484;▁Efq:0.2337;▁Chriftian:0.0947;▁whoſe:0.0362;\{\\:0.0227,▁Efq:0.2765;▁Theſe:0.2690;▁Cæsar:0.1906;▁Chriftian:0.1756;StandardCharsets:0.0377
Beyoncé,proper_noun,2,1,54524,oncé,,Bey,layer_14,enumi,0.547857,3263,,47022,▁defStyle,0.481962,585,,18374,enumi:0.5479;▁defStyle:0.4012;StandardCharsets:0.0164;again:0.0107;▁rootReducer:0.0078,▁defStyle:0.4820;▁Perſ:0.1646;▁ſeveral:0.0949;▁Chriftian:0.0483;▁Diſ:0.0380
Beyoncé,proper_noun,2,1,54524,oncé,,Bey,layer_17,▁purpoſe,0.858906,4525,,10883,▁purpoſe,0.524535,897,,2337,▁purpoſe:0.8589;▁ſtate:0.0269;▁perſon:0.0256;▁Diſ:0.0208;▁greateſt:0.0177,▁purpoſe:0.5245;▁Diſ:0.2847;▁perſon:0.0559;▁greateſt:0.0242;▁ſeveral:0.0214
Beyoncé,proper_noun,2,1,54524,oncé,,Bey,layer_19,▁ſtate,0.614155,4318,,38873,▁ſeveral,0.298702,870,,14991,▁ſtate:0.6142;▁preſent:0.1508;▁houſe:0.0907;▁purpoſe:0.0535;neſs:0.0260,▁ſeveral:0.2987;▁ſtate:0.1584;▁preſent:0.1337;▁purpoſe:0.0901;▁Diſ:0.0577
Beyoncé,proper_noun,2,1,54524,oncé,,Bey,layer_20,▁Majefty,0.677054,1836,,831,▁purpoſe,0.478619,358,,440,▁Majefty:0.6771;▁purpoſe:0.3149;▁ſtate:0.0060;▁ſmall:0.0008;▁houſe:0.0005,▁purpoſe:0.4786;▁Majefty:0.3219;▁ſeveral:0.1347;▁Reſ:0.0168;▁Diſ:0.0125
Beyoncé,proper_noun,2,1,54524,oncé,,Bey,layer_21,▁perpetuity,0.998257,9593,,2212,▁ſeveral,0.597821,368,,322,▁perpetuity:0.9983;again:0.0007;▁infinite:0.0003;▁conclusion:0.0003;▁cytoplasm:0.0001,▁ſeveral:0.5978;▁Majefty:0.2761;▁purpoſe:0.0992;▁ſtate:0.0048;▁leaſt:0.0045
Beyoncé,proper_noun,2,1,54524,oncé,,Bey,layer_23,Bey,0.999996,36597,,1,Bey,0.997042,851,,1,Bey:1.0000;▁Beyoncé:0.0000;▁finally:0.0000;▁conclusion:0.0000;▁again:0.0000,Bey:0.9970;▁Beyoncé:0.0014;▁Majefty:0.0011;▁purpoſe:0.0001;▁فريبيس:0.0001
Beyoncé,proper_noun,2,1,54524,oncé,,Bey,layer_25,<eos>,1.0,37836,,305,Bey,0.998771,8,,1,"<eos>:1.0000;
:0.0000;1:0.0000;

:0.0000;-:0.0000",Bey:0.9988;▁Beyoncé:0.0012;▁Bey:0.0000;▁bey:0.0000;▁Beyonce:0.0000
Beyoncé,proper_noun,2,1,54524,oncé,,Bey,layer_26,<eos>,1.0,118746,,23818,Bey,0.999616,3,,1,"<eos>:1.0000;-:0.0000;1:0.0000;
:0.0000;

:0.0000",Bey:0.9996;▁Beyoncé:0.0001;oncé:0.0001;▁Bey:0.0000;1:0.0000
Beyoncé,proper_noun,2,1,54524,oncé,,Bey,final_logits,Bey,0.998868,3,,1,,,,,,Bey:0.9989;▁Beyoncé:0.0004;oncé:0.0002;▁Bey:0.0001;1:0.0000,
run,verb,1,0,3153,run,,run,emb,run,1.0,1,,1,run,1.0,1,,1,run:1.0000;▁run:0.0000;Run:0.0000;▁Run:0.0000;RUN:0.0000,run:1.0000;▁run:0.0000;Run:0.0000;▁Run:0.0000;RUN:0.0000
run,verb,1,0,3153,run,,run,layer_1,run,0.999885,1,,1,run,1.0,1,,1,run:0.9999;▁run:0.0001;Run:0.0000;▁Run:0.0000;RUN:0.0000,run:1.0000;▁run:0.0000;Run:0.0000;▁Run:0.0000;RUN:0.0000
run,verb,1,0,3153,run,,run,layer_2,run,0.918777,1,,1,run,0.999926,1,,1,run:0.9188;▁run:0.0812;Run:0.0000;▁Run:0.0000;▁RUN:0.0000,run:0.9999;▁run:0.0001;Run:0.0000;▁Run:0.0000;RUN:0.0000
run,verb,1,0,3153,run,,run,layer_3,run,0.545409,1,,1,run,0.992986,1,,1,run:0.5454;▁run:0.4546;Run:0.0000;▁Run:0.0000;RUN:0.0000,run:0.9930;▁run:0.0070;Run:0.0000;▁Run:0.0000;RUN:0.0000
run,verb,1,0,3153,run,,run,layer_6,run,0.554877,1,,1,run,0.967653,1,,1,run:0.5549;▁run:0.4449;Run:0.0001;▁runs:0.0001;▁Run:0.0000,run:0.9677;▁run:0.0323;Run:0.0000;▁runs:0.0000;▁Run:0.0000
run,verb,1,0,3153,run,,run,layer_9,RunWith,0.786125,4,,4,RunWith,0.984108,3,,3,RunWith:0.7861;▁run:0.1477;الإنجليزية:0.0409;run:0.0084;.:0.0049,RunWith:0.9841;▁run:0.0107;run:0.0050;الإنجليزية:0.0001;Архівовано:0.0000
run,verb,1,0,3153,run,,run,layer_12,RunWith,0.592043,6977,,6977,RunWith,0.950341,256,,256,RunWith:0.5920;csolódó:0.3864;StandardCharsets:0.0108;WaitGroup:0.0036;География:0.0023,"RunWith:0.9503;WaitGroup:0.0486;csolódó:0.0007;▁فريبيس:0.0001;

:0.0000"
run,verb,1,0,3153,run,,run,layer_14,<eos>,0.588216,361,,361,RunWith,0.779095,112,,112,<eos>:0.5882;':0.1762;.:0.1643;▁lainnya:0.0240;▁again:0.0148,RunWith:0.7791;▁lainnya:0.0696;▁again:0.0300;tagHelperRunner:0.0204;AddTagHelper:0.0166
run,verb,1,0,3153,run,,run,layer_17,▁تانيه,0.98911,17,,17,▁تانيه,0.766048,3,,3,▁تانيه:0.9891;▁run:0.0108;اعدة:0.0000;sional:0.0000;Przypisy:0.0000,▁تانيه:0.7660;▁run:0.2246;run:0.0017;▁متعلقه:0.0017;фр:0.0014
run,verb,1,0,3153,run,,run,layer_19,▁run,0.999902,4,,4,▁run,0.979889,2,,2,▁run:0.9999;▁running:0.0000;▁runs:0.0000;run:0.0000;▁again:0.0000,▁run:0.9799;run:0.0043;▁Run:0.0031;▁ſtre:0.0023;RunWith:0.0021
run,verb,1,0,3153,run,,run,layer_20,▁run,0.999995,6,,6,▁run,0.989059,9,,9,▁run:1.0000;▁Run:0.0000;▁running:0.0000;▁runs:0.0000;Run:0.0000,▁run:0.9891;▁Run:0.0087;Run:0.0009;▁RUN:0.0008;▁running:0.0001
run,verb,1,0,3153,run,,run,layer_21,▁run,1.0,3,,3,▁faſt,0.50944,55,,55,▁run:1.0000;▁running:0.0000;run:0.0000;▁Run:0.0000;▁runs:0.0000,▁faſt:0.5094;▁houſe:0.2226;▁raiſ:0.1083;▁Diſ:0.0470;▁run:0.0369
run,verb,1,0,3153,run,,run,layer_23,▁run,1.0,2,,2,▁run,0.99393,4,,4,▁run:1.0000;run:0.0000;▁running:0.0000;▁Run:0.0000;Run:0.0000,▁run:0.9939;Run:0.0024;▁Run:0.0014;run:0.0012;RunWith:0.0011
run,verb,1,0,3153,run,,run,layer_25,<eos>,1.0,9,,9,run,0.9962,1,,1,"<eos>:1.0000;-:0.0000;,:0.0000;.:0.0000;▁(:0.0000",run:0.9962;▁run:0.0021;Run:0.0016;un:0.0000;RunWith:0.0000
run,verb,1,0,3153,run,,run,layer_26,<eos>,1.0,173,,173,run,0.910866,1,,1,"<eos>:1.0000;-:0.0000;,:0.0000;.:0.0000;▁(:0.0000",run:0.9109;un:0.0197;n:0.0060;rund:0.0046;num:0.0035
run,verb,1,0,3153,run,,run,final_logits,run,0.883242,1,,1,,,,,,run:0.8832;un:0.0244;n:0.0077;rund:0.0060;num:0.0046,
walked,verb,2,0,15658,walk,509,walk,emb,walk,1.0,1,253877,1,walk,1.0,1,250684,1,walk:1.0000;Walk:0.0000;▁walk:0.0000;WALK:0.0000;walks:0.0000,walk:1.0000;Walk:0.0000;▁walk:0.0000;walks:0.0000;WALK:0.0000
walked,verb,2,0,15658,walk,509,walk,layer_1,walk,0.999999,1,3159,1,walk,1.0,1,2000,1,walk:1.0000;▁walk:0.0000;Walk:0.0000;▁Walk:0.0000;WALK:0.0000,walk:1.0000;▁walk:0.0000;Walk:0.0000;▁Walk:0.0000;WALK:0.0000
walked,verb,2,0,15658,walk,509,walk,layer_2,walk,0.99994,1,951,1,walk,1.0,1,867,1,walk:0.9999;▁walk:0.0000;<bos>:0.0000;Walk:0.0000;▁Walk:0.0000,walk:1.0000;▁walk:0.0000;Walk:0.0000;▁Walk:0.0000;▁WALK:0.0000
walked,verb,2,0,15658,walk,509,walk,layer_3,walk,0.999397,1,3845,1,walk,0.999999,1,1983,1,walk:0.9994;▁walk:0.0006;Walk:0.0000;▁Walk:0.0000;▁WALK:0.0000,walk:1.0000;▁walk:0.0000;Walk:0.0000;▁Walk:0.0000;▁WALK:0.0000
walked,verb,2,0,15658,walk,509,walk,layer_6,<bos>,1.0,2,595,2,walk,0.995548,1,1392,1,<bos>:1.0000;walk:0.0000;▁walk:0.0000;Walk:0.0000;▁walks:0.0000,walk:0.9955;▁walk:0.0042;Walk:0.0003;walks:0.0000;▁walks:0.0000
walked,verb,2,0,15658,walk,509,walk,layer_9,AnimationsModule,0.57119,6,419,6,twimg,0.657011,5,714,5,AnimationsModule:0.5712;twimg:0.2667;▁يتيمه:0.0450;▁walk:0.0440;▁also:0.0202,twimg:0.6570;AnimationsModule:0.2568;▁تضيفلها:0.0642;▁يتيمه:0.0185;walk:0.0025
walked,verb,2,0,15658,walk,509,walk,layer_12,▁InputDecoration,0.535653,843,8694,843,WaitGroup,0.418293,66,1851,66,▁InputDecoration:0.5357;сылкі:0.1774;География:0.1068;קישורים:0.0485;WaitGroup:0.0317,WaitGroup:0.4183;сылкі:0.4163;▁InputDecoration:0.1260;▁Wikimédia:0.0172;ButterKnife:0.0052
walked,verb,2,0,15658,walk,509,walk,layer_14,▁faſt,0.758284,660,4014,660,▁faſt,0.365286,125,938,125,▁faſt:0.7583;▁pleaſure:0.1630;▁raiſ:0.0173;▁paſſ:0.0153;▁ſee:0.0103,▁faſt:0.3653;▁pleaſure:0.3076;▁raiſ:0.1278;▁ſee:0.0810;▁paſſ:0.0567
walked,verb,2,0,15658,walk,509,walk,layer_17,▁faſt,0.961544,43,793,43,▁faſt,0.673181,19,405,19,▁faſt:0.9615;▁viſ:0.0174;▁ſta:0.0082;▁ſec:0.0035;▁diſt:0.0023,▁faſt:0.6732;▁viſ:0.1044;▁ſta:0.0783;▁raiſ:0.0296;▁obſ:0.0244
walked,verb,2,0,15658,walk,509,walk,layer_19,▁pleaſure,0.917501,104,807,104,▁pleaſure,0.655712,97,809,97,▁pleaſure:0.9175;▁faſt:0.0387;▁houſe:0.0341;▁ſtre:0.0066;▁preſent:0.0027,▁pleaſure:0.6557;▁faſt:0.1929;▁ſtre:0.0520;▁houſe:0.0421;▁preſent:0.0295
walked,verb,2,0,15658,walk,509,walk,layer_20,▁walk,0.999975,2,112,2,▁ſtre,0.371777,16,690,16,▁walk:1.0000;walk:0.0000;▁walks:0.0000;▁ſtre:0.0000;▁houſe:0.0000,▁ſtre:0.3718;▁houſe:0.1947;▁pleaſure:0.1847;▁faſt:0.1507;▁raiſ:0.0682
walked,verb,2,0,15658,walk,509,walk,layer_21,▁walk,0.999948,2,18,2,▁faſt,0.679208,35,1665,35,▁walk:0.9999;walk:0.0001;▁walking:0.0000;▁footsteps:0.0000;▁talk:0.0000,▁faſt:0.6792;▁pleaſure:0.1911;▁houſe:0.0623;▁preſent:0.0469;▁ſtre:0.0139
walked,verb,2,0,15658,walk,509,walk,layer_23,▁walk,1.0,2,93,2,▁walk,0.543324,2,6320,2,▁walk:1.0000;walk:0.0000;▁walking:0.0000;Walk:0.0000;▁walked:0.0000,▁walk:0.5433;walk:0.4564;Walk:0.0003;▁Walk:0.0000;WALK:0.0000
walked,verb,2,0,15658,walk,509,walk,layer_25,<eos>,0.999202,194,46,194,walk,0.998533,1,22,1,"<eos>:0.9992;-:0.0008;,:0.0000;▁(:0.0000;.:0.0000",walk:0.9985;w:0.0006;through:0.0002;while:0.0001;-:0.0001
walked,verb,2,0,15658,walk,509,walk,layer_26,<eos>,1.0,1896,119,1896,walk,0.925215,1,40,1,"<eos>:1.0000;-:0.0000;▁(:0.0000;.:0.0000;,:0.0000",walk:0.9252;talk:0.0129;together:0.0062;w:0.0045;through:0.0040
walked,verb,2,0,15658,walk,509,walk,final_logits,walk,0.908657,1,40,1,,,,,,walk:0.9087;talk:0.0154;together:0.0075;w:0.0055;through:0.0048,
walked,verb,2,1,509,ed,,walk,emb,ed,1.0,1,,19585,ed,1.0,1,,25161,ed:1.0000;ED:0.0000;ing:0.0000;▁:0.0000;es:0.0000,ed:1.0000;<mask>:0.0000;<unused1>:0.0000;<unused2>:0.0000;<unused0>:0.0000
walked,verb,2,1,509,ed,,walk,layer_1,ed,1.0,1,,15908,ed,1.0,1,,15179,ed:1.0000;ED:0.0000;▁ed:0.0000;ing:0.0000;Ed:0.0000,ed:1.0000;ED:0.0000;▁ed:0.0000;ing:0.0000;<unk>:0.0000
walked,verb,2,1,509,ed,,walk,layer_2,<bos>,1.0,2,,12416,ed,0.999999,1,,8226,<bos>:1.0000;ed:0.0000;ED:0.0000;':0.0000;’:0.0000,ed:1.0000;<bos>:0.0000;ED:0.0000;▁ed:0.0000;Ed:0.0000
walked,verb,2,1,509,ed,,walk,layer_3,<bos>,1.0,2,,11960,<bos>,0.88521,2,,8458,<bos>:1.0000;ed:0.0000;ED:0.0000;Autoritní:0.0000;MigrationBuilder:0.0000,<bos>:0.8852;ed:0.1148;ED:0.0000;▁تضيفلها:0.0000;bootstrapcdn:0.0000
walked,verb,2,1,509,ed,,walk,layer_6,<bos>,1.0,10,,80,<bos>,0.995208,9,,28,<bos>:1.0000;bootstrapcdn:0.0000;▁and:0.0000;▁walked:0.0000;twimg:0.0000,<bos>:0.9952;bootstrapcdn:0.0024;twimg:0.0023;▁walked:0.0001;▁walking:0.0000
walked,verb,2,1,509,ed,,walk,layer_9,bootstrapcdn,0.94673,137,,2565,bootstrapcdn,0.997423,116,,1132,bootstrapcdn:0.9467;AnimationsModule:0.0103;twimg:0.0076;▁also:0.0067;▁دیکھیے:0.0031,bootstrapcdn:0.9974;twimg:0.0009;▁دیکھیے:0.0008;AnimationsModule:0.0006;▁تضيفلها:0.0004
walked,verb,2,1,509,ed,,walk,layer_12,▁Jefus,0.656895,50505,,80154,WaitGroup,0.977793,5548,,22595,▁Jefus:0.6569;AddTagHelper:0.1281;▁whoſe:0.0568;▁Efq:0.0357;▁ſeveral:0.0312,WaitGroup:0.9778;AddTagHelper:0.0182;▁Jefus:0.0009;▁خارجية:0.0008;קישורים:0.0004
walked,verb,2,1,509,ed,,walk,layer_14,▁faſt,0.602235,18107,,29007,▁ſta,0.253006,1213,,4957,▁faſt:0.6022;▁ſta:0.0978;▁raiſ:0.0708;▁preſent:0.0575;▁paſſ:0.0334,▁ſta:0.2530;▁faſt:0.2494;▁raiſ:0.1791;▁paſſ:0.0886;▁ſte:0.0819
walked,verb,2,1,509,ed,,walk,layer_17,▁faſt,0.508691,604,,1779,▁ſta,0.598271,151,,732,▁faſt:0.5087;▁ſta:0.3442;достатки:0.0462;▁ſte:0.0341;▁ſec:0.0192,▁ſta:0.5983;▁faſt:0.1762;▁ſte:0.0742;▁laſt:0.0548;▁ſec:0.0365
walked,verb,2,1,509,ed,,walk,layer_19,▁faſt,0.680603,427,,3809,▁faſt,0.373542,441,,2778,▁faſt:0.6806;▁preſent:0.2103;▁ſta:0.0472;▁ſtre:0.0284;▁ſte:0.0109,▁faſt:0.3735;▁ſta:0.2495;▁preſent:0.1894;▁ſte:0.0527;▁ſtre:0.0476
walked,verb,2,1,509,ed,,walk,layer_20,▁faſt,0.523654,95,,99,▁ſta,0.50662,629,,225,▁faſt:0.5237;▁ſte:0.2105;▁ſta:0.1646;▁ſtre:0.0775;▁ſmall:0.0129,▁ſta:0.5066;▁ſte:0.2457;▁faſt:0.1928;▁ſtre:0.0316;▁raiſ:0.0074
walked,verb,2,1,509,ed,,walk,layer_21,▁walk,0.539595,64,,47,▁faſt,0.876755,6058,,168,▁walk:0.5396;▁walked:0.3993;▁way:0.0416;▁footsteps:0.0076;▁feet:0.0040,▁faſt:0.8768;▁ſte:0.0303;▁ſta:0.0258;▁myſelf:0.0166;▁houſe:0.0151
walked,verb,2,1,509,ed,,walk,layer_23,▁walk,1.0,13,,3,▁walk,0.976679,69,,2,▁walk:1.0000;▁walked:0.0000;walk:0.0000;▁walking:0.0000;▁Walk:0.0000,▁walk:0.9767;walk:0.0144;▁walked:0.0089;Walk:0.0000;▁Walk:0.0000
walked,verb,2,1,509,ed,,walk,layer_25,-,0.999246,24,,54,walk,0.995631,5,,1,"-:0.9992;<eos>:0.0007;<unused63>:0.0000;,:0.0000;<unused61>:0.0000",walk:0.9956;▁walk:0.0040;▁walked:0.0003;-:0.0000;ed:0.0000
walked,verb,2,1,509,ed,,walk,layer_26,<eos>,1.0,65,,1030,walk,0.995266,4,,1,"<eos>:1.0000;-:0.0000;,:0.0000;<unused63>:0.0000;▁(:0.0000",walk:0.9953;▁walk:0.0011;▁walked:0.0004;ed:0.0003;own:0.0003
walked,verb,2,1,509,ed,,walk,final_logits,walk,0.992524,4,,1,,,,,,walk:0.9925;▁walk:0.0017;▁walked:0.0006;ed:0.0005;own:0.0005,
is,verb,1,0,502,is,,is,emb,is,1.0,1,,1,is,1.0,1,,1,"is:1.0000;▁:0.0000;.:0.0000;,:0.0000;
:0.0000",is:1.0000;▁:0.0000;<unused1>:0.0000;<mask>:0.0000;<unused2>:0.0000
is,verb,1,0,502,is,,is,layer_1,is,1.0,1,,1,is,1.0,1,,1,is:1.0000;IS:0.0000;Is:0.0000;▁is:0.0000;▁IS:0.0000,is:1.0000;IS:0.0000;Is:0.0000;▁is:0.0000;▁IS:0.0000
is,verb,1,0,502,is,,is,layer_2,<bos>,1.0,2,,2,is,1.0,1,,1,<bos>:1.0000;is:0.0000;Is:0.0000;IS:0.0000;':0.0000,is:1.0000;IS:0.0000;Is:0.0000;<bos>:0.0000;▁is:0.0000
is,verb,1,0,502,is,,is,layer_3,<bos>,0.922995,2,,2,is,1.0,1,,1,<bos>:0.9230;is:0.0770;IS:0.0000;▁is:0.0000;Is:0.0000,is:1.0000;IS:0.0000;Is:0.0000;▁is:0.0000;▁IS:0.0000
is,verb,1,0,502,is,,is,layer_6,<bos>,1.0,2,,2,is,0.991834,1,,1,<bos>:1.0000;is:0.0000;▁is:0.0000;▁and:0.0000;▁are:0.0000,is:0.9918;<bos>:0.0068;▁is:0.0013;IS:0.0000;PYX:0.0000
is,verb,1,0,502,is,,is,layer_9,enumi,0.947025,5,,5,enumi,0.980176,5,,5,enumi:0.9470;TargetException:0.0351;▁is:0.0080;\{\\:0.0059;is:0.0010,enumi:0.9802;TargetException:0.0147;Архівовано:0.0027;▁MainAxisSize:0.0009;is:0.0005
is,verb,1,0,502,is,,is,layer_12,enumi,0.596347,52,,52,▁is,0.346269,3,,3,"enumi:0.5963;kranz:0.1604;\{\\:0.0695;:0.0384;▁is:0.0323","▁is:0.3463;▁also:0.3248;is:0.1808;:0.0414;enumi:0.0243"
is,verb,1,0,502,is,,is,layer_14,enumi,0.998803,10,,10,enumi,0.931836,7,,7,"enumi:0.9988;▁is:0.0004;ValueStyle:0.0001;:0.0001;是我们:0.0001",enumi:0.9318;ValueStyle:0.0209;▁gesucht:0.0133;是我们:0.0124;▁attesa:0.0060
is,verb,1,0,502,is,,is,layer_17,▁تانيه,0.961953,612,,612,▁متعلقه,0.746804,1678,,1678,"▁تانيه:0.9620;enumi:0.0305;:0.0018;aneous:0.0011;▁finally:0.0011",▁متعلقه:0.7468;▁تانيه:0.1683;▁ſtre:0.0366;▁ſta:0.0144;enumi:0.0063
is,verb,1,0,502,is,,is,layer_19,"",0.999214,520,,520,▁فريبيس,0.964307,1182,,1182,":0.9992;aneous:0.0003;enumi:0.0002;▁while:0.0001;躇:0.0000","▁فريبيس:0.9643;▁ſtre:0.0180;躇:0.0052;:0.0027;ificação:0.0019"
is,verb,1,0,502,is,,is,layer_20,"",0.997025,12,,12,▁ſtre,0.412128,639,,639,":0.9970;▁this:0.0021;▁space:0.0003;▁emergency:0.0002;▁happening:0.0001",▁ſtre:0.4121;▁فريبيس:0.1617;ValueStyle:0.0659;躇:0.0651;▁Conſ:0.0504
is,verb,1,0,502,is,,is,layer_21,▁is,0.700331,9,,9,▁متعلقه,0.928586,457,,457,"▁is:0.7003;:0.2209;<eos>:0.0749;▁this:0.0019;▁if:0.0013",▁متعلقه:0.9286;▁isComment:0.0201;+#+#:0.0184;▁فريبيس:0.0096;▁BoxDecoration:0.0049
is,verb,1,0,502,is,,is,layer_23,▁is,0.999878,2,,2,▁is,0.326609,2,,2,▁is:0.9999;is:0.0001;<eos>:0.0000;-:0.0000;.:0.0000,▁is:0.3266;is:0.3149;Jis:0.0645;▁IS:0.0314;isis:0.0297
is,verb,1,0,502,is,,is,layer_25,<eos>,1.0,2,,2,is,0.985422,1,,1,<eos>:1.0000;is:0.0000;▁is:0.0000;-:0.0000;.:0.0000,is:0.9854;▁is:0.0145;Is:0.0000;▁Isis:0.0000;<eos>:0.0000
is,verb,1,0,502,is,,is,layer_26,<eos>,1.0,5,,5,is,0.965144,1,,1,<eos>:1.0000;-:0.0000;.:0.0000;<unused1>:0.0000;<unused0>:0.0000,is:0.9651;isis:0.0067;<eos>:0.0048;▁is:0.0029;us:0.0015
is,verb,1,0,502,is,,is,final_logits,is,0.95089,1,,1,,,,,,is:0.9509;isis:0.0091;<eos>:0.0066;▁is:0.0040;us:0.0021,
think,verb,1,0,27197,think,,think,emb,think,1.0,1,,1,think,1.0,1,,1,think:1.0000;Think:0.0000;▁Think:0.0000;▁think:0.0000;THINK:0.0000,think:1.0000;Think:0.0000;▁Think:0.0000;▁think:0.0000;THINK:0.0000
think,verb,1,0,27197,think,,think,layer_1,think,0.999997,1,,1,think,1.0,1,,1,think:1.0000;Think:0.0000;▁Think:0.0000;▁think:0.0000;▁THINK:0.0000,think:1.0000;Think:0.0000;▁Think:0.0000;▁think:0.0000;▁THINK:0.0000
think,verb,1,0,27197,think,,think,layer_2,think,0.999526,1,,1,think,1.0,1,,1,think:0.9995;Think:0.0004;▁think:0.0001;▁Think:0.0000;<bos>:0.0000,think:1.0000;Think:0.0000;▁think:0.0000;▁Think:0.0000;▁THINK:0.0000
think,verb,1,0,27197,think,,think,layer_3,think,0.997344,1,,1,think,0.999982,1,,1,think:0.9973;Think:0.0025;▁Think:0.0001;▁think:0.0000;▁THINK:0.0000,think:1.0000;Think:0.0000;▁Think:0.0000;▁think:0.0000;▁THINK:0.0000
think,verb,1,0,27197,think,,think,layer_6,think,0.930452,1,,1,think,0.979368,1,,1,think:0.9305;Think:0.0434;▁think:0.0235;▁Think:0.0010;▁thought:0.0009,think:0.9794;Think:0.0198;▁think:0.0006;▁Think:0.0001;▁THINK:0.0001
think,verb,1,0,27197,think,,think,layer_9,▁think,0.822031,2,,2,think,0.836193,1,,1,▁think:0.8220;think:0.1564;▁thinks:0.0112;▁thought:0.0038;▁thinking:0.0032,think:0.8362;▁think:0.1535;▁thinks:0.0075;Think:0.0021;▁THINK:0.0002
think,verb,1,0,27197,think,,think,layer_12,\{\\,0.997955,11,,11,\{\\,0.492717,7,,7,\{\\:0.9980;▁thought:0.0008;enumi:0.0004;Παραπομπές:0.0003;Think:0.0003,\{\\:0.4927;Think:0.2514;▁thought:0.1809;▁Think:0.0376;▁thinks:0.0129
think,verb,1,0,27197,think,,think,layer_14,enumi,0.963098,13,,13,▁thought,0.409592,5,,5,enumi:0.9631;▁Theſe:0.0292;NOPQRST:0.0055;▁houſe:0.0008;▁تانيه:0.0003,▁thought:0.4096;▁THINK:0.1459;▁Thought:0.1251;Think:0.1147;think:0.1024
think,verb,1,0,27197,think,,think,layer_17,▁thought,0.371543,7,,7,▁THINK,0.57931,4,,4,▁thought:0.3715;▁think:0.2128;▁THINK:0.1382;▁thinking:0.1219;▁تانيه:0.1193,▁THINK:0.5793;▁thought:0.1319;▁think:0.1315;think:0.0623;▁Think:0.0338
think,verb,1,0,27197,think,,think,layer_19,Przypisy,0.999076,202,,202,Przypisy,0.836074,75,,75,Przypisy:0.9991;出版年:0.0007;▁reaſon:0.0001;▁ſtate:0.0000;▁faſt:0.0000,Przypisy:0.8361;出版年:0.1551;▁initComponents:0.0074;참고:0.0003;▁faſt:0.0003
think,verb,1,0,27197,think,,think,layer_20,▁think,0.979023,4,,4,▁Think,0.508268,4,,4,▁think:0.9790;▁Think:0.0199;Think:0.0009;think:0.0002;Przypisy:0.0000,▁Think:0.5083;▁think:0.3104;Think:0.0773;think:0.0454;Przypisy:0.0357
think,verb,1,0,27197,think,,think,layer_21,▁think,0.999997,2,,2,▁متعلقه,0.617442,10,,10,▁think:1.0000;think:0.0000;▁Think:0.0000;Think:0.0000;▁thought:0.0000,▁متعلقه:0.6174;▁leaſt:0.2011;▁think:0.0457;▁reaſon:0.0436;▁houſe:0.0223
think,verb,1,0,27197,think,,think,layer_23,▁think,0.999968,2,,2,think,0.689505,1,,1,▁think:1.0000;think:0.0000;Think:0.0000;▁Think:0.0000;▁thinking:0.0000,think:0.6895;▁Think:0.1107;Think:0.0918;▁think:0.0668;THINK:0.0396
think,verb,1,0,27197,think,,think,layer_25,<eos>,1.0,19,,19,think,0.999683,1,,1,"<eos>:1.0000;-:0.0000;.:0.0000;,:0.0000;and:0.0000",think:0.9997;THINK:0.0002;like:0.0000;▁think:0.0000;what:0.0000
think,verb,1,0,27197,think,,think,layer_26,<eos>,1.0,679,,679,think,0.933948,1,,1,"<eos>:1.0000;-:0.0000;.:0.0000;,:0.0000;<unk>:0.0000",think:0.9339;what:0.0163;will:0.0113;thank:0.0069;while:0.0039
think,verb,1,0,27197,think,,think,final_logits,think,0.866031,1,,1,,,,,,think:0.8660;what:0.0283;will:0.0205;thank:0.0131;while:0.0078,
understand,verb,1,0,89427,understand,,understand,emb,understand,1.0,1,,1,understand,1.0,1,,1,understand:1.0000;▁myſelf:0.0000;Understand:0.0000;▁Understand:0.0000;understanding:0.0000,understand:1.0000;Understand:0.0000;▁Understand:0.0000;understanding:0.0000;▁understand:0.0000
understand,verb,1,0,89427,understand,,understand,layer_1,understand,1.0,1,,1,understand,1.0,1,,1,understand:1.0000;Understand:0.0000;▁Understand:0.0000;▁understand:0.0000;understanding:0.0000,understand:1.0000;▁Understand:0.0000;Understand:0.0000;▁understand:0.0000;understanding:0.0000
understand,verb,1,0,89427,understand,,understand,layer_2,<bos>,1.0,2,,2,understand,1.0,1,,1,<bos>:1.0000;understand:0.0000;▁understand:0.0000;Understand:0.0000;▁Understand:0.0000,understand:1.0000;▁understand:0.0000;▁Understand:0.0000;Understand:0.0000;▁understanding:0.0000
understand,verb,1,0,89427,understand,,understand,layer_3,understand,0.999885,1,,1,understand,1.0,1,,1,understand:0.9999;▁understand:0.0001;Understand:0.0000;▁Understand:0.0000;▁understanding:0.0000,understand:1.0000;▁understand:0.0000;▁Understand:0.0000;Understand:0.0000;▁understanding:0.0000
understand,verb,1,0,89427,understand,,understand,layer_6,understand,0.878888,1,,1,understand,0.980304,1,,1,understand:0.8789;▁understand:0.0508;▁understanding:0.0285;▁Understand:0.0220;Understand:0.0134,understand:0.9803;▁Understand:0.0134;Understand:0.0046;▁understand:0.0011;▁understanding:0.0005
understand,verb,1,0,89427,understand,,understand,layer_9,▁understand,0.570231,3,,3,understand,0.397393,1,,1,▁understand:0.5702;▁understanding:0.3058;understand:0.0521;▁understands:0.0296;▁Understand:0.0147,understand:0.3974;▁understand:0.2790;▁understanding:0.2149;▁Understand:0.0679;▁understands:0.0231
understand,verb,1,0,89427,understand,,understand,layer_12,StandardCharsets,0.836739,80,,80,StandardCharsets,0.997287,22,,22,StandardCharsets:0.8367;neſs:0.1048;csolódó:0.0148;▁houſe:0.0142;▁ſtate:0.0126,StandardCharsets:0.9973;neſs:0.0008;▁ſtate:0.0003;▁Chriftian:0.0003;▁houſe:0.0002
understand,verb,1,0,89427,understand,,understand,layer_14,ousand,0.288473,212,,212,neſs,0.692901,85,,85,"ousand:0.2885;


:0.2525;neſs:0.2490;StandardCharsets:0.0712;<eos>:0.0272",neſs:0.6929;▁pleaſure:0.1193;StandardCharsets:0.0530;ousand:0.0363;▁defStyle:0.0220
understand,verb,1,0,89427,understand,,understand,layer_17,▁understanding,0.989292,18,,18,▁ſtand,0.453309,63,,63,▁understanding:0.9893;▁understand:0.0086;▁everything:0.0009;▁understands:0.0005;▁understood:0.0002,▁ſtand:0.4533;▁pleaſure:0.2729;▁diſt:0.1046;▁perſon:0.0293;▁ſta:0.0238
understand,verb,1,0,89427,understand,,understand,layer_19,"


",0.985359,59,,59,▁pleaſure,0.536465,149,,149,"


:0.9854;

:0.0068;▁everything:0.0039;<eos>:0.0020;▁understand:0.0004",▁pleaſure:0.5365;▁ſeveral:0.3477;▁ſmall:0.0350;▁ſtre:0.0256;▁faſt:0.0243
understand,verb,1,0,89427,understand,,understand,layer_20,▁understand,0.995683,3,,3,▁ſeveral,0.729996,44,,44,▁understand:0.9957;▁understanding:0.0043;understand:0.0000;▁understands:0.0000;▁Understand:0.0000,▁ſeveral:0.7300;▁pleaſure:0.1048;▁purpoſe:0.0718;▁ſtand:0.0418;▁myſelf:0.0144
understand,verb,1,0,89427,understand,,understand,layer_21,▁understand,0.985114,16,,16,▁pleaſure,0.428989,48,,48,"▁understand:0.9851;<eos>:0.0149;<h1>:0.0000;


:0.0000;

:0.0000",▁pleaſure:0.4290;▁purpoſe:0.3250;▁ſeveral:0.1234;▁ſtand:0.0788;▁faſt:0.0210
understand,verb,1,0,89427,understand,,understand,layer_23,▁understand,0.999991,7,,7,understand,0.454273,1,,1,▁understand:1.0000;▁understanding:0.0000;<eos>:0.0000;▁understood:0.0000;▁understands:0.0000,understand:0.4543;▁understand:0.4258;▁Understand:0.0576;Understand:0.0442;▁understanding:0.0178
understand,verb,1,0,89427,understand,,understand,layer_25,<eos>,1.0,1169,,1169,understand,0.976055,1,,1,"<eos>:1.0000;

:0.0000;.:0.0000;
:0.0000;-:0.0000",understand:0.9761;▁understand:0.0091;Understand:0.0048;<:0.0045;<eos>:0.0019
understand,verb,1,0,89427,understand,,understand,layer_26,<eos>,1.0,11119,,11119,understand,0.916477,1,,1,<eos>:1.0000;.:0.0000;<unused1>:0.0000;<mask>:0.0000;<unused2>:0.0000,"understand:0.9165;

:0.0152;<eos>:0.0088;stand:0.0085;know:0.0083"
understand,verb,1,0,89427,understand,,understand,final_logits,understand,0.748474,1,,1,,,,,,"understand:0.7485;

:0.0330;<eos>:0.0211;stand:0.0206;know:0.0201",
procrastinate,verb,4,0,1010,pro,12647,pro,emb,pro,1.0,1,3231,1,pro,1.0,1,3043,1,pro:1.0000;Pro:0.0000;▁pro:0.0000;▁Pro:0.0000;PRO:0.0000,pro:1.0000;Pro:0.0000;▁pro:0.0000;▁Pro:0.0000;PRO:0.0000
procrastinate,verb,4,0,1010,pro,12647,pro,layer_1,pro,1.0,1,2534,1,pro,1.0,1,2530,1,pro:1.0000;▁pro:0.0000;Pro:0.0000;▁Pro:0.0000;PRO:0.0000,pro:1.0000;Pro:0.0000;▁pro:0.0000;▁Pro:0.0000;PRO:0.0000
procrastinate,verb,4,0,1010,pro,12647,pro,layer_2,pro,0.999971,1,8483,1,pro,1.0,1,4209,1,pro:1.0000;Pro:0.0000;▁pro:0.0000;▁Pro:0.0000;PRO:0.0000,pro:1.0000;Pro:0.0000;▁pro:0.0000;▁Pro:0.0000;PRO:0.0000
procrastinate,verb,4,0,1010,pro,12647,pro,layer_3,pro,0.999933,1,14218,1,pro,1.0,1,7136,1,pro:0.9999;Pro:0.0001;▁pro:0.0000;▁Pro:0.0000;PRO:0.0000,pro:1.0000;Pro:0.0000;▁pro:0.0000;▁Pro:0.0000;PRO:0.0000
procrastinate,verb,4,0,1010,pro,12647,pro,layer_6,pro,0.826712,1,16329,1,pro,0.990388,1,10304,1,pro:0.8267;Pro:0.1486;▁Pro:0.0117;<bos>:0.0075;▁pro:0.0029,pro:0.9904;Pro:0.0093;▁Pro:0.0003;▁pro:0.0000;PRO:0.0000
procrastinate,verb,4,0,1010,pro,12647,pro,layer_9,enumi,0.860201,11,15397,11,الإنجليزية,0.658495,7,11702,7,enumi:0.8602;Przypisy:0.0859;</thead>:0.0194;الإنجليزية:0.0188;Архівовано:0.0063,الإنجليزية:0.6585;enumi:0.2585;Przypisy:0.0384;IntoConstraints:0.0260;Архівовано:0.0093
procrastinate,verb,4,0,1010,pro,12647,pro,layer_12,\{\\,0.322441,73,37380,73,"",0.491733,3,18517,3,"\{\\:0.3224;Przypisy:0.2883;:0.2451;acaktır:0.0666;csolódó:0.0272",":0.4917;acaktır:0.1282;pro:0.1169;Przypisy:0.0966;\{\\:0.0404"
procrastinate,verb,4,0,1010,pro,12647,pro,layer_14,enumi,0.971412,113,32165,113,"",0.2775,11,19674,11,"enumi:0.9714;:0.0217;▁lainnya:0.0036;<eos>:0.0008;AtIndexPath:0.0006",":0.2775;AtIndexPath:0.1859;Pro:0.1496;_:0.0716;▁lainnya:0.0531"
procrastinate,verb,4,0,1010,pro,12647,pro,layer_17,Pro,0.60153,2,31504,2,Pro,0.81245,2,35185,2,Pro:0.6015;pro:0.1964;▁تانيه:0.1322;▁Pro:0.0329;ContentAsync:0.0256,Pro:0.8124;pro:0.1812;▁Pro:0.0045;ContentAsync:0.0013;▁PRO:0.0001
procrastinate,verb,4,0,1010,pro,12647,pro,layer_19,"",0.969347,4,38203,4,"",0.670659,5,56382,5,":0.9693;.:0.0299;enumi:0.0006;pro:0.0001;.__:0.0000",":0.6707;▁ſtre:0.1032;▁houſe:0.0652;▁ſmall:0.0373;pro:0.0371"
procrastinate,verb,4,0,1010,pro,12647,pro,layer_20,pro,0.997695,1,94277,1,pro,0.945496,1,135168,1,pro:0.9977;Pro:0.0013;▁pro:0.0010;▁Pro:0.0000;PRO:0.0000,pro:0.9455;Pro:0.0520;▁pro:0.0021;PRO:0.0002;▁Pro:0.0001
procrastinate,verb,4,0,1010,pro,12647,pro,layer_21,pro,0.991239,1,79654,1,pro,0.845445,1,155234,1,"pro:0.9912;▁pro:0.0081;Pro:0.0007;▁Pro:0.0000;:0.0000",pro:0.8454;Pro:0.1361;▁pro:0.0179;▁Pro:0.0005;PRO:0.0001
procrastinate,verb,4,0,1010,pro,12647,pro,layer_23,pro,0.999995,1,31415,1,pro,0.986568,1,71113,1,pro:1.0000;▁pro:0.0000;Pro:0.0000;▁Pro:0.0000;PRO:0.0000,pro:0.9866;Pro:0.0068;▁pro:0.0063;▁Pro:0.0003;PRO:0.0000
procrastinate,verb,4,0,1010,pro,12647,pro,layer_25,<eos>,1.0,5,8045,5,pro,0.999208,1,4575,1,"<eos>:1.0000;-:0.0000;
:0.0000;.:0.0000;pro:0.0000","pro:0.9992;<eos>:0.0003;
:0.0003;-:0.0002;Pro:0.0000"
procrastinate,verb,4,0,1010,pro,12647,pro,layer_26,<eos>,1.0,129,13304,129,pro,0.576542,1,4071,1,<eos>:1.0000;-:0.0000;.:0.0000;▁(:0.0000;<unk>:0.0000,"pro:0.5765;
:0.1642;che:0.0593;<eos>:0.0440;ff:0.0088"
procrastinate,verb,4,0,1010,pro,12647,pro,final_logits,pro,0.545786,1,4071,1,,,,,,"pro:0.5458;
:0.1668;che:0.0628;<eos>:0.0470;ff:0.0098",
procrastinate,verb,4,1,12647,cra,31824,pro,emb,cra,1.0,1,17413,5735,cra,1.0,1,7302,925,cra:1.0000;Cra:0.0000;▁Cra:0.0000;▁cra:0.0000;CRA:0.0000,cra:1.0000;Cra:0.0000;▁Cra:0.0000;▁cra:0.0000;<unk>:0.0000
procrastinate,verb,4,1,12647,cra,31824,pro,layer_1,cra,1.0,1,11165,337,cra,1.0,1,6787,233,cra:1.0000;Cra:0.0000;▁cra:0.0000;▁Cra:0.0000;CRA:0.0000,cra:1.0000;Cra:0.0000;▁cra:0.0000;▁Cra:0.0000;<unk>:0.0000
procrastinate,verb,4,1,12647,cra,31824,pro,layer_2,cra,1.0,1,24157,185,cra,1.0,1,11777,151,cra:1.0000;Cra:0.0000;<bos>:0.0000;▁cra:0.0000;▁Cra:0.0000,cra:1.0000;Cra:0.0000;▁cra:0.0000;▁Cra:0.0000;CRA:0.0000
procrastinate,verb,4,1,12647,cra,31824,pro,layer_3,cra,1.0,1,16006,1584,cra,1.0,1,8896,351,cra:1.0000;Cra:0.0000;▁Cra:0.0000;▁cra:0.0000;CRA:0.0000,cra:1.0000;Cra:0.0000;▁Cra:0.0000;▁cra:0.0000;CRA:0.0000
procrastinate,verb,4,1,12647,cra,31824,pro,layer_6,cra,0.999886,1,39640,1919,cra,0.999999,1,37481,1363,cra:0.9999;Cra:0.0001;▁Cra:0.0000;MLLoader:0.0000;AnchorStyles:0.0000,cra:1.0000;Cra:0.0000;▁Cra:0.0000;AnchorStyles:0.0000;▁cra:0.0000
procrastinate,verb,4,1,12647,cra,31824,pro,layer_9,<bos>,0.999906,3,1696,2909,cra,0.925086,1,1913,2589,<bos>:0.9999;▁nonatomic:0.0001;cra:0.0000;enumi:0.0000;</thead>:0.0000,cra:0.9251;▁nonatomic:0.0714;IntoConstraints:0.0019;▁cra:0.0006;Cra:0.0005
procrastinate,verb,4,1,12647,cra,31824,pro,layer_12,AddTagHelper,0.510591,9,18680,23304,AddTagHelper,0.542951,2,10085,6279,AddTagHelper:0.5106;viembre:0.3868;▁خارجية:0.0408;csolódó:0.0196;醐:0.0071,AddTagHelper:0.5430;cra:0.3442;copg:0.0468;viembre:0.0298;▁خارجية:0.0118
procrastinate,verb,4,1,12647,cra,31824,pro,layer_14,viembre,0.887876,12,2048,12517,AddTagHelper,0.894245,3,1554,6333,viembre:0.8879;AddTagHelper:0.0880;▁delan:0.0055;▁lainnya:0.0044;ButterKnife:0.0044,AddTagHelper:0.8942;viembre:0.0844;cra:0.0090;ButterKnife:0.0025;AtIndexPath:0.0024
procrastinate,verb,4,1,12647,cra,31824,pro,layer_17,▁تانيه,0.992926,2,13698,2077,cra,0.590836,1,9613,1024,▁تانيه:0.9929;cra:0.0030;▁cra:0.0015;▁krak:0.0008;▁Diſ:0.0007,cra:0.5908;▁Diſ:0.1511;▁cra:0.0896;▁تانيه:0.0587;▁houſe:0.0478
procrastinate,verb,4,1,12647,cra,31824,pro,layer_19,broek,0.948247,3,9601,23763,▁ſtre,0.51396,4,7157,36160,"broek:0.9482;▁cra:0.0338;cra:0.0070;:0.0052;‍♀️:0.0043",▁ſtre:0.5140;broek:0.2208;▁houſe:0.1467;cra:0.0521;▁cra:0.0519
procrastinate,verb,4,1,12647,cra,31824,pro,layer_20,▁cra,0.955134,2,33064,318,▁houſe,0.387541,4,25715,2736,▁cra:0.9551;cra:0.0420;Cra:0.0017;▁Cra:0.0012;broek:0.0000,▁houſe:0.3875;▁cra:0.2961;Cra:0.1466;cra:0.1000;▁Cra:0.0430
procrastinate,verb,4,1,12647,cra,31824,pro,layer_21,▁world,0.435616,33,45949,22,▁فريبيس,0.585849,6,37297,279,"▁world:0.4356;:0.4124;▁every:0.0864;▁long:0.0184;▁your:0.0089",▁فريبيس:0.5858;▁profondeur:0.1862;▁تانيه:0.1238;▁المعيارى:0.0429;▁houſe:0.0215
procrastinate,verb,4,1,12647,cra,31824,pro,layer_23,▁cra,0.997115,3,19853,4,▁cra,0.467816,4,4931,6,▁cra:0.9971;<eos>:0.0028;cra:0.0001;pro:0.0000;▁Cra:0.0000,▁cra:0.4678;▁Cra:0.2569;Cra:0.2156;cra:0.0596;▁kra:0.0000
procrastinate,verb,4,1,12647,cra,31824,pro,layer_25,<eos>,1.0,862,17445,3,pro,0.999928,5,330,1,"<eos>:1.0000;-:0.0000;pro:0.0000;.:0.0000;
:0.0000",pro:0.9999;▁cra:0.0000;▁pro:0.0000;Pro:0.0000;cra:0.0000
procrastinate,verb,4,1,12647,cra,31824,pro,layer_26,<eos>,1.0,4798,38777,48,pro,0.992643,2,243,1,<eos>:1.0000;.:0.0000;-:0.0000;<unused1>:0.0000;<unused0>:0.0000,pro:0.9926;cra:0.0030;mer:0.0008;ps:0.0003;sp:0.0002
procrastinate,verb,4,1,12647,cra,31824,pro,final_logits,pro,0.984084,2,243,1,,,,,,pro:0.9841;cra:0.0060;mer:0.0018;ps:0.0007;sp:0.0005,
procrastinate,verb,4,2,31824,stin,607,cra,emb,stin,1.0,1,247927,138925,stin,1.0,1,124048,33813,stin:1.0000;stine:0.0000;stina:0.0000;stino:0.0000;stini:0.0000,stin:1.0000;<mask>:0.0000;<unused1>:0.0000;<unused2>:0.0000;<unused0>:0.0000
procrastinate,verb,4,2,31824,stin,607,cra,layer_1,stin,1.0,1,6213,39247,stin,1.0,1,315,5074,stin:1.0000;stine:0.0000;stina:0.0000;stino:0.0000;sten:0.0000,stin:1.0000;<mask>:0.0000;<unused1>:0.0000;<unused2>:0.0000;<unused0>:0.0000
procrastinate,verb,4,2,31824,stin,607,cra,layer_2,stin,1.0,1,872,17375,stin,1.0,1,407,2659,stin:1.0000;<bos>:0.0000;st:0.0000;stine:0.0000;':0.0000,stin:1.0000;<mask>:0.0000;<unused1>:0.0000;<unused2>:0.0000;<unused0>:0.0000
procrastinate,verb,4,2,31824,stin,607,cra,layer_3,stin,1.0,1,52197,20130,stin,1.0,1,3988,1913,stin:1.0000;stine:0.0000;stina:0.0000;▁defaultstate:0.0000;Personensuche:0.0000,stin:1.0000;<mask>:0.0000;<unused1>:0.0000;<unused2>:0.0000;<unused0>:0.0000
procrastinate,verb,4,2,31824,stin,607,cra,layer_6,stin,0.956558,1,1379,4579,stin,1.0,1,1316,1921,stin:0.9566;<bos>:0.0434;▁שוליים:0.0000;▁समीक्षाओं:0.0000;annica:0.0000,stin:1.0000;WebVitals:0.0000;▁समीक्षाओं:0.0000;Personensuche:0.0000;▁שוליים:0.0000
procrastinate,verb,4,2,31824,stin,607,cra,layer_9,stin,0.769618,1,3468,12083,stin,0.999396,1,4095,8798,stin:0.7696;<bos>:0.1022;▁also:0.0864;▁finally:0.0133;▁lastly:0.0070,stin:0.9994;الإنجليزية:0.0002;NOPQRST:0.0001;▁rowspan:0.0001;▁समीक्षाओं:0.0000
procrastinate,verb,4,2,31824,stin,607,cra,layer_12,\{\\,0.78592,97,19722,21394,AddTagHelper,0.884225,11,7202,7190,\{\\:0.7859;AddTagHelper:0.1304;csolódó:0.0467;醐:0.0151;▁خارجية:0.0079,AddTagHelper:0.8842;\{\\:0.0617;copg:0.0232;▁خارجية:0.0099;醐:0.0048
procrastinate,verb,4,2,31824,stin,607,cra,layer_14,enumi,0.976642,8,8574,14593,AddTagHelper,0.857085,3,7509,9794,enumi:0.9766;AddTagHelper:0.0088;▁finally:0.0040;▁defStyle:0.0024;awtextra:0.0023,AddTagHelper:0.8571;awtextra:0.1113;stin:0.0228;WebVitals:0.0029;enumi:0.0019
procrastinate,verb,4,2,31824,stin,607,cra,layer_17,▁تانيه,0.992086,17,29275,6885,▁تانيه,0.808674,4,12617,3904,▁تانيه:0.9921;aneous:0.0063;▁finally:0.0014;ImageIO:0.0001;▁lastly:0.0000,▁تانيه:0.8087;aneous:0.0874;▁finally:0.0543;stin:0.0360;astic:0.0034
procrastinate,verb,4,2,31824,stin,607,cra,layer_19,"",0.970756,26,40454,20136,▁ſmall,0.516109,5,40238,17412,":0.9708;▁dowol:0.0120;.:0.0111;▁//$:0.0018;▁next:0.0014","▁ſmall:0.5161;▁ſtre:0.2186;▁houſe:0.0845;:0.0571;stin:0.0479"
procrastinate,verb,4,2,31824,stin,607,cra,layer_20,▁retrospect,0.827056,29,27171,4509,▁houſe,0.677041,43,110886,5362,"▁retrospect:0.8271;:0.1601;▁lastly:0.0050;▁endless:0.0014;▁houſe:0.0010",▁houſe:0.6770;▁ſmall:0.2599;▁ſtre:0.0265;▁ſta:0.0088;▁Conſ:0.0070
procrastinate,verb,4,2,31824,stin,607,cra,layer_21,"",0.853392,2534,5538,6303,▁فريبيس,0.547109,102,117807,5732,":0.8534;▁next:0.1337;▁clear:0.0079;▁only:0.0012;▁whenever:0.0008",▁فريبيس:0.5471;▁ſmall:0.1915;▁houſe:0.1278;▁preſent:0.0893;▁InputDecoration:0.0139
procrastinate,verb,4,2,31824,stin,607,cra,layer_23,<eos>,1.0,11497,422,37,▁cra,0.449439,87,14839,4,"<eos>:1.0000;▁:0.0000;.:0.0000;
:0.0000;-:0.0000",▁cra:0.4494;▁Cra:0.2305;Cra:0.1857;cra:0.1341;▁InputDecoration:0.0003
procrastinate,verb,4,2,31824,stin,607,cra,layer_25,<eos>,1.0,9186,149,601,pro,0.941568,12,215,2,"<eos>:1.0000;-:0.0000;
:0.0000;<unused63>:0.0000;.:0.0000",pro:0.9416;cra:0.0445;▁cra:0.0132;▁pro:0.0003;Cra:0.0001
procrastinate,verb,4,2,31824,stin,607,cra,layer_26,<eos>,1.0,28274,166,3074,cra,0.56286,8,148,1,<eos>:1.0000;-:0.0000;.:0.0000;▁(:0.0000;<unused63>:0.0000,cra:0.5629;pro:0.4040;▁cra:0.0069;ast:0.0032;ac:0.0016
procrastinate,verb,4,2,31824,stin,607,cra,final_logits,cra,0.546663,8,148,1,,,,,,cra:0.5467;pro:0.4066;▁cra:0.0092;ast:0.0044;ac:0.0022,
procrastinate,verb,4,3,607,ate,,ate,emb,ate,1.0,1,,1,ate,1.0,1,,1,ate:1.0000;ATE:0.0000;ates:0.0000;te:0.0000;ata:0.0000,ate:1.0000;ATE:0.0000;<unused1>:0.0000;<mask>:0.0000;<unused2>:0.0000
procrastinate,verb,4,3,607,ate,,ate,layer_1,ate,1.0,1,,1,ate,1.0,1,,1,ate:1.0000;ATE:0.0000;ates:0.0000;ated:0.0000;ATES:0.0000,ate:1.0000;ATE:0.0000;ates:0.0000;<unused1>:0.0000;<unused0>:0.0000
procrastinate,verb,4,3,607,ate,,ate,layer_2,<bos>,0.999822,2,,2,ate,1.0,1,,1,<bos>:0.9998;ate:0.0002;ATE:0.0000;ates:0.0000;':0.0000,ate:1.0000;ATE:0.0000;ates:0.0000;<bos>:0.0000;ated:0.0000
procrastinate,verb,4,3,607,ate,,ate,layer_3,ate,0.999999,1,,1,ate,1.0,1,,1,"ate:1.0000;<bos>:0.0000;ATE:0.0000;ates:0.0000;,:0.0000",ate:1.0000;ATE:0.0000;ates:0.0000;ated:0.0000;ATES:0.0000
procrastinate,verb,4,3,607,ate,,ate,layer_6,<bos>,0.999957,2,,2,ate,0.999935,1,,1,"<bos>:1.0000;ate:0.0000;.:0.0000;,:0.0000;▁and:0.0000",ate:0.9999;▁يتيمه:0.0000;XmlAccessorType:0.0000;Sucesor:0.0000;ImageContext:0.0000
procrastinate,verb,4,3,607,ate,,ate,layer_9,\{\\,0.479933,21,,21,\{\\,0.974112,18,,18,\{\\:0.4799;<bos>:0.4620;enumi:0.0265;الإنجليزية:0.0040;存于互联网档案馆:0.0038,\{\\:0.9741;الإنجليزية:0.0218;enumi:0.0023;存于互联网档案馆:0.0007;NOPQRST:0.0003
procrastinate,verb,4,3,607,ate,,ate,layer_12,\{\\,0.985934,356,,356,\{\\,0.895552,26,,26,\{\\:0.9859;▁InputDecoration:0.0079;[toxicity=0]:0.0014;StandardCharsets:0.0011;外部リンク:0.0009,\{\\:0.8956;▁InputDecoration:0.0459;外部リンク:0.0451;▁väli:0.0037;▁خارجية:0.0029
procrastinate,verb,4,3,607,ate,,ate,layer_14,enumi,0.981563,274,,274,enumi,0.637933,37,,37,enumi:0.9816;’:0.0117;<eos>:0.0031;':0.0019;▁lainnya:0.0006,enumi:0.6379;▁خارجية:0.0983;▁lainnya:0.0572;IfNeeded:0.0189;▁männ:0.0150
procrastinate,verb,4,3,607,ate,,ate,layer_17,▁تانيه,0.940246,430,,430,arz,0.387828,28,,28,"▁تانيه:0.9402;.:0.0321;▁finally:0.0039;.​:0.0029;postdata:0.0028",arz:0.3878;▁تانيه:0.2242;horst:0.0385;ative:0.0357;postdata:0.0313
procrastinate,verb,4,3,607,ate,,ate,layer_19,"",0.907689,300,,300,▁ſtre,0.526023,49,,49,":0.9077;.:0.0757;▁once:0.0026;alone:0.0020;</h6>:0.0018","▁ſtre:0.5260;▁houſe:0.2121;:0.1347;▁ſmall:0.0397;alone:0.0227"
procrastinate,verb,4,3,607,ate,,ate,layer_20,"",0.945233,11,,11,▁ſtre,0.319424,40,,40,":0.9452;</h6>:0.0443;▁once:0.0020;▁perpetuity:0.0020;▁retrospect:0.0018",▁ſtre:0.3194;▁houſe:0.2837;▁ſmall:0.2032;▁ſte:0.0768;▁ſtate:0.0747
procrastinate,verb,4,3,607,ate,,ate,layer_21,<eos>,0.969857,70,,70,▁perpetuity,0.269852,246,,246,"<eos>:0.9699;:0.0300;▁with:0.0000;▁times:0.0000;▁next:0.0000",▁perpetuity:0.2699;▁ſmall:0.2060;▁ſtre:0.1394;▁preſent:0.1220;▁houſe:0.0736
procrastinate,verb,4,3,607,ate,,ate,layer_23,<eos>,1.0,96,,96,▁Cra,0.378117,217,,217,<eos>:1.0000;▁with:0.0000;.:0.0000;<unused63>:0.0000;▁:0.0000,▁Cra:0.3781;IBOutlet:0.2268;Cra:0.2055;findpost:0.0516;▁cra:0.0218
procrastinate,verb,4,3,607,ate,,ate,layer_25,<eos>,1.0,46,,46,<eos>,0.772575,4,,4,"<eos>:1.0000;-:0.0000;
:0.0000;.:0.0000;<unused63>:0.0000","<eos>:0.7726;
:0.0731;▁cra:0.0453;ate:0.0207;cra:0.0193"
procrastinate,verb,4,3,607,ate,,ate,layer_26,<eos>,1.0,104,,104,ate,0.131398,1,,1,<eos>:1.0000;-:0.0000;.:0.0000;<unused1>:0.0000;<unused0>:0.0000,"ate:0.1314;<eos>:0.1041;cra:0.0594;
:0.0591;an:0.0497"
procrastinate,verb,4,3,607,ate,,ate,final_logits,ate,0.127832,1,,1,,,,,,"ate:0.1278;<eos>:0.1018;cra:0.0587;
:0.0583;an:0.0492",
of,preposition,1,0,559,of,,of,emb,of,1.0,1,,1,of,1.0,1,,1,of:1.0000;▁of:0.0000;▁:0.0000;.:0.0000;to:0.0000,of:1.0000;▁of:0.0000;Of:0.0000;<unused1>:0.0000;<unused0>:0.0000
of,preposition,1,0,559,of,,of,layer_1,of,1.0,1,,1,of,1.0,1,,1,of:1.0000;<bos>:0.0000;▁of:0.0000;Of:0.0000;▁Of:0.0000,of:1.0000;Of:0.0000;▁of:0.0000;OF:0.0000;▁Of:0.0000
of,preposition,1,0,559,of,,of,layer_2,<bos>,1.0,2,,2,of,1.0,1,,1,<bos>:1.0000;of:0.0000;Of:0.0000;OF:0.0000;':0.0000,of:1.0000;Of:0.0000;OF:0.0000;<bos>:0.0000;▁Of:0.0000
of,preposition,1,0,559,of,,of,layer_3,of,0.944959,1,,1,of,1.0,1,,1,of:0.9450;<bos>:0.0550;Of:0.0000;OF:0.0000;▁of:0.0000,of:1.0000;Of:0.0000;OF:0.0000;▁Of:0.0000;▁OF:0.0000
of,preposition,1,0,559,of,,of,layer_6,of,0.998134,1,,1,of,0.999829,1,,1,"of:0.9981;OF:0.0015;,:0.0001;▁of:0.0001;Of:0.0001",of:0.9998;OF:0.0002;Of:0.0000;▁of:0.0000;</thead>:0.0000
of,preposition,1,0,559,of,,of,layer_9,AnimationsModule,0.482132,3,,3,AnimationsModule,0.983432,3,,3,AnimationsModule:0.4821;enumi:0.3007;of:0.1769;\{\\:0.0327;</thead>:0.0051,AnimationsModule:0.9834;enumi:0.0124;of:0.0024;\{\\:0.0017;</thead>:0.0001
of,preposition,1,0,559,of,,of,layer_12,</thead>,0.910671,3,,3,of,0.979246,1,,1,</thead>:0.9107;\{\\:0.0417;of:0.0174;StandardCharsets:0.0059;достатки:0.0050,of:0.9792;</thead>:0.0182;▁of:0.0025;AddTagHelper:0.0000;OF:0.0000
of,preposition,1,0,559,of,,of,layer_14,enumi,0.997325,6,,6,enumi,0.599885,2,,2,enumi:0.9973;▁lainnya:0.0013;▁onData:0.0008;▁of:0.0002;▁etc:0.0001,enumi:0.5999;of:0.1603;▁onData:0.1460;▁lainnya:0.0501;▁of:0.0247
of,preposition,1,0,559,of,,of,layer_17,▁of,0.949936,2,,2,достатки,0.358825,2,,2,"▁of:0.9499;of:0.0459;достатки:0.0027;▁OF:0.0006;:0.0003",достатки:0.3588;of:0.3135;▁تضيفلها:0.1257;▁of:0.1109;▁تانيه:0.0168
of,preposition,1,0,559,of,,of,layer_19,"",0.985529,6,,6,▁ſtre,0.803795,58,,58,":0.9855;▁of:0.0126;</em>:0.0016;.:0.0001;▁the:0.0001",▁ſtre:0.8038;▁houſe:0.1103;▁ſeveral:0.0228;▁ſmall:0.0176;▁beſt:0.0154
of,preposition,1,0,559,of,,of,layer_20,"",0.980825,3,,3,▁Diſ,0.675822,104,,104,":0.9808;▁of:0.0187;of:0.0004;</em>:0.0001;▁▁▁▁:0.0000",▁Diſ:0.6758;▁Theſe:0.0888;▁ſtate:0.0582;▁ſeveral:0.0434;▁houſe:0.0375
of,preposition,1,0,559,of,,of,layer_21,"",0.953865,18,,18,▁quelcon,0.21051,500,,500,":0.9539;▁of:0.0368;.:0.0064;<eos>:0.0015;[toxicity=0]:0.0006",▁quelcon:0.2105;▁Theſe:0.1957;достатки:0.0642;▁popolo:0.0532;▁BoxDecoration:0.0441
of,preposition,1,0,559,of,,of,layer_23,▁to,0.95564,4,,4,▁popolo,0.328301,17,,17,"▁to:0.9556;▁of:0.0443;.:0.0000;of:0.0000;:0.0000",▁popolo:0.3283;▁nameof:0.2251;▁to:0.0473;▁rapides:0.0311;▁popoli:0.0255
of,preposition,1,0,559,of,,of,layer_25,of,0.999927,1,,1,of,0.999963,1,,1,"of:0.9999;.:0.0001;,:0.0000;<eos>:0.0000;-:0.0000","of:1.0000;to:0.0000;▁to:0.0000;Of:0.0000;
:0.0000"
of,preposition,1,0,559,of,,of,layer_26,<eos>,0.999425,4,,4,of,0.999169,1,,1,"<eos>:0.9994;.:0.0006;,:0.0000;of:0.0000;-:0.0000","of:0.9992;to:0.0005;onto:0.0000;
:0.0000;

:0.0000"
of,preposition,1,0,559,of,,of,final_logits,of,0.961445,1,,1,,,,,,"of:0.9614;to:0.0124;onto:0.0014;
:0.0012;

:0.0012",
in,preposition,1,0,473,in,,in,emb,in,1.0,1,,1,in,1.0,1,,1,"in:1.0000;▁:0.0000;▁in:0.0000;.:0.0000;,:0.0000",in:1.0000;▁in:0.0000;▁:0.0000;.:0.0000;<unk>:0.0000
in,preposition,1,0,473,in,,in,layer_1,in,1.0,1,,1,in,1.0,1,,1,in:1.0000;<bos>:0.0000;▁in:0.0000;IN:0.0000;In:0.0000,in:1.0000;IN:0.0000;▁in:0.0000;In:0.0000;▁In:0.0000
in,preposition,1,0,473,in,,in,layer_2,<bos>,1.0,2,,2,in,1.0,1,,1,<bos>:1.0000;in:0.0000;IN:0.0000;':0.0000;In:0.0000,in:1.0000;IN:0.0000;<bos>:0.0000;In:0.0000;▁in:0.0000
in,preposition,1,0,473,in,,in,layer_3,in,0.997884,1,,1,in,1.0,1,,1,in:0.9979;<bos>:0.0021;IN:0.0000;ins:0.0000;it:0.0000,in:1.0000;IN:0.0000;ins:0.0000;nin:0.0000;at:0.0000
in,preposition,1,0,473,in,,in,layer_6,<bos>,0.99999,3,,3,▁समीक्षाओं,0.762158,2,,2,<bos>:1.0000;▁समीक्षाओं:0.0000;in:0.0000;▁to:0.0000;▁in:0.0000,▁समीक्षाओं:0.7622;in:0.2071;Sucesor:0.0244;čas:0.0032;PYX:0.0013
in,preposition,1,0,473,in,,in,layer_9,enumi,0.485127,18,,18,enumi,0.451271,15,,15,enumi:0.4851;\{\\:0.1149;▁also:0.0925;▁in:0.0572;▁right:0.0318,enumi:0.4513;\{\\:0.3675;AnimationsModule:0.0835;▁Chwiliwch:0.0212;الإنجليزية:0.0189
in,preposition,1,0,473,in,,in,layer_12,enumi,0.994338,371,,371,enumi,0.884051,18,,18,"enumi:0.9943;:0.0023;</thead>:0.0008;\{\\:0.0005;StandardCharsets:0.0002","enumi:0.8841;:0.0273;again:0.0216;▁biały:0.0090;▁väli:0.0080"
in,preposition,1,0,473,in,,in,layer_14,enumi,0.999993,355,,355,enumi,0.99847,199,,199,"enumi:1.0000;IfNeeded:0.0000;▁lainnya:0.0000;NOPQRST:0.0000;:0.0000",enumi:0.9985;NOPQRST:0.0006;tagHelperRunner:0.0005;IfNeeded:0.0002;▁lainnya:0.0001
in,preposition,1,0,473,in,,in,layer_17,▁تانيه,0.998444,332,,332,▁تانيه,0.992623,491,,491,"▁تانيه:0.9984;enumi:0.0015;▁enfin:0.0000;.:0.0000;▁finally:0.0000",▁تانيه:0.9926;▁ſhe:0.0030;▁ſta:0.0013;▁paſſ:0.0008;▁faſt:0.0004
in,preposition,1,0,473,in,,in,layer_19,enumi,0.997486,4188,,4188,▁ſeveral,0.818875,13324,,13324,"enumi:0.9975;numerusform:0.0015;:0.0010;VersionUID:0.0000;‍♀️:0.0000",▁ſeveral:0.8189;▁houſe:0.0771;▁ſtre:0.0410;▁ſmall:0.0287;enumi:0.0169
in,preposition,1,0,473,in,,in,layer_20,▁perpetuity,0.937991,3841,,3841,▁ſeveral,0.957457,47084,,47084,"▁perpetuity:0.9380;enumi:0.0445;+#+#:0.0087;:0.0052;▁تانيه:0.0013",▁ſeveral:0.9575;▁houſe:0.0144;+#+#:0.0077;▁ſtate:0.0059;▁Efq:0.0033
in,preposition,1,0,473,in,,in,layer_21,<eos>,0.999791,247,,247,▁متعلقه,0.972565,49020,,49020,"<eos>:0.9998;:0.0002;▁season:0.0000;▁world:0.0000;▁kids:0.0000",▁متعلقه:0.9726;+#+#:0.0161;▁ſeveral:0.0069;▁InputDecoration:0.0026;▁تانيه:0.0015
in,preposition,1,0,473,in,,in,layer_23,<eos>,1.0,3,,3,▁InputDecoration,0.33122,27,,27,"<eos>:1.0000;▁in:0.0000;in:0.0000;:0.0000;▁on:0.0000",▁InputDecoration:0.3312;Basin:0.1625;▁Basin:0.1470;▁väli:0.0907;▁pauvres:0.0523
in,preposition,1,0,473,in,,in,layer_25,<eos>,1.0,2,,2,in,0.965533,1,,1,"<eos>:1.0000;in:0.0000;-:0.0000;
:0.0000;

:0.0000","in:0.9655;<eos>:0.0331;on:0.0008;li:0.0001;

:0.0001"
in,preposition,1,0,473,in,,in,layer_26,<eos>,1.0,4,,4,in,0.841221,1,,1,<eos>:1.0000;-:0.0000;.:0.0000;in:0.0000;<unk>:0.0000,"in:0.8412;<eos>:0.0593;ain:0.0155;

:0.0098;lin:0.0071"
in,preposition,1,0,473,in,,in,final_logits,in,0.811729,1,,1,,,,,,"in:0.8117;<eos>:0.0670;ain:0.0183;

:0.0117;lin:0.0085",
under,preposition,1,0,5323,under,,under,emb,under,1.0,1,,1,under,1.0,1,,1,under:1.0000;▁under:0.0000;Under:0.0000;▁Under:0.0000;UNDER:0.0000,under:1.0000;▁under:0.0000;Under:0.0000;▁Under:0.0000;UNDER:0.0000
under,preposition,1,0,5323,under,,under,layer_1,under,1.0,1,,1,under,1.0,1,,1,under:1.0000;▁under:0.0000;Under:0.0000;▁Under:0.0000;UNDER:0.0000,under:1.0000;▁under:0.0000;Under:0.0000;▁Under:0.0000;UNDER:0.0000
under,preposition,1,0,5323,under,,under,layer_2,under,0.999997,1,,1,under,1.0,1,,1,under:1.0000;▁under:0.0000;Under:0.0000;▁Under:0.0000;UNDER:0.0000,under:1.0000;Under:0.0000;▁under:0.0000;▁Under:0.0000;UNDER:0.0000
under,preposition,1,0,5323,under,,under,layer_3,under,0.999834,1,,1,under,1.0,1,,1,under:0.9998;▁under:0.0002;Under:0.0000;▁Under:0.0000;UNDER:0.0000,under:1.0000;▁under:0.0000;Under:0.0000;▁Under:0.0000;UNDER:0.0000
under,preposition,1,0,5323,under,,under,layer_6,<bos>,0.999362,2,,2,under,0.999974,1,,1,<bos>:0.9994;under:0.0005;twimg:0.0001;</thead>:0.0000;▁pinulongan:0.0000,under:1.0000;WithMany:0.0000;UNDER:0.0000;twimg:0.0000;Under:0.0000
under,preposition,1,0,5323,under,,under,layer_9,AnimationsModule,0.64055,3,,3,under,0.979125,1,,1,AnimationsModule:0.6405;</thead>:0.1233;under:0.1014;UNDER:0.0501;▁under:0.0329,under:0.9791;UNDER:0.0178;AnimationsModule:0.0017;▁under:0.0010;</thead>:0.0002
under,preposition,1,0,5323,under,,under,layer_12,csolódó,0.490721,2190,,2190,</thead>,0.846977,14,,14,csolódó:0.4907;</thead>:0.2714;Kanpo:0.1623;▁فريبيس:0.0441;AddTagHelper:0.0222,</thead>:0.8470;Kanpo:0.1354;AddTagHelper:0.0076;▁فريبيس:0.0027;▁supérieures:0.0024
under,preposition,1,0,5323,under,,under,layer_14,neath,0.699006,624,,624,neath,0.643735,34,,34,"neath:0.6990;▁taas:0.0895;▁infine:0.0254;▁tages:0.0134;:0.0108",neath:0.6437;▁taas:0.1845;▁serai:0.0719;▁infine:0.0268;▁tages:0.0071
under,preposition,1,0,5323,under,,under,layer_17,▁under,0.783012,79,,79,存于互联网档案馆,0.812497,99,,99,▁under:0.7830;存于互联网档案馆:0.1711;▁تانيه:0.0308;▁segno:0.0090;▁own:0.0012,存于互联网档案馆:0.8125;▁تانيه:0.0829;seamnă:0.0539;▁وتسجيلات:0.0209;HomeAsUpEnabled:0.0070
under,preposition,1,0,5323,under,,under,layer_19,▁under,0.959016,29,,29,▁فريبيس,0.888738,87,,87,"▁under:0.9590;neath:0.0361;:0.0029;▁bawah:0.0007;▁conclusion:0.0003",▁فريبيس:0.8887;▁greateſt:0.0675;▁ſtre:0.0109;findpost:0.0077;▁beſt:0.0066
under,preposition,1,0,5323,under,,under,layer_20,▁under,0.999997,5,,5,▁فريبيس,0.515414,57,,57,▁under:1.0000;▁underside:0.0000;neath:0.0000;Under:0.0000;under:0.0000,▁فريبيس:0.5154;▁صوتيه:0.2580;▁houſe:0.1762;▁greateſt:0.0239;存于互联网档案馆:0.0093
under,preposition,1,0,5323,under,,under,layer_21,▁under,1.0,3,,3,▁فريبيس,0.91646,42,,42,▁under:1.0000;Under:0.0000;under:0.0000;neath:0.0000;▁Under:0.0000,▁فريبيس:0.9165;▁houſe:0.0662;findpost:0.0078;neath:0.0019;▁صوتيه:0.0012
under,preposition,1,0,5323,under,,under,layer_23,▁under,1.0,4,,4,▁under,0.479397,6,,6,▁under:1.0000;<eos>:0.0000;<:0.0000;under:0.0000;▁understanding:0.0000,▁under:0.4794;▁صوتيه:0.4277;findpost:0.0753;InputBorder:0.0088;Under:0.0034
under,preposition,1,0,5323,under,,under,layer_25,<eos>,1.0,18,,18,under,0.996722,1,,1,"<eos>:1.0000;.:0.0000;-:0.0000;,:0.0000;▁(:0.0000",under:0.9967;<:0.0026;▁under:0.0005;and:0.0000;un:0.0000
under,preposition,1,0,5323,under,,under,layer_26,<eos>,1.0,258,,258,under,0.851731,1,,1,"<eos>:1.0000;.:0.0000;▁(:0.0000;-:0.0000;,:0.0000",under:0.8517;<:0.0133;un:0.0131;cover:0.0034;(:0.0029
under,preposition,1,0,5323,under,,under,final_logits,under,0.81878,1,,1,,,,,,under:0.8188;<:0.0158;un:0.0155;cover:0.0042;(:0.0035,
between,preposition,1,0,22499,between,,and,emb,between,1.0,1,,17772,between,1.0,1,,13777,between:1.0000;Between:0.0000;▁between:0.0000;▁Between:0.0000;▁BETWEEN:0.0000,between:1.0000;▁between:0.0000;Between:0.0000;▁Between:0.0000;▁BETWEEN:0.0000
between,preposition,1,0,22499,between,,and,layer_1,between,0.999835,1,,384,between,1.0,1,,405,between:0.9998;Between:0.0001;▁between:0.0001;▁Between:0.0000;▁BETWEEN:0.0000,between:1.0000;▁between:0.0000;Between:0.0000;▁Between:0.0000;▁BETWEEN:0.0000
between,preposition,1,0,22499,between,,and,layer_2,between,0.987118,1,,156,between,0.999982,1,,183,between:0.9871;▁between:0.0116;Between:0.0013;▁Between:0.0000;<bos>:0.0000,between:1.0000;▁between:0.0000;Between:0.0000;▁Between:0.0000;▁BETWEEN:0.0000
between,preposition,1,0,22499,between,,and,layer_3,between,0.972174,1,,35018,between,0.99995,1,,38291,between:0.9722;▁between:0.0260;Between:0.0017;▁Between:0.0001;▁BETWEEN:0.0000,between:0.9999;▁between:0.0000;Between:0.0000;▁Between:0.0000;▁BETWEEN:0.0000
between,preposition,1,0,22499,between,,and,layer_6,▁between,0.890477,2,,7889,▁between,0.566414,2,,30218,▁between:0.8905;between:0.1058;Between:0.0030;▁Between:0.0007;▁BETWEEN:0.0000,▁between:0.5664;between:0.4309;Between:0.0023;▁Between:0.0005;▁BETWEEN:0.0000
between,preposition,1,0,22499,between,,and,layer_9,▁between,0.942134,2,,9765,▁between,0.893105,2,,20137,▁between:0.9421;between:0.0551;▁mellan:0.0008;\{\\:0.0007;▁Between:0.0004,▁between:0.8931;between:0.1065;WebVitals:0.0003;Between:0.0001;▁Between:0.0000
between,preposition,1,0,22499,between,,and,layer_12,▁between,0.566903,3,,2709,▁between,0.836713,2,,896,▁between:0.5669;▁InputDecoration:0.3153;between:0.0466;RectangleBorder:0.0333;\{\\:0.0250,▁between:0.8367;between:0.1545;Between:0.0071;▁InputDecoration:0.0011;▁Between:0.0003
between,preposition,1,0,22499,between,,and,layer_14,▁between,0.654883,3,,1377,▁between,0.970542,2,,1359,▁between:0.6549;enumi:0.3356;between:0.0094;▁etc:0.0000;Between:0.0000,▁between:0.9705;between:0.0290;enumi:0.0004;Between:0.0001;▁Between:0.0000
between,preposition,1,0,22499,between,,and,layer_17,▁between,0.899913,2,,23522,between,0.56331,1,,39182,▁between:0.8999;between:0.0841;enumi:0.0158;WebVitals:0.0001;▁між:0.0000,between:0.5633;▁between:0.4060;enumi:0.0159;WebVitals:0.0120;▁Between:0.0010
between,preposition,1,0,22499,between,,and,layer_19,enumi,1.0,9,,13784,enumi,0.999962,12,,41292,enumi:1.0000;▁المعيارى:0.0000;AddTagHelper:0.0000;VersionUID:0.0000;▁فريبيس:0.0000,enumi:1.0000;AddTagHelper:0.0000;▁المعيارى:0.0000;▁فريبيس:0.0000;存于互联网档案馆:0.0000
between,preposition,1,0,22499,between,,and,layer_20,enumi,1.0,99,,1324,enumi,0.999922,219,,16756,enumi:1.0000;AddTagHelper:0.0000;▁فريبيس:0.0000;▁heaven:0.0000;NOPQRST:0.0000,enumi:0.9999;AddTagHelper:0.0000;▁فريبيس:0.0000;▁intptr:0.0000;▁ſmall:0.0000
between,preposition,1,0,22499,between,,and,layer_21,enumi,0.999712,524,,152,enumi,0.993361,2351,,54084,enumi:0.9997;▁and:0.0003;▁heaven:0.0000;▁explanation:0.0000;▁back:0.0000,enumi:0.9934;▁متعلقه:0.0036;AddTagHelper:0.0018;▁autorytatywna:0.0012;تقاوى:0.0000
between,preposition,1,0,22499,between,,and,layer_23,▁and,0.999997,13,,9,enumi,0.953754,17,,2287,▁and:1.0000;▁between:0.0000;<eos>:0.0000;▁them:0.0000;▁the:0.0000,enumi:0.9538;تقاوى:0.0184;▁InputDecoration:0.0086;findpost:0.0050;▁séparation:0.0027
between,preposition,1,0,22499,between,,and,layer_25,▁and,0.999744,510,,3,and,0.632316,5,,1,"▁and:0.9997;<eos>:0.0003;and:0.0000;-:0.0000;

:0.0000","and:0.6323;▁and:0.3579;begin:0.0029;

:0.0021;between:0.0015"
between,preposition,1,0,22499,between,,and,layer_26,<eos>,1.0,1512,,5,and,0.754921,3,,1,<eos>:1.0000;▁and:0.0000;-:0.0000;.:0.0000;and:0.0000,"and:0.7549;▁and:0.0491;between:0.0307;

:0.0125;mean:0.0115"
between,preposition,1,0,22499,between,,and,final_logits,and,0.590203,3,,1,,,,,,"and:0.5902;▁and:0.0620;between:0.0413;

:0.0189;mean:0.0175",
through,preposition,1,0,14550,through,,through,emb,through,1.0,1,,1,through,1.0,1,,1,through:1.0000;Through:0.0000;▁through:0.0000;▁Through:0.0000;THROUGH:0.0000,through:1.0000;Through:0.0000;▁through:0.0000;▁Through:0.0000;THROUGH:0.0000
through,preposition,1,0,14550,through,,through,layer_1,through,0.999972,1,,1,through,1.0,1,,1,through:1.0000;Through:0.0000;▁through:0.0000;▁Through:0.0000;THROUGH:0.0000,through:1.0000;Through:0.0000;▁through:0.0000;▁Through:0.0000;THROUGH:0.0000
through,preposition,1,0,14550,through,,through,layer_2,<bos>,0.999237,2,,2,through,1.0,1,,1,<bos>:0.9992;through:0.0008;▁through:0.0000;Through:0.0000;▁Through:0.0000,through:1.0000;▁through:0.0000;Through:0.0000;▁Through:0.0000;THROUGH:0.0000
through,preposition,1,0,14550,through,,through,layer_3,through,0.987067,1,,1,through,0.999998,1,,1,through:0.9871;▁through:0.0118;Through:0.0011;▁Through:0.0000;<bos>:0.0000,through:1.0000;▁through:0.0000;Through:0.0000;▁Through:0.0000;THROUGH:0.0000
through,preposition,1,0,14550,through,,through,layer_6,▁through,0.749386,2,,2,through,0.771867,1,,1,▁through:0.7494;through:0.2271;Through:0.0208;▁Through:0.0024;▁THROUGH:0.0001,through:0.7719;▁through:0.2206;Through:0.0074;▁Through:0.0001;THROUGH:0.0000
through,preposition,1,0,14550,through,,through,layer_9,▁through,0.973006,2,,2,▁through,0.946743,2,,2,▁through:0.9730;through:0.0220;▁travers:0.0012;Through:0.0007;▁Through:0.0007,▁through:0.9467;through:0.0522;Through:0.0009;THROUGH:0.0001;▁Through:0.0001
through,preposition,1,0,14550,through,,through,layer_12,▁Chriſt,0.294257,255,,255,Kanpo,0.791568,13,,13,▁Chriſt:0.2943;Kanpo:0.1963;Παραπομπές:0.1675;▁Theſe:0.0704;▁Jefus:0.0472,Kanpo:0.7916;▁Sigism:0.0658;▁būtų:0.0363;WaitGroup:0.0338;▁Chriſt:0.0152
through,preposition,1,0,14550,through,,through,layer_14,enumi,0.59884,130,,130,期刊论文,0.623888,15,,15,enumi:0.5988;期刊论文:0.1307;▁pleaſure:0.0801;▁Chriſt:0.0483;▁ſtill:0.0192,期刊论文:0.6239;▁ſtill:0.0890;▁Chriſt:0.0637;▁pleaſure:0.0553;AddTagHelper:0.0221
through,preposition,1,0,14550,through,,through,layer_17,▁through,0.998749,5,,5,▁through,0.993644,2,,2,▁through:0.9987;▁تانيه:0.0009;VersionUID:0.0001;期刊论文:0.0001;through:0.0001,▁through:0.9936;through:0.0025;ContentAsync:0.0014;Through:0.0007;期刊论文:0.0005
through,preposition,1,0,14550,through,,through,layer_19,▁through,0.44027,4,,4,VersionUID,0.603739,5,,5,▁through:0.4403;VersionUID:0.3509;enumi:0.2037;through:0.0031;ContentAsync:0.0020,VersionUID:0.6037;enumi:0.1914;ContentAsync:0.1658;▁through:0.0183;through:0.0097
through,preposition,1,0,14550,through,,through,layer_20,▁through,0.995312,2,,2,▁through,0.519121,2,,2,▁through:0.9953;through:0.0046;Through:0.0000;▁thickness:0.0000;▁thorough:0.0000,▁through:0.5191;through:0.4157;Through:0.0550;▁hindurch:0.0033;▁paſſ:0.0012
through,preposition,1,0,14550,through,,through,layer_21,▁through,0.999905,2,,2,▁ſmall,0.386165,51,,51,▁through:0.9999;through:0.0001;▁thickness:0.0000;▁process:0.0000;<eos>:0.0000,▁ſmall:0.3862;ContentAsync:0.2858;▁ſeveral:0.2084;▁houſe:0.0567;▁Theſe:0.0174
through,preposition,1,0,14550,through,,through,layer_23,▁through,1.0,3,,3,ContentAsync,0.998871,4,,4,▁through:1.0000;<eos>:0.0000;through:0.0000;.:0.0000;▁again:0.0000,ContentAsync:0.9989;▁تانيه:0.0005;▁through:0.0002;through:0.0001;▁ſeveral:0.0001
through,preposition,1,0,14550,through,,through,layer_25,<eos>,1.0,403,,403,<eos>,0.54618,3,,3,"<eos>:1.0000;.:0.0000;-:0.0000;,:0.0000;▁and:0.0000",<eos>:0.5462;while:0.1182;through:0.1111;with:0.0584;and:0.0499
through,preposition,1,0,14550,through,,through,layer_26,<eos>,1.0,1129,,1129,through,0.557406,1,,1,<eos>:1.0000;-:0.0000;.:0.0000;<unused1>:0.0000;<unused0>:0.0000,through:0.5574;while:0.0438;several:0.0274;<eos>:0.0181;going:0.0162
through,preposition,1,0,14550,through,,through,final_logits,through,0.477762,1,,1,,,,,,through:0.4778;while:0.0467;several:0.0301;<eos>:0.0203;going:0.0182,
despite,preposition,1,0,141824,despite,,despite,emb,despite,1.0,1,,1,despite,1.0,1,,1,despite:1.0000;▁despite:0.0000;▁nonostante:0.0000;▁malgré:0.0000;▁apesar:0.0000,despite:1.0000;▁despite:0.0000;▁nonostante:0.0000;▁malgré:0.0000;▁apesar:0.0000
despite,preposition,1,0,141824,despite,,despite,layer_1,despite,0.999995,1,,1,despite,1.0,1,,1,despite:1.0000;▁despite:0.0000;Despite:0.0000;▁nonostante:0.0000;▁Despite:0.0000,despite:1.0000;▁despite:0.0000;Despite:0.0000;▁nonostante:0.0000;▁Despite:0.0000
despite,preposition,1,0,141824,despite,,despite,layer_2,<bos>,1.0,2,,2,despite,0.999339,1,,1,<bos>:1.0000;despite:0.0000;▁despite:0.0000;Despite:0.0000;▁Despite:0.0000,despite:0.9993;▁despite:0.0007;Despite:0.0000;▁Despite:0.0000;▁nonostante:0.0000
despite,preposition,1,0,141824,despite,,despite,layer_3,despite,0.986752,1,,1,despite,0.999577,1,,1,despite:0.9868;▁despite:0.0131;Despite:0.0001;▁Despite:0.0000;ostante:0.0000,despite:0.9996;▁despite:0.0004;Despite:0.0000;ostante:0.0000;▁Despite:0.0000
despite,preposition,1,0,141824,despite,,despite,layer_6,despite,0.896534,1,,1,despite,0.950356,1,,1,despite:0.8965;Trotz:0.0697;▁despite:0.0295;ostante:0.0026;▁Despite:0.0009,despite:0.9504;▁despite:0.0325;ostante:0.0157;Trotz:0.0012;▁Despite:0.0001
despite,preposition,1,0,141824,despite,,despite,layer_9,despite,0.526254,1,,1,despite,0.721722,1,,1,despite:0.5263;▁despite:0.3119;Despite:0.0458;GraphicsUnit:0.0333;Trotz:0.0225,despite:0.7217;▁despite:0.1867;ostante:0.0784;Despite:0.0071;▁تضيفلها:0.0029
despite,preposition,1,0,141824,despite,,despite,layer_12,WebVitals,0.73053,14,,14,▁Trotz,0.52704,6,,6,WebVitals:0.7305;\{\\:0.1104;▁فريبيس:0.0401;Trotz:0.0340;▁Trotz:0.0260,▁Trotz:0.5270;ostante:0.3546;▁فريبيس:0.0375;▁despite:0.0258;Trotz:0.0244
despite,preposition,1,0,141824,despite,,despite,layer_14,WebVitals,0.984097,16,,16,ostante,0.560728,13,,13,WebVitals:0.9841;enumi:0.0107;ostante:0.0018;AddTagHelper:0.0014;bootstrapcdn:0.0007,ostante:0.5607;WebVitals:0.4258;AddTagHelper:0.0093;+:+:0.0019;bootstrapcdn:0.0008
despite,preposition,1,0,141824,despite,,despite,layer_17,enumi,0.811541,51,,51,ostante,0.988054,64,,64,enumi:0.8115;GraphicsUnit:0.1063;ostante:0.0639;WebVitals:0.0092;▁InputDecoration:0.0051,ostante:0.9881;▁تضيفلها:0.0044;GraphicsUnit:0.0037;enumi:0.0019;▁InputDecoration:0.0015
despite,preposition,1,0,141824,despite,,despite,layer_19,enumi,0.998776,191,,191,enumi,0.914199,246,,246,enumi:0.9988;GraphicsUnit:0.0012;▁being:0.0000;достатки:0.0000;▁everything:0.0000,enumi:0.9142;GraphicsUnit:0.0858;▁being:0.0000;▁InputDecoration:0.0000;▁تضيفلها:0.0000
despite,preposition,1,0,141824,despite,,despite,layer_20,▁being,0.998595,92,,92,GraphicsUnit,0.962578,133,,133,▁being:0.9986;enumi:0.0012;▁having:0.0001;GraphicsUnit:0.0001;▁everything:0.0000,GraphicsUnit:0.9626;enumi:0.0333;▁InputDecoration:0.0040;AddTagHelper:0.0001;▁being:0.0000
despite,preposition,1,0,141824,despite,,despite,layer_21,▁being,0.999996,326,,326,▁InputDecoration,0.947264,86,,86,▁being:1.0000;▁having:0.0000;▁still:0.0000;▁despite:0.0000;▁the:0.0000,▁InputDecoration:0.9473;enumi:0.0414;GraphicsUnit:0.0089;AddTagHelper:0.0013;▁being:0.0006
despite,preposition,1,0,141824,despite,,despite,layer_23,▁being,0.999982,405,,405,▁ourselves,0.948846,21,,21,▁being:1.0000;▁the:0.0000;▁that:0.0000;▁still:0.0000;▁continuing:0.0000,▁ourselves:0.9488;▁being:0.0460;▁continuing:0.0025;▁despite:0.0011;▁etiam:0.0003
despite,preposition,1,0,141824,despite,,despite,layer_25,<eos>,1.0,685,,685,despite,0.893341,1,,1,"<eos>:1.0000;-:0.0000;in:0.0000;,:0.0000;▁(:0.0000",despite:0.8933;our:0.0260;the:0.0228;we:0.0104;being:0.0085
despite,preposition,1,0,141824,despite,,despite,layer_26,<eos>,1.0,7594,,7594,despite,0.472769,1,,1,<eos>:1.0000;-:0.0000;▁(:0.0000;<unused1>:0.0000;<unused0>:0.0000,despite:0.4728;being:0.1112;the:0.0573;our:0.0448;having:0.0230
despite,preposition,1,0,141824,despite,,despite,final_logits,despite,0.416695,1,,1,,,,,,despite:0.4167;being:0.1106;the:0.0595;our:0.0472;having:0.0251,
big,adjective,1,0,7773,big,,big,emb,big,0.999998,1,,1,big,1.0,1,,1,big:1.0000;▁big:0.0000;Big:0.0000;▁Big:0.0000;BIG:0.0000,big:1.0000;▁big:0.0000;Big:0.0000;▁Big:0.0000;BIG:0.0000
big,adjective,1,0,7773,big,,big,layer_1,big,0.999778,1,,1,big,1.0,1,,1,big:0.9998;▁big:0.0002;Big:0.0000;▁Big:0.0000;BIG:0.0000,big:1.0000;▁big:0.0000;Big:0.0000;▁Big:0.0000;BIG:0.0000
big,adjective,1,0,7773,big,,big,layer_2,big,0.986405,1,,1,big,0.999994,1,,1,big:0.9864;▁big:0.0136;Big:0.0000;▁Big:0.0000;BIG:0.0000,big:1.0000;▁big:0.0000;Big:0.0000;▁Big:0.0000;BIG:0.0000
big,adjective,1,0,7773,big,,big,layer_3,big,0.716034,1,,1,big,0.975435,1,,1,big:0.7160;▁big:0.2839;Big:0.0001;▁Big:0.0000;▁BIG:0.0000,big:0.9754;▁big:0.0246;Big:0.0000;▁Big:0.0000;▁BIG:0.0000
big,adjective,1,0,7773,big,,big,layer_6,<bos>,1.0,4,,4,▁big,0.442939,3,,3,<bos>:1.0000;Big:0.0000;▁big:0.0000;big:0.0000;▁Big:0.0000,▁big:0.4429;Big:0.3820;big:0.1708;▁Big:0.0035;▁BIG:0.0007
big,adjective,1,0,7773,big,,big,layer_9,LikeLike,0.330408,8,,8,LikeLike,0.22666,3,,3,LikeLike:0.3304;Παραπομπές:0.3144;copg:0.0812;جغرافيا:0.0323;樣子:0.0153,LikeLike:0.2267;copg:0.2109;big:0.1794;Big:0.0727;Παραπομπές:0.0701
big,adjective,1,0,7773,big,,big,layer_12,▁houſe,0.402561,4166,,4166,IfNeeded,0.179013,452,,452,▁houſe:0.4026;Παραπομπές:0.1485;▁Jefus:0.1160;▁ſame:0.0474;▁ſtre:0.0354,IfNeeded:0.1790;../../:0.1683;▁houſe:0.1303;▁ſtre:0.0923;▁ſta:0.0775
big,adjective,1,0,7773,big,,big,layer_14,IfNeeded,0.549889,1305,,1305,Gön,0.445092,343,,343,"IfNeeded:0.5499;Gön:0.1707;:0.0578;▁mẽ:0.0396;‍♀️:0.0251",Gön:0.4451;IfNeeded:0.4365;../../:0.0884;▁optique:0.0042;▁trous:0.0031
big,adjective,1,0,7773,big,,big,layer_17,▁defStyle,0.428962,72,,72,Slf,0.509384,55,,55,▁defStyle:0.4290;▁Big:0.3097;▁soft:0.0812;Slf:0.0736;▁big:0.0379,Slf:0.5094;▁Big:0.2289;▁defStyle:0.1357;▁ſmall:0.0372;LikeLike:0.0350
big,adjective,1,0,7773,big,,big,layer_19,▁Big,0.686298,23,,23,▁ſmall,0.873142,52,,52,▁Big:0.6863;▁big:0.2710;neſs:0.0228;VersionUID:0.0106;▁ſmall:0.0064,▁ſmall:0.8731;▁houſe:0.0646;▁ſtre:0.0252;neſs:0.0165;▁Big:0.0109
big,adjective,1,0,7773,big,,big,layer_20,▁big,0.999909,3,,3,▁ſmall,0.973559,13,,13,▁big:0.9999;▁Big:0.0001;big:0.0000;▁BIG:0.0000;▁loud:0.0000,▁ſmall:0.9736;▁Diſ:0.0239;▁big:0.0014;▁houſe:0.0007;▁Big:0.0001
big,adjective,1,0,7773,big,,big,layer_21,▁big,1.0,3,,3,▁ſmall,0.684432,20,,20,▁big:1.0000;▁Big:0.0000;big:0.0000;▁enough:0.0000;▁bigger:0.0000,▁ſmall:0.6844;▁houſe:0.1394;▁Diſ:0.0724;▁big:0.0723;▁Big:0.0141
big,adjective,1,0,7773,big,,big,layer_23,▁big,1.0,2,,2,▁big,0.908043,3,,3,▁big:1.0000;big:0.0000;▁Big:0.0000;▁bigger:0.0000;Big:0.0000,▁big:0.9080;▁Big:0.0592;big:0.0165;Big:0.0129;▁BIG:0.0031
big,adjective,1,0,7773,big,,big,layer_25,<eos>,0.999999,29,,29,big,0.997526,1,,1,"<eos>:1.0000;-:0.0000;,:0.0000;▁(:0.0000;.:0.0000",big:0.9975;Big:0.0007;▁big:0.0004;bigg:0.0002;▁Big:0.0002
big,adjective,1,0,7773,big,,big,layer_26,<eos>,1.0,201,,201,big,0.987399,1,,1,<eos>:1.0000;-:0.0000;▁(:0.0000;<unused1>:0.0000;<unused0>:0.0000,big:0.9874;little:0.0026;small:0.0006;▁big:0.0005;bit:0.0005
big,adjective,1,0,7773,big,,big,final_logits,big,0.976959,1,,1,,,,,,big:0.9770;little:0.0044;small:0.0010;▁big:0.0010;bit:0.0008,
happy,adjective,1,0,11896,happy,,happy,emb,happy,0.999998,1,,1,happy,1.0,1,,1,happy:1.0000;▁happy:0.0000;▁HAPPY:0.0000;Happy:0.0000;▁Happy:0.0000,happy:1.0000;▁happy:0.0000;▁Happy:0.0000;Happy:0.0000;▁HAPPY:0.0000
happy,adjective,1,0,11896,happy,,happy,layer_1,happy,0.992909,1,,1,happy,0.999301,1,,1,happy:0.9929;▁happy:0.0071;▁Happy:0.0000;Happy:0.0000;▁HAPPY:0.0000,happy:0.9993;▁happy:0.0007;▁Happy:0.0000;Happy:0.0000;▁HAPPY:0.0000
happy,adjective,1,0,11896,happy,,happy,layer_2,▁happy,0.525805,2,,2,happy,0.577521,1,,1,▁happy:0.5258;happy:0.4741;Happy:0.0001;▁Happy:0.0000;▁HAPPY:0.0000,happy:0.5775;▁happy:0.4225;Happy:0.0000;▁Happy:0.0000;▁HAPPY:0.0000
happy,adjective,1,0,11896,happy,,happy,layer_3,happy,0.885258,1,,1,happy,0.974581,1,,1,happy:0.8853;▁happy:0.1130;Happy:0.0014;▁Happy:0.0004;▁HAPPY:0.0000,happy:0.9746;▁happy:0.0254;▁Happy:0.0000;Happy:0.0000;▁HAPPY:0.0000
happy,adjective,1,0,11896,happy,,happy,layer_6,<bos>,0.99846,2,,2,happy,0.833202,1,,1,<bos>:0.9985;happy:0.0010;▁happy:0.0003;Happy:0.0002;HAPPY:0.0000,happy:0.8332;Happy:0.0852;▁happy:0.0559;HAPPY:0.0200;▁Happy:0.0050
happy,adjective,1,0,11896,happy,,happy,layer_9,▁happy,0.692158,2,,2,▁happy,0.767286,2,,2,▁happy:0.6922;happy:0.1622;▁Happy:0.0385;▁HAPPY:0.0306;الإنجليزية:0.0280,▁happy:0.7673;happy:0.1333;▁Happy:0.0304;▁HAPPY:0.0282;▁pleaſure:0.0165
happy,adjective,1,0,11896,happy,,happy,layer_12,▁Efq,0.599965,222,,222,▁Efq,0.906224,68,,68,▁Efq:0.6000;▁Theſe:0.2039;▁whoſe:0.0504;▁ſtate:0.0353;▁Jefus:0.0313,▁Efq:0.9062;▁Theſe:0.0202;▁whoſe:0.0161;▁pleaſure:0.0135;▁ſtate:0.0087
happy,adjective,1,0,11896,happy,,happy,layer_14,WebVitals,0.99978,135,,135,WebVitals,0.987368,38,,38,WebVitals:0.9998;▁Theſe:0.0002;▁pleaſure:0.0000;▁Chriſt:0.0000;TargetException:0.0000,WebVitals:0.9874;▁Theſe:0.0083;▁pleaſure:0.0020;▁Diſ:0.0005;▁reaſon:0.0004
happy,adjective,1,0,11896,happy,,happy,layer_17,WebVitals,0.994809,25,,25,▁Theſe,0.477722,60,,60,WebVitals:0.9948;TargetException:0.0036;Slf:0.0005;▁تانيه:0.0003;▁happy:0.0003,▁Theſe:0.4777;WebVitals:0.2991;Slf:0.0448;▁paſſ:0.0295;الإنجليزية:0.0244
happy,adjective,1,0,11896,happy,,happy,layer_19,▁happy,0.698624,7,,7,▁happy,0.23747,17,,17,▁happy:0.6986;enumi:0.2766;▁happiness:0.0243;▁Happy:0.0001;neſs:0.0001,▁happy:0.2375;▁ſtre:0.1949;▁purpoſe:0.1420;▁Efq:0.0792;▁houſe:0.0769
happy,adjective,1,0,11896,happy,,happy,layer_20,▁happy,0.999887,4,,4,▁happy,0.940667,3,,3,▁happy:0.9999;▁happiness:0.0001;▁Happy:0.0000;happy:0.0000;Happy:0.0000,▁happy:0.9407;▁Happy:0.0461;happy:0.0112;▁happiness:0.0016;Happy:0.0002
happy,adjective,1,0,11896,happy,,happy,layer_21,▁happy,1.0,3,,3,▁happy,0.98354,3,,3,▁happy:1.0000;▁happiness:0.0000;happy:0.0000;▁Happy:0.0000;▁birthday:0.0000,▁happy:0.9835;▁Theſe:0.0088;happy:0.0036;▁Happy:0.0022;▁happiness:0.0012
happy,adjective,1,0,11896,happy,,happy,layer_23,▁happy,1.0,3,,3,▁happy,0.999745,2,,2,▁happy:1.0000;▁happiness:0.0000;happy:0.0000;▁Happy:0.0000;▁happier:0.0000,▁happy:0.9997;happy:0.0001;▁Happy:0.0001;▁happiness:0.0000;▁HAPPY:0.0000
happy,adjective,1,0,11896,happy,,happy,layer_25,<eos>,1.0,409,,409,happy,0.766323,1,,1,"<eos>:1.0000;,:0.0000;-:0.0000;.:0.0000;to:0.0000",happy:0.7663;day:0.0896;▁hap:0.0731;▁happy:0.0221;be:0.0079
happy,adjective,1,0,11896,happy,,happy,layer_26,<eos>,1.0,3562,,3562,happy,0.794296,1,,1,"<eos>:1.0000;,:0.0000;.:0.0000;-:0.0000;▁(:0.0000",happy:0.7943;day:0.0391;happ:0.0184;ha:0.0122;very:0.0081
happy,adjective,1,0,11896,happy,,happy,final_logits,happy,0.769533,1,,1,,,,,,happy:0.7695;day:0.0425;happ:0.0203;ha:0.0136;very:0.0091,
enormous,adjective,2,0,479,en,192087,en,emb,en,1.0,1,202468,1,en,1.0,1,205851,1,en:1.0000;En:0.0000;▁:0.0000;EN:0.0000;▁en:0.0000,en:1.0000;<mask>:0.0000;<unused1>:0.0000;<unused2>:0.0000;<unused0>:0.0000
enormous,adjective,2,0,479,en,192087,en,layer_1,en,1.0,1,215396,1,en,1.0,1,234524,1,en:1.0000;EN:0.0000;En:0.0000;▁en:0.0000;▁En:0.0000,en:1.0000;EN:0.0000;En:0.0000;<unused1>:0.0000;<unused0>:0.0000
enormous,adjective,2,0,479,en,192087,en,layer_2,en,0.986082,1,230107,1,en,1.0,1,244934,1,en:0.9861;<bos>:0.0139;EN:0.0000;En:0.0000;(:0.0000,en:1.0000;EN:0.0000;En:0.0000;▁En:0.0000;es:0.0000
enormous,adjective,2,0,479,en,192087,en,layer_3,<bos>,0.999999,2,229920,2,en,1.0,1,236750,1,<bos>:1.0000;en:0.0000;EN:0.0000;En:0.0000;XmlEnum:0.0000,en:1.0000;EN:0.0000;<bos>:0.0000;es:0.0000;En:0.0000
enormous,adjective,2,0,479,en,192087,en,layer_6,<bos>,1.0,15,242019,15,<bos>,0.994626,2,243709,2,<bos>:1.0000;+:+:0.0000;PYX:0.0000;таратура:0.0000;StructEnd:0.0000,<bos>:0.9946;en:0.0033;+:+:0.0020;es:0.0000;PYX:0.0000
enormous,adjective,2,0,479,en,192087,en,layer_9,enumi,0.441554,235,212219,235,enumi,0.693567,44,209625,44,"enumi:0.4416;</thead>:0.1054;,:0.0893;▁and:0.0856;▁etc:0.0681",enumi:0.6936;</thead>:0.0876;الإنجليزية:0.0610;▁nhau:0.0383;▁etc:0.0314
enormous,adjective,2,0,479,en,192087,en,layer_12,▁Theſe,0.30353,6129,142320,6129,▁eventName,0.265823,120,178923,120,▁Theſe:0.3035;csolódó:0.1132;▁Chriſt:0.0864;でもあります:0.0829;▁whoſe:0.0631,▁eventName:0.2658;ıyordu:0.1775;▁htons:0.1389;▁loisirs:0.0670;でもあります:0.0538
enormous,adjective,2,0,479,en,192087,en,layer_14,enumi,0.625465,60,120629,60,enumi,0.467008,33,133642,33,"enumi:0.6255;▁etc:0.1503;â:0.1410;:0.0468;<eos>:0.0182",enumi:0.4670;▁etc:0.2666;â:0.2270;IfNeeded:0.0059;AddTagHelper:0.0052
enormous,adjective,2,0,479,en,192087,en,layer_17,▁تانيه,0.999961,45,64735,45,▁تانيه,0.99827,73,69429,73,▁تانيه:1.0000;HomeAsUpEnabled:0.0000;enumi:0.0000;ウィキ:0.0000;▁enfin:0.0000,▁تانيه:0.9983;▁ſhe:0.0005;HomeAsUpEnabled:0.0003;▁viſ:0.0002;▁faſt:0.0001
enormous,adjective,2,0,479,en,192087,en,layer_19,enumi,0.931629,461,30579,461,▁ſeveral,0.642229,216,32336,216,"enumi:0.9316;:0.0656;▁تانيه:0.0007;.:0.0006;▁finally:0.0005",▁ſeveral:0.6422;enumi:0.1110;▁houſe:0.0565;▁ſtre:0.0511;▁Diſ:0.0333
enormous,adjective,2,0,479,en,192087,en,layer_20,"",0.552906,15,26373,15,▁Diſ,0.244451,123,31221,123,":0.5529;</i>:0.1101;▁friendship:0.0836;</em>:0.0560;▁تانيه:0.0450",▁Diſ:0.2445;▁houſe:0.2197;▁Theſe:0.2019;▁ſeveral:0.1032;▁Conſ:0.0431
enormous,adjective,2,0,479,en,192087,en,layer_21,<eos>,0.999969,8,18342,8,▁تانيه,0.331815,14,10173,14,"<eos>:1.0000;:0.0000;[toxicity=0]:0.0000;</em>:0.0000;▁when:0.0000",▁تانيه:0.3318;‍♀️:0.1321;▁فريبيس:0.0917;▁obicei:0.0631;StandardCharsets:0.0625
enormous,adjective,2,0,479,en,192087,en,layer_23,en,0.95068,1,43835,1,en,0.998267,1,44831,1,"en:0.9507;<eos>:0.0493;:0.0000;on:0.0000;En:0.0000",en:0.9983;En:0.0009;EN:0.0007;▁en:0.0000;▁En:0.0000
enormous,adjective,2,0,479,en,192087,en,layer_25,<eos>,1.0,2,68651,2,en,0.999833,1,39723,1,<eos>:1.0000;en:0.0000;on:0.0000;;:0.0000;-:0.0000,en:0.9998;on:0.0001;▁en:0.0000;En:0.0000;<eos>:0.0000
enormous,adjective,2,0,479,en,192087,en,layer_26,<eos>,1.0,8,70463,8,en,0.966468,1,8088,1,<eos>:1.0000;on:0.0000;.:0.0000;-:0.0000;;:0.0000,en:0.9665;on:0.0197;;:0.0018;<eos>:0.0016;न:0.0011
enormous,adjective,2,0,479,en,192087,en,final_logits,en,0.925528,1,8088,1,,,,,,en:0.9255;on:0.0364;;:0.0042;<eos>:0.0038;न:0.0028,
enormous,adjective,2,1,192087,ormous,,en,emb,ormous,1.0,1,,255901,ormous,1.0,1,,255905,ormous:1.0000;▁itſelf:0.0000;▁myſelf:0.0000;▁Efq:0.0000;▁Monfieur:0.0000,ormous:1.0000;▁itſelf:0.0000;▁myſelf:0.0000;▁Efq:0.0000;<unk>:0.0000
enormous,adjective,2,1,192087,ormous,,en,layer_1,ormous,1.0,1,,255945,ormous,1.0,1,,255897,ormous:1.0000;▁enormous:0.0000;Huge:0.0000;▁énorme:0.0000;▁Huge:0.0000,ormous:1.0000;<mask>:0.0000;<unused1>:0.0000;<unused2>:0.0000;<unused0>:0.0000
enormous,adjective,2,1,192087,ormous,,en,layer_2,ormous,1.0,1,,248327,ormous,1.0,1,,226249,ormous:1.0000;<bos>:0.0000;▁enormous:0.0000;Huge:0.0000;▁Huge:0.0000,ormous:1.0000;▁enormous:0.0000;<unused1>:0.0000;<mask>:0.0000;<unused2>:0.0000
enormous,adjective,2,1,192087,ormous,,en,layer_3,ormous,1.0,1,,251412,ormous,1.0,1,,176209,ormous:1.0000;▁enormous:0.0000;<bos>:0.0000;▁estekak:0.0000;Personensuche:0.0000,ormous:1.0000;▁enormous:0.0000;Huge:0.0000;▁Huge:0.0000;▁huge:0.0000
enormous,adjective,2,1,192087,ormous,,en,layer_6,<bos>,0.999998,2,,112141,ormous,1.0,1,,60895,<bos>:1.0000;ormous:0.0000;Personensuche:0.0000;+:+:0.0000;ſelf:0.0000,ormous:1.0000;<bos>:0.0000;Personensuche:0.0000;+:+:0.0000;Huge:0.0000
enormous,adjective,2,1,192087,ormous,,en,layer_9,<bos>,1.0,2,,120269,ormous,0.661449,1,,129167,<bos>:1.0000;ormous:0.0000;▁دیکھیے:0.0000;SafeMath:0.0000;AndroidJUnit:0.0000,ormous:0.6614;▁دیکھیے:0.3244;Personensuche:0.0045;Véxase:0.0035;WebVitals:0.0027
enormous,adjective,2,1,192087,ormous,,en,layer_12,▁houſe,0.69925,32,,161868,▁houſe,0.538945,12,,88879,▁houſe:0.6992;csolódó:0.1930;\{\\:0.0266;▁ſmall:0.0152;▁Efq:0.0101,▁houſe:0.5389;сылкі:0.1626;▁ſmall:0.0468;▁whoſe:0.0419;▁Efq:0.0350
enormous,adjective,2,1,192087,ormous,,en,layer_14,▁infinite,0.721467,2,,108379,ormous,0.624662,1,,144996,▁infinite:0.7215;ormous:0.1769;참고:0.0377;StandardCharsets:0.0097;▁large:0.0089,ormous:0.6247;▁houſe:0.1574;AddTagHelper:0.0575;▁infinite:0.0511;▁ſmall:0.0169
enormous,adjective,2,1,192087,ormous,,en,layer_17,ormous,0.571851,1,,171973,ormous,0.488499,1,,198052,ormous:0.5719;期刊论文:0.2196;▁transférez:0.0938;▁soft:0.0270;twimg:0.0175,ormous:0.4885;twimg:0.2766;▁transférez:0.1186;▁ſmall:0.0270;▁ویکی‌پدیا:0.0162
enormous,adjective,2,1,192087,ormous,,en,layer_19,▁houſe,0.847288,8,,205833,▁houſe,0.934006,37,,233815,▁houſe:0.8473;WebVitals:0.1054;▁ſmall:0.0318;twimg:0.0089;neſs:0.0046,▁houſe:0.9340;▁ſmall:0.0212;▁myſelf:0.0122;▁ſeveral:0.0101;ſelf:0.0085
enormous,adjective,2,1,192087,ormous,,en,layer_20,▁frightening,0.363002,3,,60127,▁ſmall,0.475241,27,,157098,▁frightening:0.3630;▁large:0.3507;ormous:0.2079;twimg:0.0281;▁loud:0.0252,▁ſmall:0.4752;▁houſe:0.2751;▁ſeveral:0.1378;▁purpoſe:0.0581;▁Diſ:0.0208
enormous,adjective,2,1,192087,ormous,,en,layer_21,▁enormous,0.996128,45,,5193,▁ſmall,0.642096,15,,58818,▁enormous:0.9961;▁huge:0.0012;▁frightening:0.0006;▁extremely:0.0005;▁friendly:0.0005,▁ſmall:0.6421;▁houſe:0.1943;▁purpoſe:0.0360;ſelves:0.0319;▁ſeveral:0.0312
enormous,adjective,2,1,192087,ormous,,en,layer_23,▁enormous,0.995642,45,,28,▁enormous,0.959487,3,,28,▁enormous:0.9956;▁huge:0.0044;▁large:0.0000;▁loud:0.0000;▁humans:0.0000,▁enormous:0.9595;▁huge:0.0154;ormous:0.0118;Huge:0.0044;▁enlarged:0.0017
enormous,adjective,2,1,192087,ormous,,en,layer_25,<eos>,0.997256,2655,,2,en,0.994634,10,,1,<eos>:0.9973;en:0.0027;▁en:0.0000;-:0.0000;on:0.0000,en:0.9946;En:0.0033;▁en:0.0021;on:0.0000;▁enormous:0.0000
enormous,adjective,2,1,192087,ormous,,en,layer_26,<eos>,1.0,15789,,4,en,0.998088,2,,1,<eos>:1.0000;.:0.0000;-:0.0000;en:0.0000;;:0.0000,en:0.9981;ormous:0.0011;▁enormous:0.0001;<eos>:0.0001;men:0.0001
enormous,adjective,2,1,192087,ormous,,en,final_logits,en,0.986889,2,,1,,,,,,en:0.9869;ormous:0.0058;▁enormous:0.0007;<eos>:0.0006;men:0.0006,
purple,adjective,1,0,34999,purple,,purple,emb,purple,0.999999,1,,1,purple,1.0,1,,1,purple:1.0000;▁myſelf:0.0000;▁purple:0.0000;▁Theſe:0.0000;Purple:0.0000,purple:1.0000;▁purple:0.0000;Purple:0.0000;▁Purple:0.0000;▁myſelf:0.0000
purple,adjective,1,0,34999,purple,,purple,layer_1,purple,0.999968,1,,1,purple,1.0,1,,1,purple:1.0000;▁purple:0.0000;Purple:0.0000;▁Purple:0.0000;紫色:0.0000,purple:1.0000;▁purple:0.0000;Purple:0.0000;▁Purple:0.0000;紫色:0.0000
purple,adjective,1,0,34999,purple,,purple,layer_2,<bos>,1.0,2,,2,purple,0.999977,1,,1,<bos>:1.0000;purple:0.0000;▁purple:0.0000;Purple:0.0000;▁Purple:0.0000,purple:1.0000;▁purple:0.0000;Purple:0.0000;▁Purple:0.0000;<bos>:0.0000
purple,adjective,1,0,34999,purple,,purple,layer_3,<bos>,1.0,2,,2,purple,0.951061,1,,1,<bos>:1.0000;purple:0.0000;▁purple:0.0000;Purple:0.0000;▁Purple:0.0000,purple:0.9511;▁purple:0.0489;Purple:0.0000;▁Purple:0.0000;<bos>:0.0000
purple,adjective,1,0,34999,purple,,purple,layer_6,<bos>,1.0,2,,2,purple,0.919104,1,,1,<bos>:1.0000;purple:0.0000;Purple:0.0000;▁purple:0.0000;▁Purple:0.0000,purple:0.9191;▁purple:0.0536;Purple:0.0220;▁Purple:0.0052;<bos>:0.0001
purple,adjective,1,0,34999,purple,,purple,layer_9,<bos>,0.997239,3,,3,▁يتيمه,0.800361,2,,2,<bos>:0.9972;▁يتيمه:0.0014;purple:0.0005;csolódó:0.0003;▁purple:0.0002,▁يتيمه:0.8004;purple:0.0880;▁purple:0.0549;▁Purple:0.0439;▁تضيفلها:0.0065
purple,adjective,1,0,34999,purple,,purple,layer_12,csolódó,0.999358,79,,79,csolódó,0.946993,13,,13,csolódó:0.9994;▁automatiques:0.0004;▁فريبيس:0.0001;▁Chriftian:0.0000;▁يتيمه:0.0000,csolódó:0.9470;▁automatiques:0.0170;▁فريبيس:0.0152;</thead>:0.0102;getKeyCode:0.0029
purple,adjective,1,0,34999,purple,,purple,layer_14,▁lainnya,0.313889,6,,6,enumii,0.473232,12,,12,▁lainnya:0.3139;csolódó:0.2561;▁تانيه:0.1014;▁lastly:0.0657;▁purple:0.0538,enumii:0.4732;AddTagHelper:0.2810;▁continúas:0.0510;▁lainnya:0.0247;▁réguli:0.0224
purple,adjective,1,0,34999,purple,,purple,layer_17,csolódó,0.368234,271,,271,▁ſmall,0.588598,189,,189,csolódó:0.3682;▁تانيه:0.3528;▁ſmall:0.1457;достатки:0.1106;▁متعلقه:0.0103,▁ſmall:0.5886;достатки:0.1963;▁diſt:0.0566;▁تانيه:0.0369;csolódó:0.0256
purple,adjective,1,0,34999,purple,,purple,layer_19,▁ſmall,0.993673,59,,59,▁ſmall,0.913275,60,,60,▁ſmall:0.9937;▁ſtre:0.0053;▁houſe:0.0008;▁Diſ:0.0001;▁pleaſure:0.0000,▁ſmall:0.9133;▁ſtre:0.0712;▁Diſ:0.0081;▁houſe:0.0044;▁ſeveral:0.0018
purple,adjective,1,0,34999,purple,,purple,layer_20,▁ſmall,0.999924,18,,18,▁ſmall,0.986685,53,,53,▁ſmall:0.9999;▁houſe:0.0000;▁purple:0.0000;▁purpoſe:0.0000;▁pleaſure:0.0000,▁ſmall:0.9867;▁Diſ:0.0065;▁purpoſe:0.0023;▁houſe:0.0017;▁ſtre:0.0010
purple,adjective,1,0,34999,purple,,purple,layer_21,▁purple,0.999955,19,,19,▁ſmall,0.87244,67,,67,▁purple:1.0000;▁deadly:0.0000;▁perish:0.0000;▁poisonous:0.0000;▁Purple:0.0000,▁ſmall:0.8724;▁Diſ:0.0603;▁purpoſe:0.0354;▁houſe:0.0209;▁ſeveral:0.0033
purple,adjective,1,0,34999,purple,,purple,layer_23,▁purple,1.0,4,,4,▁purple,0.885797,6,,6,▁purple:1.0000;▁Purple:0.0000;▁purplish:0.0000;purple:0.0000;▁infinite:0.0000,▁purple:0.8858;▁Purple:0.1104;▁ſmall:0.0012;Purple:0.0011;▁purplish:0.0010
purple,adjective,1,0,34999,purple,,purple,layer_25,<eos>,1.0,154,,154,purple,0.996268,1,,1,"<eos>:1.0000;-:0.0000;.:0.0000;,:0.0000;▁:0.0000",purple:0.9963;▁purple:0.0028;pur:0.0008;Purple:0.0001;▁Purple:0.0000
purple,adjective,1,0,34999,purple,,purple,layer_26,<eos>,1.0,248,,248,purple,0.999909,1,,1,"<eos>:1.0000;.:0.0000;,:0.0000;-:0.0000;2:0.0000",purple:0.9999;violet:0.0000;pur:0.0000;Purple:0.0000;▁purple:0.0000
purple,adjective,1,0,34999,purple,,purple,final_logits,purple,0.96699,1,,1,,,,,,purple:0.9670;violet:0.0123;pur:0.0098;Purple:0.0042;▁purple:0.0011,
incomprehensible,adjective,3,0,473,in,1795,in,emb,in,1.0,1,1258,1,in,1.0,1,1340,1,"in:1.0000;▁:0.0000;▁in:0.0000;.:0.0000;,:0.0000",in:1.0000;▁in:0.0000;▁:0.0000;.:0.0000;<unk>:0.0000
incomprehensible,adjective,3,0,473,in,1795,in,layer_1,in,1.0,1,1732,1,in,1.0,1,1634,1,in:1.0000;<bos>:0.0000;▁in:0.0000;IN:0.0000;In:0.0000,in:1.0000;IN:0.0000;▁in:0.0000;In:0.0000;▁In:0.0000
incomprehensible,adjective,3,0,473,in,1795,in,layer_2,<bos>,1.0,2,2016,2,in,1.0,1,1862,1,<bos>:1.0000;in:0.0000;IN:0.0000;':0.0000;In:0.0000,in:1.0000;IN:0.0000;<bos>:0.0000;In:0.0000;▁in:0.0000
incomprehensible,adjective,3,0,473,in,1795,in,layer_3,in,0.997884,1,11632,1,in,1.0,1,7820,1,in:0.9979;<bos>:0.0021;IN:0.0000;ins:0.0000;it:0.0000,in:1.0000;IN:0.0000;ins:0.0000;nin:0.0000;at:0.0000
incomprehensible,adjective,3,0,473,in,1795,in,layer_6,<bos>,0.99999,3,40043,3,▁समीक्षाओं,0.762157,2,36638,2,<bos>:1.0000;▁समीक्षाओं:0.0000;in:0.0000;▁to:0.0000;▁in:0.0000,▁समीक्षाओं:0.7622;in:0.2071;Sucesor:0.0244;čas:0.0032;PYX:0.0013
incomprehensible,adjective,3,0,473,in,1795,in,layer_9,enumi,0.485127,18,73150,18,enumi,0.45127,15,73972,15,enumi:0.4851;\{\\:0.1149;▁also:0.0925;▁in:0.0572;▁right:0.0318,enumi:0.4513;\{\\:0.3675;AnimationsModule:0.0835;▁Chwiliwch:0.0212;الإنجليزية:0.0189
incomprehensible,adjective,3,0,473,in,1795,in,layer_12,enumi,0.994338,371,155433,371,enumi,0.884048,18,120093,18,"enumi:0.9943;:0.0023;</thead>:0.0008;\{\\:0.0005;StandardCharsets:0.0002","enumi:0.8840;:0.0273;again:0.0216;▁biały:0.0090;▁väli:0.0080"
incomprehensible,adjective,3,0,473,in,1795,in,layer_14,enumi,0.999993,355,95110,355,enumi,0.99847,199,112234,199,"enumi:1.0000;IfNeeded:0.0000;▁lainnya:0.0000;NOPQRST:0.0000;:0.0000",enumi:0.9985;NOPQRST:0.0006;tagHelperRunner:0.0005;IfNeeded:0.0002;▁lainnya:0.0001
incomprehensible,adjective,3,0,473,in,1795,in,layer_17,▁تانيه,0.998444,332,197764,332,▁تانيه,0.992623,491,226704,491,"▁تانيه:0.9984;enumi:0.0015;▁enfin:0.0000;.:0.0000;▁finally:0.0000",▁تانيه:0.9926;▁ſhe:0.0030;▁ſta:0.0013;▁paſſ:0.0008;▁faſt:0.0004
incomprehensible,adjective,3,0,473,in,1795,in,layer_19,enumi,0.997486,4188,101040,4188,▁ſeveral,0.818874,13324,166418,13324,"enumi:0.9975;numerusform:0.0015;:0.0010;VersionUID:0.0000;‍♀️:0.0000",▁ſeveral:0.8189;▁houſe:0.0771;▁ſtre:0.0410;▁ſmall:0.0287;enumi:0.0169
incomprehensible,adjective,3,0,473,in,1795,in,layer_20,▁perpetuity,0.937991,3841,120496,3841,▁ſeveral,0.957458,47084,229110,47084,"▁perpetuity:0.9380;enumi:0.0445;+#+#:0.0087;:0.0052;▁تانيه:0.0013",▁ſeveral:0.9575;▁houſe:0.0144;+#+#:0.0077;▁ſtate:0.0059;▁Efq:0.0033
incomprehensible,adjective,3,0,473,in,1795,in,layer_21,<eos>,0.999791,247,43633,247,▁متعلقه,0.972565,49020,234228,49020,"<eos>:0.9998;:0.0002;▁season:0.0000;▁world:0.0000;▁kids:0.0000",▁متعلقه:0.9726;+#+#:0.0161;▁ſeveral:0.0069;▁InputDecoration:0.0026;▁تانيه:0.0015
incomprehensible,adjective,3,0,473,in,1795,in,layer_23,<eos>,1.0,3,35689,3,▁InputDecoration,0.331219,27,217642,27,"<eos>:1.0000;▁in:0.0000;in:0.0000;:0.0000;▁on:0.0000",▁InputDecoration:0.3312;Basin:0.1625;▁Basin:0.1470;▁väli:0.0907;▁pauvres:0.0523
incomprehensible,adjective,3,0,473,in,1795,in,layer_25,<eos>,1.0,2,5162,2,in,0.965533,1,81203,1,"<eos>:1.0000;in:0.0000;-:0.0000;
:0.0000;

:0.0000","in:0.9655;<eos>:0.0331;on:0.0008;li:0.0001;

:0.0001"
incomprehensible,adjective,3,0,473,in,1795,in,layer_26,<eos>,1.0,4,2609,4,in,0.84122,1,17838,1,<eos>:1.0000;-:0.0000;.:0.0000;in:0.0000;<unk>:0.0000,"in:0.8412;<eos>:0.0593;ain:0.0155;

:0.0098;lin:0.0071"
incomprehensible,adjective,3,0,473,in,1795,in,final_logits,in,0.811728,1,17838,1,,,,,,"in:0.8117;<eos>:0.0670;ain:0.0183;

:0.0117;lin:0.0085",
incomprehensible,adjective,3,1,1795,comp,113567,in,emb,comp,1.0,1,220999,88,comp,1.0,1,214112,105,comp:1.0000;Comp:0.0000;▁comp:0.0000;▁Comp:0.0000;COMP:0.0000,comp:1.0000;Comp:0.0000;▁comp:0.0000;▁Comp:0.0000;<unk>:0.0000
incomprehensible,adjective,3,1,1795,comp,113567,in,layer_1,comp,1.0,1,203779,160,comp,1.0,1,193173,179,comp:1.0000;▁comp:0.0000;Comp:0.0000;▁Comp:0.0000;COMP:0.0000,comp:1.0000;▁comp:0.0000;Comp:0.0000;▁Comp:0.0000;COMP:0.0000
incomprehensible,adjective,3,1,1795,comp,113567,in,layer_2,comp,0.986379,1,185766,106,comp,1.0,1,176255,172,comp:0.9864;<bos>:0.0136;▁comp:0.0000;Comp:0.0000;▁Comp:0.0000,comp:1.0000;▁comp:0.0000;Comp:0.0000;▁Comp:0.0000;COMP:0.0000
incomprehensible,adjective,3,1,1795,comp,113567,in,layer_3,comp,0.999997,1,55361,254,comp,1.0,1,32429,377,comp:1.0000;▁comp:0.0000;<bos>:0.0000;Comp:0.0000;▁Comp:0.0000,comp:1.0000;▁comp:0.0000;Comp:0.0000;▁Comp:0.0000;COMP:0.0000
incomprehensible,adjective,3,1,1795,comp,113567,in,layer_6,<bos>,0.999829,2,14525,16466,comp,0.999853,1,8627,5894,<bos>:0.9998;comp:0.0002;▁comp:0.0000;Comp:0.0000;▁Comp:0.0000,comp:0.9999;Comp:0.0001;▁comp:0.0001;▁Comp:0.0000;COMP:0.0000
incomprehensible,adjective,3,1,1795,comp,113567,in,layer_9,comp,0.239474,1,47046,12545,comp,0.983508,1,40937,7150,comp:0.2395;</thead>:0.1974;▁comp:0.0717;Comp:0.0527;enzio:0.0430,comp:0.9835;Comp:0.0089;▁comp:0.0031;</thead>:0.0017;pa:0.0008
incomprehensible,adjective,3,1,1795,comp,113567,in,layer_12,▁houſe,0.275926,380,9183,84788,▁ſen,0.17141,8,14734,39001,▁houſe:0.2759;csolódó:0.1146;▁quæ:0.0598;▁москве:0.0566;▁ſen:0.0497,▁ſen:0.1714;▁quæ:0.1519;warzys:0.1262;▁Talvez:0.1063;<tbody>:0.0557
incomprehensible,adjective,3,1,1795,comp,113567,in,layer_14,NOPQRST,0.934691,1689,34816,196323,NOPQRST,0.729435,199,39678,149662,NOPQRST:0.9347;AutoresizingMask:0.0391;▁تانيه:0.0062;▁defStyle:0.0055;enumi:0.0039,NOPQRST:0.7294;▁preſent:0.0439;▁Ogni:0.0381;AutoresizingMask:0.0378;▁defStyle:0.0259
incomprehensible,adjective,3,1,1795,comp,113567,in,layer_17,▁تانيه,0.999641,1904,19301,122571,▁تانيه,0.709105,125,30786,44808,▁تانيه:0.9996;biendo:0.0002;neſs:0.0001;▁paſſ:0.0000;▁aſſ:0.0000,▁تانيه:0.7091;▁quæ:0.0832;biendo:0.0818;▁paſſ:0.0473;▁aſſ:0.0133
incomprehensible,adjective,3,1,1795,comp,113567,in,layer_19,neſs,0.682665,340,32778,141373,▁houſe,0.310531,104,63507,146728,neſs:0.6827;▁تانيه:0.3051;▁houſe:0.0066;enumi:0.0049;󠁢:0.0002,▁houſe:0.3105;neſs:0.3100;▁Conſ:0.1532;▁Diſ:0.0619;▁eſ:0.0473
incomprehensible,adjective,3,1,1795,comp,113567,in,layer_20,▁comp,0.987114,2,10771,38715,▁comp,0.964675,2,28359,118894,▁comp:0.9871;comp:0.0079;▁incomp:0.0050;Comp:0.0000;▁Comp:0.0000,▁comp:0.9647;comp:0.0205;COMP:0.0076;▁incomp:0.0045;NOPQRST:0.0009
incomprehensible,adjective,3,1,1795,comp,113567,in,layer_21,▁comp,0.991256,3,15983,2679,▁تانيه,0.58504,17,29964,133906,▁comp:0.9913;▁complete:0.0083;comp:0.0002;▁clear:0.0001;▁matter:0.0000,▁تانيه:0.5850;▁comp:0.3998;▁houſe:0.0045;▁Conſ:0.0022;BagLayout:0.0013
incomprehensible,adjective,3,1,1795,comp,113567,in,layer_23,comp,0.966722,1,23292,5,▁comp,0.807391,2,37478,119,comp:0.9667;▁comp:0.0170;<eos>:0.0162;▁in:0.0000;in:0.0000,▁comp:0.8074;comp:0.1724;▁incomp:0.0149;▁Comp:0.0032;Comp:0.0008
incomprehensible,adjective,3,1,1795,comp,113567,in,layer_25,<eos>,1.0,102,31856,2,in,0.998316,5,19257,1,"<eos>:1.0000;in:0.0000;-:0.0000;

:0.0000;<unused63>:0.0000",in:0.9983;lin:0.0004;ul:0.0004;on:0.0003;comp:0.0002
incomprehensible,adjective,3,1,1795,comp,113567,in,layer_26,<eos>,1.0,383,28307,2,in,0.916379,7,917,1,<eos>:1.0000;in:0.0000;-:0.0000;<unused63>:0.0000;.:0.0000,in:0.9164;lin:0.0280;rin:0.0108;inc:0.0107;nin:0.0029
incomprehensible,adjective,3,1,1795,comp,113567,in,final_logits,in,0.885869,7,917,1,,,,,,in:0.8859;lin:0.0360;rin:0.0145;inc:0.0144;nin:0.0040,
incomprehensible,adjective,3,2,113567,rehensible,,comp,emb,rehensible,1.0,1,,254951,rehensible,1.0,1,,254820,rehensible:1.0000;▁Efq:0.0000;▁myſelf:0.0000;▁Monfieur:0.0000;▁itſelf:0.0000,rehensible:1.0000;<mask>:0.0000;<unused1>:0.0000;<unused2>:0.0000;<unused0>:0.0000
incomprehensible,adjective,3,2,113567,rehensible,,comp,layer_1,rehensible,1.0,1,,172825,rehensible,1.0,1,,59744,rehensible:1.0000;rehen:0.0000;▁متعلقه:0.0000;rehensive:0.0000;rehension:0.0000,rehensible:1.0000;<mask>:0.0000;<unused1>:0.0000;<unused2>:0.0000;<unused0>:0.0000
incomprehensible,adjective,3,2,113567,rehensible,,comp,layer_2,<bos>,0.999995,2,,7814,rehensible,1.0,1,,2002,<bos>:1.0000;rehensible:0.0000;The:0.0000;':0.0000;’:0.0000,rehensible:1.0000;<bos>:0.0000;<unused1>:0.0000;<mask>:0.0000;<unused2>:0.0000
incomprehensible,adjective,3,2,113567,rehensible,,comp,layer_3,rehensible,1.0,1,,25539,rehensible,1.0,1,,4599,rehensible:1.0000;<bos>:0.0000;Personensuche:0.0000;▁تضيفلها:0.0000;▁BoxDecoration:0.0000,rehensible:1.0000;▁تضيفلها:0.0000;Personensuche:0.0000;▁inconceivable:0.0000;▁unimaginable:0.0000
incomprehensible,adjective,3,2,113567,rehensible,,comp,layer_6,<bos>,0.956519,2,,2558,rehensible,1.0,1,,525,<bos>:0.9565;rehensible:0.0435;▁understand:0.0000;▁understanding:0.0000;</thead>:0.0000,rehensible:1.0000;▁understanding:0.0000;▁understand:0.0000;</thead>:0.0000;▁understood:0.0000
incomprehensible,adjective,3,2,113567,rehensible,,comp,layer_9,الإنجليزية,0.858126,3,,40528,الإنجليزية,0.96995,3,,17646,الإنجليزية:0.8581;</thead>:0.0913;rehensible:0.0271;StandardCharsets:0.0042;▁understand:0.0032,الإنجليزية:0.9700;</thead>:0.0175;rehensible:0.0113;WebVitals:0.0007;▁تضيفلها:0.0002
incomprehensible,adjective,3,2,113567,rehensible,,comp,layer_12,StandardCharsets,0.471464,9,,179977,AddTagHelper,0.515326,2,,92373,StandardCharsets:0.4715;ANEOUS:0.1188;▁houſe:0.1131;География:0.0600;csolódó:0.0520,AddTagHelper:0.5153;rehensible:0.1090;</thead>:0.0721;▁houſe:0.0470;ANEOUS:0.0462
incomprehensible,adjective,3,2,113567,rehensible,,comp,layer_14,StandardCharsets,0.844565,159,,125928,▁InputDecoration,0.285536,65,,50569,StandardCharsets:0.8446;NOPQRST:0.0715;aneous:0.0186;neſs:0.0186;AddTagHelper:0.0101,▁InputDecoration:0.2855;AddTagHelper:0.2764;StandardCharsets:0.1087;▁pinulongan:0.0702;▁preſent:0.0644
incomprehensible,adjective,3,2,113567,rehensible,,comp,layer_17,▁تانيه,0.734747,12,,196887,▁InputDecoration,0.966335,10,,135714,▁تانيه:0.7347;▁InputDecoration:0.2645;NOPQRST:0.0005;neſs:0.0001;StandardCharsets:0.0001,▁InputDecoration:0.9663;▁تانيه:0.0306;▁diſt:0.0015;NOPQRST:0.0003;neſs:0.0002
incomprehensible,adjective,3,2,113567,rehensible,,comp,layer_19,neſs,0.889397,233,,140911,▁ſtre,0.769583,333,,110658,neſs:0.8894;aneous:0.0746;VersionUID:0.0099;достатки:0.0057;▁ſtre:0.0046,▁ſtre:0.7696;▁greateſt:0.0986;▁houſe:0.0367;▁diſt:0.0276;▁preſent:0.0211
incomprehensible,adjective,3,2,113567,rehensible,,comp,layer_20,▁تانيه,0.603971,43,,12183,▁houſe,0.313977,173,,8702,▁تانيه:0.6040;VersionUID:0.3326;NOPQRST:0.0233;neſs:0.0158;▁iconFacebook:0.0093,▁houſe:0.3140;▁diſt:0.1987;▁ſtre:0.1553;▁ſeveral:0.1103;▁greateſt:0.0578
incomprehensible,adjective,3,2,113567,rehensible,,comp,layer_21,▁painful,0.994763,347,,6476,▁purpoſe,0.262457,310,,23211,▁painful:0.9948;▁emergency:0.0031;▁meaning:0.0008;▁conclusion:0.0005;▁تانيه:0.0003,▁purpoſe:0.2625;▁تانيه:0.1802;▁houſe:0.1708;▁ſeveral:0.1299;▁diſt:0.0625
incomprehensible,adjective,3,2,113567,rehensible,,comp,layer_23,▁computation,0.590502,9780,,4,▁incomp,0.498506,6110,,4,▁computation:0.5905;<eos>:0.2994;▁computing:0.1038;comp:0.0063;▁incomp:0.0000,▁incomp:0.4985;VersionUID:0.3948;▁InputDecoration:0.0983;comp:0.0042;WebVitals:0.0015
incomprehensible,adjective,3,2,113567,rehensible,,comp,layer_25,<eos>,1.0,5480,,8,comp,0.572828,373,,1,"<eos>:1.0000;in:0.0000;

:0.0000;-:0.0000;un:0.0000","comp:0.5728;in:0.4261;

:0.0003;en:0.0002;im:0.0002"
incomprehensible,adjective,3,2,113567,rehensible,,comp,layer_26,<eos>,1.0,19070,,142,comp,0.91867,75,,1,"<eos>:1.0000;in:0.0000;.:0.0000;-:0.0000;

:0.0000","comp:0.9187;in:0.0687;

:0.0023;im:0.0017;en:0.0010"
incomprehensible,adjective,3,2,113567,rehensible,,comp,final_logits,comp,0.889057,75,,1,,,,,,"comp:0.8891;in:0.0897;

:0.0037;im:0.0027;en:0.0016",
quickly,adverb,1,0,163090,quickly,,quickly,emb,quickly,1.0,1,,1,quickly,1.0,1,,1,quickly:1.0000;▁myſelf:0.0000;▁itſelf:0.0000;▁Quickly:0.0000;▁Theſe:0.0000,quickly:1.0000;▁Quickly:0.0000;Quickly:0.0000;▁quickly:0.0000;▁myſelf:0.0000
quickly,adverb,1,0,163090,quickly,,quickly,layer_1,quickly,1.0,1,,1,quickly,1.0,1,,1,quickly:1.0000;▁quickly:0.0000;▁Quickly:0.0000;Quickly:0.0000;▁rapidamente:0.0000,quickly:1.0000;▁quickly:0.0000;▁Quickly:0.0000;Quickly:0.0000;▁rapidamente:0.0000
quickly,adverb,1,0,163090,quickly,,quickly,layer_2,<bos>,1.0,2,,2,quickly,0.996989,1,,1,<bos>:1.0000;quickly:0.0000;▁quickly:0.0000;▁Quickly:0.0000;Quickly:0.0000,quickly:0.9970;▁quickly:0.0030;▁Quickly:0.0000;Quickly:0.0000;▁rapidamente:0.0000
quickly,adverb,1,0,163090,quickly,,quickly,layer_3,<bos>,1.0,2,,2,quickly,0.991664,1,,1,<bos>:1.0000;quickly:0.0000;▁quickly:0.0000;▁Quickly:0.0000;Quickly:0.0000,quickly:0.9917;▁quickly:0.0083;▁Quickly:0.0000;Quickly:0.0000;▁rápidamente:0.0000
quickly,adverb,1,0,163090,quickly,,quickly,layer_6,<bos>,0.999832,4,,4,▁faſt,0.988271,2,,2,<bos>:0.9998;▁faſt:0.0002;▁itſelf:0.0000;quickly:0.0000;▁quickly:0.0000,▁faſt:0.9883;quickly:0.0114;▁quickly:0.0002;Quickly:0.0001;▁itſelf:0.0000
quickly,adverb,1,0,163090,quickly,,quickly,layer_9,<bos>,0.327542,81,,81,▁تضيفلها,0.989201,31,,31,<bos>:0.3275;▁تضيفلها:0.2106;▁faſt:0.2071;ousand:0.0489;Ikus:0.0382,▁تضيفلها:0.9892;▁faſt:0.0060;Ikus:0.0018;▁whoſe:0.0007;ousand:0.0007
quickly,adverb,1,0,163090,quickly,,quickly,layer_12,csolódó,0.462131,459,,459,AddTagHelper,0.750255,150,,150,csolódó:0.4621;▁ſtate:0.1591;▁Cæsar:0.0899;▁faſt:0.0866;▁whoſe:0.0650,AddTagHelper:0.7503;csolódó:0.0471;Населення:0.0344;ביוגרפיה:0.0284;▁automatiques:0.0187
quickly,adverb,1,0,163090,quickly,,quickly,layer_14,"

",0.435803,250,,250,AddTagHelper,0.896004,119,,119,"

:0.4358;



:0.1276;


:0.1216;IfNeeded:0.1211;▁москве:0.0633",AddTagHelper:0.8960;▁faſt:0.0425;IfNeeded:0.0387;▁москве:0.0053;▁lainnya:0.0030
quickly,adverb,1,0,163090,quickly,,quickly,layer_17,期刊论文,0.570498,2042,,2042,▁ſmall,0.491589,1597,,1597,期刊论文:0.5705;▁ſmall:0.2884;▁faſt:0.0751;▁diſt:0.0380;достатки:0.0170,▁ſmall:0.4916;▁faſt:0.4020;▁diſt:0.0884;期刊论文:0.0097;▁ſtre:0.0024
quickly,adverb,1,0,163090,quickly,,quickly,layer_19,▁then,0.373852,29711,,29711,▁ſmall,0.868767,36585,,36585,"▁then:0.3739;<eos>:0.2835;▁again:0.1737;:0.1488;


:0.0106",▁ſmall:0.8688;▁ſtre:0.0669;AddTagHelper:0.0362;▁leſs:0.0117;▁perſon:0.0089
quickly,adverb,1,0,163090,quickly,,quickly,layer_20,▁quick,0.874123,70,,70,▁faſt,0.837352,243,,243,▁quick:0.8741;▁speed:0.1218;▁quicker:0.0031;▁again:0.0003;▁fast:0.0001,▁faſt:0.8374;▁ſmall:0.1427;▁ſeveral:0.0126;▁leſs:0.0032;▁ſtre:0.0020
quickly,adverb,1,0,163090,quickly,,quickly,layer_21,▁quick,0.972201,155,,155,▁ſmall,0.598094,220,,220,▁quick:0.9722;▁quickly:0.0259;<eos>:0.0013;▁again:0.0004;▁quicker:0.0001,▁ſmall:0.5981;▁faſt:0.3688;▁ſeveral:0.0130;▁leſs:0.0049;▁raiſ:0.0038
quickly,adverb,1,0,163090,quickly,,quickly,layer_23,▁quick,0.998312,34,,34,▁quicker,0.292812,21,,21,▁quick:0.9983;▁quickly:0.0016;▁slow:0.0000;▁quicker:0.0000;▁fast:0.0000,▁quicker:0.2928;▁speedy:0.1834;▁slow:0.0991;▁slower:0.0980;▁speeding:0.0968
quickly,adverb,1,0,163090,quickly,,quickly,layer_25,<eos>,1.0,402,,402,quickly,0.619347,1,,1,"<eos>:1.0000;
:0.0000;,:0.0000;.:0.0000;-:0.0000",quickly:0.6193;<eos>:0.2711;quick:0.0317;qu:0.0243;ly:0.0206
quickly,adverb,1,0,163090,quickly,,quickly,layer_26,<eos>,1.0,4067,,4067,quickly,0.566866,1,,1,"<eos>:1.0000;,:0.0000;.:0.0000;-:0.0000;
:0.0000","quickly:0.5669;slowly:0.1645;qu:0.0630;<eos>:0.0334;
:0.0228"
quickly,adverb,1,0,163090,quickly,,quickly,final_logits,quickly,0.365241,1,,1,,,,,,"quickly:0.3652;slowly:0.1467;qu:0.0705;<eos>:0.0429;
:0.0316",
very,adverb,1,0,1190,very,,very,emb,very,1.0,1,,1,very,1.0,1,,1,very:1.0000;▁very:0.0000;Very:0.0000;▁Very:0.0000;VERY:0.0000,very:1.0000;▁very:0.0000;Very:0.0000;▁Very:0.0000;VERY:0.0000
very,adverb,1,0,1190,very,,very,layer_1,very,0.999997,1,,1,very,1.0,1,,1,very:1.0000;▁very:0.0000;Very:0.0000;▁Very:0.0000;VERY:0.0000,very:1.0000;▁very:0.0000;Very:0.0000;▁Very:0.0000;VERY:0.0000
very,adverb,1,0,1190,very,,very,layer_2,<bos>,0.998655,2,,2,very,1.0,1,,1,<bos>:0.9987;very:0.0013;▁very:0.0000;Very:0.0000;▁Very:0.0000,very:1.0000;▁very:0.0000;Very:0.0000;▁Very:0.0000;VERY:0.0000
very,adverb,1,0,1190,very,,very,layer_3,very,0.996814,1,,1,very,0.999992,1,,1,very:0.9968;▁very:0.0032;Very:0.0000;VERY:0.0000;▁Very:0.0000,very:1.0000;▁very:0.0000;Very:0.0000;▁Very:0.0000;VERY:0.0000
very,adverb,1,0,1190,very,,very,layer_6,<bos>,1.0,2,,2,<bos>,0.999195,2,,2,<bos>:1.0000;very:0.0000;twimg:0.0000;Very:0.0000;▁very:0.0000,<bos>:0.9992;very:0.0008;twimg:0.0000;Very:0.0000;▁very:0.0000
very,adverb,1,0,1190,very,,very,layer_9,\{\\,0.642995,15,,15,WebVitals,0.916539,7,,7,\{\\:0.6430;WebVitals:0.3173;الإنجليزية:0.0207;twimg:0.0083;enumi:0.0038,WebVitals:0.9165;\{\\:0.0558;twimg:0.0250;الإنجليزية:0.0018;▁دیکھیے:0.0006
very,adverb,1,0,1190,very,,very,layer_12,▁Theſe,0.611475,33632,,33632,▁Theſe,0.477326,3140,,3140,▁Theſe:0.6115;▁ſeveral:0.1003;▁Chriftian:0.0717;▁ſtate:0.0631;▁ſmall:0.0567,▁Theſe:0.4773;▁ſmall:0.1745;▁Cæsar:0.0636;▁Chriftian:0.0618;AddTagHelper:0.0455
very,adverb,1,0,1190,very,,very,layer_14,enumi,0.875655,69552,,69552,▁Theſe,0.219665,22182,,22182,enumi:0.8757;WebVitals:0.0912;▁defStyle:0.0088;▁ſame:0.0039;▁laſt:0.0027,▁Theſe:0.2197;▁laſt:0.1821;WebVitals:0.1461;▁ſame:0.1282;▁ſmall:0.0761
very,adverb,1,0,1190,very,,very,layer_17,WebVitals,0.629762,696,,696,▁ſmall,0.592151,470,,470,WebVitals:0.6298;enumi:0.3503;▁ſmall:0.0103;▁faſt:0.0048;期刊论文:0.0021,▁ſmall:0.5922;▁faſt:0.3166;▁ſever:0.0550;▁Conſ:0.0139;▁ſtre:0.0114
very,adverb,1,0,1190,very,,very,layer_19,enumi,0.999837,325,,325,▁ſmall,0.920776,280,,280,enumi:0.9998;▁ſmall:0.0002;WebVitals:0.0000;WebServlet:0.0000;▁faſt:0.0000,▁ſmall:0.9208;▁faſt:0.0532;▁ſever:0.0080;▁Conſ:0.0060;enumi:0.0056
very,adverb,1,0,1190,very,,very,layer_20,▁very,0.938205,4,,4,▁ſmall,0.78328,96,,96,▁very:0.9382;enumi:0.0593;▁ſmall:0.0018;very:0.0005;VersionUID:0.0001,▁ſmall:0.7833;▁ſever:0.1397;▁Efq:0.0439;▁faſt:0.0123;▁raiſ:0.0084
very,adverb,1,0,1190,very,,very,layer_21,▁very,0.999999,2,,2,▁ſever,0.557034,107,,107,▁very:1.0000;very:0.0000;▁extremely:0.0000;Very:0.0000;▁Very:0.0000,▁ſever:0.5570;▁ſmall:0.4227;▁faſt:0.0099;▁raiſ:0.0044;▁leaſt:0.0020
very,adverb,1,0,1190,very,,very,layer_23,▁very,1.0,2,,2,▁very,0.95318,2,,2,▁very:1.0000;very:0.0000;▁extremely:0.0000;Very:0.0000;▁Very:0.0000,▁very:0.9532;very:0.0428;Very:0.0030;▁VERY:0.0009;▁Very:0.0001
very,adverb,1,0,1190,very,,very,layer_25,<eos>,1.0,2,,2,very,0.999956,1,,1,"<eos>:1.0000;very:0.0000;,:0.0000;▁very:0.0000;.:0.0000",very:1.0000;▁very:0.0000;Very:0.0000;ve:0.0000;muy:0.0000
very,adverb,1,0,1190,very,,very,layer_26,<eos>,1.0,81,,81,very,0.999823,1,,1,"<eos>:1.0000;,:0.0000;.:0.0000;-:0.0000;<unk>:0.0000",very:0.9998;▁very:0.0000;well:0.0000;thick:0.0000;often:0.0000
very,adverb,1,0,1190,very,,very,final_logits,very,0.999336,1,,1,,,,,,very:0.9993;▁very:0.0001;well:0.0000;thick:0.0000;often:0.0000,
often,adverb,1,0,59554,often,,often,emb,often,0.99986,1,,1,often,1.0,1,,1,often:0.9999;▁often:0.0001;▁Often:0.0000;Often:0.0000;▁spesso:0.0000,often:1.0000;▁often:0.0000;▁Often:0.0000;Often:0.0000;▁spesso:0.0000
often,adverb,1,0,59554,often,,often,layer_1,often,0.839417,1,,1,often,0.99835,1,,1,often:0.8394;▁often:0.1605;▁Often:0.0000;Often:0.0000;▁spesso:0.0000,often:0.9984;▁often:0.0016;▁Often:0.0000;Often:0.0000;▁spesso:0.0000
often,adverb,1,0,59554,often,,often,layer_2,<bos>,1.0,3,,3,▁often,0.810451,2,,2,<bos>:1.0000;▁often:0.0000;often:0.0000;Often:0.0000;▁Often:0.0000,▁often:0.8105;often:0.1895;Often:0.0000;▁Often:0.0000;▁souvent:0.0000
often,adverb,1,0,59554,often,,often,layer_3,<bos>,0.996747,3,,3,▁often,0.544105,2,,2,<bos>:0.9967;▁often:0.0029;often:0.0003;Often:0.0000;▁Often:0.0000,▁often:0.5441;often:0.4559;Often:0.0000;▁Often:0.0000;▁spesso:0.0000
often,adverb,1,0,59554,often,,often,layer_6,<bos>,1.0,3,,3,▁often,0.800672,2,,2,<bos>:1.0000;▁often:0.0000;often:0.0000;Often:0.0000;▁Often:0.0000,▁often:0.8007;often:0.1979;<bos>:0.0006;Often:0.0005;▁Often:0.0003
often,adverb,1,0,59554,often,,often,layer_9,▁often,0.756221,3,,3,WebVitals,0.943989,3,,3,▁often:0.7562;WebVitals:0.2123;often:0.0069;▁also:0.0050;▁sometimes:0.0045,WebVitals:0.9440;▁often:0.0547;often:0.0012;Often:0.0001;findpost:0.0000
often,adverb,1,0,59554,often,,often,layer_12,WebVitals,0.980956,179,,179,WebVitals,0.978896,9,,9,WebVitals:0.9810;▁Theſe:0.0072;▁venons:0.0042;▁ſtill:0.0023;\{\\:0.0019,WebVitals:0.9789;▁venons:0.0118;▁often:0.0046;tiennent:0.0006;▁also:0.0004
often,adverb,1,0,59554,often,,often,layer_14,WebVitals,0.376398,109,,109,WebVitals,0.998484,23,,23,"WebVitals:0.3764;

:0.3719;▁again:0.1327;▁also:0.0881;
:0.0167",WebVitals:0.9985;▁again:0.0009;▁also:0.0003;▁often:0.0001;AddTagHelper:0.0001
often,adverb,1,0,59554,often,,often,layer_17,WebVitals,0.999997,586,,586,WebVitals,0.999994,955,,955,WebVitals:1.0000;期刊论文:0.0000;▁onOptions:0.0000;▁even:0.0000;▁again:0.0000,WebVitals:1.0000;期刊论文:0.0000;▁onOptions:0.0000;▁ſtill:0.0000;▁optique:0.0000
often,adverb,1,0,59554,often,,often,layer_19,enumi,0.747365,1742,,1742,WebVitals,0.93338,3361,,3361,enumi:0.7474;WebVitals:0.2518;▁again:0.0003;▁also:0.0002;AddTagHelper:0.0001,WebVitals:0.9334;▁myſelf:0.0110;AddTagHelper:0.0101;▁ſtill:0.0094;enumi:0.0085
often,adverb,1,0,59554,often,,often,layer_20,▁often,0.963137,8,,8,▁itſelf,0.419919,138,,138,▁often:0.9631;▁again:0.0333;▁sometimes:0.0025;▁frequently:0.0005;▁also:0.0004,▁itſelf:0.4199;▁ſtill:0.4042;▁myſelf:0.0969;▁fometimes:0.0231;▁ſtate:0.0141
often,adverb,1,0,59554,often,,often,layer_21,▁often,0.999437,10,,10,▁fometimes,0.469589,89,,89,▁often:0.9994;▁sometimes:0.0004;▁again:0.0001;▁times:0.0000;▁usually:0.0000,▁fometimes:0.4696;▁ſever:0.0960;▁houſe:0.0950;▁itſelf:0.0612;▁ſtill:0.0606
often,adverb,1,0,59554,often,,often,layer_23,▁often,1.0,8,,8,▁often,0.590272,6,,6,▁often:1.0000;<eos>:0.0000;▁times:0.0000;▁sometimes:0.0000;▁frequently:0.0000,▁often:0.5903;WebVitals:0.2816;期刊论文:0.0876;▁notte:0.0091;▁itſelf:0.0062
often,adverb,1,0,59554,often,,often,layer_25,<eos>,1.0,86,,86,often,0.99691,1,,1,<eos>:1.0000;-:0.0000;or:0.0000;in:0.0000;.:0.0000,often:0.9969;▁often:0.0011;or:0.0004;on:0.0002;in:0.0002
often,adverb,1,0,59554,often,,often,layer_26,<eos>,1.0,204,,204,often,0.996069,1,,1,"<eos>:1.0000;-:0.0000;.:0.0000;,:0.0000;▁(:0.0000",often:0.9961;most:0.0025;only:0.0001;oft:0.0001;on:0.0001
often,adverb,1,0,59554,often,,often,final_logits,often,0.871012,1,,1,,,,,,often:0.8710;most:0.0340;only:0.0049;oft:0.0047;on:0.0033,
she,pronoun,1,0,7701,she,,"

",emb,she,1.0,1,,190411,she,1.0,1,,222554,she:1.0000;▁she:0.0000;She:0.0000;▁She:0.0000;SHE:0.0000,she:1.0000;▁she:0.0000;She:0.0000;<unused1>:0.0000;<unused0>:0.0000
she,pronoun,1,0,7701,she,,"

",layer_1,she,1.0,1,,1307,she,1.0,1,,1636,she:1.0000;▁she:0.0000;She:0.0000;▁She:0.0000;SHE:0.0000,she:1.0000;▁she:0.0000;She:0.0000;▁She:0.0000;SHE:0.0000
she,pronoun,1,0,7701,she,,"

",layer_2,she,0.999997,1,,196,she,1.0,1,,508,she:1.0000;▁she:0.0000;She:0.0000;<bos>:0.0000;▁She:0.0000,she:1.0000;▁she:0.0000;She:0.0000;▁She:0.0000;SHE:0.0000
she,pronoun,1,0,7701,she,,"

",layer_3,she,0.999786,1,,34522,she,1.0,1,,68157,she:0.9998;▁she:0.0002;She:0.0000;<bos>:0.0000;SHE:0.0000,she:1.0000;▁she:0.0000;She:0.0000;SHE:0.0000;▁SHE:0.0000
she,pronoun,1,0,7701,she,,"

",layer_6,<bos>,1.0,3,,498,she,0.937522,1,,4834,"<bos>:1.0000;▁she:0.0000;she:0.0000;▁he:0.0000;,:0.0000",she:0.9375;▁she:0.0588;She:0.0017;▁فريبيس:0.0012;StructEnd:0.0005
she,pronoun,1,0,7701,she,,"

",layer_9,</thead>,0.942682,24,,211,</thead>,0.991185,11,,1301,"</thead>:0.9427;▁she:0.0444;,:0.0046;enumi:0.0032;▁also:0.0014",</thead>:0.9912;▁she:0.0085;enumi:0.0001;▁تضيفلها:0.0001;bootstrapcdn:0.0000
she,pronoun,1,0,7701,she,,"

",layer_12,достатки,0.800671,5267,,64,</thead>,0.557296,623,,14,достатки:0.8007;География:0.1225;</thead>:0.0195;Παραπομπές:0.0133;acaktır:0.0132,</thead>:0.5573;достатки:0.2416;acaktır:0.0407;▁has:0.0254;かせて:0.0127
she,pronoun,1,0,7701,she,,"

",layer_14,',0.526907,2271,,45,▁again,0.52296,1166,,1105,':0.5269;▁again:0.3347;▁finally:0.0277;▁lastly:0.0265;again:0.0233,▁again:0.5230;again:0.1571;▁defStyle:0.0490;▁lastly:0.0483;▁gethan:0.0439
she,pronoun,1,0,7701,she,,"

",layer_17,’,0.740977,848,,48,▁she,0.525166,549,,499,’:0.7410;':0.1285;▁who:0.0594;▁she:0.0220;▁finally:0.0145,▁she:0.5252;▁who:0.1280;▁ſhe:0.1004;достатки:0.0509;▁he:0.0370
she,pronoun,1,0,7701,she,,"

",layer_19,’,0.441302,154,,5,enumi,0.997935,76,,38,"’:0.4413;▁again:0.2962;▁then:0.1032;enumi:0.0455;

:0.0428",enumi:0.9979;▁ſtre:0.0008;▁ſhe:0.0006;▁ſmall:0.0002;▁houſe:0.0001
she,pronoun,1,0,7701,she,,"

",layer_20,▁she,0.974417,7,,5,▁ſhe,0.998873,26,,628,"▁she:0.9744;She:0.0256;<eos>:0.0000;▁again:0.0000;

:0.0000",▁ſhe:0.9989;She:0.0004;▁houſe:0.0002;▁she:0.0002;▁ſtre:0.0001
she,pronoun,1,0,7701,she,,"

",layer_21,▁she,0.97075,33,,4,She,0.514424,5,,274,"▁she:0.9707;<eos>:0.0269;She:0.0012;

:0.0011;<h3>:0.0001",She:0.5144;▁ſhe:0.2576;▁she:0.2235;▁تانيه:0.0017;she:0.0005
she,pronoun,1,0,7701,she,,"

",layer_23,<eos>,0.999972,28,,3,She,0.925202,3,,103,"<eos>:1.0000;▁she:0.0000;

:0.0000;.:0.0000;She:0.0000",She:0.9252;▁she:0.0649;she:0.0080;SHE:0.0010;ashe:0.0005
she,pronoun,1,0,7701,she,,"

",layer_25,<eos>,0.999902,296,,2,"

",0.899653,3,,1,"<eos>:0.9999;

:0.0001;.:0.0000;
:0.0000;-:0.0000","

:0.8997;She:0.0904;she:0.0037;▁she:0.0026;
:0.0013"
she,pronoun,1,0,7701,she,,"

",layer_26,<eos>,1.0,1268,,7,"

",0.381616,2,,1,"<eos>:1.0000;.:0.0000;-:0.0000;,:0.0000;▁(:0.0000","

:0.3816;she:0.3314;ishe:0.0375;<h3>:0.0328;there:0.0315"
she,pronoun,1,0,7701,she,,"

",final_logits,"

",0.359754,2,,1,,,,,,"

:0.3598;she:0.3157;ishe:0.0405;<h3>:0.0356;there:0.0342",
they,pronoun,1,0,12944,they,,they,emb,they,1.0,1,,1,they,1.0,1,,1,they:1.0000;▁they:0.0000;They:0.0000;THEY:0.0000;▁They:0.0000,they:1.0000;▁they:0.0000;They:0.0000;THEY:0.0000;▁They:0.0000
they,pronoun,1,0,12944,they,,they,layer_1,they,0.999911,1,,1,they,1.0,1,,1,they:0.9999;▁they:0.0001;They:0.0000;▁They:0.0000;THEY:0.0000,they:1.0000;▁they:0.0000;They:0.0000;THEY:0.0000;▁They:0.0000
they,pronoun,1,0,12944,they,,they,layer_2,<bos>,1.0,2,,2,they,0.999993,1,,1,<bos>:1.0000;they:0.0000;▁they:0.0000;They:0.0000;▁They:0.0000,they:1.0000;▁they:0.0000;They:0.0000;▁They:0.0000;THEY:0.0000
they,pronoun,1,0,12944,they,,they,layer_3,<bos>,0.982176,3,,3,they,0.998117,1,,1,<bos>:0.9822;▁they:0.0138;they:0.0040;They:0.0000;▁They:0.0000,they:0.9981;▁they:0.0019;They:0.0000;THEY:0.0000;▁They:0.0000
they,pronoun,1,0,12944,they,,they,layer_6,<bos>,1.0,5,,5,<bos>,0.998643,3,,3,<bos>:1.0000;▁they:0.0000;They:0.0000;▁them:0.0000;they:0.0000,<bos>:0.9986;▁they:0.0013;they:0.0000;They:0.0000;enumi:0.0000
they,pronoun,1,0,12944,they,,they,layer_9,enumi,0.696326,5,,5,enumi,0.929561,5,,5,enumi:0.6963;▁they:0.2254;</thead>:0.0730;kranz:0.0026;they:0.0004,enumi:0.9296;▁they:0.0348;</thead>:0.0346;لكتر:0.0006;they:0.0003
they,pronoun,1,0,12944,they,,they,layer_12,kranz,0.334257,738,,738,</thead>,0.857053,41,,41,kranz:0.3343;csolódó:0.2679;Παραπομπές:0.1769;</thead>:0.0582;География:0.0400,</thead>:0.8571;▁they:0.0493;Παραπομπές:0.0118;▁voltak:0.0114;▁فريبيس:0.0108
they,pronoun,1,0,12944,they,,they,layer_14,enumi,0.447422,682,,682,enumi,0.595572,331,,331,"enumi:0.4474;':0.2780;:0.1469;’:0.0881;▁finally:0.0177",enumi:0.5956;AddTagHelper:0.1320;IfNeeded:0.1105;mereka:0.0623;▁finally:0.0166
they,pronoun,1,0,12944,they,,they,layer_17,enumi,0.483359,46,,46,▁houſe,0.810971,127,,127,enumi:0.4834;▁تانيه:0.4242;‍♀️:0.0477;mereka:0.0196;▁finally:0.0172,▁houſe:0.8110;▁ſhe:0.0462;▁themſelves:0.0354;▁purpoſe:0.0338;▁ſmall:0.0306
they,pronoun,1,0,12944,they,,they,layer_19,enumi,0.950204,115,,115,enumi,0.988667,202,,202,"enumi:0.9502;▁finally:0.0466;’:0.0014;\{\\:0.0008;:0.0007",enumi:0.9887;▁houſe:0.0065;▁themſelves:0.0015;\{\\:0.0014;mereka:0.0012
they,pronoun,1,0,12944,they,,they,layer_20,▁them,0.506252,13,,13,▁ſhe,0.499294,146,,146,▁them:0.5063;▁they:0.3717;They:0.0530;<eos>:0.0528;▁themselves:0.0070,▁ſhe:0.4993;▁themſelves:0.2608;▁houſe:0.1505;▁purpoſe:0.0185;▁ſta:0.0181
they,pronoun,1,0,12944,they,,they,layer_21,<eos>,0.996638,14,,14,▁متعلقه,0.999507,46,,46,<eos>:0.9966;▁they:0.0033;▁them:0.0000;They:0.0000;▁their:0.0000,▁متعلقه:0.9995;▁تانيه:0.0003;▁فريبيس:0.0002;mereka:0.0000;▁themſelves:0.0000
they,pronoun,1,0,12944,they,,they,layer_23,<eos>,0.999984,8,,8,They,0.445313,2,,2,<eos>:1.0000;▁they:0.0000;▁them:0.0000;They:0.0000;’:0.0000,They:0.4453;they:0.3955;▁them:0.0769;▁they:0.0386;▁theirs:0.0134
they,pronoun,1,0,12944,they,,they,layer_25,<eos>,1.0,27,,27,they,0.998468,1,,1,"<eos>:1.0000;

:0.0000;
:0.0000;-:0.0000;.:0.0000","they:0.9985;the:0.0010;They:0.0003;<eos>:0.0001;

:0.0000"
they,pronoun,1,0,12944,they,,they,layer_26,<eos>,1.0,501,,501,they,0.921011,1,,1,<eos>:1.0000;.:0.0000;-:0.0000;<unused1>:0.0000;<unused0>:0.0000,they:0.9210;the:0.0300;them:0.0143;hey:0.0057;<eos>:0.0055
they,pronoun,1,0,12944,they,,they,final_logits,they,0.849514,1,,1,,,,,,they:0.8495;the:0.0487;them:0.0253;hey:0.0112;<eos>:0.0107,
ourselves,pronoun,2,0,642,our,4505,our,emb,our,1.0,1,141226,1,our,1.0,1,114436,1,our:1.0000;▁our:0.0000;OUR:0.0000;Our:0.0000;▁Our:0.0000,our:1.0000;▁our:0.0000;OUR:0.0000;Our:0.0000;<unk>:0.0000
ourselves,pronoun,2,0,642,our,4505,our,layer_1,our,1.0,1,28472,1,our,1.0,1,13695,1,our:1.0000;OUR:0.0000;Our:0.0000;▁our:0.0000;ours:0.0000,our:1.0000;OUR:0.0000;Our:0.0000;▁our:0.0000;ours:0.0000
ourselves,pronoun,2,0,642,our,4505,our,layer_2,<bos>,0.999282,2,41082,2,our,1.0,1,10639,1,<bos>:0.9993;our:0.0007;Our:0.0000;OUR:0.0000;▁our:0.0000,our:1.0000;OUR:0.0000;Our:0.0000;▁our:0.0000;▁Our:0.0000
ourselves,pronoun,2,0,642,our,4505,our,layer_3,our,0.994754,1,823,1,our,1.0,1,300,1,our:0.9948;<bos>:0.0052;OUR:0.0000;▁our:0.0000;Our:0.0000,our:1.0000;OUR:0.0000;▁our:0.0000;Our:0.0000;▁OUR:0.0000
ourselves,pronoun,2,0,642,our,4505,our,layer_6,<bos>,1.0,2,10100,2,<bos>,0.992954,2,771,2,<bos>:1.0000;our:0.0000;▁our:0.0000;▁and:0.0000;Our:0.0000,<bos>:0.9930;our:0.0070;▁our:0.0000;Our:0.0000;OUR:0.0000
ourselves,pronoun,2,0,642,our,4505,our,layer_9,الإنجليزية,0.847164,6,43544,6,الإنجليزية,0.960077,6,18378,6,الإنجليزية:0.8472;</thead>:0.0874;▁our:0.0365;▁تضيفلها:0.0171;enumi:0.0044,الإنجليزية:0.9601;▁تضيفلها:0.0370;</thead>:0.0020;▁our:0.0007;▁CreateTagHelper:0.0001
ourselves,pronoun,2,0,642,our,4505,our,layer_12,▁InputDecoration,0.280777,66,110016,66,▁InputDecoration,0.325029,7,106851,7,▁InputDecoration:0.2808;StandardCharsets:0.2509;▁فريبيس:0.2103;</thead>:0.1332;достатки:0.0624,▁InputDecoration:0.3250;</thead>:0.2471;▁فريبيس:0.2041;достатки:0.0649;▁our:0.0588
ourselves,pronoun,2,0,642,our,4505,our,layer_14,StandardCharsets,0.458161,11,95119,11,是我们,0.671995,2,69082,2,StandardCharsets:0.4582;enumi:0.2862;是我们:0.1409;▁defStyle:0.0583;tahankan:0.0102,是我们:0.6720;our:0.1226;tahankan:0.0389;StandardCharsets:0.0305;URLEncoder:0.0276
ourselves,pronoun,2,0,642,our,4505,our,layer_17,▁تانيه,0.966175,10,30139,10,▁تانيه,0.705544,17,18073,17,▁تانيه:0.9662;▁our:0.0248;▁InputDecoration:0.0079;enumi:0.0008;▁finally:0.0001,▁تانيه:0.7055;▁InputDecoration:0.2766;▁our:0.0069;▁تضيفلها:0.0042;▁onAnimation:0.0009
ourselves,pronoun,2,0,642,our,4505,our,layer_19,enumi,0.874013,19,1339,19,enumi,0.622087,28,363,28,"enumi:0.8740;:0.0642;▁Our:0.0237;</em>:0.0168;▁again:0.0053",enumi:0.6221;▁تضيفلها:0.2543;▁houſe:0.0382;▁فريبيس:0.0319;LikeLike:0.0172
ourselves,pronoun,2,0,642,our,4505,our,layer_20,▁our,0.746779,2,1372,2,▁houſe,0.683264,51,311,51,▁our:0.7468;our:0.1760;<eos>:0.0648;▁own:0.0056;▁Our:0.0027,▁houſe:0.6833;▁purpoſe:0.1095;▁ſeveral:0.0928;▁ſtate:0.0591;▁ſtre:0.0476
ourselves,pronoun,2,0,642,our,4505,our,layer_21,<eos>,0.999949,4,15387,4,▁متعلقه,0.92123,30,1543,30,<eos>:0.9999;▁our:0.0000;Our:0.0000;our:0.0000;▁own:0.0000,▁متعلقه:0.9212;▁فريبيس:0.0686;▁تانيه:0.0059;▁houſe:0.0013;▁للمعارف:0.0012
ourselves,pronoun,2,0,642,our,4505,our,layer_23,our,0.972981,1,16694,1,our,0.999519,1,1261,1,our:0.9730;<eos>:0.0270;▁our:0.0000;Our:0.0000;▁Our:0.0000,our:0.9995;▁ours:0.0004;Our:0.0001;ours:0.0000;▁our:0.0000
ourselves,pronoun,2,0,642,our,4505,our,layer_25,<eos>,1.0,2,7062,2,our,0.999998,1,122,1,"<eos>:1.0000;our:0.0000;

:0.0000;-:0.0000;or:0.0000",our:1.0000;<eos>:0.0000;Our:0.0000;ours:0.0000;or:0.0000
ourselves,pronoun,2,0,642,our,4505,our,layer_26,<eos>,1.0,51,40269,51,our,0.994537,1,89,1,<eos>:1.0000;<mask>:0.0000;<unused1>:0.0000;<unused2>:0.0000;<unused0>:0.0000,"our:0.9945;<eos>:0.0026;or:0.0008;

:0.0008;out:0.0001"
ourselves,pronoun,2,0,642,our,4505,our,final_logits,our,0.988869,1,89,1,,,,,,"our:0.9889;<eos>:0.0051;or:0.0016;

:0.0015;out:0.0003",
ourselves,pronoun,2,1,4505,selves,,selves,emb,▁myſelf,0.855294,3,,3,selves,1.0,1,,1,▁myſelf:0.8553;▁itſelf:0.1411;selves:0.0036;ſelves:0.0000;▁themſelves:0.0000,selves:1.0000;▁itſelf:0.0000;▁myſelf:0.0000;ſelves:0.0000;ſelf:0.0000
ourselves,pronoun,2,1,4505,selves,,selves,layer_1,selves,1.0,1,,1,selves,1.0,1,,1,selves:1.0000;▁itſelf:0.0000;ſelves:0.0000;▁myſelf:0.0000;▁themſelves:0.0000,selves:1.0000;<mask>:0.0000;<unused1>:0.0000;<unused2>:0.0000;<unused0>:0.0000
ourselves,pronoun,2,1,4505,selves,,selves,layer_2,selves,1.0,1,,1,selves,1.0,1,,1,selves:1.0000;ſelves:0.0000;<bos>:0.0000;▁selves:0.0000;themselves:0.0000,selves:1.0000;<mask>:0.0000;<unused1>:0.0000;<unused2>:0.0000;<unused0>:0.0000
ourselves,pronoun,2,1,4505,selves,,selves,layer_3,selves,1.0,1,,1,selves,1.0,1,,1,selves:1.0000;<bos>:0.0000;▁yourselves:0.0000;themselves:0.0000;▁themselves:0.0000,selves:1.0000;▁yourselves:0.0000;▁ourselves:0.0000;▁selves:0.0000;themselves:0.0000
ourselves,pronoun,2,1,4505,selves,,selves,layer_6,selves,0.999915,1,,1,selves,1.0,1,,1,selves:0.9999;<bos>:0.0001;▁ourselves:0.0000;▁themselves:0.0000;ſelves:0.0000,selves:1.0000;▁ourselves:0.0000;▁themselves:0.0000;▁herself:0.0000;themselves:0.0000
ourselves,pronoun,2,1,4505,selves,,selves,layer_9,selves,0.958415,1,,1,selves,0.999873,1,,1,selves:0.9584;▁ourselves:0.0388;▁themselves:0.0006;▁تضيفلها:0.0005;themselves:0.0004,selves:0.9999;▁ourselves:0.0001;▁تضيفلها:0.0000;themselves:0.0000;Архівовано:0.0000
ourselves,pronoun,2,1,4505,selves,,selves,layer_12,\{\\,0.996581,26,,26,\{\\,0.620642,3,,3,\{\\:0.9966;StandardCharsets:0.0014;外部リンク:0.0008;קישורים:0.0002;▁TextInputType:0.0002,\{\\:0.6206;外部リンク:0.2926;selves:0.0211;▁TextInputType:0.0176;▁voltak:0.0132
ourselves,pronoun,2,1,4505,selves,,selves,layer_14,▁defStyle,0.269805,9,,9,selves,0.602625,1,,1,▁defStyle:0.2698;外部リンク:0.1895;.[/:0.1123;StandardCharsets:0.1107;▁again:0.0795,selves:0.6026;外部リンク:0.2032;▁again:0.1418;▁defStyle:0.0173;▁ourselves:0.0144
ourselves,pronoun,2,1,4505,selves,,selves,layer_17,▁تانيه,1.0,5,,5,▁تانيه,0.999994,2,,2,▁تانيه:1.0000;ſelves:0.0000;neſs:0.0000;\{\\:0.0000;selves:0.0000,▁تانيه:1.0000;selves:0.0000;ſelves:0.0000;▁تضيفلها:0.0000;▁diſt:0.0000
ourselves,pronoun,2,1,4505,selves,,selves,layer_19,▁تانيه,0.600971,15,,15,ſelves,0.971674,6,,6,▁تانيه:0.6010;▁again:0.3877;ſelves:0.0093;mycompany:0.0008;нрави:0.0006,ſelves:0.9717;▁تانيه:0.0217;ſelf:0.0039;mycompany:0.0007;neſs:0.0004
ourselves,pronoun,2,1,4505,selves,,selves,layer_20,selves,0.993467,1,,1,ſelves,0.834072,2,,2,selves:0.9935;▁again:0.0039;▁self:0.0017;▁selves:0.0009;self:0.0000,ſelves:0.8341;selves:0.1635;ſelf:0.0024;▁myſelf:0.0000;▁selves:0.0000
ourselves,pronoun,2,1,4505,selves,,selves,layer_21,▁again,0.999844,7,,7,ſelves,0.995417,2,,2,▁again:0.9998;▁self:0.0001;<eos>:0.0000;▁together:0.0000;self:0.0000,ſelves:0.9954;selves:0.0036;ſelf:0.0005;▁متعلقه:0.0003;▁تانيه:0.0000
ourselves,pronoun,2,1,4505,selves,,selves,layer_23,<eos>,0.969021,30,,30,selves,0.996197,1,,1,<eos>:0.9690;▁self:0.0197;self:0.0110;▁again:0.0003;▁others:0.0000,selves:0.9962;▁selves:0.0026;ſelves:0.0004;self:0.0004;Self:0.0002
ourselves,pronoun,2,1,4505,selves,,selves,layer_25,<eos>,1.0,64,,64,selves,0.999495,1,,1,"<eos>:1.0000;

:0.0000;our:0.0000;.:0.0000;and:0.0000","selves:0.9995;our:0.0004;<eos>:0.0001;

:0.0000;Our:0.0000"
ourselves,pronoun,2,1,4505,selves,,selves,layer_26,<eos>,1.0,11680,,11680,selves,0.870307,1,,1,"<eos>:1.0000;.:0.0000;,:0.0000;-:0.0000;▁and:0.0000","selves:0.8703;our:0.0994;

:0.0146;<eos>:0.0075;Our:0.0013"
ourselves,pronoun,2,1,4505,selves,,selves,final_logits,selves,0.841984,1,,1,,,,,,"selves:0.8420;our:0.1170;

:0.0191;<eos>:0.0101;Our:0.0019",
the,determiner,1,0,1175,the,,the,emb,the,1.0,1,,1,the,1.0,1,,1,"the:1.0000;The:0.0000;▁the:0.0000;▁:0.0000;

:0.0000",the:1.0000;The:0.0000;▁the:0.0000;▁:0.0000;<unk>:0.0000
the,determiner,1,0,1175,the,,the,layer_1,the,1.0,1,,1,the,1.0,1,,1,the:1.0000;The:0.0000;▁the:0.0000;▁The:0.0000;<bos>:0.0000,the:1.0000;The:0.0000;▁the:0.0000;THE:0.0000;▁The:0.0000
the,determiner,1,0,1175,the,,the,layer_2,<bos>,1.0,2,,2,the,1.0,1,,1,<bos>:1.0000;the:0.0000;The:0.0000;▁The:0.0000;THE:0.0000,the:1.0000;The:0.0000;THE:0.0000;▁The:0.0000;<bos>:0.0000
the,determiner,1,0,1175,the,,the,layer_3,the,0.999998,1,,1,the,1.0,1,,1,the:1.0000;<bos>:0.0000;The:0.0000;THE:0.0000;▁the:0.0000,the:1.0000;THE:0.0000;The:0.0000;▁THE:0.0000;▁The:0.0000
the,determiner,1,0,1175,the,,the,layer_6,the,0.891369,1,,1,the,0.999578,1,,1,"the:0.8914;,:0.0754;The:0.0102;<bos>:0.0091;▁the:0.0056",the:0.9996;The:0.0004;THE:0.0000;▁THE:0.0000;▁the:0.0000
the,determiner,1,0,1175,the,,the,layer_9,enumi,0.897343,5,,5,enumi,0.825943,3,,3,enumi:0.8973;</thead>:0.0948;▁the:0.0021;csolódó:0.0020;the:0.0017,enumi:0.8259;</thead>:0.1719;the:0.0015;csolódó:0.0004;ódó:0.0001
the,determiner,1,0,1175,the,,the,layer_12,csolódó,0.726718,27,,27,</thead>,0.943287,2,,2,"csolódó:0.7267;</thead>:0.2291;kranz:0.0179;ódó:0.0164;:0.0025","</thead>:0.9433;the:0.0467;:0.0050;csolódó:0.0017;ódó:0.0007"
the,determiner,1,0,1175,the,,the,layer_14,enumi,0.838918,28,,28,enumi,0.911068,4,,4,"enumi:0.8389;:0.1600;</i>:0.0004;▁etc:0.0001;▁lainnya:0.0001","enumi:0.9111;:0.0433;IfNeeded:0.0124;the:0.0106;ithe:0.0044"
the,determiner,1,0,1175,the,,the,layer_17,"",0.816707,40,,40,▁تانيه,0.751008,36,,36,":0.8167;▁the:0.1457;</em>:0.0119;‍♀️:0.0073;▁تانيه:0.0067",▁تانيه:0.7510;‍♀️:0.1089;ódó:0.0999;▁the:0.0096;ContentAsync:0.0037
the,determiner,1,0,1175,the,,the,layer_19,"",0.998309,71,,71,▁beſt,0.554888,176,,176,":0.9983;▁others:0.0008;</em>:0.0005;▁other:0.0002;为止:0.0000",▁beſt:0.5549;▁houſe:0.2349;▁greateſt:0.0800;▁ſeveral:0.0490;▁فريبيس:0.0178
the,determiner,1,0,1175,the,,the,layer_20,"",0.794438,5,,5,▁houſe,0.528339,89,,89,":0.7944;▁other:0.1630;▁others:0.0190;</em>:0.0180;the:0.0040",▁houſe:0.5283;▁ſeveral:0.2165;▁ſmall:0.1302;▁beſt:0.0340;▁greateſt:0.0311
the,determiner,1,0,1175,the,,the,layer_21,▁other,0.741278,5,,5,▁تانيه,0.812895,32,,32,"▁other:0.7413;▁the:0.1327;:0.0888;<eos>:0.0340;the:0.0022",▁تانيه:0.8129;▁متعلقه:0.1050;▁beſt:0.0276;▁leaſt:0.0209;▁houſe:0.0103
the,determiner,1,0,1175,the,,the,layer_23,▁the,0.995833,14,,14,othe,0.392943,20,,20,▁the:0.9958;<eos>:0.0041;</em>:0.0000;-:0.0000;▁:0.0000,othe:0.3929;ithe:0.2008;ethe:0.1151;rethe:0.0983;▁the:0.0354
the,determiner,1,0,1175,the,,the,layer_25,-,0.570572,3,,3,the,0.999486,1,,1,"-:0.5706;<eos>:0.4294;the:0.0000;
:0.0000;.:0.0000","the:0.9995;The:0.0005;</h2>:0.0000;
:0.0000;-:0.0000"
the,determiner,1,0,1175,the,,the,layer_26,<eos>,1.0,7,,7,the,0.996188,1,,1,"<eos>:1.0000;-:0.0000;.:0.0000;,:0.0000;▁(:0.0000","the:0.9962;The:0.0011;th:0.0003;</h2>:0.0003;
:0.0002"
the,determiner,1,0,1175,the,,the,final_logits,the,0.992469,1,,1,,,,,,"the:0.9925;The:0.0020;th:0.0006;</h2>:0.0006;
:0.0004",
an,determiner,1,0,481,an,,an,emb,an,1.0,1,,1,an,1.0,1,,1,an:1.0000;a:0.0000;▁:0.0000;▁an:0.0000;in:0.0000,an:1.0000;<mask>:0.0000;<unused1>:0.0000;<unused2>:0.0000;<unused0>:0.0000
an,determiner,1,0,481,an,,an,layer_1,an,1.0,1,,1,an,1.0,1,,1,an:1.0000;AN:0.0000;▁an:0.0000;An:0.0000;in:0.0000,an:1.0000;AN:0.0000;▁an:0.0000;An:0.0000;<unk>:0.0000
an,determiner,1,0,481,an,,an,layer_2,<bos>,1.0,2,,2,an,1.0,1,,1,<bos>:1.0000;an:0.0000;AN:0.0000;An:0.0000;':0.0000,an:1.0000;AN:0.0000;<bos>:0.0000;An:0.0000;in:0.0000
an,determiner,1,0,481,an,,an,layer_3,<bos>,1.0,2,,2,an,1.0,1,,1,<bos>:1.0000;an:0.0000;AN:0.0000;An:0.0000;-:0.0000,an:1.0000;AN:0.0000;<bos>:0.0000;An:0.0000;en:0.0000
an,determiner,1,0,481,an,,an,layer_6,<bos>,1.0,4,,4,<bos>,1.0,3,,3,"<bos>:1.0000;▁and:0.0000;twimg:0.0000;an:0.0000;,:0.0000",<bos>:1.0000;twimg:0.0000;an:0.0000;▁CanadaChoose:0.0000;بوابة:0.0000
an,determiner,1,0,481,an,,an,layer_9,kranz,0.298289,41,,41,▁MainAxisSize,0.953454,14,,14,"kranz:0.2983;▁MainAxisSize:0.1705;الإنجليزية:0.0547;,:0.0529;Erstellt:0.0387",▁MainAxisSize:0.9535;الإنجليزية:0.0229;kranz:0.0052;twimg:0.0045;▁Chwiliwch:0.0045
an,determiner,1,0,481,an,,an,layer_12,StandardCharsets,0.950726,3363,,3363,StandardCharsets,0.928127,76,,76,StandardCharsets:0.9507;kranz:0.0323;קישורים:0.0074;ValueStyle:0.0042;</thead>:0.0015,StandardCharsets:0.9281;kranz:0.0266;</thead>:0.0173;קישורים:0.0042;twimg:0.0039
an,determiner,1,0,481,an,,an,layer_14,<eos>,0.405341,814,,814,AddTagHelper,0.712138,386,,386,<eos>:0.4053;enumi:0.3840;':0.0742;’:0.0548;â:0.0195,AddTagHelper:0.7121;WebVitals:0.2018;enumi:0.0352;ValueStyle:0.0125;קישורים:0.0047
an,determiner,1,0,481,an,,an,layer_17,▁تانيه,1.0,8672,,8672,▁تانيه,1.0,16052,,16052,"▁تانيه:1.0000;:0.0000;enumi:0.0000;достатки:0.0000;所示:0.0000",▁تانيه:1.0000;ContentAsync:0.0000;достатки:0.0000;ValueStyle:0.0000;seamnă:0.0000
an,determiner,1,0,481,an,,an,layer_19,"",0.99894,7274,,7274,▁تانيه,0.989934,40938,,40938,":0.9989;


:0.0003;

:0.0002;



:0.0002;▁تانيه:0.0001",▁تانيه:0.9899;▁houſe:0.0033;▁فريبيس:0.0015;mereka:0.0008;BagLayout:0.0005
an,determiner,1,0,481,an,,an,layer_20,"",0.906129,450,,450,▁houſe,0.636759,17712,,17712,":0.9061;<eos>:0.0887;•:0.0016;▁age:0.0012;▁others:0.0011",▁houſe:0.6368;▁تانيه:0.2828;ContentAsync:0.0166;▁ſeveral:0.0147;▁enfans:0.0115
an,determiner,1,0,481,an,,an,layer_21,<eos>,0.999907,102,,102,▁تانيه,0.978374,10808,,10808,"<eos>:0.9999;:0.0001;▁space:0.0000;▁other:0.0000;▁age:0.0000",▁تانيه:0.9784;ContentAsync:0.0124;▁BoxDecoration:0.0078;enumi:0.0007;▁houſe:0.0002
an,determiner,1,0,481,an,,an,layer_23,<eos>,1.0,8,,8,▁siècles,0.483332,38,,38,"<eos>:1.0000;.:0.0000;

:0.0000;:0.0000;▁an:0.0000",▁siècles:0.4833;utilisons:0.1822;+#+:0.0716;▁privilégi:0.0518;ContentAsync:0.0283
an,determiner,1,0,481,an,,an,layer_25,<eos>,1.0,18,,18,an,0.382081,1,,1,"<eos>:1.0000;.:0.0000;-:0.0000;
:0.0000;,:0.0000","an:0.3821;
:0.2732;<eos>:0.0496;Koordinaten:0.0428;

:0.0337"
an,determiner,1,0,481,an,,an,layer_26,<eos>,1.0,27,,27,an,0.594471,1,,1,<eos>:1.0000;.:0.0000;-:0.0000;<unused1>:0.0000;<unused0>:0.0000,"an:0.5945;are:0.0439;▁an:0.0414;
:0.0331;

:0.0229"
an,determiner,1,0,481,an,,an,final_logits,an,0.564404,1,,1,,,,,,"an:0.5644;are:0.0457;▁an:0.0431;
:0.0346;

:0.0241",
this,determiner,1,0,883,this,,this,emb,this,1.0,1,,1,this,1.0,1,,1,this:1.0000;▁this:0.0000;This:0.0000;▁This:0.0000;THIS:0.0000,this:1.0000;▁this:0.0000;This:0.0000;<unused1>:0.0000;<unused0>:0.0000
this,determiner,1,0,883,this,,this,layer_1,this,1.0,1,,1,this,1.0,1,,1,this:1.0000;▁this:0.0000;This:0.0000;▁This:0.0000;THIS:0.0000,this:1.0000;▁this:0.0000;This:0.0000;THIS:0.0000;▁THIS:0.0000
this,determiner,1,0,883,this,,this,layer_2,this,1.0,1,,1,this,1.0,1,,1,this:1.0000;▁this:0.0000;This:0.0000;<bos>:0.0000;▁This:0.0000,this:1.0000;▁this:0.0000;This:0.0000;THIS:0.0000;▁THIS:0.0000
this,determiner,1,0,883,this,,this,layer_3,this,0.999923,1,,1,this,1.0,1,,1,this:0.9999;▁this:0.0001;This:0.0000;THIS:0.0000;▁THIS:0.0000,this:1.0000;▁this:0.0000;This:0.0000;THIS:0.0000;▁THIS:0.0000
this,determiner,1,0,883,this,,this,layer_6,<bos>,0.999994,3,,3,this,0.920908,1,,1,"<bos>:1.0000;▁this:0.0000;this:0.0000;▁these:0.0000;,:0.0000",this:0.9209;▁this:0.0791;This:0.0000;▁these:0.0000;▁THIS:0.0000
this,determiner,1,0,883,this,,this,layer_9,▁this,0.707827,17,,17,▁this,0.914095,7,,7,▁this:0.7078;enumi:0.2678;TargetException:0.0039;▁that:0.0030;▁also:0.0026,▁this:0.9141;enumi:0.0746;èdia:0.0053;▁stessi:0.0020;AnimationsModule:0.0017
this,determiner,1,0,883,this,,this,layer_12,AddTagHelper,0.993732,820,,820,AddTagHelper,0.862523,40,,40,AddTagHelper:0.9937;getWriter:0.0044;StandardCharsets:0.0012;▁BoxFit:0.0002;достатки:0.0001,AddTagHelper:0.8625;getWriter:0.1120;StandardCharsets:0.0158;</thead>:0.0020;setCharacter:0.0010
this,determiner,1,0,883,this,,this,layer_14,AddTagHelper,0.980188,1869,,1869,AddTagHelper,0.873644,459,,459,AddTagHelper:0.9802;getWriter:0.0143;外部リンク:0.0016;enumi:0.0009;kolwiek:0.0006,AddTagHelper:0.8736;外部リンク:0.0717;getWriter:0.0203;appcompat:0.0103;▁hiburan:0.0071
this,determiner,1,0,883,this,,this,layer_17,▁this,0.879279,23,,23,▁withRouter,0.545282,17,,17,▁this:0.8793;AddTagHelper:0.0412;▁تانيه:0.0381;viewDidLoad:0.0275;▁withRouter:0.0063,▁withRouter:0.5453;▁this:0.2742;AddTagHelper:0.0547;▁تانيه:0.0470;viewDidLoad:0.0090
this,determiner,1,0,883,this,,this,layer_19,ContentAsync,0.814598,159,,159,▁houſe,0.988796,573,,573,ContentAsync:0.8146;numerusform:0.1682;▁next:0.0107;▁fucking:0.0036;TargetException:0.0011,▁houſe:0.9888;ContentAsync:0.0028;▁ſeveral:0.0026;▁Houſe:0.0021;▁Theſe:0.0008
this,determiner,1,0,883,this,,this,layer_20,▁this,0.986909,2,,2,▁houſe,0.919398,19,,19,▁this:0.9869;this:0.0131;This:0.0000;▁THIS:0.0000;▁This:0.0000,▁houſe:0.9194;▁Theſe:0.0473;▁ſtate:0.0098;▁Houſe:0.0088;ſelves:0.0031
this,determiner,1,0,883,this,,this,layer_21,▁this,0.945052,4,,4,▁houſe,0.893683,244,,244,▁this:0.9451;▁year:0.0273;This:0.0211;this:0.0039;▁next:0.0017,▁houſe:0.8937;▁Theſe:0.0261;ContentAsync:0.0229;withIdentifier:0.0170;▁Houſe:0.0118
this,determiner,1,0,883,this,,this,layer_23,▁this,1.0,2,,2,▁this,0.809864,2,,2,▁this:1.0000;this:0.0000;This:0.0000;</em>:0.0000;▁This:0.0000,▁this:0.8099;this:0.1124;This:0.0392;withIdentifier:0.0135;▁nameof:0.0045
this,determiner,1,0,883,this,,this,layer_25,<eos>,1.0,5,,5,this,0.999021,1,,1,"<eos>:1.0000;,:0.0000;▁and:0.0000;
:0.0000;this:0.0000","this:0.9990;This:0.0005;st:0.0002;
:0.0001;next:0.0001"
this,determiner,1,0,883,this,,this,layer_26,<eos>,1.0,42,,42,this,0.945095,1,,1,"<eos>:1.0000;,:0.0000;.:0.0000;▁and:0.0000;-:0.0000","this:0.9451;st:0.0080;This:0.0053;
:0.0053;next:0.0047"
this,determiner,1,0,883,this,,this,final_logits,this,0.928532,1,,1,,,,,,"this:0.9285;st:0.0102;This:0.0068;
:0.0068;next:0.0060",
and,conjunction,1,0,639,and,,and,emb,and,1.0,1,,1,and,1.0,1,,1,"and:1.0000;▁and:0.0000;▁:0.0000;,:0.0000;.:0.0000","and:1.0000;▁and:0.0000;▁:0.0000;or:0.0000;,:0.0000"
and,conjunction,1,0,639,and,,and,layer_1,and,1.0,1,,1,and,1.0,1,,1,and:1.0000;▁and:0.0000;And:0.0000;AND:0.0000;▁And:0.0000,and:1.0000;And:0.0000;AND:0.0000;▁and:0.0000;▁And:0.0000
and,conjunction,1,0,639,and,,and,layer_2,<bos>,1.0,2,,2,and,1.0,1,,1,<bos>:1.0000;and:0.0000;▁and:0.0000;And:0.0000;':0.0000,and:1.0000;AND:0.0000;<bos>:0.0000;And:0.0000;▁and:0.0000
and,conjunction,1,0,639,and,,and,layer_3,and,0.979994,1,,1,and,1.0,1,,1,and:0.9800;<bos>:0.0200;AND:0.0000;And:0.0000;▁and:0.0000,and:1.0000;AND:0.0000;And:0.0000;▁And:0.0000;▁AND:0.0000
and,conjunction,1,0,639,and,,and,layer_6,<bos>,1.0,3,,3,<bos>,0.99497,2,,2,"<bos>:1.0000;▁and:0.0000;and:0.0000;,:0.0000;-:0.0000","<bos>:0.9950;and:0.0050;▁and:0.0000;And:0.0000;,:0.0000"
and,conjunction,1,0,639,and,,and,layer_9,AnimationsModule,0.812425,5,,5,AnimationsModule,0.981559,5,,5,AnimationsModule:0.8124;</thead>:0.0908;\{\\:0.0574;enumi:0.0330;and:0.0030,AnimationsModule:0.9816;</thead>:0.0174;enumi:0.0008;\{\\:0.0002;and:0.0000
and,conjunction,1,0,639,and,,and,layer_12,kranz,0.764843,47,,47,</thead>,0.933415,6,,6,kranz:0.7648;</thead>:0.1456;StandardCharsets:0.0228;достатки:0.0168;enumi:0.0151,</thead>:0.9334;kranz:0.0441;enumi:0.0053;достатки:0.0042;▁whoſe:0.0024
and,conjunction,1,0,639,and,,and,layer_14,enumi,0.999861,16,,16,enumi,0.998498,32,,32,enumi:0.9999;▁lainnya:0.0001;▁etc:0.0000;▁loisirs:0.0000;ousand:0.0000,enumi:0.9985;▁lainnya:0.0011;▁Chriſt:0.0001;▁hiburan:0.0001;▁loisirs:0.0000
and,conjunction,1,0,639,and,,and,layer_17,enumi,0.999155,147,,147,enumi,0.797449,3324,,3324,enumi:0.9992;▁تانيه:0.0008;▁väli:0.0000;ValueStyle:0.0000;▁onData:0.0000,enumi:0.7974;▁تانيه:0.1614;ValueStyle:0.0360;▁faſt:0.0013;▁paſſ:0.0008
and,conjunction,1,0,639,and,,and,layer_19,enumi,1.0,882,,882,enumi,0.998423,11642,,11642,"enumi:1.0000;▁تانيه:0.0000;󠁢:0.0000;:0.0000;▁väli:0.0000",enumi:0.9984;▁ſeveral:0.0009;ValueStyle:0.0003;▁فريبيس:0.0002;▁تانيه:0.0001
and,conjunction,1,0,639,and,,and,layer_20,enumi,0.950808,154,,154,▁ſeveral,0.654666,15343,,15343,"enumi:0.9508;▁väli:0.0279;:0.0133;▁others:0.0041;▁together:0.0033",▁ſeveral:0.6547;enumi:0.1720;ValueStyle:0.1178;▁تانيه:0.0419;▁Theſe:0.0020
and,conjunction,1,0,639,and,,and,layer_21,<eos>,0.920485,6,,6,▁تانيه,0.630751,4353,,4353,"<eos>:0.9205;:0.0794;▁other:0.0000;<unused63>:0.0000;▁together:0.0000",▁تانيه:0.6308;enumi:0.2993;▁فريبيس:0.0253;ValueStyle:0.0165;▁متعلقه:0.0104
and,conjunction,1,0,639,and,,and,layer_23,<eos>,0.999832,3,,3,▁väli,0.473843,8,,8,"<eos>:0.9998;▁and:0.0002;and:0.0000;-:0.0000;:0.0000",▁väli:0.4738;▁تانيه:0.1924;VersionUID:0.0961;enumi:0.0642;nand:0.0600
and,conjunction,1,0,639,and,,and,layer_25,<eos>,0.864857,2,,2,and,0.999995,1,,1,"<eos>:0.8649;and:0.1351;▁and:0.0000;-:0.0000;
:0.0000",and:1.0000;▁and:0.0000;<eos>:0.0000;end:0.0000;or:0.0000
and,conjunction,1,0,639,and,,and,layer_26,<eos>,1.0,2,,2,and,0.999197,1,,1,<eos>:1.0000;and:0.0000;-:0.0000;▁and:0.0000;<unk>:0.0000,and:0.9992;<eos>:0.0002;end:0.0001;are:0.0001;ath:0.0000
and,conjunction,1,0,639,and,,and,final_logits,and,0.997973,1,,1,,,,,,and:0.9980;<eos>:0.0006;end:0.0004;are:0.0002;ath:0.0001,
but,conjunction,1,0,1852,but,,but,emb,but,1.0,1,,1,but,1.0,1,,1,but:1.0000;▁but:0.0000;But:0.0000;▁But:0.0000;BUT:0.0000,but:1.0000;▁but:0.0000;But:0.0000;▁But:0.0000;<unk>:0.0000
but,conjunction,1,0,1852,but,,but,layer_1,but,1.0,1,,1,but,1.0,1,,1,but:1.0000;▁but:0.0000;But:0.0000;▁But:0.0000;BUT:0.0000,but:1.0000;▁but:0.0000;But:0.0000;▁But:0.0000;BUT:0.0000
but,conjunction,1,0,1852,but,,but,layer_2,<bos>,0.98235,2,,2,but,1.0,1,,1,<bos>:0.9824;but:0.0176;But:0.0000;▁but:0.0000;▁But:0.0000,but:1.0000;But:0.0000;▁but:0.0000;▁But:0.0000;BUT:0.0000
but,conjunction,1,0,1852,but,,but,layer_3,but,0.99637,1,,1,but,1.0,1,,1,but:0.9964;▁but:0.0016;<bos>:0.0012;But:0.0007;▁But:0.0001,but:1.0000;But:0.0000;▁but:0.0000;▁But:0.0000;BUT:0.0000
but,conjunction,1,0,1852,but,,but,layer_6,<bos>,1.0,3,,3,but,0.605348,1,,1,<bos>:1.0000;▁but:0.0000;but:0.0000;▁and:0.0000;-:0.0000,but:0.6053;▁but:0.3612;But:0.0268;▁But:0.0052;<bos>:0.0010
but,conjunction,1,0,1852,but,,but,layer_9,enumi,0.847495,8,,8,enumi,0.331598,3,,3,enumi:0.8475;</thead>:0.0344;\{\\:0.0317;▁but:0.0298;▁etc:0.0231,enumi:0.3316;▁but:0.2148;but:0.0961;AnimationsModule:0.0720;</thead>:0.0684
but,conjunction,1,0,1852,but,,but,layer_12,enumi,0.561809,123,,123,▁väli,0.361821,21,,21,"enumi:0.5618;\{\\:0.2924;</thead>:0.0348;достатки:0.0301;:0.0164",▁väli:0.3618;достатки:0.2061;▁others:0.1403;</thead>:0.0592;又是:0.0441
but,conjunction,1,0,1852,but,,but,layer_14,enumi,0.976893,90,,90,▁lainnya,0.836496,23,,23,enumi:0.9769;▁lainnya:0.0230;▁fortsatt:0.0000;lė:0.0000;▁etc:0.0000,▁lainnya:0.8365;enumi:0.0923;▁hiburan:0.0355;▁fortsatt:0.0058;lė:0.0051
but,conjunction,1,0,1852,but,,but,layer_17,▁تانيه,0.947168,41,,41,▁تانيه,0.989926,155,,155,"▁تانيه:0.9472;enumi:0.0304;:0.0132;▁būtų:0.0055;▁finally:0.0022",▁تانيه:0.9899;▁būtų:0.0027;šanai:0.0015;▁ſec:0.0012;▁nélk:0.0007
but,conjunction,1,0,1852,but,,but,layer_19,enumi,0.999713,4187,,4187,▁ſmall,0.814046,12854,,12854,"enumi:0.9997;▁تانيه:0.0003;LikeLike:0.0000;:0.0000;aneous:0.0000",▁ſmall:0.8140;▁houſe:0.1188;▁beſt:0.0339;▁greateſt:0.0101;▁faſt:0.0056
but,conjunction,1,0,1852,but,,but,layer_20,"",0.840866,612,,612,▁ſmall,0.983888,6509,,6509,":0.8409;▁again:0.1444;<eos>:0.0066;▁others:0.0054;▁other:0.0015",▁ſmall:0.9839;▁beſt:0.0052;▁ſeveral:0.0022;▁Diſ:0.0017;▁ſec:0.0012
but,conjunction,1,0,1852,but,,but,layer_21,<eos>,0.999967,333,,333,▁ſmall,0.921901,15441,,15441,"<eos>:1.0000;:0.0000;▁other:0.0000;▁again:0.0000;<unused63>:0.0000",▁ſmall:0.9219;enumi:0.0249;▁ſever:0.0161;▁تانيه:0.0081;▁leaſt:0.0078
but,conjunction,1,0,1852,but,,but,layer_23,<eos>,1.0,69,,69,▁تانيه,0.467682,481,,481,"<eos>:1.0000;:0.0000;▁but:0.0000;▁again:0.0000;
:0.0000",▁تانيه:0.4677;▁BUTLER:0.3459;LikeLike:0.0706;▁butter:0.0446;▁Butte:0.0418
but,conjunction,1,0,1852,but,,but,layer_25,<eos>,1.0,13,,13,<eos>,0.990189,3,,3,"<eos>:1.0000;-:0.0000;
:0.0000;<unused63>:0.0000;and:0.0000","<eos>:0.9902;
:0.0051;but:0.0039;and:0.0003;▁BUTLER:0.0002"
but,conjunction,1,0,1852,but,,but,layer_26,<eos>,1.0,39,,39,but,0.931463,1,,1,<eos>:1.0000;<mask>:0.0000;<unused1>:0.0000;<unused2>:0.0000;<unused0>:0.0000,"but:0.9315;<eos>:0.0453;
:0.0085;▁but:0.0027;and:0.0021"
but,conjunction,1,0,1852,but,,but,final_logits,but,0.911677,1,,1,,,,,,"but:0.9117;<eos>:0.0563;
:0.0113;▁but:0.0037;and:0.0028",
although,conjunction,1,0,46969,although,,although,emb,although,0.999996,1,,1,although,1.0,1,,1,although:1.0000;▁although:0.0000;aunque:0.0000;▁aunque:0.0000;though:0.0000,although:1.0000;▁although:0.0000;aunque:0.0000;▁aunque:0.0000;though:0.0000
although,conjunction,1,0,46969,although,,although,layer_1,although,0.999338,1,,1,although,1.0,1,,1,although:0.9993;▁although:0.0007;Although:0.0000;though:0.0000;▁Although:0.0000,although:1.0000;▁although:0.0000;though:0.0000;Although:0.0000;▁Although:0.0000
although,conjunction,1,0,46969,although,,although,layer_2,<bos>,0.9906,2,,2,although,0.956645,1,,1,<bos>:0.9906;although:0.0051;▁although:0.0043;Although:0.0000;▁Although:0.0000,although:0.9566;▁although:0.0434;Although:0.0000;▁Although:0.0000;though:0.0000
although,conjunction,1,0,46969,although,,although,layer_3,although,0.512189,1,,1,although,0.80018,1,,1,although:0.5122;▁although:0.4875;Although:0.0002;▁Although:0.0000;though:0.0000,although:0.8002;▁although:0.1998;Although:0.0000;▁Although:0.0000;though:0.0000
although,conjunction,1,0,46969,although,,although,layer_6,▁although,0.875536,2,,2,▁although,0.79612,2,,2,▁although:0.8755;although:0.0930;thâu:0.0112;Although:0.0037;<bos>:0.0035,▁although:0.7961;although:0.2004;thâu:0.0024;though:0.0005;Although:0.0003
although,conjunction,1,0,46969,although,,although,layer_9,GraphicsUnit,0.520821,73,,73,▁تضيفلها,0.591012,54,,54,GraphicsUnit:0.5208;\{\\:0.1491;▁تضيفلها:0.1333;WebVitals:0.1168;<bos>:0.0675,▁تضيفلها:0.5910;GraphicsUnit:0.1734;WebVitals:0.1497;AnimationsModule:0.0671;\{\\:0.0173
although,conjunction,1,0,46969,although,,although,layer_12,WebVitals,0.999458,692,,692,WebVitals,0.997926,178,,178,WebVitals:0.9995;\{\\:0.0004;</thead>:0.0001;StandardCharsets:0.0001;AddTagHelper:0.0000,WebVitals:0.9979;</thead>:0.0015;numerusform:0.0002;StandardCharsets:0.0001;GraphicsUnit:0.0001
although,conjunction,1,0,46969,although,,although,layer_14,enumi,0.586179,140,,140,WebVitals,0.99673,102,,102,enumi:0.5862;WebVitals:0.4137;AddTagHelper:0.0002;</thead>:0.0000;StandardCharsets:0.0000,WebVitals:0.9967;AddTagHelper:0.0028;enumi:0.0005;getMinutes:0.0000;Vorlage:0.0000
although,conjunction,1,0,46969,although,,although,layer_17,enumi,0.945963,150,,150,WebVitals,0.79901,181,,181,enumi:0.9460;WebVitals:0.0471;TargetException:0.0045;umentos:0.0023;▁nevertheless:0.0000,WebVitals:0.7990;enumi:0.1480;TargetException:0.0323;umentos:0.0139;▁تضيفلها:0.0031
although,conjunction,1,0,46969,although,,although,layer_19,enumi,0.45865,225,,225,enumi,0.573889,320,,320,"enumi:0.4587;



:0.2419;▁it:0.1074;<eos>:0.0958;▁while:0.0717",enumi:0.5739;▁paſſ:0.2466;WebVitals:0.0607;AddTagHelper:0.0378;TargetException:0.0295
although,conjunction,1,0,46969,although,,although,layer_20,▁nevertheless,0.504305,41,,41,▁paſſ,0.67789,190,,190,▁nevertheless:0.5043;<eos>:0.2914;▁although:0.1332;▁it:0.0554;▁because:0.0129,▁paſſ:0.6779;▁becauſe:0.1713;▁ſtill:0.0671;▁ſhe:0.0239;WebVitals:0.0142
although,conjunction,1,0,46969,although,,although,layer_21,<eos>,0.999171,158,,158,▁ſeveral,0.270375,324,,324,<eos>:0.9992;▁it:0.0008;▁although:0.0000;▁because:0.0000;▁nevertheless:0.0000,▁ſeveral:0.2704;▁becauſe:0.1485;▁reaſon:0.1211;▁ſtre:0.0923;▁paſſ:0.0868
although,conjunction,1,0,46969,although,,although,layer_23,<eos>,0.999995,142,,142,▁becauſe,0.289887,134,,134,<eos>:1.0000;▁although:0.0000;▁it:0.0000;▁because:0.0000;▁while:0.0000,▁becauſe:0.2899;WebVitals:0.2222;▁paſſ:0.1290;▁ſhe:0.1289;▁purpoſe:0.1232
although,conjunction,1,0,46969,although,,although,layer_25,<eos>,1.0,247,,247,although,0.912222,1,,1,"<eos>:1.0000;,:0.0000;
:0.0000;▁and:0.0000;-:0.0000",although:0.9122;Although:0.0326;while:0.0255;▁although:0.0135;though:0.0033
although,conjunction,1,0,46969,although,,although,layer_26,<eos>,1.0,2376,,2376,although,0.818821,1,,1,"<eos>:1.0000;,:0.0000;-:0.0000;<unused1>:0.0000;<unused0>:0.0000",although:0.8188;though:0.0280;Although:0.0144;while:0.0142;there:0.0081
although,conjunction,1,0,46969,although,,although,final_logits,although,0.768725,1,,1,,,,,,although:0.7687;though:0.0335;Although:0.0177;while:0.0175;there:0.0102,
hello,interjection,1,0,17534,hello,,hello,emb,hello,0.999995,1,,1,hello,1.0,1,,1,hello:1.0000;▁hello:0.0000;Hello:0.0000;▁Hello:0.0000;HELLO:0.0000,hello:1.0000;▁hello:0.0000;Hello:0.0000;▁Hello:0.0000;HELLO:0.0000
hello,interjection,1,0,17534,hello,,hello,layer_1,hello,0.999998,1,,1,hello,1.0,1,,1,hello:1.0000;Hello:0.0000;▁hello:0.0000;▁Hello:0.0000;HELLO:0.0000,hello:1.0000;▁hello:0.0000;Hello:0.0000;▁Hello:0.0000;HELLO:0.0000
hello,interjection,1,0,17534,hello,,hello,layer_2,hello,0.928298,1,,1,hello,1.0,1,,1,hello:0.9283;<bos>:0.0717;Hello:0.0000;▁hello:0.0000;▁Hello:0.0000,hello:1.0000;▁hello:0.0000;Hello:0.0000;▁Hello:0.0000;HELLO:0.0000
hello,interjection,1,0,17534,hello,,hello,layer_3,hello,0.999835,1,,1,hello,0.999997,1,,1,hello:0.9998;▁hello:0.0002;Hello:0.0000;▁Hello:0.0000;<bos>:0.0000,hello:1.0000;▁hello:0.0000;Hello:0.0000;▁Hello:0.0000;HELLO:0.0000
hello,interjection,1,0,17534,hello,,hello,layer_6,hello,0.957114,1,,1,hello,0.946068,1,,1,hello:0.9571;▁hello:0.0397;▁HELLO:0.0022;Hello:0.0008;HELLO:0.0001,hello:0.9461;▁hello:0.0526;▁HELLO:0.0010;Hello:0.0002;HELLO:0.0001
hello,interjection,1,0,17534,hello,,hello,layer_9,hello,0.914663,1,,1,hello,0.920253,1,,1,hello:0.9147;▁hello:0.0483;Hello:0.0215;▁purpoſe:0.0068;▁pleaſure:0.0037,hello:0.9203;▁hello:0.0609;Hello:0.0112;▁HELLO:0.0070;HELLO:0.0005
hello,interjection,1,0,17534,hello,,hello,layer_12,▁purpoſe,0.813895,67,,67,▁purpoſe,0.909264,10,,10,▁purpoſe:0.8139;▁pleaſure:0.1780;▁Jefus:0.0070;▁houſe:0.0005;▁Chriftian:0.0003,▁purpoſe:0.9093;▁pleaſure:0.0828;▁Jefus:0.0046;▁Chriftian:0.0013;▁houſe:0.0010
hello,interjection,1,0,17534,hello,,hello,layer_14,▁pleaſure,0.992004,408,,408,▁pleaſure,0.962368,170,,170,▁pleaſure:0.9920;▁purpoſe:0.0047;▁Chriſt:0.0008;▁houſe:0.0007;▁faſt:0.0004,▁pleaſure:0.9624;▁purpoſe:0.0281;▁houſe:0.0027;▁Chriſt:0.0021;▁Diſ:0.0010
hello,interjection,1,0,17534,hello,,hello,layer_17,▁تضيفلها,0.941968,83,,83,▁تضيفلها,0.713048,102,,102,▁تضيفلها:0.9420;▁ویکی‌پدیا:0.0425;Slf:0.0071;▁TextInputType:0.0064;enumi:0.0020,▁تضيفلها:0.7130;▁ویکی‌پدیا:0.1879;Slf:0.0484;▁TextInputType:0.0479;enumi:0.0025
hello,interjection,1,0,17534,hello,,hello,layer_19,enumi,0.99977,113,,113,enumi,0.979955,200,,200,enumi:0.9998;▁pleaſure:0.0002;▁تضيفلها:0.0000;▁greateſt:0.0000;▁purpoſe:0.0000,enumi:0.9800;▁pleaſure:0.0188;▁تضيفلها:0.0005;▁greateſt:0.0003;▁purpoſe:0.0002
hello,interjection,1,0,17534,hello,,hello,layer_20,▁hello,0.992736,2,,2,▁pleaſure,0.449995,14,,14,▁hello:0.9927;hello:0.0060;enumi:0.0013;▁again:0.0000;Hello:0.0000,▁pleaſure:0.4500;enumi:0.2883;▁تضيفلها:0.1110;▁hello:0.0435;▁purpoſe:0.0274
hello,interjection,1,0,17534,hello,,hello,layer_21,▁hello,0.99841,2,,2,▁تضيفلها,0.814671,21,,21,▁hello:0.9984;hello:0.0012;Hello:0.0004;▁again:0.0001;again:0.0000,▁تضيفلها:0.8147;▁purpoſe:0.0919;▁pleaſure:0.0327;▁myſelf:0.0134;+#+#:0.0132
hello,interjection,1,0,17534,hello,,hello,layer_23,▁world,0.996418,4,,4,▁تضيفلها,0.678226,8,,8,▁world:0.9964;▁again:0.0036;▁hello:0.0000;hello:0.0000;▁heaven:0.0000,▁تضيفلها:0.6782;enumi:0.3210;تقاوى:0.0007;▁hello:0.0000;HostException:0.0000
hello,interjection,1,0,17534,hello,,hello,layer_25,<eos>,1.0,145,,145,hello,0.995709,1,,1,"<eos>:1.0000;-:0.0000;,:0.0000;▁and:0.0000;<unused63>:0.0000",hello:0.9957;▁hello:0.0023;Hello:0.0012;again:0.0003;▁HELLO:0.0002
hello,interjection,1,0,17534,hello,,hello,layer_26,<eos>,1.0,1277,,1277,hello,0.995126,1,,1,"<eos>:1.0000;-:0.0000;,:0.0000;▁and:0.0000;.:0.0000",hello:0.9951;Hello:0.0028;hell:0.0008;<eos>:0.0002;he:0.0001
hello,interjection,1,0,17534,hello,,hello,final_logits,hello,0.990924,1,,1,,,,,,hello:0.9909;Hello:0.0050;hell:0.0015;<eos>:0.0004;he:0.0002,
wow,interjection,1,0,29640,wow,,wow,emb,wow,1.0,1,,1,wow,1.0,1,,1,wow:1.0000;▁wow:0.0000;WOW:0.0000;▁Wow:0.0000;▁WOW:0.0000,wow:1.0000;▁wow:0.0000;WOW:0.0000;▁Wow:0.0000;▁WOW:0.0000
wow,interjection,1,0,29640,wow,,wow,layer_1,wow,1.0,1,,1,wow,1.0,1,,1,wow:1.0000;▁wow:0.0000;Wow:0.0000;▁Wow:0.0000;WOW:0.0000,wow:1.0000;▁wow:0.0000;▁Wow:0.0000;Wow:0.0000;WOW:0.0000
wow,interjection,1,0,29640,wow,,wow,layer_2,<bos>,1.0,2,,2,wow,1.0,1,,1,<bos>:1.0000;wow:0.0000;▁wow:0.0000;Wow:0.0000;WOW:0.0000,wow:1.0000;▁wow:0.0000;Wow:0.0000;▁Wow:0.0000;WOW:0.0000
wow,interjection,1,0,29640,wow,,wow,layer_3,wow,0.999954,1,,1,wow,1.0,1,,1,wow:1.0000;▁wow:0.0000;▁WOW:0.0000;WOW:0.0000;Wow:0.0000,wow:1.0000;▁wow:0.0000;▁WOW:0.0000;WOW:0.0000;Wow:0.0000
wow,interjection,1,0,29640,wow,,wow,layer_6,wow,0.616367,1,,1,wow,0.791066,1,,1,wow:0.6164;▁wow:0.3663;<bos>:0.0088;▁WOW:0.0082;WOW:0.0002,wow:0.7911;▁wow:0.2085;▁WOW:0.0004;WOW:0.0000;Wow:0.0000
wow,interjection,1,0,29640,wow,,wow,layer_9,▁wow,0.914212,2,,2,▁wow,0.966233,2,,2,▁wow:0.9142;wow:0.0544;▁pleaſure:0.0156;▁WOW:0.0041;▁raiſ:0.0030,▁wow:0.9662;wow:0.0305;▁pleaſure:0.0023;▁WOW:0.0006;▁raiſ:0.0002
wow,interjection,1,0,29640,wow,,wow,layer_12,▁Cæsar,0.869828,240,,240,▁Cæsar,0.924927,39,,39,▁Cæsar:0.8698;▁Jefus:0.0737;▁Efq:0.0100;▁ſtand:0.0081;▁Theſe:0.0069,▁Cæsar:0.9249;▁ſtand:0.0218;▁Jefus:0.0182;▁ſen:0.0084;▁wow:0.0054
wow,interjection,1,0,29640,wow,,wow,layer_14,▁Chriſt,0.497256,109,,109,▁pleaſure,0.532808,97,,97,▁Chriſt:0.4973;▁pleaſure:0.1835;enumi:0.1629;WebVitals:0.0553;▁ſtand:0.0403,▁pleaſure:0.5328;▁Chriſt:0.2867;▁ſtand:0.0869;▁ſta:0.0157;▁reaſon:0.0121
wow,interjection,1,0,29640,wow,,wow,layer_17,▁تانيه,0.979895,109,,109,▁faſt,0.43031,167,,167,▁تانيه:0.9799;▁faſt:0.0094;WebVitals:0.0047;▁defStyle:0.0023;▁paſſ:0.0023,▁faſt:0.4303;▁paſſ:0.1752;▁تانيه:0.1396;▁diſt:0.0855;▁ſta:0.0580
wow,interjection,1,0,29640,wow,,wow,layer_19,▁pleaſure,0.705561,38,,38,▁pleaſure,0.612474,87,,87,▁pleaſure:0.7056;▁faſt:0.2766;▁ſmall:0.0127;▁houſe:0.0016;▁preſent:0.0014,▁pleaſure:0.6125;▁faſt:0.3419;▁ſmall:0.0274;▁preſent:0.0088;▁ſtate:0.0030
wow,interjection,1,0,29640,wow,,wow,layer_20,▁wow,0.999959,2,,2,▁faſt,0.585569,79,,79,▁wow:1.0000;wow:0.0000;▁Wow:0.0000;▁ſmall:0.0000;▁faſt:0.0000,▁faſt:0.5856;▁pleaſure:0.2054;▁ſmall:0.1166;▁Diſ:0.0232;▁ſta:0.0175
wow,interjection,1,0,29640,wow,,wow,layer_21,▁wow,0.999934,2,,2,▁pleaſure,0.463012,75,,75,▁wow:0.9999;wow:0.0001;▁heavenly:0.0000;Wow:0.0000;▁Wow:0.0000,▁pleaſure:0.4630;▁faſt:0.1781;▁houſe:0.1655;▁Diſ:0.0608;▁ſmall:0.0478
wow,interjection,1,0,29640,wow,,wow,layer_23,▁wow,1.0,2,,2,▁wow,0.953185,3,,3,▁wow:1.0000;wow:0.0000;Wow:0.0000;▁Wow:0.0000;▁amazing:0.0000,▁wow:0.9532;ValueStyle:0.0455;wow:0.0011;▁Wow:0.0002;Wow:0.0000
wow,interjection,1,0,29640,wow,,wow,layer_25,<eos>,1.0,40,,40,wow,0.983734,1,,1,"<eos>:1.0000;-:0.0000;.:0.0000;,:0.0000;▁(:0.0000",wow:0.9837;▁wow:0.0163;Wow:0.0000;▁Wow:0.0000;ow:0.0000
wow,interjection,1,0,29640,wow,,wow,layer_26,<eos>,1.0,2386,,2386,wow,0.998906,1,,1,"<eos>:1.0000;.:0.0000;-:0.0000;,:0.0000;▁(:0.0000",wow:0.9989;▁wow:0.0005;ow:0.0002;pow:0.0000;ww:0.0000
wow,interjection,1,0,29640,wow,,wow,final_logits,wow,0.996646,1,,1,,,,,,wow:0.9966;▁wow:0.0015;ow:0.0006;pow:0.0002;ww:0.0001,
hmm,interjection,1,0,47276,hmm,,hmm,emb,hmm,1.0,1,,1,hmm,1.0,1,,1,hmm:1.0000;▁myſelf:0.0000;▁hmm:0.0000;▁Monfieur:0.0000;▁Efq:0.0000,hmm:1.0000;▁hmm:0.0000;▁Hmm:0.0000;hmmm:0.0000;Hmm:0.0000
hmm,interjection,1,0,47276,hmm,,hmm,layer_1,hmm,1.0,1,,1,hmm,1.0,1,,1,hmm:1.0000;▁hmm:0.0000;▁Hmm:0.0000;Hmm:0.0000;hmmm:0.0000,hmm:1.0000;▁hmm:0.0000;Hmm:0.0000;▁Hmm:0.0000;hmmm:0.0000
hmm,interjection,1,0,47276,hmm,,hmm,layer_2,<bos>,1.0,2,,2,hmm,1.0,1,,1,<bos>:1.0000;hmm:0.0000;▁hmm:0.0000;Hmm:0.0000;▁Hmm:0.0000,hmm:1.0000;▁hmm:0.0000;Hmm:0.0000;▁Hmm:0.0000;hmmm:0.0000
hmm,interjection,1,0,47276,hmm,,hmm,layer_3,hmm,1.0,1,,1,hmm,1.0,1,,1,hmm:1.0000;▁hmm:0.0000;<bos>:0.0000;Hmm:0.0000;▁Hmm:0.0000,hmm:1.0000;▁hmm:0.0000;Hmm:0.0000;▁Hmm:0.0000;hmmm:0.0000
hmm,interjection,1,0,47276,hmm,,hmm,layer_6,hmm,0.994639,1,,1,hmm,0.999312,1,,1,hmm:0.9946;▁hmm:0.0052;Hmm:0.0001;▁Hmm:0.0000;<bos>:0.0000,hmm:0.9993;▁hmm:0.0007;▁Hmm:0.0000;Hmm:0.0000;▁itſelf:0.0000
hmm,interjection,1,0,47276,hmm,,hmm,layer_9,hmm,0.832334,1,,1,hmm,0.94458,1,,1,hmm:0.8323;▁hmm:0.0509;▁raiſ:0.0179;neſs:0.0142;▁pleaſure:0.0118,hmm:0.9446;▁hmm:0.0501;▁Hmm:0.0034;▁defaultstate:0.0005;Hmm:0.0005
hmm,interjection,1,0,47276,hmm,,hmm,layer_12,▁houſe,0.401568,206,,206,▁ſtate,0.292098,91,,91,▁houſe:0.4016;▁ſtate:0.3582;▁ſmall:0.0812;▁Jefus:0.0745;▁ſeveral:0.0307,▁ſtate:0.2921;▁Jefus:0.2260;▁ſmall:0.1559;▁houſe:0.1478;▁ſeveral:0.0640
hmm,interjection,1,0,47276,hmm,,hmm,layer_14,▁defStyle,0.533175,23,,23,▁onOptions,0.311559,38,,38,▁defStyle:0.5332;▁onOptions:0.1184;▁faſt:0.0968;▁houſe:0.0474;▁ſtate:0.0320,▁onOptions:0.3116;▁faſt:0.2328;▁ſtate:0.1119;▁pleaſure:0.0885;▁preſent:0.0603
hmm,interjection,1,0,47276,hmm,,hmm,layer_17,▁ſmall,0.269478,5,,5,▁ſmall,0.69304,17,,17,▁ſmall:0.2695;▁defStyle:0.1915;▁وتسجيلات:0.1843;AddTagHelper:0.0829;hmm:0.0643,▁ſmall:0.6930;▁viſ:0.0980;▁houſe:0.0794;▁وتسجيلات:0.0633;AddTagHelper:0.0348
hmm,interjection,1,0,47276,hmm,,hmm,layer_19,▁finally,0.881415,4,,4,▁houſe,0.523231,16,,16,▁finally:0.8814;▁lastly:0.0675;</thead>:0.0499;hmm:0.0002;▁sorry:0.0002,▁houſe:0.5232;▁ſmall:0.1848;▁faſt:0.1314;▁viſ:0.0465;</thead>:0.0329
hmm,interjection,1,0,47276,hmm,,hmm,layer_20,▁hmm,0.650994,5,,5,▁houſe,0.715011,14,,14,▁hmm:0.6510;▁lastly:0.1009;Hmm:0.0719;▁Hmm:0.0715;hmm:0.0557,▁houſe:0.7150;▁faſt:0.1413;▁ſmall:0.1016;▁ſeveral:0.0124;▁ſche:0.0082
hmm,interjection,1,0,47276,hmm,,hmm,layer_21,<eos>,0.955039,18,,18,▁متعلقه,0.813377,16,,16,<eos>:0.9550;▁finally:0.0281;▁sorry:0.0083;▁lastly:0.0043;▁maybe:0.0033,▁متعلقه:0.8134;▁تانيه:0.1351;▁hmm:0.0147;▁houſe:0.0142;▁faſt:0.0084
hmm,interjection,1,0,47276,hmm,,hmm,layer_23,<eos>,1.0,146,,146,▁HMM,0.479925,4,,4,<eos>:1.0000;<unused63>:0.0000;▁very:0.0000;<strong>:0.0000;▁good:0.0000,▁HMM:0.4799;▁تانيه:0.2866;▁hmm:0.2033;hmm:0.0255;Hmm:0.0011
hmm,interjection,1,0,47276,hmm,,hmm,layer_25,<eos>,1.0,323,,323,hmm,0.99549,1,,1,"<eos>:1.0000;-:0.0000;<unused63>:0.0000;

:0.0000;,:0.0000",hmm:0.9955;mmmm:0.0019;▁hmm:0.0012;<eos>:0.0006;mmm:0.0004
hmm,interjection,1,0,47276,hmm,,hmm,layer_26,<eos>,1.0,8119,,8119,hmm,0.996302,1,,1,"<eos>:1.0000;-:0.0000;,:0.0000;.:0.0000;▁(:0.0000",hmm:0.9963;mmmm:0.0023;mmm:0.0007;mm:0.0002;hmmmm:0.0001
hmm,interjection,1,0,47276,hmm,,hmm,final_logits,hmm,0.987611,1,,1,,,,,,hmm:0.9876;mmmm:0.0069;mmm:0.0024;mm:0.0008;hmmmm:0.0004,
seven,number,1,0,31033,seven,,seven,emb,seven,1.0,1,,1,seven,1.0,1,,1,seven:1.0000;▁seven:0.0000;Seven:0.0000;▁Seven:0.0000;SEVEN:0.0000,seven:1.0000;▁seven:0.0000;Seven:0.0000;▁Seven:0.0000;six:0.0000
seven,number,1,0,31033,seven,,seven,layer_1,seven,0.999998,1,,1,seven,1.0,1,,1,seven:1.0000;Seven:0.0000;▁Seven:0.0000;▁seven:0.0000;SEVEN:0.0000,seven:1.0000;Seven:0.0000;▁seven:0.0000;▁Seven:0.0000;SEVEN:0.0000
seven,number,1,0,31033,seven,,seven,layer_2,<bos>,1.0,2,,2,seven,1.0,1,,1,<bos>:1.0000;seven:0.0000;Seven:0.0000;▁seven:0.0000;▁Seven:0.0000,seven:1.0000;Seven:0.0000;▁seven:0.0000;▁Seven:0.0000;SEVEN:0.0000
seven,number,1,0,31033,seven,,seven,layer_3,seven,0.997113,1,,1,seven,0.999999,1,,1,seven:0.9971;Seven:0.0025;▁Seven:0.0002;SEVEN:0.0002;▁SEVEN:0.0000,seven:1.0000;Seven:0.0000;▁Seven:0.0000;SEVEN:0.0000;▁SEVEN:0.0000
seven,number,1,0,31033,seven,,seven,layer_6,<bos>,1.0,30,,30,ValueStyle,0.549412,14,,14,<bos>:1.0000;ValueStyle:0.0000;StructEnd:0.0000;KommentareTeilen:0.0000;WebServlet:0.0000,ValueStyle:0.5494;StructEnd:0.3587;SEVEN:0.0330;KommentareTeilen:0.0322;WebServlet:0.0049
seven,number,1,0,31033,seven,,seven,layer_9,",",0.381299,149,,149,▁even,0.421256,32,,32,",:0.3813;▁and:0.1595;.:0.0799;▁even:0.0600;and:0.0504","▁even:0.4213;even:0.1365;and:0.0978;,:0.0847;7:0.0647"
seven,number,1,0,31033,seven,,seven,layer_12,"

",0.352994,3098,,3098,and,0.53369,989,,989,"

:0.3530;<eos>:0.3323;and:0.1208;:0.0469;acaktır:0.0415","and:0.5337;

:0.3909;<eos>:0.0187;v:0.0053;again:0.0050"
seven,number,1,0,31033,seven,,seven,layer_14,enumi,0.972909,5800,,5800,enumi,0.400518,1762,,1762,enumi:0.9729;<eos>:0.0064;AppCompatTheme:0.0062;’:0.0028;▁lainnya:0.0022,enumi:0.4005;AppCompatTheme:0.2356;_:0.0685;AddTagHelper:0.0269;▁defStyle:0.0255
seven,number,1,0,31033,seven,,seven,layer_17,enumi,0.512968,2749,,2749,▁تانيه,0.238048,1687,,1687,enumi:0.5130;▁تانيه:0.4772;WebVitals:0.0033;StandardCharsets:0.0033;AppCompatTheme:0.0021,▁تانيه:0.2380;tvguidetime:0.2115;enumi:0.1962;ValueStyle:0.1162;▁hydrauli:0.0972
seven,number,1,0,31033,seven,,seven,layer_19,enumi,0.999999,696,,696,enumi,0.996491,402,,402,enumi:1.0000;AppCompatTheme:0.0000;WebVitals:0.0000;▁تانيه:0.0000;▁ddelweddau:0.0000,enumi:0.9965;tvguidetime:0.0025;▁ddelweddau:0.0004;AppCompatTheme:0.0002;WebVitals:0.0002
seven,number,1,0,31033,seven,,seven,layer_20,enumi,0.662162,16,,16,▁ſeveral,0.434975,157,,157,enumi:0.6622;▁تانيه:0.2288;WebVitals:0.1084;AppCompatTheme:0.0004;▁ddelweddau:0.0001,▁ſeveral:0.4350;▁ſever:0.1215;▁ſta:0.0991;▁myſelf:0.0821;▁ſmall:0.0777
seven,number,1,0,31033,seven,,seven,layer_21,▁تانيه,0.965948,4,,4,tvguidetime,0.687001,195,,195,▁تانيه:0.9659;▁seven:0.0276;enumi:0.0064;seven:0.0000;▁seventy:0.0000,tvguidetime:0.6870;▁تانيه:0.2383;▁فريبيس:0.0460;▁ſeveral:0.0162;▁faſt:0.0043
seven,number,1,0,31033,seven,,seven,layer_23,▁seven,0.999826,2,,2,tvguidetime,0.999883,17,,17,▁seven:0.9998;seven:0.0002;▁night:0.0000;fire:0.0000;7:0.0000,tvguidetime:0.9999;enumi:0.0001;▁تانيه:0.0000;GraphicsUnit:0.0000;+:+:0.0000
seven,number,1,0,31033,seven,,seven,layer_25,<eos>,0.999998,6,,6,seven,0.985928,1,,1,<eos>:1.0000;-:0.0000;7:0.0000;.:0.0000;▁seven:0.0000,seven:0.9859;Seven:0.0071;7:0.0061;▁seven:0.0003;七:0.0002
seven,number,1,0,31033,seven,,seven,layer_26,<eos>,1.0,260,,260,seven,0.988001,1,,1,"<eos>:1.0000;-:0.0000;.:0.0000;,:0.0000;/:0.0000",seven:0.9880;vii:0.0019;one:0.0006;even:0.0005;sete:0.0005
seven,number,1,0,31033,seven,,seven,final_logits,seven,0.97642,1,,1,,,,,,seven:0.9764;vii:0.0035;one:0.0012;even:0.0010;sete:0.0009,
42,number,2,0,235310,4,235284,4,emb,4,1.0,1,3,1,4,1.0,1,2,1,4:1.0000;1:0.0000;2:0.0000;3:0.0000;5:0.0000,4:1.0000;2:0.0000;1:0.0000;3:0.0000;5:0.0000
42,number,2,0,235310,4,235284,4,layer_1,4,1.0,1,4,1,4,1.0,1,4,1,4:1.0000;3:0.0000;5:0.0000;2:0.0000;1:0.0000,4:1.0000;3:0.0000;5:0.0000;2:0.0000;6:0.0000
42,number,2,0,235310,4,235284,4,layer_2,<bos>,0.910707,2,3,2,4,1.0,1,4,1,<bos>:0.9107;4:0.0893;2:0.0000;3:0.0000;5:0.0000,4:1.0000;5:0.0000;3:0.0000;2:0.0000;6:0.0000
42,number,2,0,235310,4,235284,4,layer_3,4,0.999595,1,7,1,4,1.0,1,7,1,4:0.9996;5:0.0002;8:0.0001;6:0.0001;3:0.0001,4:1.0000;5:0.0000;8:0.0000;6:0.0000;3:0.0000
42,number,2,0,235310,4,235284,4,layer_6,<bos>,1.0,2,37,2,4,0.988727,1,30,1,"<bos>:1.0000;4:0.0000;▁and:0.0000;,:0.0000;-:0.0000","4:0.9887;<bos>:0.0112;+:+:0.0000;5:0.0000;,:0.0000"
42,number,2,0,235310,4,235284,4,layer_9,4,0.349308,1,30,1,4,0.901704,1,16,1,4:0.3493;RunWith:0.1551;▁TextInputType:0.1099;.:0.1087;▁MainAxisSize:0.0304,4:0.9017;▁TextInputType:0.0695;RunWith:0.0273;AnimationsModule:0.0005;▁MainAxisSize:0.0005
42,number,2,0,235310,4,235284,4,layer_12,достатки,0.933583,606,2169,606,достатки,0.977868,9,139,9,достатки:0.9336;▁InputDecoration:0.0483;csolódó:0.0088;kranz:0.0064;󠁢:0.0025,достатки:0.9779;▁InputDecoration:0.0189;kranz:0.0012;▁susun:0.0005;csolódó:0.0002
42,number,2,0,235310,4,235284,4,layer_14,kranz,0.774175,33968,47046,33968,достатки,0.456553,249,1159,249,kranz:0.7742;sprzedam:0.0502;AutoresizingMask:0.0373;קישורים:0.0347;▁houſe:0.0310,достатки:0.4566;kranz:0.2477;AddTagHelper:0.1484;▁again:0.0223;▁withRouter:0.0183
42,number,2,0,235310,4,235284,4,layer_17,ContentAsync,0.839247,9,245,9,ContentAsync,0.967998,3,21,3,ContentAsync:0.8392;▁تانيه:0.1593;ódó:0.0003;▁nélk:0.0002;</h5>:0.0001,ContentAsync:0.9680;▁تانيه:0.0179;4:0.0118;▁nélk:0.0014;myModal:0.0003
42,number,2,0,235310,4,235284,4,layer_19,"",0.463816,4,65,4,4,0.626765,1,25,1,":0.4638;▁:0.4023;enumi:0.0866;4:0.0291;ContentAsync:0.0069",4:0.6268;ContentAsync:0.3420;enumi:0.0122;▁:0.0034;kranz:0.0029
42,number,2,0,235310,4,235284,4,layer_20,4,0.698271,1,154,1,▁ſmall,0.990983,32,3029,32,"4:0.6983;:0.1988;enumi:0.0686;ContentAsync:0.0171;▁dead:0.0107",▁ſmall:0.9910;ContentAsync:0.0065;▁houſe:0.0019;enumi:0.0002;▁fhort:0.0002
42,number,2,0,235310,4,235284,4,layer_21,4,0.999879,1,126,1,▁ſmall,0.858074,160,64722,160,4:0.9999;▁fourth:0.0001;▁dead:0.0000;<unused63>:0.0000;▁body:0.0000,▁ſmall:0.8581;▁houſe:0.0658;ConstraintMaker:0.0611;ContentAsync:0.0036;enumi:0.0029
42,number,2,0,235310,4,235284,4,layer_23,4,1.0,1,4,1,4,0.999838,1,9,1,4:1.0000;▁:0.0000;<eos>:0.0000;2:0.0000;.:0.0000,4:0.9998;EnableWeb:0.0001;▁BoxDecoration:0.0000;ContentAsync:0.0000;5:0.0000
42,number,2,0,235310,4,235284,4,layer_25,4,0.999999,1,6,1,4,1.0,1,4,1,4:1.0000;<eos>:0.0000;▁:0.0000;-:0.0000;.:0.0000,4:1.0000;▁:0.0000;5:0.0000;2:0.0000;1:0.0000
42,number,2,0,235310,4,235284,4,layer_26,<eos>,1.0,4,10,4,4,0.999848,1,4,1,<eos>:1.0000;-:0.0000;<unused1>:0.0000;<mask>:0.0000;<unused2>:0.0000,4:0.9998;5:0.0001;3:0.0000;2:0.0000;1:0.0000
42,number,2,0,235310,4,235284,4,final_logits,4,0.999504,1,4,1,,,,,,4:0.9995;5:0.0002;3:0.0000;2:0.0000;1:0.0000,
42,number,2,1,235284,2,,2,emb,2,1.0,1,,1,2,1.0,1,,1,2:1.0000;1:0.0000;▁:0.0000;3:0.0000;4:0.0000,2:1.0000;1:0.0000;3:0.0000;▁:0.0000;4:0.0000
42,number,2,1,235284,2,,2,layer_1,2,0.999835,1,,1,2,1.0,1,,1,2:0.9998;1:0.0002;3:0.0000;▁:0.0000;4:0.0000,2:1.0000;1:0.0000;3:0.0000;4:0.0000;5:0.0000
42,number,2,1,235284,2,,2,layer_2,<bos>,0.999906,2,,2,2,1.0,1,,1,<bos>:0.9999;2:0.0001;1:0.0000;':0.0000;▁:0.0000,2:1.0000;1:0.0000;3:0.0000;4:0.0000;':0.0000
42,number,2,1,235284,2,,2,layer_3,2,0.995536,1,,1,2,1.0,1,,1,2:0.9955;1:0.0020;3:0.0010;4:0.0005;6:0.0004,2:1.0000;1:0.0000;3:0.0000;4:0.0000;6:0.0000
42,number,2,1,235284,2,,2,layer_6,<bos>,1.0,3,,3,<bos>,0.999658,2,,2,"<bos>:1.0000;▁and:0.0000;2:0.0000;,:0.0000;SizeF:0.0000",<bos>:0.9997;2:0.0003;awtextra:0.0000;SizeF:0.0000;pravy:0.0000
42,number,2,1,235284,2,,2,layer_9,2,0.917156,1,,1,2,0.99998,1,,1,"2:0.9172;достатки:0.0320;▁in:0.0137;קישורים:0.0024;,:0.0021","2:1.0000;▁in:0.0000;1:0.0000;достатки:0.0000;,:0.0000"
42,number,2,1,235284,2,,2,layer_12,достатки,0.994477,767,,767,antMatchers,0.829863,17,,17,достатки:0.9945;קישורים:0.0023;antMatchers:0.0015;Vegeu:0.0006;▁houſe:0.0006,antMatchers:0.8299;достатки:0.1665;Vegeu:0.0010;▁TextInputType:0.0010;קישורים:0.0006
42,number,2,1,235284,2,,2,layer_14,קישורים,0.783895,2515,,2515,קישורים,0.23679,12,,12,קישורים:0.7839;▁faſt:0.0792;▁Chriſt:0.0233;▁houſe:0.0228;▁ibid:0.0216,קישורים:0.2368;▁lainnya:0.1829;▁defStyle:0.1612;awtextra:0.1539;достатки:0.1034
42,number,2,1,235284,2,,2,layer_17,▁تانيه,0.999469,8,,8,▁تانيه,0.891735,3,,3,▁تانيه:0.9995;достатки:0.0002;ContentAsync:0.0001;▁nélk:0.0001;TextWatcher:0.0001,▁تانيه:0.8917;▁nélk:0.0593;2:0.0379;достатки:0.0033;ContentAsync:0.0025
42,number,2,1,235284,2,,2,layer_19,aneous,0.897749,5,,5,ContentAsync,0.950609,7,,7,aneous:0.8977;ContentAsync:0.0507;enumi:0.0188;AnchorStyles:0.0132;2:0.0054,ContentAsync:0.9506;AnchorStyles:0.0164;enumi:0.0125;▁ſmall:0.0041;aneous:0.0040
42,number,2,1,235284,2,,2,layer_20,2,0.895983,1,,1,▁ſmall,0.885753,86,,86,2:0.8960;▁upper:0.0869;AnchorStyles:0.0099;▁conclusion:0.0048;enumi:0.0008,▁ſmall:0.8858;▁houſe:0.0559;▁صوتيه:0.0228;ContentAsync:0.0124;▁faſt:0.0079
42,number,2,1,235284,2,,2,layer_21,2,0.998603,1,,1,▁houſe,0.572168,1806,,1806,2:0.9986;▁upper:0.0009;▁body:0.0003;▁empty:0.0001;<unused63>:0.0000,▁houſe:0.5722;▁متعلقه:0.3521;▁ſmall:0.0591;▁purpoſe:0.0048;enumi:0.0045
42,number,2,1,235284,2,,2,layer_23,2,1.0,1,,1,2,0.999999,1,,1,2:1.0000;<eos>:0.0000;1:0.0000;▁:0.0000;4:0.0000,2:1.0000;1:0.0000;▁exhaustion:0.0000;stanford:0.0000;textwidth:0.0000
42,number,2,1,235284,2,,2,layer_25,<eos>,0.980779,2,,2,2,0.998887,1,,1,<eos>:0.9808;2:0.0192;▁:0.0000;1:0.0000;4:0.0000,2:0.9989;4:0.0010;1:0.0001;3:0.0000;0:0.0000
42,number,2,1,235284,2,,2,layer_26,<eos>,1.0,4,,4,2,0.9113,1,,1,<eos>:1.0000;<mask>:0.0000;<unused1>:0.0000;<unused2>:0.0000;<unused0>:0.0000,2:0.9113;4:0.0857;1:0.0022;3:0.0002;0:0.0002
42,number,2,1,235284,2,,2,final_logits,2,0.863106,1,,1,,,,,,2:0.8631;4:0.1292;1:0.0054;3:0.0006;0:0.0005,
3.14,number,4,0,235304,3,235265,3,emb,3,1.0,1,12,1,3,1.0,1,12,1,3:1.0000;2:0.0000;1:0.0000;4:0.0000;▁:0.0000,3:1.0000;2:0.0000;1:0.0000;4:0.0000;5:0.0000
3.14,number,4,0,235304,3,235265,3,layer_1,3,0.999999,1,11,1,3,1.0,1,11,1,3:1.0000;4:0.0000;2:0.0000;1:0.0000;5:0.0000,3:1.0000;4:0.0000;2:0.0000;1:0.0000;5:0.0000
3.14,number,4,0,235304,3,235265,3,layer_2,<bos>,1.0,2,16,2,3,1.0,1,16,1,<bos>:1.0000;3:0.0000;2:0.0000;':0.0000;1:0.0000,3:1.0000;2:0.0000;4:0.0000;<bos>:0.0000;1:0.0000
3.14,number,4,0,235304,3,235265,3,layer_3,3,0.999557,1,445,1,3,1.0,1,2762,1,3:0.9996;4:0.0001;7:0.0001;5:0.0001;6:0.0001,3:1.0000;4:0.0000;7:0.0000;Datuak:0.0000;5:0.0000
3.14,number,4,0,235304,3,235265,3,layer_6,<bos>,1.0,2,30,2,<bos>,0.999742,2,165,2,"<bos>:1.0000;3:0.0000;▁and:0.0000;SizeF:0.0000;,:0.0000",<bos>:0.9997;3:0.0002;SizeF:0.0000;awtextra:0.0000;twimg:0.0000
3.14,number,4,0,235304,3,235265,3,layer_9,▁TextInputType,0.614372,10,44,10,▁TextInputType,0.999736,9,1079,9,▁TextInputType:0.6144;RunWith:0.0704;样子:0.0525;kranz:0.0211;ведення:0.0169,▁TextInputType:0.9997;RunWith:0.0001;▁MainAxisSize:0.0001;SizeF:0.0000;twimg:0.0000
3.14,number,4,0,235304,3,235265,3,layer_12,достатки,0.636281,1349,1476,1349,достатки,0.753509,21,1522,21,достатки:0.6363;kranz:0.3514;▁InputDecoration:0.0074;󠁢:0.0008;acaktır:0.0007,достатки:0.7535;kranz:0.1880;▁TextInputType:0.0403;▁InputDecoration:0.0076;Przypisy:0.0035
3.14,number,4,0,235304,3,235265,3,layer_14,NOPQRST,0.438762,1074,262,1074,NOPQRST,0.4566,8,179,8,NOPQRST:0.4388;enumi:0.3599;kranz:0.1894;▁defStyle:0.0017;▁lainnya:0.0017,NOPQRST:0.4566;kranz:0.2916;enumi:0.1060;▁lainnya:0.0527;достатки:0.0146
3.14,number,4,0,235304,3,235265,3,layer_17,▁,0.809798,2,14,2,3,0.826038,1,1193,1,"▁:0.8098;3:0.1121;:0.0268;▁finally:0.0226;</h5>:0.0101",3:0.8260;▁تانيه:0.1380;▁kereszt:0.0065;šanai:0.0046;我了:0.0045
3.14,number,4,0,235304,3,235265,3,layer_19,3,0.92967,1,180,1,3,0.995268,1,15921,1,"3:0.9297;<eos>:0.0454;▁:0.0140;:0.0087;enumi:0.0018","3:0.9953;enumi:0.0046;aneous:0.0000;▁BoxDecoration:0.0000;:0.0000"
3.14,number,4,0,235304,3,235265,3,layer_20,3,0.995983,1,2707,1,▁ſmall,0.835722,52,172748,52,3:0.9960;enumi:0.0016;aneous:0.0010;▁three:0.0009;▁conclusion:0.0002,▁ſmall:0.8357;▁houſe:0.1569;▁ſtate:0.0023;▁purpoſe:0.0012;▁diſt:0.0006
3.14,number,4,0,235304,3,235265,3,layer_21,3,0.999979,1,1167,1,▁houſe,0.631781,192,247582,192,3:1.0000;▁three:0.0000;<eos>:0.0000;<unused63>:0.0000;▁dead:0.0000,▁houſe:0.6318;▁ſmall:0.3290;▁purpoſe:0.0155;MemoryWarning:0.0044;▁ſtate:0.0044
3.14,number,4,0,235304,3,235265,3,layer_23,3,0.999998,1,5,1,3,0.965919,1,21625,1,3:1.0000;<eos>:0.0000;▁:0.0000;▁three:0.0000;.:0.0000,3:0.9659;▁BoxDecoration:0.0267;▁useRouter:0.0043;reportWebVitals:0.0009;enumi:0.0004
3.14,number,4,0,235304,3,235265,3,layer_25,<eos>,1.0,2,8,2,3,1.0,1,35,1,<eos>:1.0000;3:0.0000;▁:0.0000;1:0.0000;2:0.0000,3:1.0000;1:0.0000;▁:0.0000;2:0.0000;<eos>:0.0000
3.14,number,4,0,235304,3,235265,3,layer_26,<eos>,1.0,4,3,4,3,0.999691,1,19,1,<eos>:1.0000;<mask>:0.0000;<unused1>:0.0000;<unused2>:0.0000;<unused0>:0.0000,"3:0.9997;<eos>:0.0001;

:0.0001;1:0.0000;
:0.0000"
3.14,number,4,0,235304,3,235265,3,final_logits,3,0.99888,1,19,1,,,,,,"3:0.9989;<eos>:0.0004;

:0.0002;1:0.0001;
:0.0001",
3.14,number,4,1,235265,.,235274,3,emb,.,1.0,1,21,39,.,1.0,1,27,50,".:1.0000;,:0.0000;▁:0.0000;

:0.0000;▁(:0.0000",".:1.0000;,:0.0000;▁:0.0000;▁(:0.0000;<unk>:0.0000"
3.14,number,4,1,235265,.,235274,3,layer_1,.,1.0,1,46,118,.,1.0,1,56,155,".:1.0000;
:0.0000;

:0.0000;▁:0.0000;<eos>:0.0000",".:1.0000;
:0.0000;

:0.0000;▁:0.0000;▁.:0.0000"
3.14,number,4,1,235265,.,235274,3,layer_2,<bos>,0.999996,2,167,415,.,0.99916,1,313,614,"<bos>:1.0000;.:0.0000;':0.0000;
:0.0000;’:0.0000",.:0.9992;<bos>:0.0008;).:0.0000;▁.:0.0000;].:0.0000
3.14,number,4,1,235265,.,235274,3,layer_3,.,0.995048,1,185550,218179,.,1.0,1,93635,134195,".:0.9950;▁.:0.0007;,:0.0002;..:0.0001;▁also:0.0001",.:1.0000;▁.:0.0000;..:0.0000;;:0.0000;।:0.0000
3.14,number,4,1,235265,.,235274,3,layer_6,<bos>,1.0,2,106247,131857,<bos>,0.999716,2,137428,163479,"<bos>:1.0000;.:0.0000;

:0.0000;,:0.0000;▁and:0.0000","<bos>:0.9997;.:0.0003;▁AssemblyTitle:0.0000;▁发表于:0.0000;,:0.0000"
3.14,number,4,1,235265,.,235274,3,layer_9,.,0.629495,1,250793,252578,▁متعلقه,0.437296,16,255168,254513,.:0.6295;▁TextInputType:0.0273;▁pinulongan:0.0272;لينكات:0.0254;kranz:0.0227,▁متعلقه:0.4373;▁TextInputType:0.3174;▁CreateTagHelper:0.0960;twimg:0.0609;▁تضيفلها:0.0606
3.14,number,4,1,235265,.,235274,3,layer_12,достатки,0.681583,1515,248245,254730,достатки,0.672848,324,229486,246612,достатки:0.6816;▁ſtate:0.0981;csolódó:0.0882;▁InputDecoration:0.0394;ValueStyle:0.0321,достатки:0.6728;▁TextInputType:0.2244;▁InputDecoration:0.0202;▁ſtate:0.0187;ValueStyle:0.0150
3.14,number,4,1,235265,.,235274,3,layer_14,▁houſe,0.916619,10755,255434,255819,▁houſe,0.185366,426,223819,241380,▁houſe:0.9166;▁تانيه:0.0465;ValueStyle:0.0102;sprzedam:0.0084;neſs:0.0048,▁houſe:0.1854;tahankan:0.1779;こちらも:0.1689;ValueStyle:0.1441;▁perpetuity:0.0968
3.14,number,4,1,235265,.,235274,3,layer_17,▁تانيه,0.999995,15,182890,196138,▁تانيه,0.999917,254,181970,181693,▁تانيه:1.0000;▁slutt:0.0000;</h3>:0.0000;</blockquote>:0.0000;▁finally:0.0000,▁تانيه:0.9999;šanai:0.0000;▁houſe:0.0000;▁slutt:0.0000;ValueStyle:0.0000
3.14,number,4,1,235265,.,235274,3,layer_19,enumi,0.429115,3713,132884,79198,▁houſe,0.575694,90871,178617,94801,enumi:0.4291;▁conclusion:0.3195;</h6>:0.1392;<eos>:0.1011;</blockquote>:0.0022,▁houſe:0.5757;▁BoxDecoration:0.1416;neſs:0.0786;enumi:0.0550;▁ſmall:0.0389
3.14,number,4,1,235265,.,235274,3,layer_20,▁conclusion,0.881171,717,29988,23577,▁houſe,0.792565,184952,207082,163096,▁conclusion:0.8812;<eos>:0.1051;</h6>:0.0071;<unused63>:0.0031;</blockquote>:0.0014,▁houſe:0.7926;▁ſmall:0.0869;▁purpoſe:0.0510;▁ſeveral:0.0499;▁themſelves:0.0041
3.14,number,4,1,235265,.,235274,3,layer_21,<eos>,0.936065,68,6850,3022,▁houſe,0.890333,238708,250455,216908,<eos>:0.9361;<unused63>:0.0592;<h3>:0.0023;▁conclusion:0.0012;<h1>:0.0012,▁houſe:0.8903;▁purpoſe:0.0765;▁ſmall:0.0217;▁ſeveral:0.0063;▁reaſon:0.0013
3.14,number,4,1,235265,.,235274,3,layer_23,<eos>,1.0,3,85,37,▁BoxDecoration,0.533691,10165,60657,8003,"<eos>:1.0000;▁:0.0000;.:0.0000;▁.:0.0000;

:0.0000",▁BoxDecoration:0.5337;ValueStyle:0.2069;▁useRouter:0.2047;astify:0.0088;참고:0.0081
3.14,number,4,1,235265,.,235274,3,layer_25,<eos>,1.0,6,10,3,3,0.975517,36,5,1,"<eos>:1.0000;▁:0.0000;3:0.0000;
:0.0000;

:0.0000","3:0.9755;▁:0.0215;<eos>:0.0024;
:0.0005;1:0.0001"
3.14,number,4,1,235265,.,235274,3,layer_26,<eos>,1.0,2,11,3,3,0.994287,62,5,1,<eos>:1.0000;<mask>:0.0000;<unused1>:0.0000;<unused2>:0.0000;<unused0>:0.0000,"3:0.9943;<eos>:0.0023;
:0.0014;▁.:0.0004;1:0.0003"
3.14,number,4,1,235265,.,235274,3,final_logits,3,0.989145,62,5,1,,,,,,"3:0.9891;<eos>:0.0042;
:0.0026;▁.:0.0008;1:0.0007",
3.14,number,4,2,235274,1,235310,.,emb,1,1.0,1,5,11,1,1.0,1,5,10,1:1.0000;▁:0.0000;2:0.0000;3:0.0000;4:0.0000,1:1.0000;2:0.0000;▁:0.0000;3:0.0000;4:0.0000
3.14,number,4,2,235274,1,235310,.,layer_1,1,0.999998,1,6,12,1,1.0,1,5,12,1:1.0000;2:0.0000;3:0.0000;5:0.0000;▁:0.0000,1:1.0000;2:0.0000;3:0.0000;5:0.0000;4:0.0000
3.14,number,4,2,235274,1,235310,.,layer_2,<bos>,0.99802,2,9,24,1,1.0,1,7,38,<bos>:0.9980;1:0.0020;2:0.0000;':0.0000;3:0.0000,1:1.0000;2:0.0000;3:0.0000;<bos>:0.0000;5:0.0000
3.14,number,4,2,235274,1,235310,.,layer_3,1,0.989721,1,14,185689,1,1.0,1,16,199526,1:0.9897;2:0.0006;الإنجليزية:0.0004;6:0.0003;7:0.0003,1:1.0000;2:0.0000;6:0.0000;9:0.0000;7:0.0000
3.14,number,4,2,235274,1,235310,.,layer_6,<bos>,1.0,3,2336,18891,<bos>,1.0,3,1058,12995,<bos>:1.0000;▁ویکی‌پدیا:0.0000;1:0.0000;▁pinulongan:0.0000;▁the:0.0000,<bos>:1.0000;▁ویکی‌پدیا:0.0000;1:0.0000;▁pinulongan:0.0000;fastjson:0.0000
3.14,number,4,2,235274,1,235310,.,layer_9,▁TextInputType,0.203849,3,12161,61522,1,0.796024,1,6209,50329,▁TextInputType:0.2038;▁москве:0.1060;1:0.0808;kranz:0.0507;XmlAccessorType:0.0452,1:0.7960;▁TextInputType:0.1801;XmlAccessorType:0.0136;▁contextLoads:0.0039;▁GoogleFonts:0.0021
3.14,number,4,2,235274,1,235310,.,layer_12,▁Jefus,0.699872,11191,167707,239495,▁Jefus,0.655741,236,43074,207887,▁Jefus:0.6999;▁myſelf:0.0735;▁Monfieur:0.0650;▁ſeveral:0.0444;▁houſe:0.0342,▁Jefus:0.6557;▁TextInputType:0.1930;▁initComponents:0.0633;достатки:0.0351;▁myſelf:0.0129
3.14,number,4,2,235274,1,235310,.,layer_14,sprzedam,0.955441,72852,237693,250195,▁initComponents,0.310566,462,80198,189930,sprzedam:0.9554;▁houſe:0.0152;▁ſtand:0.0095;▁Chriſt:0.0040;▁myſelf:0.0032,▁initComponents:0.3106;▁TextInputType:0.2159;sprzedam:0.1791;AccessLevel:0.0892;▁perpetuity:0.0321
3.14,number,4,2,235274,1,235310,.,layer_17,▁تانيه,0.993003,86,132093,125225,1,0.327759,1,48818,91599,▁تانيه:0.9930;myapplication:0.0021;▁houſe:0.0013;▁flèche:0.0009;lė:0.0004,1:0.3278;▁تانيه:0.2572;CompleteListener:0.1065;▁pitié:0.0863;▁vérit:0.0688
3.14,number,4,2,235274,1,235310,.,layer_19,aneous,0.829325,67,75141,70333,▁ſmall,0.737905,5,32088,105432,aneous:0.8293;▁conclusion:0.1323;enumi:0.0096;▁ſmall:0.0068;kranz:0.0068,▁ſmall:0.7379;▁houſe:0.1563;pushFollow:0.0483;kranz:0.0126;1:0.0058
3.14,number,4,2,235274,1,235310,.,layer_20,▁conclusion,0.80855,9,85156,42770,▁ſmall,0.740206,145,143903,196549,▁conclusion:0.8086;▁ſmall:0.1272;▁repetition:0.0394;Przypisy:0.0069;▁houſe:0.0048,▁ſmall:0.7402;▁houſe:0.2383;▁myſelf:0.0158;▁Houſe:0.0024;▁purpoſe:0.0005
3.14,number,4,2,235274,1,235310,.,layer_21,1,0.999961,1,9977,297,▁houſe,0.813571,238,198700,191229,1:1.0000;▁conclusion:0.0000;<unused63>:0.0000;▁night:0.0000;▁painful:0.0000,▁houſe:0.8136;▁ſmall:0.1666;▁myſelf:0.0127;▁Houſe:0.0024;▁purpoſe:0.0023
3.14,number,4,2,235274,1,235310,.,layer_23,1,0.964696,1,105,2,1,0.990476,1,10456,7,1:0.9647;.:0.0353;▁:0.0000;<eos>:0.0000;2:0.0000,1:0.9905;▁Saltar:0.0030;ValueStyle:0.0027;▁useRouter:0.0018;▁BoxDecoration:0.0012
3.14,number,4,2,235274,1,235310,.,layer_25,.,1.0,3,22,1,1,0.568415,1,19,2,.:1.0000;<eos>:0.0000;1:0.0000;▁:0.0000;-:0.0000,1:0.5684;.:0.4316;▁:0.0000;0:0.0000;<eos>:0.0000
3.14,number,4,2,235274,1,235310,.,layer_26,<eos>,1.0,5,21,2,.,0.913167,2,9,1,<eos>:1.0000;.:0.0000;<unused1>:0.0000;<mask>:0.0000;<unused2>:0.0000,.:0.9132;1:0.0856;0:0.0003;3:0.0003;<eos>:0.0002
3.14,number,4,2,235274,1,235310,.,final_logits,.,0.875387,2,9,1,,,,,,.:0.8754;1:0.1217;0:0.0008;3:0.0006;<eos>:0.0004,
3.14,number,4,3,235310,4,,1,emb,4,1.0,1,,2,4,1.0,1,,3,4:1.0000;1:0.0000;2:0.0000;3:0.0000;5:0.0000,4:1.0000;2:0.0000;1:0.0000;3:0.0000;5:0.0000
3.14,number,4,3,235310,4,,1,layer_1,4,0.999977,1,,9,4,1.0,1,,9,4:1.0000;5:0.0000;8:0.0000;6:0.0000;3:0.0000,4:1.0000;5:0.0000;6:0.0000;8:0.0000;3:0.0000
3.14,number,4,3,235310,4,,1,layer_2,4,0.990328,1,,10,4,1.0,1,,9,4:0.9903;<bos>:0.0095;6:0.0001;5:0.0000;7:0.0000,4:1.0000;5:0.0000;6:0.0000;8:0.0000;7:0.0000
3.14,number,4,3,235310,4,,1,layer_3,4,0.979562,1,,194,4,1.0,1,,62,4:0.9796;8:0.0110;9:0.0022;6:0.0020;7:0.0011,4:1.0000;8:0.0000;6:0.0000;9:0.0000;7:0.0000
3.14,number,4,3,235310,4,,1,layer_6,<bos>,1.0,3,,3585,<bos>,1.0,2,,824,<bos>:1.0000;▁pinulongan:0.0000;4:0.0000;SizeF:0.0000;nocení:0.0000,"<bos>:1.0000;4:0.0000;▁pinulongan:0.0000;,:0.0000;5:0.0000"
3.14,number,4,3,235310,4,,1,layer_9,▁TextInputType,0.23325,17,,8501,▁TextInputType,0.765945,2,,6061,▁TextInputType:0.2333;▁faſt:0.0979;▁fevere:0.0748;argout:0.0511;▁preſent:0.0420,▁TextInputType:0.7659;4:0.1815;▁profondità:0.0331;raszamy:0.0057;RunWith:0.0034
3.14,number,4,3,235310,4,,1,layer_12,▁ſtate,0.751578,22704,,97693,▁TextInputType,0.373949,1334,,41299,▁ſtate:0.7516;▁houſe:0.1207;▁ſeveral:0.0740;▁Jefus:0.0159;▁whoſe:0.0133,▁TextInputType:0.3739;▁ſtate:0.3674;▁houſe:0.0796;▁Jefus:0.0478;▁ſeveral:0.0451
3.14,number,4,3,235310,4,,1,layer_14,▁houſe,0.803978,122265,,228442,▁houſe,0.721,3515,,74331,▁houſe:0.8040;▁faſt:0.1113;▁ſeveral:0.0403;▁ſtate:0.0183;▁ſtand:0.0122,▁houſe:0.7210;▁faſt:0.0702;▁enfans:0.0494;▁ſeveral:0.0339;▁Theſe:0.0288
3.14,number,4,3,235310,4,,1,layer_17,▁تانيه,0.987491,411,,37868,▁تانيه,0.988839,7,,5049,▁تانيه:0.9875;▁raiſ:0.0087;▁faſt:0.0023;▁houſe:0.0012;▁ſtand:0.0001,▁تانيه:0.9888;▁nélk:0.0035;▁raiſ:0.0028;ContentAsync:0.0009;▁faſt:0.0009
3.14,number,4,3,235310,4,,1,layer_19,<h4>,0.279413,356,,1621,▁houſe,0.300909,79,,1032,<h4>:0.2794;IFIED:0.1394;▁szabály:0.1375;testng:0.0970;aneous:0.0628,▁houſe:0.3009;▁faſt:0.2206;▁profondità:0.1551;▁preſent:0.0660;pushFollow:0.0605
3.14,number,4,3,235310,4,,1,layer_20,▁houſe,0.811901,7495,,733,▁houſe,0.862666,21402,,7828,▁houſe:0.8119;ContentAsync:0.1280;▁faſt:0.0233;▁väli:0.0159;▁revenge:0.0080,▁houſe:0.8627;▁faſt:0.0996;▁ſeveral:0.0261;▁ſmall:0.0052;▁ſtate:0.0020
3.14,number,4,3,235310,4,,1,layer_21,<h4>,0.954866,1399,,21,▁houſe,0.923467,95771,,29398,<h4>:0.9549;▁consecutive:0.0315;<unused63>:0.0086;▁incorrect:0.0015;<h1>:0.0011,▁houſe:0.9235;▁ſeveral:0.0616;▁myſelf:0.0073;▁faſt:0.0059;▁ſtate:0.0006
3.14,number,4,3,235310,4,,1,layer_23,1,0.951945,21,,1,ContentAsync,0.478297,208,,2,1:0.9519;.:0.0481;<eos>:0.0000;▁:0.0000;2:0.0000,ContentAsync:0.4783;1:0.4625;▁elettrico:0.0576;.:0.0003;▁uzak:0.0002
3.14,number,4,3,235310,4,,1,layer_25,<eos>,0.941081,8,,3,1,0.991126,5,,1,<eos>:0.9411;.:0.0589;1:0.0000;▁:0.0000;-:0.0000,1:0.9911;.:0.0088;▁:0.0001;<eos>:0.0000;4:0.0000
3.14,number,4,3,235310,4,,1,layer_26,<eos>,1.0,15,,4,1,0.92111,3,,1,<eos>:1.0000;.:0.0000;<unused1>:0.0000;<mask>:0.0000;<unused2>:0.0000,1:0.9211;.:0.0774;4:0.0006;<eos>:0.0003;3:0.0002
3.14,number,4,3,235310,4,,1,final_logits,1,0.869696,3,,1,,,,,,1:0.8697;.:0.1252;4:0.0018;<eos>:0.0009;3:0.0007,
serendipity,multi_token_by_design,2,0,1098,ser,197762,ser,emb,ser,1.0,1,132906,1,ser,1.0,1,131946,1,ser:1.0000;▁ser:0.0000;Ser:0.0000;▁Ser:0.0000;SER:0.0000,ser:1.0000;▁ser:0.0000;Ser:0.0000;▁Ser:0.0000;<unk>:0.0000
serendipity,multi_token_by_design,2,0,1098,ser,197762,ser,layer_1,ser,1.0,1,115755,1,ser,1.0,1,128528,1,ser:1.0000;▁ser:0.0000;Ser:0.0000;▁Ser:0.0000;SER:0.0000,ser:1.0000;▁ser:0.0000;Ser:0.0000;▁Ser:0.0000;SER:0.0000
serendipity,multi_token_by_design,2,0,1098,ser,197762,ser,layer_2,<bos>,0.999108,2,148183,2,ser,1.0,1,150804,1,<bos>:0.9991;ser:0.0009;Ser:0.0000;▁ser:0.0000;▁Ser:0.0000,ser:1.0000;Ser:0.0000;▁ser:0.0000;▁Ser:0.0000;SER:0.0000
serendipity,multi_token_by_design,2,0,1098,ser,197762,ser,layer_3,<bos>,0.99708,2,163918,2,ser,1.0,1,181741,1,<bos>:0.9971;ser:0.0029;Ser:0.0000;▁ser:0.0000;SER:0.0000,ser:1.0000;Ser:0.0000;▁ser:0.0000;SER:0.0000;▁Ser:0.0000
serendipity,multi_token_by_design,2,0,1098,ser,197762,ser,layer_6,<bos>,1.0,2,70838,2,ser,0.979446,1,95695,1,<bos>:1.0000;ser:0.0000;WebServlet:0.0000;▁ser:0.0000;Ser:0.0000,ser:0.9794;<bos>:0.0206;SER:0.0000;Ser:0.0000;▁ser:0.0000
serendipity,multi_token_by_design,2,0,1098,ser,197762,ser,layer_9,enumi,0.521191,3,127007,3,ser,0.984428,1,149930,1,enumi:0.5212;▁also:0.3242;ser:0.0642;.:0.0369;▁and:0.0221,ser:0.9844;▁also:0.0070;enumi:0.0053;twimg:0.0015;▁ser:0.0006
serendipity,multi_token_by_design,2,0,1098,ser,197762,ser,layer_12,enumi,0.823483,3760,105869,3760,er,0.304026,270,116600,270,"enumi:0.8235;StandardCharsets:0.0788;:0.0269;Przypisy:0.0257;.:0.0114",er:0.3040;.:0.2662;▁also:0.0779;enumi:0.0445;and:0.0427
serendipity,multi_token_by_design,2,0,1098,ser,197762,ser,layer_14,enumi,0.999996,7798,91691,7798,enumi,0.996321,1358,98622,1358,"enumi:1.0000;':0.0000;forName:0.0000;.:0.0000;:0.0000",enumi:0.9963;er:0.0006;.:0.0005;▁again:0.0005;forName:0.0004
serendipity,multi_token_by_design,2,0,1098,ser,197762,ser,layer_17,SER,0.664267,5,76156,5,▁ser,0.499568,4,75764,4,SER:0.6643;▁ser:0.2132;enumi:0.0528;▁SER:0.0170;ser:0.0156,▁ser:0.4996;SER:0.2947;▁SER:0.0979;ser:0.0764;er:0.0269
serendipity,multi_token_by_design,2,0,1098,ser,197762,ser,layer_19,"",0.939254,5,134006,5,ser,0.336989,1,131114,1,":0.9393;enumi:0.0561;▁again:0.0019;▁ser:0.0008;ser:0.0008","ser:0.3370;▁ser:0.2578;:0.1939;SER:0.1796;▁SER:0.0177"
serendipity,multi_token_by_design,2,0,1098,ser,197762,ser,layer_20,▁ser,0.999045,5,93983,5,▁ser,0.725016,5,74289,5,▁ser:0.9990;▁SER:0.0005;Ser:0.0002;SER:0.0002;ser:0.0001,▁ser:0.7250;▁SER:0.1976;SER:0.0493;Ser:0.0250;ser:0.0026
serendipity,multi_token_by_design,2,0,1098,ser,197762,ser,layer_21,▁ser,0.992664,2,118695,2,▁ser,0.580873,5,83045,5,▁ser:0.9927;ser:0.0070;Ser:0.0003;▁again:0.0000;▁serious:0.0000,▁ser:0.5809;▁SER:0.2145;Ser:0.1505;SER:0.0408;ser:0.0119
serendipity,multi_token_by_design,2,0,1098,ser,197762,ser,layer_23,▁ser,0.999997,2,112522,2,▁ser,0.997207,2,91269,2,▁ser:1.0000;ser:0.0000;Ser:0.0000;▁Ser:0.0000;▁SER:0.0000,▁ser:0.9972;ser:0.0022;Ser:0.0005;▁Ser:0.0001;▁SER:0.0000
serendipity,multi_token_by_design,2,0,1098,ser,197762,ser,layer_25,ser,0.999998,1,129702,1,▁ser,0.7485,2,69762,2,ser:1.0000;▁ser:0.0000;-:0.0000;<eos>:0.0000;’:0.0000,▁ser:0.7485;ser:0.2500;Ser:0.0013;▁Ser:0.0002;▁SER:0.0001
serendipity,multi_token_by_design,2,0,1098,ser,197762,ser,layer_26,<eos>,1.0,409,134201,409,ser,0.941153,1,22811,1,"<eos>:1.0000;-:0.0000;.:0.0000;<unused63>:0.0000;,:0.0000",ser:0.9412;er:0.0258;▁ser:0.0097;ver:0.0030;;:0.0010
serendipity,multi_token_by_design,2,0,1098,ser,197762,ser,final_logits,ser,0.929738,1,22811,1,,,,,,ser:0.9297;er:0.0300;▁ser:0.0115;ver:0.0035;;:0.0011,
serendipity,multi_token_by_design,2,1,197762,endipity,,ser,emb,endipity,1.0,1,,254600,endipity,1.0,1,,254567,endipity:1.0000;▁myſelf:0.0000;▁Monfieur:0.0000;▁Efq:0.0000;▁Theſe:0.0000,endipity:1.0000;<mask>:0.0000;<unused1>:0.0000;<unused2>:0.0000;<unused0>:0.0000
serendipity,multi_token_by_design,2,1,197762,endipity,,ser,layer_1,endipity,1.0,1,,156988,endipity,1.0,1,,38280,endipity:1.0000;▁ویکی‌پدیا:0.0000;featureID:0.0000;▁تضيفلها:0.0000;▁myſelf:0.0000,endipity:1.0000;<mask>:0.0000;<unused1>:0.0000;<unused2>:0.0000;<unused0>:0.0000
serendipity,multi_token_by_design,2,1,197762,endipity,,ser,layer_2,endipity,1.0,1,,11549,endipity,1.0,1,,1024,endipity:1.0000;<bos>:0.0000;ніципа:0.0000;▁تضيفلها:0.0000;Personensuche:0.0000,endipity:1.0000;<mask>:0.0000;<unused1>:0.0000;<unused2>:0.0000;<unused0>:0.0000
serendipity,multi_token_by_design,2,1,197762,endipity,,ser,layer_3,endipity,1.0,1,,36361,endipity,1.0,1,,3652,endipity:1.0000;<bos>:0.0000;Personensuche:0.0000;▁تضيفلها:0.0000;الإنجليزية:0.0000,endipity:1.0000;<mask>:0.0000;<unused1>:0.0000;<unused2>:0.0000;<unused0>:0.0000
serendipity,multi_token_by_design,2,1,197762,endipity,,ser,layer_6,endipity,0.760853,1,,18581,endipity,1.0,1,,10434,endipity:0.7609;<bos>:0.2391;twimg:0.0000;Personensuche:0.0000;الإنجليزية:0.0000,endipity:1.0000;twimg:0.0000;Personensuche:0.0000;الإنجليزية:0.0000;▁pinulongan:0.0000
serendipity,multi_token_by_design,2,1,197762,endipity,,ser,layer_9,endipity,0.813382,1,,11595,endipity,0.999544,1,,7074,endipity:0.8134;<bos>:0.1404;الإنجليزية:0.0307;enumi:0.0146;▁pinulongan:0.0006,endipity:0.9995;الإنجليزية:0.0004;enumi:0.0000;▁pinulongan:0.0000;twimg:0.0000
serendipity,multi_token_by_design,2,1,197762,endipity,,ser,layer_12,enumi,0.98592,3,,202117,enumi,0.486739,2,,153239,enumi:0.9859;▁InputDecoration:0.0064;endipity:0.0026;csolódó:0.0018;StandardCharsets:0.0013,enumi:0.4867;endipity:0.4418;▁InputDecoration:0.0668;外部リンク:0.0020;acaktır:0.0007
serendipity,multi_token_by_design,2,1,197762,endipity,,ser,layer_14,enumi,0.999988,5,,180844,enumi,0.999013,3,,178576,enumi:1.0000;▁defStyle:0.0000;':0.0000;▁lainnya:0.0000;endipity:0.0000,enumi:0.9990;▁defStyle:0.0006;endipity:0.0003;AddTagHelper:0.0001;▁lainnya:0.0000
serendipity,multi_token_by_design,2,1,197762,endipity,,ser,layer_17,▁تانيه,1.0,71,,115836,▁تانيه,0.999999,9,,97413,▁تانيه:1.0000;▁OBITUARY:0.0000;ImageIO:0.0000;lė:0.0000;ējās:0.0000,▁تانيه:1.0000;▁OBITUARY:0.0000;▁InputDecoration:0.0000;lė:0.0000;ējās:0.0000
serendipity,multi_token_by_design,2,1,197762,endipity,,ser,layer_19,▁تانيه,0.534725,3267,,162703,▁douceur,0.772532,565,,140323,▁تانيه:0.5347;▁douceur:0.3803;▁//$:0.0446;󠁢:0.0354;▁again:0.0016,▁douceur:0.7725;▁تانيه:0.1299;󠁢:0.0414;espé:0.0188;▁//$:0.0082
serendipity,multi_token_by_design,2,1,197762,endipity,,ser,layer_20,▁douceur,0.777945,425,,21103,▁تانيه,0.303059,87,,22388,▁douceur:0.7779;▁تانيه:0.1710;▁//$:0.0375;▁hindsight:0.0062;▁again:0.0034,▁تانيه:0.3031;▁ſec:0.2421;▁douceur:0.1434;▁Diſ:0.1327;▁purpoſe:0.0611
serendipity,multi_token_by_design,2,1,197762,endipity,,ser,layer_21,▁again,0.938819,16141,,8360,▁تانيه,0.995809,373,,32324,"▁again:0.9388;:0.0169;<h1>:0.0144;▁everything:0.0110;▁necessity:0.0033",▁تانيه:0.9958;▁purpoſe:0.0016;▁InputDecoration:0.0009;▁متعلقه:0.0004;▁preſent:0.0004
serendipity,multi_token_by_design,2,1,197762,endipity,,ser,layer_23,"",0.67404,3397,,16,▁تانيه,0.710715,9,,4,":0.6740;<eos>:0.1381;▁with:0.0749;▁ser:0.0664;▁again:0.0221",▁تانيه:0.7107;Ser:0.1959;▁ser:0.0907;ser:0.0016;▁Ser:0.0002
serendipity,multi_token_by_design,2,1,197762,endipity,,ser,layer_25,<eos>,1.0,11102,,4,ser,0.997967,13,,1,<eos>:1.0000;-:0.0000;):0.0000;ser:0.0000;<unused63>:0.0000,ser:0.9980;▁ser:0.0014;Ser:0.0006;2:0.0000;▁Ser:0.0000
serendipity,multi_token_by_design,2,1,197762,endipity,,ser,layer_26,<eos>,1.0,20083,,67,ser,0.981532,2,,1,<eos>:1.0000;▁and:0.0000;<unused63>:0.0000;.:0.0000;):0.0000,ser:0.9815;endipity:0.0164;end:0.0002;▁ser:0.0001;]]):0.0001
serendipity,multi_token_by_design,2,1,197762,endipity,,ser,final_logits,ser,0.973446,2,,1,,,,,,ser:0.9734;endipity:0.0231;end:0.0003;▁ser:0.0002;]]):0.0001,
antidisestablishmentarianism,multi_token_by_design,5,0,2236,anti,1999,anti,emb,anti,1.0,1,368,1,anti,1.0,1,317,1,anti:1.0000;▁anti:0.0000;Anti:0.0000;▁Anti:0.0000;ANTI:0.0000,anti:1.0000;▁anti:0.0000;Anti:0.0000;▁Anti:0.0000;ANTI:0.0000
antidisestablishmentarianism,multi_token_by_design,5,0,2236,anti,1999,anti,layer_1,anti,1.0,1,436,1,anti,1.0,1,375,1,anti:1.0000;▁anti:0.0000;Anti:0.0000;▁Anti:0.0000;ANTI:0.0000,anti:1.0000;▁anti:0.0000;Anti:0.0000;▁Anti:0.0000;ANTI:0.0000
antidisestablishmentarianism,multi_token_by_design,5,0,2236,anti,1999,anti,layer_2,anti,0.999997,1,475,1,anti,1.0,1,472,1,anti:1.0000;<bos>:0.0000;▁anti:0.0000;Anti:0.0000;▁Anti:0.0000,anti:1.0000;▁anti:0.0000;Anti:0.0000;▁Anti:0.0000;ANTI:0.0000
antidisestablishmentarianism,multi_token_by_design,5,0,2236,anti,1999,anti,layer_3,anti,0.833881,1,474,1,anti,1.0,1,465,1,anti:0.8339;<bos>:0.1659;▁anti:0.0002;Anti:0.0000;▁Anti:0.0000,anti:1.0000;▁anti:0.0000;Anti:0.0000;▁Anti:0.0000;ANTI:0.0000
antidisestablishmentarianism,multi_token_by_design,5,0,2236,anti,1999,anti,layer_6,<bos>,1.0,2,755,2,anti,0.999492,1,423,1,<bos>:1.0000;anti:0.0000;▁anti:0.0000;Anti:0.0000;▁and:0.0000,anti:0.9995;▁anti:0.0004;<bos>:0.0000;Anti:0.0000;▁Anti:0.0000
antidisestablishmentarianism,multi_token_by_design,5,0,2236,anti,1999,anti,layer_9,twimg,0.336046,3,88610,3,anti,0.971052,1,45914,1,twimg:0.3360;الإنجليزية:0.1908;anti:0.1086;▁lainnya:0.0706;بالإنجليزية:0.0422,anti:0.9711;twimg:0.0257;الإنجليزية:0.0020;▁Анти:0.0003;▁anti:0.0002
antidisestablishmentarianism,multi_token_by_design,5,0,2236,anti,1999,anti,layer_12,Przypisy,0.617225,1943,101875,1943,Przypisy,0.892221,179,67505,179,Przypisy:0.6172;▁lainnya:0.1389;StandardCharsets:0.0919;▁خارجية:0.0357;достатки:0.0162,Przypisy:0.8922;StandardCharsets:0.0364;▁lainnya:0.0279;▁خارجية:0.0200;▁serai:0.0047
antidisestablishmentarianism,multi_token_by_design,5,0,2236,anti,1999,anti,layer_14,▁eternal,0.923319,840,6861,840,AddTagHelper,0.828815,319,6845,319,▁eternal:0.9233;▁defStyle:0.0151;▁lainnya:0.0147;▁etc:0.0055;▁बीच:0.0044,AddTagHelper:0.8288;▁defStyle:0.0998;▁continúas:0.0145;▁eternal:0.0141;NOPQRST:0.0110
antidisestablishmentarianism,multi_token_by_design,5,0,2236,anti,1999,anti,layer_17,▁anti,0.956504,11,19187,11,▁anti,0.76831,3,23898,3,▁anti:0.9565;▁etc:0.0193;достатки:0.0052;▁finally:0.0046;▁and:0.0026,▁anti:0.7683;достатки:0.1154;anti:0.0710;为止:0.0094;▁finally:0.0063
antidisestablishmentarianism,multi_token_by_design,5,0,2236,anti,1999,anti,layer_19,▁anti,0.999837,2,34435,2,▁anti,0.949559,2,60997,2,▁anti:0.9998;anti:0.0002;-:0.0000;...:0.0000;▁again:0.0000,▁anti:0.9496;anti:0.0503;▁анти:0.0000;Anti:0.0000;▁antik:0.0000
antidisestablishmentarianism,multi_token_by_design,5,0,2236,anti,1999,anti,layer_20,▁anti,1.0,2,23452,2,▁anti,0.998978,2,79945,2,▁anti:1.0000;anti:0.0000;▁Anti:0.0000;Anti:0.0000;▁анти:0.0000,▁anti:0.9990;anti:0.0010;Anti:0.0000;▁анти:0.0000;▁Anti:0.0000
antidisestablishmentarianism,multi_token_by_design,5,0,2236,anti,1999,anti,layer_21,▁anti,1.0,2,5911,2,▁anti,0.99973,2,36615,2,▁anti:1.0000;anti:0.0000;Anti:0.0000;▁Anti:0.0000;▁body:0.0000,▁anti:0.9997;anti:0.0002;Anti:0.0000;▁анти:0.0000;▁Anti:0.0000
antidisestablishmentarianism,multi_token_by_design,5,0,2236,anti,1999,anti,layer_23,▁anti,1.0,2,8370,2,▁anti,0.999797,2,50501,2,▁anti:1.0000;anti:0.0000;▁Anti:0.0000;Anti:0.0000;▁анти:0.0000,▁anti:0.9998;anti:0.0002;Anti:0.0000;▁Anti:0.0000;▁анти:0.0000
antidisestablishmentarianism,multi_token_by_design,5,0,2236,anti,1999,anti,layer_25,-,1.0,90,441,90,-,0.985202,5,239,5,"-:1.0000;<eos>:0.0000;.:0.0000;,:0.0000;▁(:0.0000",-:0.9852;body:0.0049;ti:0.0024;des:0.0021;anti:0.0015
antidisestablishmentarianism,multi_token_by_design,5,0,2236,anti,1999,anti,layer_26,<eos>,0.999564,119,515,119,anti,0.796415,1,262,1,"<eos>:0.9996;-:0.0004;.:0.0000;,:0.0000;▁(:0.0000",anti:0.7964;-:0.0543;body:0.0382;ti:0.0238;des:0.0188
antidisestablishmentarianism,multi_token_by_design,5,0,2236,anti,1999,anti,final_logits,anti,0.562128,1,262,1,,,,,,anti:0.5621;-:0.0784;body:0.0598;ti:0.0413;des:0.0342,
antidisestablishmentarianism,multi_token_by_design,5,1,1999,dis,140695,anti,emb,dis,1.0,1,234992,761,dis,1.0,1,235004,613,dis:1.0000;▁dis:0.0000;Dis:0.0000;▁Dis:0.0000;DIS:0.0000,dis:1.0000;Dis:0.0000;▁dis:0.0000;▁Dis:0.0000;DIS:0.0000
antidisestablishmentarianism,multi_token_by_design,5,1,1999,dis,140695,anti,layer_1,dis,1.0,1,251900,1441,dis,1.0,1,247784,780,dis:1.0000;Dis:0.0000;▁dis:0.0000;▁Dis:0.0000;DIS:0.0000,dis:1.0000;Dis:0.0000;▁dis:0.0000;▁Dis:0.0000;DIS:0.0000
antidisestablishmentarianism,multi_token_by_design,5,1,1999,dis,140695,anti,layer_2,<bos>,0.964484,2,232296,1435,dis,1.0,1,231308,575,<bos>:0.9645;dis:0.0355;Dis:0.0000;▁dis:0.0000;▁Dis:0.0000,dis:1.0000;Dis:0.0000;▁dis:0.0000;▁Dis:0.0000;DIS:0.0000
antidisestablishmentarianism,multi_token_by_design,5,1,1999,dis,140695,anti,layer_3,dis,0.99992,1,194265,691,dis,1.0,1,189133,219,dis:0.9999;Dis:0.0001;▁dis:0.0000;▁Dis:0.0000;DIS:0.0000,dis:1.0000;Dis:0.0000;▁dis:0.0000;▁Dis:0.0000;DIS:0.0000
antidisestablishmentarianism,multi_token_by_design,5,1,1999,dis,140695,anti,layer_6,dis,0.797793,1,183444,2886,dis,0.999951,1,176911,204,dis:0.7978;<bos>:0.1868;Dis:0.0132;DIS:0.0012;▁dis:0.0006,dis:1.0000;Dis:0.0000;DIS:0.0000;▁Dis:0.0000;▁dis:0.0000
antidisestablishmentarianism,multi_token_by_design,5,1,1999,dis,140695,anti,layer_9,TargetException,0.668294,67,194666,5222,TargetException,0.662423,3,205500,479,TargetException:0.6683;neſs:0.1175;▁clearColor:0.0528;▁pleaſure:0.0343;▁houſe:0.0114,TargetException:0.6624;▁تضيفلها:0.1619;dis:0.1138;▁pleaſure:0.0198;▁clearColor:0.0098
antidisestablishmentarianism,multi_token_by_design,5,1,1999,dis,140695,anti,layer_12,csolódó,0.621732,5152,142132,103682,▁TextInputType,0.452085,122,198548,28811,csolódó:0.6217;neſs:0.1374;▁BoxDecoration:0.0814;▁TextInputType:0.0456;acaktır:0.0316,▁TextInputType:0.4521;▁فريبيس:0.1247;AddTagHelper:0.0942;acaktır:0.0833;паковка:0.0513
antidisestablishmentarianism,multi_token_by_design,5,1,1999,dis,140695,anti,layer_14,▁eternal,0.776964,69,93640,14576,AddTagHelper,0.292137,22,116847,16833,▁eternal:0.7770;▁additional:0.0812;▁finally:0.0449;▁lainnya:0.0338;▁again:0.0147,AddTagHelper:0.2921;▁eternal:0.2304;▁lainnya:0.1901;listFiles:0.0672;▁infine:0.0308
antidisestablishmentarianism,multi_token_by_design,5,1,1999,dis,140695,anti,layer_17,▁dis,0.888473,2,86579,7929,dis,0.701785,1,102481,9739,▁dis:0.8885;dis:0.0766;▁Dis:0.0334;Dis:0.0014;▁تانيه:0.0001,dis:0.7018;▁dis:0.1896;▁Dis:0.0533;Dis:0.0413;DIS:0.0128
antidisestablishmentarianism,multi_token_by_design,5,1,1999,dis,140695,anti,layer_19,▁dis,0.839385,2,101650,2657,dis,0.687367,1,121591,4963,"▁dis:0.8394;dis:0.1115;▁Dis:0.0484;:0.0003;Dis:0.0002",dis:0.6874;▁dis:0.1953;▁Dis:0.0960;Dis:0.0188;DIS:0.0017
antidisestablishmentarianism,multi_token_by_design,5,1,1999,dis,140695,anti,layer_20,▁dis,0.998687,3,89400,167,▁dis,0.798327,3,119705,156,▁dis:0.9987;▁Dis:0.0009;dis:0.0004;Dis:0.0000;▁anti:0.0000,▁dis:0.7983;▁Dis:0.1113;dis:0.0538;Dis:0.0323;▁DIS:0.0041
antidisestablishmentarianism,multi_token_by_design,5,1,1999,dis,140695,anti,layer_21,▁dis,0.989734,2,82152,620,▁تانيه,0.999744,4,118100,1370,▁dis:0.9897;dis:0.0097;▁Dis:0.0006;▁anti:0.0000;Dis:0.0000,▁تانيه:0.9997;▁Dis:0.0001;▁dis:0.0001;dis:0.0001;Dis:0.0000
antidisestablishmentarianism,multi_token_by_design,5,1,1999,dis,140695,anti,layer_23,▁anti,1.0,15,73984,2,▁anti,0.995289,13,87509,3,▁anti:1.0000;anti:0.0000;▁dis:0.0000;▁...:0.0000;...:0.0000,▁anti:0.9953;▁تانيه:0.0040;anti:0.0006;Anti:0.0000;▁dis:0.0000
antidisestablishmentarianism,multi_token_by_design,5,1,1999,dis,140695,anti,layer_25,<eos>,1.0,11,90481,65,dis,0.994125,1,111745,2,<eos>:1.0000;-:0.0000;...:0.0000;.:0.0000;▁(:0.0000,dis:0.9941;anti:0.0030;si:0.0011;ti:0.0008;-:0.0003
antidisestablishmentarianism,multi_token_by_design,5,1,1999,dis,140695,anti,layer_26,<eos>,1.0,181,63238,165,anti,0.742736,2,6314,1,"<eos>:1.0000;-:0.0000;.:0.0000;▁(:0.0000;,:0.0000",anti:0.7427;dis:0.2090;ti:0.0066;si:0.0014;...:0.0011
antidisestablishmentarianism,multi_token_by_design,5,1,1999,dis,140695,anti,final_logits,anti,0.706558,2,6314,1,,,,,,anti:0.7066;dis:0.2256;ti:0.0088;si:0.0019;...:0.0016,
antidisestablishmentarianism,multi_token_by_design,5,2,140695,establishment,7318,anti,emb,establishment,1.0,1,248134,254462,establishment,1.0,1,247900,254152,establishment:1.0000;▁Efq:0.0000;Establishment:0.0000;▁myſelf:0.0000;▁Monfieur:0.0000,establishment:1.0000;Establishment:0.0000;▁Establishment:0.0000;▁establishment:0.0000;▁Efq:0.0000
antidisestablishmentarianism,multi_token_by_design,5,2,140695,establishment,7318,anti,layer_1,establishment,1.0,1,244632,255365,establishment,1.0,1,230233,253656,establishment:1.0000;▁establishment:0.0000;Establishment:0.0000;▁Establishment:0.0000;▁ESTABL:0.0000,establishment:1.0000;▁establishment:0.0000;Establishment:0.0000;▁Establishment:0.0000;▁ESTABL:0.0000
antidisestablishmentarianism,multi_token_by_design,5,2,140695,establishment,7318,anti,layer_2,establishment,0.905689,1,246110,181317,establishment,0.999998,1,203890,124503,establishment:0.9057;<bos>:0.0935;▁establishment:0.0008;Establishment:0.0000;▁Establishment:0.0000,establishment:1.0000;▁establishment:0.0000;Establishment:0.0000;▁Establishment:0.0000;establish:0.0000
antidisestablishmentarianism,multi_token_by_design,5,2,140695,establishment,7318,anti,layer_3,establishment,0.989671,1,139054,247582,establishment,0.999358,1,69103,193175,establishment:0.9897;▁establishment:0.0103;Establishment:0.0000;▁Establishment:0.0000;▁ESTABL:0.0000,establishment:0.9994;▁establishment:0.0006;▁Establishment:0.0000;Establishment:0.0000;▁establishments:0.0000
antidisestablishmentarianism,multi_token_by_design,5,2,140695,establishment,7318,anti,layer_6,establishment,0.780343,1,49637,128284,establishment,0.9312,1,27667,61690,establishment:0.7803;▁establishment:0.0935;▁Establishment:0.0690;Establishment:0.0467;▁ComVisible:0.0045,establishment:0.9312;▁Establishment:0.0388;▁establishment:0.0240;Establishment:0.0059;RenderAtEndOf:0.0000
antidisestablishmentarianism,multi_token_by_design,5,2,140695,establishment,7318,anti,layer_9,neſs,0.607454,78,22648,91576,neſs,0.408102,43,19562,40992,neſs:0.6075;▁houſe:0.2588;▁pleaſure:0.0787;▁ſtre:0.0249;▁cauſe:0.0037,neſs:0.4081;▁pleaſure:0.2925;▁houſe:0.1046;▁تضيفلها:0.0842;▁ſtre:0.0810
antidisestablishmentarianism,multi_token_by_design,5,2,140695,establishment,7318,anti,layer_12,▁houſe,0.920337,285,70786,223383,▁houſe,0.867509,234,72382,175877,▁houſe:0.9203;neſs:0.0533;▁Efq:0.0147;▁Houſe:0.0034;▁Jefus:0.0021,▁houſe:0.8675;▁Efq:0.0490;AddTagHelper:0.0203;neſs:0.0130;▁pleaſure:0.0124
antidisestablishmentarianism,multi_token_by_design,5,2,140695,establishment,7318,anti,layer_14,AddTagHelper,0.957635,116,6413,126600,AddTagHelper,0.997472,118,14952,133092,AddTagHelper:0.9576;neſs:0.0270;▁defStyle:0.0084;▁eternal:0.0031;▁يتيمه:0.0012,AddTagHelper:0.9975;neſs:0.0008;▁pleaſure:0.0007;▁houſe:0.0004;▁ſame:0.0002
antidisestablishmentarianism,multi_token_by_design,5,2,140695,establishment,7318,anti,layer_17,▁تانيه,0.9992,197,1222,94778,▁purpoſe,0.434187,180,2991,130541,▁تانيه:0.9992;neſs:0.0003;▁يتيمه:0.0003;UIControlState:0.0001;▁defStyle:0.0000,▁purpoſe:0.4342;▁diſt:0.2853;▁تانيه:0.0866;▁houſe:0.0512;neſs:0.0313
antidisestablishmentarianism,multi_token_by_design,5,2,140695,establishment,7318,anti,layer_19,▁itself,0.453866,4736,352,67002,▁ſtre,0.752049,2653,861,112398,"▁itself:0.4539;▁following:0.3444;.:0.0513;:0.0366;▁تانيه:0.0264",▁ſtre:0.7520;▁Diſ:0.1272;▁houſe:0.0401;▁greateſt:0.0306;▁diſt:0.0178
antidisestablishmentarianism,multi_token_by_design,5,2,140695,establishment,7318,anti,layer_20,▁emergency,0.841312,7723,58,5962,▁Diſ,0.852074,3649,278,13780,▁emergency:0.8413;▁itself:0.0364;▁support:0.0311;▁summary:0.0247;▁following:0.0138,▁Diſ:0.8521;▁houſe:0.1133;▁diſt:0.0186;▁greateſt:0.0061;▁purpoſe:0.0031
antidisestablishmentarianism,multi_token_by_design,5,2,140695,establishment,7318,anti,layer_21,▁emergency,0.649123,13889,283,3627,▁Diſ,0.319031,6047,462,27363,▁emergency:0.6491;▁process:0.2714;▁following:0.0149;▁third:0.0106;▁assistance:0.0052,▁Diſ:0.3190;▁houſe:0.3022;▁purpoſe:0.2185;▁تانيه:0.1121;▁greateſt:0.0137
antidisestablishmentarianism,multi_token_by_design,5,2,140695,establishment,7318,anti,layer_23,▁anti,0.999936,1350,422,2,▁تانيه,0.970231,78,502,9,▁anti:0.9999;anti:0.0001;▁with:0.0000;▁establishment:0.0000;▁established:0.0000,▁تانيه:0.9702;TargetException:0.0145;▁antim:0.0034;▁againſt:0.0019;▁Diſ:0.0019
antidisestablishmentarianism,multi_token_by_design,5,2,140695,establishment,7318,anti,layer_25,<eos>,1.0,25367,880,14,anti,0.998303,400,14,1,<eos>:1.0000;-:0.0000;.:0.0000;with:0.0000;and:0.0000,anti:0.9983;dis:0.0014;with:0.0003;-:0.0000;ment:0.0000
antidisestablishmentarianism,multi_token_by_design,5,2,140695,establishment,7318,anti,layer_26,<eos>,1.0,40235,4641,139,anti,0.9964,18,25,1,<eos>:1.0000;-:0.0000;.:0.0000;<unused1>:0.0000;<unused0>:0.0000,anti:0.9964;dis:0.0018;with:0.0003;3:0.0001;<eos>:0.0001
antidisestablishmentarianism,multi_token_by_design,5,2,140695,establishment,7318,anti,final_logits,anti,0.99208,18,25,1,,,,,,anti:0.9921;dis:0.0037;with:0.0006;3:0.0002;<eos>:0.0002,
antidisestablishmentarianism,multi_token_by_design,5,3,7318,arian,2285,anti,emb,arian,1.0,1,20888,113372,arian,1.0,1,829,39233,arian:1.0000;ARIAN:0.0000;arians:0.0000;aryan:0.0000;arien:0.0000,arian:1.0000;ARIAN:0.0000;arians:0.0000;<unused1>:0.0000;<unused0>:0.0000
antidisestablishmentarianism,multi_token_by_design,5,3,7318,arian,2285,anti,layer_1,arian,1.0,1,402,42291,arian,1.0,1,95,3377,arian:1.0000;ARIAN:0.0000;arians:0.0000;aryan:0.0000;rian:0.0000,arian:1.0000;ARIAN:0.0000;arians:0.0000;<unused1>:0.0000;<unused0>:0.0000
antidisestablishmentarianism,multi_token_by_design,5,3,7318,arian,2285,anti,layer_2,<bos>,1.0,2,499,34282,arian,1.0,1,75,9359,<bos>:1.0000;arian:0.0000;ARIAN:0.0000;arians:0.0000;rian:0.0000,arian:1.0000;ARIAN:0.0000;arians:0.0000;<bos>:0.0000;rian:0.0000
antidisestablishmentarianism,multi_token_by_design,5,3,7318,arian,2285,anti,layer_3,<bos>,1.0,2,1286,72136,arian,1.0,1,110,26516,<bos>:1.0000;arian:0.0000;ARIAN:0.0000;arians:0.0000;Хьажоргаш:0.0000,arian:1.0000;ARIAN:0.0000;arians:0.0000;<bos>:0.0000;rian:0.0000
antidisestablishmentarianism,multi_token_by_design,5,3,7318,arian,2285,anti,layer_6,<bos>,0.998158,2,12691,84159,arian,0.994709,1,2623,53413,<bos>:0.9982;arian:0.0010;TargetException:0.0004;Архівовано:0.0001;ARIAN:0.0001,arian:0.9947;ScopeManager:0.0021;ARIAN:0.0016;TargetException:0.0007;WebVitals:0.0004
antidisestablishmentarianism,multi_token_by_design,5,3,7318,arian,2285,anti,layer_9,TargetException,0.53133,14,36204,28587,AnimationsModule,0.807103,4,11566,12352,TargetException:0.5313;AnimationsModule:0.2709;󠁢:0.0650;enumi:0.0178;csolódó:0.0124,AnimationsModule:0.8071;TargetException:0.1399;󠁢:0.0208;arian:0.0082;✭✭:0.0068
antidisestablishmentarianism,multi_token_by_design,5,3,7318,arian,2285,anti,layer_12,csolódó,0.775282,1294,117179,200308,WaitGroup,0.741886,470,78366,138798,csolódó:0.7753;▁BoxDecoration:0.0798;▁houſe:0.0229;󠁢:0.0192;neſs:0.0176,WaitGroup:0.7419;同上:0.1565;again:0.0114;▁Sigism:0.0102;csolódó:0.0080
antidisestablishmentarianism,multi_token_by_design,5,3,7318,arian,2285,anti,layer_14,▁eternal,0.671168,53,337,88416,AddTagHelper,0.682895,38,159,64409,"▁eternal:0.6712;▁defStyle:0.1414;AddTagHelper:0.0594;:0.0259;▁infinite:0.0225",AddTagHelper:0.6829;▁defStyle:0.1232;▁eternal:0.0751;Gön:0.0173;▁pleaſure:0.0103
antidisestablishmentarianism,multi_token_by_design,5,3,7318,arian,2285,anti,layer_17,▁تانيه,0.944512,6,137,48256,достатки,0.677508,3,83,54887,"▁تانيه:0.9445;достатки:0.0267;▁eternal:0.0048;:0.0041;ational:0.0030",достатки:0.6775;▁تانيه:0.1968;arian:0.0341;................:0.0198;ational:0.0066
antidisestablishmentarianism,multi_token_by_design,5,3,7318,arian,2285,anti,layer_19,достатки,0.997797,138,6,27962,достатки,0.92658,150,10,34096,"достатки:0.9978;:0.0005;▁endless:0.0004;▁infinite:0.0002;again:0.0002",достатки:0.9266;▁ſtre:0.0308;▁ſmall:0.0232;▁houſe:0.0101;▁Diſ:0.0030
antidisestablishmentarianism,multi_token_by_design,5,3,7318,arian,2285,anti,layer_20,"",0.394384,7,11,548,▁houſe,0.449532,18,43,649,":0.3944;▁scientific:0.2867;▁emergency:0.2650;▁opposition:0.0074;<eos>:0.0067",▁houſe:0.4495;достатки:0.1881;▁ſmall:0.1407;▁Diſ:0.0858;▁diſt:0.0555
antidisestablishmentarianism,multi_token_by_design,5,3,7318,arian,2285,anti,layer_21,▁opposite,0.331436,333,3,1448,▁houſe,0.540368,273,88,6312,▁opposite:0.3314;▁emergency:0.2769;ism:0.2505;[toxicity=0]:0.0506;▁third:0.0181,▁houſe:0.5404;▁تانيه:0.1604;▁Diſ:0.0815;▁Efq:0.0697;▁ſmall:0.0554
antidisestablishmentarianism,multi_token_by_design,5,3,7318,arian,2285,anti,layer_23,▁anti,1.0,1217,39,2,▁anti,0.996608,452,138,2,▁anti:1.0000;anti:0.0000;<eos>:0.0000;▁dis:0.0000;▁against:0.0000,▁anti:0.9966;anti:0.0032;▁dis:0.0001;▁تانيه:0.0000;Anti:0.0000
antidisestablishmentarianism,multi_token_by_design,5,3,7318,arian,2285,anti,layer_25,<eos>,1.0,2428,188,9,anti,0.999255,206,23,1,<eos>:1.0000;-:0.0000;<unused63>:0.0000;.:0.0000;and:0.0000,anti:0.9993;dis:0.0005;▁anti:0.0001;ti:0.0000;di:0.0000
antidisestablishmentarianism,multi_token_by_design,5,3,7318,arian,2285,anti,layer_26,<eos>,1.0,7664,536,129,anti,0.996657,578,30,1,<eos>:1.0000;-:0.0000;.:0.0000;<unused1>:0.0000;<unused0>:0.0000,anti:0.9967;dis:0.0009;ti:0.0005;▁anti:0.0001;th:0.0001
antidisestablishmentarianism,multi_token_by_design,5,3,7318,arian,2285,anti,final_logits,anti,0.991893,578,30,1,,,,,,anti:0.9919;dis:0.0021;ti:0.0011;▁anti:0.0003;th:0.0003,
antidisestablishmentarianism,multi_token_by_design,5,4,2285,ism,,arian,emb,ism,1.0,1,,503,ism,1.0,1,,368,ism:1.0000;ISM:0.0000;isme:0.0000;isms:0.0000;ismo:0.0000,ism:1.0000;<mask>:0.0000;<unused1>:0.0000;<unused2>:0.0000;<unused0>:0.0000
antidisestablishmentarianism,multi_token_by_design,5,4,2285,ism,,arian,layer_1,ism,1.0,1,,480,ism,1.0,1,,319,ism:1.0000;ISM:0.0000;isme:0.0000;ismo:0.0000;isms:0.0000,ism:1.0000;ISM:0.0000;<unused1>:0.0000;<mask>:0.0000;<unused2>:0.0000
antidisestablishmentarianism,multi_token_by_design,5,4,2285,ism,,arian,layer_2,<bos>,1.0,2,,50923,ism,1.0,1,,7485,<bos>:1.0000;ism:0.0000;ISM:0.0000;':0.0000;isme:0.0000,ism:1.0000;ISM:0.0000;isme:0.0000;<bos>:0.0000;isms:0.0000
antidisestablishmentarianism,multi_token_by_design,5,4,2285,ism,,arian,layer_3,<bos>,1.0,2,,95265,ism,1.0,1,,21842,<bos>:1.0000;ism:0.0000;ISM:0.0000;isme:0.0000;isms:0.0000,ism:1.0000;ISM:0.0000;<bos>:0.0000;isme:0.0000;isms:0.0000
antidisestablishmentarianism,multi_token_by_design,5,4,2285,ism,,arian,layer_6,<bos>,1.0,109,,62242,<bos>,1.0,27,,37440,"<bos>:1.0000;таратура:0.0000;▁समीक्षाओं:0.0000;,:0.0000;StructEnd:0.0000",<bos>:1.0000;▁समीक्षाओं:0.0000;▁незавершена:0.0000;таратура:0.0000;ScopeManager:0.0000
antidisestablishmentarianism,multi_token_by_design,5,4,2285,ism,,arian,layer_9,TargetException,0.701348,19378,,27383,TargetException,0.333759,6410,,23782,TargetException:0.7013;Przypisy:0.1237;AnimationsModule:0.0627;▁שוליים:0.0507;▁تضيفلها:0.0086,TargetException:0.3338;AnimationsModule:0.3078;Przypisy:0.2187;▁تضيفلها:0.1171;▁finally:0.0045
antidisestablishmentarianism,multi_token_by_design,5,4,2285,ism,,arian,layer_12,▁BoxDecoration,0.743537,164728,,108717,VersionUID,0.621511,121642,,111947,▁BoxDecoration:0.7435;VersionUID:0.1788;▁يتيمه:0.0665;Παραπομπές:0.0017;▁whoſe:0.0017,VersionUID:0.6215;▁BoxDecoration:0.3422;▁يتيمه:0.0102;Erstellt:0.0045;Przypisy:0.0042
antidisestablishmentarianism,multi_token_by_design,5,4,2285,ism,,arian,layer_14,▁again,0.49896,725,,6696,▁defStyle,0.524243,729,,15407,▁again:0.4990;▁defStyle:0.1689;again:0.1039;▁respectively:0.0560;▁respectivamente:0.0452,▁defStyle:0.5242;▁again:0.1535;▁respectivamente:0.0946;▁يتيمه:0.0609;▁respectively:0.0489
antidisestablishmentarianism,multi_token_by_design,5,4,2285,ism,,arian,layer_17,▁تانيه,0.999996,312,,750,▁تانيه,0.999746,289,,1424,▁تانيه:1.0000;ImageIO:0.0000;▁يتيمه:0.0000;ביוגרפיה:0.0000;достатки:0.0000,▁تانيه:0.9997;ImageIO:0.0001;ביוגרפיה:0.0001;▁متعلقه:0.0000;▁يتيمه:0.0000
antidisestablishmentarianism,multi_token_by_design,5,4,2285,ism,,arian,layer_19,▁تانيه,0.884115,106,,1242,достатки,0.505338,131,,2324,▁تانيه:0.8841;достатки:0.1111;enumi:0.0046;Примітки:0.0001;ImageIO:0.0000,достатки:0.5053;▁تانيه:0.3398;enumi:0.1200;▁فريبيس:0.0160;▁متعلقه:0.0118
antidisestablishmentarianism,multi_token_by_design,5,4,2285,ism,,arian,layer_20,<eos>,0.726053,27,,34,▁تانيه,0.877828,78,,90,<eos>:0.7261;▁تانيه:0.2114;▁conclusion:0.0191;▁again:0.0124;▁lastly:0.0116,▁تانيه:0.8778;достатки:0.0566;+#+#:0.0400;getMenuInflater:0.0078;creativecommons:0.0019
antidisestablishmentarianism,multi_token_by_design,5,4,2285,ism,,arian,layer_21,<eos>,0.991076,168,,456,▁تانيه,0.996869,2333,,852,<eos>:0.9911;▁finally:0.0065;<h1>:0.0009;▁appear:0.0008;▁conclusion:0.0003,▁تانيه:0.9969;▁متعلقه:0.0030;достатки:0.0001;▁purpoſe:0.0000;▁فريبيس:0.0000
antidisestablishmentarianism,multi_token_by_design,5,4,2285,ism,,arian,layer_23,<eos>,1.0,2131,,4,▁تانيه,0.99978,43698,,2,<eos>:1.0000;.:0.0000;-:0.0000;arian:0.0000;▁finally:0.0000,▁تانيه:0.9998;arian:0.0001;TargetException:0.0001;enumi:0.0000;▁المعيارى:0.0000
antidisestablishmentarianism,multi_token_by_design,5,4,2285,ism,,arian,layer_25,<eos>,1.0,629,,118,arian,0.999652,469,,1,"<eos>:1.0000;-:0.0000;<unused63>:0.0000;.:0.0000;
:0.0000",arian:0.9997;<eos>:0.0003;dis:0.0000;-:0.0000;ian:0.0000
antidisestablishmentarianism,multi_token_by_design,5,4,2285,ism,,arian,layer_26,<eos>,1.0,817,,1603,arian,0.977451,217,,1,<eos>:1.0000;-:0.0000;.:0.0000;<unused1>:0.0000;<unused0>:0.0000,arian:0.9775;ian:0.0040;<eos>:0.0039;anti:0.0020;dis:0.0017
antidisestablishmentarianism,multi_token_by_design,5,4,2285,ism,,arian,final_logits,arian,0.966361,217,,1,,,,,,arian:0.9664;ian:0.0058;<eos>:0.0057;anti:0.0029;dis:0.0025,
cryptocurrency,multi_token_by_design,2,0,30551,crypto,16093,crypto,emb,crypto,1.0,1,14629,1,crypto,1.0,1,4060,1,crypto:1.0000;Crypto:0.0000;▁crypto:0.0000;▁Crypto:0.0000;CRYPTO:0.0000,crypto:1.0000;▁crypto:0.0000;Crypto:0.0000;▁Crypto:0.0000;CRYPTO:0.0000
cryptocurrency,multi_token_by_design,2,0,30551,crypto,16093,crypto,layer_1,crypto,1.0,1,294,1,crypto,1.0,1,171,1,crypto:1.0000;Crypto:0.0000;▁crypto:0.0000;▁Crypto:0.0000;CRYPTO:0.0000,crypto:1.0000;Crypto:0.0000;▁crypto:0.0000;▁Crypto:0.0000;CRYPTO:0.0000
cryptocurrency,multi_token_by_design,2,0,30551,crypto,16093,crypto,layer_2,crypto,0.924342,1,5630,1,crypto,1.0,1,921,1,crypto:0.9243;<bos>:0.0757;Crypto:0.0000;▁crypto:0.0000;▁Crypto:0.0000,crypto:1.0000;Crypto:0.0000;▁crypto:0.0000;▁Crypto:0.0000;▁cripto:0.0000
cryptocurrency,multi_token_by_design,2,0,30551,crypto,16093,crypto,layer_3,crypto,0.999999,1,147,1,crypto,1.0,1,87,1,crypto:1.0000;Crypto:0.0000;▁crypto:0.0000;▁Crypto:0.0000;▁cripto:0.0000,crypto:1.0000;▁crypto:0.0000;Crypto:0.0000;▁Crypto:0.0000;▁cripto:0.0000
cryptocurrency,multi_token_by_design,2,0,30551,crypto,16093,crypto,layer_6,crypto,0.999873,1,9567,1,crypto,0.999996,1,7937,1,crypto:0.9999;Crypto:0.0001;<bos>:0.0000;▁crypto:0.0000;▁Crypto:0.0000,crypto:1.0000;Crypto:0.0000;▁crypto:0.0000;▁Crypto:0.0000;▁cripto:0.0000
cryptocurrency,multi_token_by_design,2,0,30551,crypto,16093,crypto,layer_9,crypto,0.988117,1,5287,1,crypto,0.99882,1,2625,1,crypto:0.9881;Crypto:0.0096;▁crypto:0.0014;▁Crypto:0.0003;Архівовано:0.0002,crypto:0.9988;Crypto:0.0010;▁crypto:0.0001;▁Crypto:0.0000;▁cripto:0.0000
cryptocurrency,multi_token_by_design,2,0,30551,crypto,16093,crypto,layer_12,▁Jefus,0.389032,404,27888,404,▁Chriſt,0.26012,17,16530,17,▁Jefus:0.3890;▁pleaſure:0.2376;neſs:0.0937;▁Chriftian:0.0910;▁Chriſt:0.0780,▁Chriſt:0.2601;neſs:0.1561;外部リンク:0.1404;▁Chriftian:0.0731;enumi:0.0409
cryptocurrency,multi_token_by_design,2,0,30551,crypto,16093,crypto,layer_14,▁pleaſure,0.931496,1703,51815,1703,AddTagHelper,0.993593,140,39105,140,▁pleaſure:0.9315;neſs:0.0319;AddTagHelper:0.0157;▁houſe:0.0103;▁Chriſt:0.0045,AddTagHelper:0.9936;▁pleaſure:0.0050;neſs:0.0010;▁Chriſt:0.0002;▁ſtill:0.0001
cryptocurrency,multi_token_by_design,2,0,30551,crypto,16093,crypto,layer_17,▁purpoſe,0.240069,1117,16200,1117,▁finally,0.765536,88,17996,88,▁purpoſe:0.2401;▁pleaſure:0.2181;▁fhort:0.1353;▁faſt:0.1251;▁diſt:0.0785,▁finally:0.7655;▁etc:0.0923;▁infine:0.0804;▁fhort:0.0329;▁viſ:0.0032
cryptocurrency,multi_token_by_design,2,0,30551,crypto,16093,crypto,layer_19,▁pleaſure,0.546689,597,2570,597,▁ſtre,0.887355,141,2080,141,▁pleaſure:0.5467;▁ſtre:0.4163;▁ſmall:0.0236;▁houſe:0.0102;▁fhort:0.0013,▁ſtre:0.8874;▁pleaſure:0.0785;▁ſmall:0.0178;▁fhort:0.0067;▁houſe:0.0033
cryptocurrency,multi_token_by_design,2,0,30551,crypto,16093,crypto,layer_20,▁cry,0.596407,26,405,26,▁ſmall,0.30408,49,517,49,▁cry:0.5964;▁crypto:0.3707;▁ſmall:0.0236;▁pleaſure:0.0038;▁infine:0.0028,▁ſmall:0.3041;▁pleaſure:0.2757;▁ſtre:0.1437;▁Chriſt:0.0963;▁raiſ:0.0792
cryptocurrency,multi_token_by_design,2,0,30551,crypto,16093,crypto,layer_21,▁cry,0.909086,832,2885,832,▁pleaſure,0.407475,119,1519,119,▁cry:0.9091;▁finally:0.0857;▁crypto:0.0031;================:0.0005;▁eventually:0.0003,▁pleaſure:0.4075;▁ſmall:0.3225;▁houſe:0.1276;▁ſtre:0.0519;▁purpoſe:0.0404
cryptocurrency,multi_token_by_design,2,0,30551,crypto,16093,crypto,layer_23,▁crypto,0.999996,5,6568,5,▁pleaſure,0.575038,7,4902,7,▁crypto:1.0000;▁cry:0.0000;▁Crypto:0.0000;Crypto:0.0000;crypto:0.0000,▁pleaſure:0.5750;Crypto:0.1428;▁Crypto:0.0887;▁purpoſe:0.0758;▁houſe:0.0244
cryptocurrency,multi_token_by_design,2,0,30551,crypto,16093,crypto,layer_25,<eos>,1.0,314,7828,314,crypto,0.999813,1,206,1,"<eos>:1.0000;-:0.0000;.:0.0000;
:0.0000;▁and:0.0000",crypto:0.9998;Crypto:0.0001;cry:0.0000;<eos>:0.0000;▁crypto:0.0000
cryptocurrency,multi_token_by_design,2,0,30551,crypto,16093,crypto,layer_26,<eos>,1.0,1380,11463,1380,crypto,0.999917,1,30,1,"<eos>:1.0000;-:0.0000;.:0.0000;,:0.0000;▁and:0.0000",crypto:0.9999;cry:0.0000;Crypto:0.0000;crip:0.0000;kry:0.0000
cryptocurrency,multi_token_by_design,2,0,30551,crypto,16093,crypto,final_logits,crypto,0.981505,1,30,1,,,,,,crypto:0.9815;cry:0.0019;Crypto:0.0010;crip:0.0009;kry:0.0008,
cryptocurrency,multi_token_by_design,2,1,16093,currency,,crypto,emb,currency,1.0,1,,59302,currency,1.0,1,,33650,currency:1.0000;▁myſelf:0.0000;▁itſelf:0.0000;▁Monfieur:0.0000;▁Currency:0.0000,currency:1.0000;▁currency:0.0000;▁Currency:0.0000;CURRENCY:0.0000;Currency:0.0000
cryptocurrency,multi_token_by_design,2,1,16093,currency,,crypto,layer_1,currency,1.0,1,,96,currency,1.0,1,,91,currency:1.0000;▁currency:0.0000;Currency:0.0000;▁Currency:0.0000;CURRENCY:0.0000,currency:1.0000;▁currency:0.0000;Currency:0.0000;▁Currency:0.0000;CURRENCY:0.0000
cryptocurrency,multi_token_by_design,2,1,16093,currency,,crypto,layer_2,currency,1.0,1,,679,currency,1.0,1,,327,currency:1.0000;<bos>:0.0000;▁currency:0.0000;Currency:0.0000;▁Currency:0.0000,currency:1.0000;▁currency:0.0000;Currency:0.0000;▁Currency:0.0000;▁currencies:0.0000
cryptocurrency,multi_token_by_design,2,1,16093,currency,,crypto,layer_3,currency,0.999996,1,,4814,currency,1.0,1,,1660,currency:1.0000;▁currency:0.0000;Currency:0.0000;▁Currency:0.0000;CURRENCY:0.0000,currency:1.0000;▁currency:0.0000;Currency:0.0000;▁Currency:0.0000;CURRENCY:0.0000
cryptocurrency,multi_token_by_design,2,1,16093,currency,,crypto,layer_6,currency,0.996013,1,,2817,currency,0.997652,1,,1251,currency:0.9960;▁currency:0.0032;Currency:0.0006;<bos>:0.0002;CURRENCY:0.0000,currency:0.9977;▁currency:0.0023;Currency:0.0000;CURRENCY:0.0000;▁currencies:0.0000
cryptocurrency,multi_token_by_design,2,1,16093,currency,,crypto,layer_9,currency,0.970338,1,,5921,currency,0.999024,1,,2751,"currency:0.9703;

:0.0147;▁currency:0.0048;.:0.0041;▁and:0.0027",currency:0.9990;▁currency:0.0010;Currency:0.0000;▁will:0.0000;CURRENCY:0.0000
cryptocurrency,multi_token_by_design,2,1,16093,currency,,crypto,layer_12,▁متعلقه,0.384331,35,,90473,enumi,0.303225,5,,45751,▁متعلقه:0.3843;▁ſeveral:0.2396;leyebilirsiniz:0.0959;▁purpoſe:0.0550;▁Chriſt:0.0370,enumi:0.3032;外部リンク:0.2314;leyebilirsiniz:0.1844;▁متعلقه:0.1391;currency:0.0727
cryptocurrency,multi_token_by_design,2,1,16093,currency,,crypto,layer_14,▁pleaſure,0.603766,550,,189060,AddTagHelper,0.939168,100,,150710,▁pleaſure:0.6038;▁houſe:0.1077;▁purpoſe:0.0900;▁Chriſt:0.0463;▁ſeveral:0.0389,AddTagHelper:0.9392;▁pleaſure:0.0244;▁continúas:0.0137;▁purpoſe:0.0034;▁Chriftian:0.0027
cryptocurrency,multi_token_by_design,2,1,16093,currency,,crypto,layer_17,▁purpoſe,0.999363,476,,109880,▁purpoſe,0.656947,97,,50684,▁purpoſe:0.9994;▁houſe:0.0004;▁faſt:0.0001;▁pleaſure:0.0000;▁cauſe:0.0000,▁purpoſe:0.6569;▁متعلقه:0.2786;▁تانيه:0.0178;▁ſtre:0.0130;▁Zwiebel:0.0063
cryptocurrency,multi_token_by_design,2,1,16093,currency,,crypto,layer_19,▁houſe,0.800735,215,,35764,▁ſtre,0.77977,113,,12910,▁houſe:0.8007;▁ſtre:0.0762;▁pleaſure:0.0616;▁purpoſe:0.0580;▁ſeveral:0.0011,▁ſtre:0.7798;▁houſe:0.0927;▁purpoſe:0.0675;▁pleaſure:0.0254;▁raiſ:0.0204
cryptocurrency,multi_token_by_design,2,1,16093,currency,,crypto,layer_20,▁currency,0.981651,16,,4040,▁purpoſe,0.644997,35,,1276,▁currency:0.9817;▁houſe:0.0129;▁purpoſe:0.0052;▁Majefty:0.0001;▁cryptocurrency:0.0000,▁purpoſe:0.6450;▁houſe:0.2285;▁ſtre:0.0316;▁raiſ:0.0307;▁currency:0.0189
cryptocurrency,multi_token_by_design,2,1,16093,currency,,crypto,layer_21,▁currency,0.991474,365,,15600,▁purpoſe,0.817849,235,,5562,▁currency:0.9915;▁remainder:0.0061;▁combination:0.0014;▁lastly:0.0006;▁possibility:0.0001,▁purpoſe:0.8178;▁houſe:0.1612;▁pleaſure:0.0130;▁ſeveral:0.0039;▁ſtate:0.0012
cryptocurrency,multi_token_by_design,2,1,16093,currency,,crypto,layer_23,▁currency,0.938156,44,,1022,▁purpoſe,0.72867,110,,312,▁currency:0.9382;▁shortage:0.0602;▁cryptocurrency:0.0016;▁scarcity:0.0000;▁lack:0.0000,▁purpoſe:0.7287;▁itſelf:0.2360;▁Majefty:0.0244;▁pleaſure:0.0029;▁raiſ:0.0026
cryptocurrency,multi_token_by_design,2,1,16093,currency,,crypto,layer_25,<eos>,1.0,1383,,1180,currency,0.748187,1,,2,"<eos>:1.0000;-:0.0000;.:0.0000;▁and:0.0000;
:0.0000",currency:0.7482;crypto:0.1523;<eos>:0.0602;▁cryptocurrency:0.0254;}}:0.0031
cryptocurrency,multi_token_by_design,2,1,16093,currency,,crypto,layer_26,<eos>,1.0,4976,,2833,crypto,0.752905,2,,1,"<eos>:1.0000;-:0.0000;.:0.0000;▁and:0.0000;,:0.0000",crypto:0.7529;currency:0.2438;<eos>:0.0006;}}:0.0005;}:0.0001
cryptocurrency,multi_token_by_design,2,1,16093,currency,,crypto,final_logits,crypto,0.60979,2,,1,,,,,,crypto:0.6098;currency:0.3222;<eos>:0.0063;}}:0.0058;}:0.0021,
unbelievable,multi_token_by_design,2,0,549,un,145340,un,emb,un,1.0,1,126341,1,un,1.0,1,135060,1,un:1.0000;Un:0.0000;▁un:0.0000;▁Un:0.0000;▁:0.0000,un:1.0000;Un:0.0000;▁un:0.0000;▁Un:0.0000;<unk>:0.0000
unbelievable,multi_token_by_design,2,0,549,un,145340,un,layer_1,un,1.0,1,137773,1,un,1.0,1,159475,1,un:1.0000;Un:0.0000;▁un:0.0000;UN:0.0000;▁Un:0.0000,un:1.0000;Un:0.0000;▁un:0.0000;UN:0.0000;▁Un:0.0000
unbelievable,multi_token_by_design,2,0,549,un,145340,un,layer_2,un,1.0,1,112244,1,un,1.0,1,139289,1,un:1.0000;Un:0.0000;▁un:0.0000;UN:0.0000;<bos>:0.0000,un:1.0000;Un:0.0000;UN:0.0000;▁un:0.0000;▁Un:0.0000
unbelievable,multi_token_by_design,2,0,549,un,145340,un,layer_3,un,0.999999,1,125728,1,un,1.0,1,147530,1,un:1.0000;UN:0.0000;Un:0.0000;▁Un:0.0000;▁un:0.0000,un:1.0000;UN:0.0000;Un:0.0000;▁Un:0.0000;▁un:0.0000
unbelievable,multi_token_by_design,2,0,549,un,145340,un,layer_6,un,0.973867,1,77413,1,un,0.959281,1,64962,1,un:0.9739;Ligações:0.0044;▁ho:0.0028;▁متعلقه:0.0024;enumi:0.0023,un:0.9593;▁متعلقه:0.0404;</thead>:0.0001;Ligações:0.0001;adaptiveStyles:0.0001
unbelievable,multi_token_by_design,2,0,549,un,145340,un,layer_9,enumi,0.998476,4,129962,4,enumi,0.923193,6,119859,6,enumi:0.9985;\{\\:0.0013;▁also:0.0001;un:0.0001;</thead>:0.0001,enumi:0.9232;\{\\:0.0767;AnimationsModule:0.0000;WebVitals:0.0000;</thead>:0.0000
unbelievable,multi_token_by_design,2,0,549,un,145340,un,layer_12,enumi,0.828763,68,155804,68,\{\\,0.815186,10,140053,10,"enumi:0.8288;\{\\:0.1027;醐:0.0500;Παραπομπές:0.0040;:0.0033",\{\\:0.8152;enumi:0.0682;(&::0.0337;Παραπομπές:0.0213;外部リンク:0.0119
unbelievable,multi_token_by_design,2,0,549,un,145340,un,layer_14,enumi,0.826601,24,182344,24,▁I,0.290672,4,174144,4,"enumi:0.8266;▁I:0.0784;â:0.0253;▁etc:0.0153;

:0.0144",▁I:0.2907;▁etc:0.1583;enumi:0.1122;un:0.1048;mouseup:0.0946
unbelievable,multi_token_by_design,2,0,549,un,145340,un,layer_17,▁تانيه,0.980703,23,129038,23,▁تانيه,0.867918,20,123916,20,▁تانيه:0.9807;▁FontWeight:0.0114;randomUUID:0.0045;▁BoxFit:0.0027;▁Un:0.0002,▁تانيه:0.8679;randomUUID:0.0887;▁FontWeight:0.0290;▁BoxFit:0.0048;tvguidetime:0.0041
unbelievable,multi_token_by_design,2,0,549,un,145340,un,layer_19,enumi,0.930072,120,68769,120,enumi,0.736392,113,56719,113,"enumi:0.9301;:0.0698;▁تانيه:0.0000;cupertino:0.0000;▁:0.0000","enumi:0.7364;findpost:0.0960;cupertino:0.0330;:0.0162;randomUUID:0.0160"
unbelievable,multi_token_by_design,2,0,549,un,145340,un,layer_20,"",0.580966,23,91151,23,findpost,0.964948,78,84729,78,":0.5810;VersionUID:0.2822;findpost:0.1264;enumi:0.0067;ContentAsync:0.0019",findpost:0.9649;VersionUID:0.0304;ContentAsync:0.0019;randomUUID:0.0017;+#+#:0.0004
unbelievable,multi_token_by_design,2,0,549,un,145340,un,layer_21,"",0.722686,5,101929,5,ContentAsync,0.821408,138,116593,138,":0.7227;▁un:0.2753;▁two:0.0011;▁other:0.0004;un:0.0003",ContentAsync:0.8214;findpost:0.1097;▁متعلقه:0.0216;קישורים:0.0152;tvguidetime:0.0149
unbelievable,multi_token_by_design,2,0,549,un,145340,un,layer_23,un,0.967721,1,160409,1,un,0.805095,1,203470,1,"un:0.9677;▁un:0.0323;:0.0000;▁Un:0.0000;Un:0.0000",un:0.8051;ContentAsync:0.0701;▁un:0.0681;+#+#:0.0153;AxisAlignment:0.0122
unbelievable,multi_token_by_design,2,0,549,un,145340,un,layer_25,un,1.0,1,91397,1,un,0.999997,1,92788,1,"un:1.0000;-:0.0000;<eos>:0.0000;

:0.0000;,:0.0000",un:1.0000;Un:0.0000;▁un:0.0000;UN:0.0000;▁UN:0.0000
unbelievable,multi_token_by_design,2,0,549,un,145340,un,layer_26,<eos>,1.0,4,81024,4,un,0.995293,1,46978,1,"<eos>:1.0000;-:0.0000;,:0.0000;un:0.0000;▁(:0.0000",un:0.9953;oun:0.0006;on:0.0004;av:0.0004;of:0.0002
unbelievable,multi_token_by_design,2,0,549,un,145340,un,final_logits,un,0.99118,1,46978,1,,,,,,un:0.9912;oun:0.0011;on:0.0008;av:0.0007;of:0.0004,
unbelievable,multi_token_by_design,2,1,145340,believable,,un,emb,believable,1.0,1,,255775,believable,1.0,1,,255720,believable:1.0000;▁Theſe:0.0000;▁myſelf:0.0000;▁Monfieur:0.0000;▁Efq:0.0000,believable:1.0000;▁myſelf:0.0000;▁Efq:0.0000;▁itſelf:0.0000;▁Monfieur:0.0000
unbelievable,multi_token_by_design,2,1,145340,believable,,un,layer_1,believable,1.0,1,,221828,believable,1.0,1,,86308,believable:1.0000;▁unbelievable:0.0000;▁Theſe:0.0000;▁believable:0.0000;▁Monfieur:0.0000,believable:1.0000;<mask>:0.0000;<unused1>:0.0000;<unused2>:0.0000;<unused0>:0.0000
unbelievable,multi_token_by_design,2,1,145340,believable,,un,layer_2,<bos>,0.612494,2,,21102,believable,1.0,1,,3116,<bos>:0.6125;believable:0.3875;▁unbelievable:0.0000;▁believable:0.0000;Incredible:0.0000,believable:1.0000;▁unbelievable:0.0000;<bos>:0.0000;▁believable:0.0000;<unk>:0.0000
unbelievable,multi_token_by_design,2,1,145340,believable,,un,layer_3,believable,1.0,1,,128628,believable,1.0,1,,30598,believable:1.0000;<bos>:0.0000;▁unbelievable:0.0000;▁estekak:0.0000;parsedMessage:0.0000,believable:1.0000;▁unbelievable:0.0000;▁estekak:0.0000;▁believable:0.0000;parsedMessage:0.0000
unbelievable,multi_token_by_design,2,1,145340,believable,,un,layer_6,believable,0.999467,1,,84734,believable,1.0,1,,57738,believable:0.9995;الإنجليزية:0.0005;bootstrapcdn:0.0000;▁unbelievable:0.0000;PrototypeOf:0.0000,believable:1.0000;الإنجليزية:0.0000;▁unbelievable:0.0000;bootstrapcdn:0.0000;</thead>:0.0000
unbelievable,multi_token_by_design,2,1,145340,believable,,un,layer_9,\{\\,0.907828,9,,40609,\{\\,0.92209,9,,51443,\{\\:0.9078;</thead>:0.0553;▁arşivlendi:0.0299;الإنجليزية:0.0032;twimg:0.0021,\{\\:0.9221;▁arşivlendi:0.0400;twimg:0.0209;</thead>:0.0075;الإنجليزية:0.0048
unbelievable,multi_token_by_design,2,1,145340,believable,,un,layer_12,\{\\,0.426555,383,,191178,</thead>,0.94432,69,,119751,\{\\:0.4266;</thead>:0.3848;WebVitals:0.1612;csolódó:0.0074;▁Theſe:0.0042,</thead>:0.9443;\{\\:0.0358;▁Efq:0.0037;▁Theſe:0.0031;▁ſmall:0.0025
unbelievable,multi_token_by_design,2,1,145340,believable,,un,layer_14,enumi,0.99857,1444,,54104,enumi,0.63398,160,,48101,enumi:0.9986;▁arşivlendi:0.0006;</thead>:0.0005;▁lainnya:0.0001;.[/:0.0000,enumi:0.6340;</thead>:0.1393;▁arşivlendi:0.0716;▁UIApplication:0.0424;▁defStyle:0.0329
unbelievable,multi_token_by_design,2,1,145340,believable,,un,layer_17,▁finally,0.7256,1976,,15845,twimg,0.1544,442,,36833,▁finally:0.7256;umenti:0.1409;ImageIO:0.0211;ational:0.0142;▁arşivlendi:0.0138,twimg:0.1544;▁ſhe:0.1153;▁arşivlendi:0.1072;▁viſ:0.0806;▁ſmall:0.0627
unbelievable,multi_token_by_design,2,1,145340,believable,,un,layer_19,VersionUID,0.993928,7124,,22938,▁ſeveral,0.538549,2543,,44417,"VersionUID:0.9939;enumi:0.0055;mycompany:0.0004;\{\\:0.0000;!(""{:0.0000",▁ſeveral:0.5385;▁ſmall:0.2079;▁leaſt:0.1301;▁Diſ:0.0281;▁houſe:0.0225
unbelievable,multi_token_by_design,2,1,145340,believable,,un,layer_20,VersionUID,0.999995,680,,1301,VersionUID,0.977475,232,,9211,VersionUID:1.0000;▁unbelievable:0.0000;▁ones:0.0000;▁anything:0.0000;▁scientific:0.0000,VersionUID:0.9775;▁ſeveral:0.0095;▁ſmall:0.0060;▁leaſt:0.0028;▁Theſe:0.0024
unbelievable,multi_token_by_design,2,1,145340,believable,,un,layer_21,<h1>,0.444059,6058,,46,VersionUID,0.843712,496,,2106,<h1>:0.4441;▁amazing:0.1620;▁un:0.0855;▁ones:0.0560;▁scientific:0.0558,VersionUID:0.8437;▁ſeveral:0.0726;▁leaſt:0.0636;▁ſmall:0.0135;▁Theſe:0.0013
unbelievable,multi_token_by_design,2,1,145340,believable,,un,layer_23,▁un,0.999792,1650,,2,WebVitals,0.886858,19,,4,▁un:0.9998;un:0.0002;▁unbelievable:0.0000;Un:0.0000;<h1>:0.0000,WebVitals:0.8869;▁un:0.1057;▁unbelievable:0.0061;un:0.0010;Un:0.0001
unbelievable,multi_token_by_design,2,1,145340,believable,,un,layer_25,un,1.0,6935,,1,un,0.999626,27,,1,un:1.0000;▁un:0.0000;in:0.0000;<eos>:0.0000;-:0.0000,un:0.9996;▁un:0.0004;Un:0.0000;▁Un:0.0000;UN:0.0000
unbelievable,multi_token_by_design,2,1,145340,believable,,un,layer_26,<eos>,1.0,37865,,5,un,0.99797,32,,1,"<eos>:1.0000;,:0.0000;.:0.0000;▁(:0.0000;un:0.0000","un:0.9980;

:0.0004;▁un:0.0003;in:0.0002;man:0.0001"
unbelievable,multi_token_by_design,2,1,145340,believable,,un,final_logits,un,0.996487,32,,1,,,,,,"un:0.9965;

:0.0007;▁un:0.0005;in:0.0003;man:0.0002",
biotechnology,multi_token_by_design,2,0,7518,bio,32653,film,emb,bio,1.0,1,193861,1765,bio,1.0,1,159751,1002,bio:1.0000;▁bio:0.0000;Bio:0.0000;▁Bio:0.0000;BIO:0.0000,bio:1.0000;▁bio:0.0000;Bio:0.0000;▁Bio:0.0000;BIO:0.0000
biotechnology,multi_token_by_design,2,0,7518,bio,32653,film,layer_1,bio,0.999998,1,200290,3014,bio,1.0,1,186110,2848,bio:1.0000;▁bio:0.0000;Bio:0.0000;▁Bio:0.0000;BIO:0.0000,bio:1.0000;▁bio:0.0000;Bio:0.0000;▁Bio:0.0000;BIO:0.0000
biotechnology,multi_token_by_design,2,0,7518,bio,32653,film,layer_2,bio,0.999963,1,144929,23602,bio,1.0,1,159304,14062,bio:1.0000;▁bio:0.0000;Bio:0.0000;▁Bio:0.0000;<bos>:0.0000,bio:1.0000;▁bio:0.0000;Bio:0.0000;▁Bio:0.0000;BIO:0.0000
biotechnology,multi_token_by_design,2,0,7518,bio,32653,film,layer_3,bio,0.999484,1,176955,5754,bio,0.999993,1,185043,5160,bio:0.9995;▁bio:0.0005;Bio:0.0000;▁Bio:0.0000;BIO:0.0000,bio:1.0000;▁bio:0.0000;Bio:0.0000;▁Bio:0.0000;BIO:0.0000
biotechnology,multi_token_by_design,2,0,7518,bio,32653,film,layer_6,▁bio,0.613608,2,189267,10552,bio,0.608807,1,193533,9946,▁bio:0.6136;bio:0.3859;▁Bio:0.0003;Bio:0.0001;▁BIO:0.0000,bio:0.6088;▁bio:0.3912;▁Bio:0.0000;Bio:0.0000;▁BIO:0.0000
biotechnology,multi_token_by_design,2,0,7518,bio,32653,film,layer_9,▁bio,0.821881,2,159397,7659,bio,0.603508,1,190949,6789,▁bio:0.8219;bio:0.1770;<bos>:0.0005;Архівовано:0.0002;GraphicsUnit:0.0001,bio:0.6035;▁bio:0.3964;WebVitals:0.0001;Bio:0.0000;GraphicsUnit:0.0000
biotechnology,multi_token_by_design,2,0,7518,bio,32653,film,layer_12,\{\\,0.510763,20,167442,9042,▁فريبيس,0.600238,9,191079,9921,\{\\:0.5108;</thead>:0.2243;enumi:0.1957;of:0.0508;▁فريبيس:0.0087,▁فريبيس:0.6002;\{\\:0.3804;</thead>:0.0076;of:0.0041;▁bio:0.0030
biotechnology,multi_token_by_design,2,0,7518,bio,32653,film,layer_14,<bos>,0.98383,32,182066,11666,▁defStyle,0.696261,6,177125,9282,<bos>:0.9838;enumi:0.0162;▁defStyle:0.0000;▁onData:0.0000;GraphicsUnit:0.0000,▁defStyle:0.6963;enumi:0.2199;▁bio:0.0366;MemoryWarning:0.0193;▁finally:0.0042
biotechnology,multi_token_by_design,2,0,7518,bio,32653,film,layer_17,GraphicsUnit,0.647361,19,143369,101731,▁bio,0.69033,2,122354,69478,GraphicsUnit:0.6474;קישורים:0.2136;▁pleaſure:0.0563;tagHelper:0.0352;▁onData:0.0327,▁bio:0.6903;bio:0.2592;▁nélk:0.0219;tagHelper:0.0091;קישורים:0.0064
biotechnology,multi_token_by_design,2,0,7518,bio,32653,film,layer_19,▁pleaſure,0.846244,106,132877,52444,▁bio,0.795873,6,106179,26049,▁pleaſure:0.8462;neſs:0.1492;出版年:0.0042;▁Diſ:0.0004;wiſe:0.0000,▁bio:0.7959;▁pleaſure:0.1865;出版年:0.0068;neſs:0.0066;▁Diſ:0.0030
biotechnology,multi_token_by_design,2,0,7518,bio,32653,film,layer_20,▁bio,1.0,2,55126,35206,▁bio,0.999848,2,79634,37786,▁bio:1.0000;bio:0.0000;▁Bio:0.0000;Bio:0.0000;▁pleaſure:0.0000,▁bio:0.9998;bio:0.0001;▁Bio:0.0000;▁pleaſure:0.0000;▁Diſ:0.0000
biotechnology,multi_token_by_design,2,0,7518,bio,32653,film,layer_21,▁bio,1.0,4,30499,7240,▁bio,0.999932,4,83154,20039,▁bio:1.0000;▁Bio:0.0000;Bio:0.0000;bio:0.0000;▁био:0.0000,▁bio:0.9999;▁Bio:0.0001;Bio:0.0000;bio:0.0000;▁Efq:0.0000
biotechnology,multi_token_by_design,2,0,7518,bio,32653,film,layer_23,▁bio,1.0,3,69182,128,▁bio,0.999841,3,138508,416,▁bio:1.0000;▁Bio:0.0000;bio:0.0000;Bio:0.0000;▁BIO:0.0000,▁bio:0.9998;▁Bio:0.0001;bio:0.0000;Bio:0.0000;▁BIO:0.0000
biotechnology,multi_token_by_design,2,0,7518,bio,32653,film,layer_25,▁bio,1.0,2,9921,37,bio,0.578294,1,25479,11,▁bio:1.0000;bio:0.0000;▁Bio:0.0000;Bio:0.0000;-:0.0000,bio:0.5783;▁bio:0.4180;▁Bio:0.0021;Bio:0.0016;▁BIO:0.0000
biotechnology,multi_token_by_design,2,0,7518,bio,32653,film,layer_26,.,0.711106,1015,5093,741,film,0.589507,4,1161,1,.:0.7111;-:0.2889;<eos>:0.0000;):0.0000;▁(:0.0000,film:0.5895;pot:0.0618;control:0.0474;bio:0.0240;):0.0170
biotechnology,multi_token_by_design,2,0,7518,bio,32653,film,final_logits,film,0.577793,4,1161,1,,,,,,film:0.5778;pot:0.0619;control:0.0475;bio:0.0241;):0.0171,
biotechnology,multi_token_by_design,2,1,32653,technology,,bio,emb,technology,1.0,1,,249054,technology,1.0,1,,248629,technology:1.0000;TECHNOLOGY:0.0000;Technology:0.0000;▁TECHNOLOGY:0.0000;▁technology:0.0000,technology:1.0000;Technology:0.0000;▁technology:0.0000;TECHNOLOGY:0.0000;▁Technology:0.0000
biotechnology,multi_token_by_design,2,1,32653,technology,,bio,layer_1,technology,0.99768,1,,143332,technology,0.999995,1,,127420,technology:0.9977;▁technology:0.0023;Technology:0.0000;▁Technology:0.0000;▁TECHNOLOGY:0.0000,technology:1.0000;▁technology:0.0000;Technology:0.0000;▁Technology:0.0000;▁TECHNOLOGY:0.0000
biotechnology,multi_token_by_design,2,1,32653,technology,,bio,layer_2,<bos>,1.0,3,,16343,▁technology,0.615227,2,,5574,<bos>:1.0000;▁technology:0.0000;technology:0.0000;Technology:0.0000;▁Technology:0.0000,▁technology:0.6152;technology:0.3847;Technology:0.0000;▁Technology:0.0000;▁TECHNOLOGY:0.0000
biotechnology,multi_token_by_design,2,1,32653,technology,,bio,layer_3,<bos>,0.993812,3,,28157,▁technology,0.710745,2,,9235,<bos>:0.9938;▁technology:0.0054;technology:0.0007;Technology:0.0001;▁Technology:0.0000,▁technology:0.7107;technology:0.2888;Technology:0.0004;▁Technology:0.0000;▁TECHNOLOGY:0.0000
biotechnology,multi_token_by_design,2,1,32653,technology,,bio,layer_6,<bos>,0.999802,4,,9745,▁technology,0.990297,3,,2476,<bos>:0.9998;▁technology:0.0002;▁itſelf:0.0000;technology:0.0000;annica:0.0000,▁technology:0.9903;▁itſelf:0.0063;technology:0.0021;▁biotechnology:0.0013;▁technologies:0.0000
biotechnology,multi_token_by_design,2,1,32653,technology,,bio,layer_9,▁technology,0.602461,17,,4047,▁technology,0.641805,9,,1308,▁technology:0.6025;▁and:0.1647;<bos>:0.0814;▁also:0.0164;▁BoxDecoration:0.0136,▁technology:0.6418;▁biotechnology:0.1486;▁يتيمه:0.1038;▁BoxDecoration:0.0621;外部リンク:0.0072
biotechnology,multi_token_by_design,2,1,32653,technology,,bio,layer_12,▁فريبيس,0.831483,2233,,81783,▁فريبيس,0.882193,1536,,43275,▁فريبيس:0.8315;Архівовано:0.1366;\{\\:0.0192;▁BoxDecoration:0.0086;外部リンク:0.0012,▁فريبيس:0.8822;Архівовано:0.0596;外部リンク:0.0312;\{\\:0.0139;▁BoxDecoration:0.0109
biotechnology,multi_token_by_design,2,1,32653,technology,,bio,layer_14,enumi,0.588742,7460,,44916,▁defStyle,0.813755,3440,,20863,enumi:0.5887;▁defStyle:0.3549;IfNeeded:0.0479;▁defStyleAttr:0.0063;▁lainnya:0.0005,▁defStyle:0.8138;IfNeeded:0.1037;enumi:0.0269;▁defStyleAttr:0.0253;MemoryWarning:0.0216
biotechnology,multi_token_by_design,2,1,32653,technology,,bio,layer_17,MemoryWarning,0.939452,1306,,42765,MemoryWarning,0.993493,223,,7605,MemoryWarning:0.9395;▁pleaſure:0.0272;▁تانيه:0.0242;▁houſe:0.0080;\{\\:0.0003,MemoryWarning:0.9935;+#+#:0.0045;▁تانيه:0.0018;▁pleaſure:0.0000;GenerationType:0.0000
biotechnology,multi_token_by_design,2,1,32653,technology,,bio,layer_19,▁pleaſure,0.854366,11758,,15794,▁pleaſure,0.869771,3816,,2902,▁pleaſure:0.8544;▁houſe:0.1415;▁Houſe:0.0036;neſs:0.0003;▁Diſ:0.0002,▁pleaſure:0.8698;▁houſe:0.0956;▁Diſ:0.0175;▁Houſe:0.0139;▁purpoſe:0.0008
biotechnology,multi_token_by_design,2,1,32653,technology,,bio,layer_20,▁houſe,0.790469,118,,2954,▁Diſ,0.509439,105,,1674,▁houſe:0.7905;▁pleaſure:0.1728;ſelves:0.0249;▁Houſe:0.0058;▁Diſ:0.0052,▁Diſ:0.5094;▁pleaſure:0.2455;▁houſe:0.1972;▁Houſe:0.0180;ſelves:0.0081
biotechnology,multi_token_by_design,2,1,32653,technology,,bio,layer_21,▁technology,0.95486,102,,550,MemoryWarning,0.403844,439,,1171,▁technology:0.9549;▁advancement:0.0322;MemoryWarning:0.0048;enumi:0.0032;▁تانيه:0.0029,MemoryWarning:0.4038;▁BoxDecoration:0.1862;▁فريبيس:0.1680;▁houſe:0.0944;▁تانيه:0.0860
biotechnology,multi_token_by_design,2,1,32653,technology,,bio,layer_23,▁technology,1.0,23,,9,▁للمعارف,0.614975,149,,63,▁technology:1.0000;▁bio:0.0000;▁biotechnology:0.0000;▁technological:0.0000;Bio:0.0000,▁للمعارف:0.6150;▁فريبيس:0.3815;تقاوى:0.0019;▁Normdatei:0.0008;+#+#:0.0004
biotechnology,multi_token_by_design,2,1,32653,technology,,bio,layer_25,▁in,0.890663,4893,,83,bio,0.962381,422,,1,▁in:0.8907;.:0.1078;-:0.0011;▁(:0.0003;<eos>:0.0001,bio:0.9624;▁bio:0.0291;Bio:0.0072;▁Bio:0.0010;▁in:0.0003
biotechnology,multi_token_by_design,2,1,32653,technology,,bio,layer_26,<eos>,1.0,7302,,1927,bio,0.79347,12,,1,"<eos>:1.0000;.:0.0000;▁(:0.0000;-:0.0000;,:0.0000",bio:0.7935;▁in:0.0554;):0.0221;▁bio:0.0123;▁biotechnology:0.0120
biotechnology,multi_token_by_design,2,1,32653,technology,,bio,final_logits,bio,0.774917,12,,1,,,,,,bio:0.7749;▁in:0.0587;):0.0237;▁bio:0.0132;▁biotechnology:0.0129,
.,punctuation,1,0,235265,.,,<eos>,emb,.,1.0,1,,7,.,1.0,1,,9,".:1.0000;,:0.0000;▁:0.0000;

:0.0000;▁(:0.0000",".:1.0000;,:0.0000;▁:0.0000;▁(:0.0000;<unk>:0.0000"
.,punctuation,1,0,235265,.,,<eos>,layer_1,.,1.0,1,,7,.,1.0,1,,7,".:1.0000;

:0.0000;
:0.0000;▁:0.0000;':0.0000",".:1.0000;
:0.0000;

:0.0000;▁:0.0000;,:0.0000"
.,punctuation,1,0,235265,.,,<eos>,layer_2,.,0.999366,1,,23,.,1.0,1,,20,".:0.9994;<bos>:0.0006;':0.0000;
:0.0000;▁:0.0000",".:1.0000;▁.:0.0000;
:0.0000;':0.0000;▁:0.0000"
.,punctuation,1,0,235265,.,,<eos>,layer_3,.,0.999851,1,,50,.,1.0,1,,51,".:0.9999;,:0.0001;▁.:0.0000;▁is:0.0000;▁and:0.0000",".:1.0000;▁.:0.0000;,:0.0000;..:0.0000;▁is:0.0000"
.,punctuation,1,0,235265,.,,<eos>,layer_6,.,0.995721,1,,230,.,0.999999,1,,294,".:0.9957;,:0.0030;<bos>:0.0010;▁to:0.0001;..:0.0000",".:1.0000;,:0.0000;▁.:0.0000;..:0.0000;...:0.0000"
.,punctuation,1,0,235265,.,,<eos>,layer_9,StandardCharsets,0.408947,9,,33979,出版年,0.806028,27,,99830,StandardCharsets:0.4089;出版年:0.3341;enumi:0.0407;▁Diakses:0.0282;γραφία:0.0253,出版年:0.8060;StandardCharsets:0.1119;AnimationsModule:0.0303;VIAF:0.0250;▁متعلقه:0.0186
.,punctuation,1,0,235265,.,,<eos>,layer_12,▁houſe,0.905913,319,,26601,▁houſe,0.948194,209,,30403,▁houſe:0.9059;kranz:0.0499;StandardCharsets:0.0178;ódó:0.0113;▁ſtate:0.0065,▁houſe:0.9482;▁Houſe:0.0144;▁ſtate:0.0121;▁ſtre:0.0043;▁ſtand:0.0035
.,punctuation,1,0,235265,.,,<eos>,layer_14,enumi,0.555905,693,,12494,▁houſe,0.479786,69,,7690,enumi:0.5559;▁houſe:0.1851;kranz:0.1098;ButterKnife:0.0550;multer:0.0318,▁houſe:0.4798;ButterKnife:0.1821;twimg:0.0526;▁ſtre:0.0492;Ligações:0.0325
.,punctuation,1,0,235265,.,,<eos>,layer_17,▁تانيه,0.604641,21,,48771,ValueStyle,0.798156,435,,169566,▁تانيه:0.6046;󠁢:0.2895;ódó:0.0581;ValueStyle:0.0386;存于互联网档案馆:0.0036,ValueStyle:0.7982;▁تانيه:0.1912;ódó:0.0061;ButterKnife:0.0013;󠁢:0.0009
.,punctuation,1,0,235265,.,,<eos>,layer_19,enumi,0.999091,801,,80198,▁صوتيه,0.94718,31511,,238559,enumi:0.9991;numerusform:0.0005;▁صوتيه:0.0003;VersionUID:0.0001;󠁢:0.0000,▁صوتيه:0.9472;enumi:0.0312;ValueStyle:0.0189;numerusform:0.0011;ContentAsync:0.0008
.,punctuation,1,0,235265,.,,<eos>,layer_20,enumi,0.912181,47,,6900,▁صوتيه,0.920487,36548,,226060,enumi:0.9122;▁صوتيه:0.0716;ValueStyle:0.0162;▁perpetuity:0.0000;▁conclusion:0.0000,▁صوتيه:0.9205;ValueStyle:0.0788;enumi:0.0006;▁InputDecoration:0.0000;▁فريبيس:0.0000
.,punctuation,1,0,235265,.,,<eos>,layer_21,.,0.986532,1,,67,enumi,0.572538,45683,,240152,.:0.9865;▁.:0.0117;<unused63>:0.0014;[toxicity=0]:0.0003;▁conclusion:0.0000,enumi:0.5725;ValueStyle:0.2620;▁متعلقه:0.0837;▁InputDecoration:0.0724;▁houſe:0.0038
.,punctuation,1,0,235265,.,,<eos>,layer_23,.,0.999997,1,,3,ValueStyle,0.612749,1248,,34794,.:1.0000;▁.:0.0000;<eos>:0.0000;▁:0.0000;<unused63>:0.0000,ValueStyle:0.6127;▁InputDecoration:0.1959;enumi:0.1285;▁BoxDecoration:0.0341;▁useRouter:0.0137
.,punctuation,1,0,235265,.,,<eos>,layer_25,<eos>,1.0,2,,1,<eos>,0.793806,7,,1,"<eos>:1.0000;.:0.0000;
:0.0000;<unused63>:0.0000;

:0.0000","<eos>:0.7938;▁[]).:0.1885;▁.:0.0060;</table>:0.0045;
:0.0014"
.,punctuation,1,0,235265,.,,<eos>,layer_26,<eos>,1.0,2,,1,<eos>,0.59408,14,,1,<eos>:1.0000;<mask>:0.0000;<unused1>:0.0000;<unused2>:0.0000;<unused0>:0.0000,"<eos>:0.5941;

:0.0800;
:0.0581;▁.:0.0429;</table>:0.0388"
.,punctuation,1,0,235265,.,,<eos>,final_logits,<eos>,0.573765,14,,1,,,,,,"<eos>:0.5738;

:0.0819;
:0.0597;▁.:0.0443;</table>:0.0401",
",",punctuation,1,0,235269,",",,<eos>,emb,",",1.0,1,,12,",",1.0,1,,11,",:1.0000;.:0.0000;▁:0.0000;▁(:0.0000;-:0.0000",",:1.0000;▁:0.0000;.:0.0000;▁(:0.0000;<unk>:0.0000"
",",punctuation,1,0,235269,",",,<eos>,layer_1,",",1.0,1,,20,",",1.0,1,,19,",:1.0000;.:0.0000;▁:0.0000;
:0.0000;

:0.0000",",:1.0000;.:0.0000;▁:0.0000;▁(:0.0000;
:0.0000"
",",punctuation,1,0,235269,",",,<eos>,layer_2,",",0.999614,1,,114,",",1.0,1,,135,",:0.9996;<bos>:0.0003;':0.0000;.:0.0000;
:0.0000",",:1.0000;.:0.0000;▁:0.0000;
:0.0000;(:0.0000"
",",punctuation,1,0,235269,",",,<eos>,layer_3,",",0.999979,1,,590,",",1.0,1,,629,",:1.0000;▁,:0.0000;▁and:0.0000;.:0.0000;▁is:0.0000",",:1.0000;▁,:0.0000;.:0.0000;;:0.0000;▁and:0.0000"
",",punctuation,1,0,235269,",",,<eos>,layer_6,<bos>,1.0,2,,336,",",0.999848,1,,1694,"<bos>:1.0000;,:0.0000;▁and:0.0000;.:0.0000;▁is:0.0000",",:0.9998;<bos>:0.0001;▁and:0.0000;.:0.0000;▁,:0.0000"
",",punctuation,1,0,235269,",",,<eos>,layer_9,enumi,0.663545,2,,7398,enumi,0.965691,6,,70764,"enumi:0.6635;,:0.3108;▁חיצוניים:0.0072;▁and:0.0066;\{\\:0.0029",enumi:0.9657;▁חיצוניים:0.0301;AnimationsModule:0.0015;TargetException:0.0006;IntoConstraints:0.0005
",",punctuation,1,0,235269,",",,<eos>,layer_12,kranz,0.31617,74,,8210,▁etc,0.277504,96,,22274,kranz:0.3162;קישורים:0.3127;StandardCharsets:0.1317;MemoryWarning:0.0530;\{\\:0.0514,▁etc:0.2775;kranz:0.2358;StandardCharsets:0.1637;MemoryWarning:0.0616;▁others:0.0286
",",punctuation,1,0,235269,",",,<eos>,layer_14,enumi,0.999949,214,,1043,enumi,0.992071,66,,3105,enumi:0.9999;קישורים:0.0000;onBackPressed:0.0000;▁etc:0.0000;▁lainnya:0.0000,enumi:0.9921;ExtendWith:0.0047;▁fortsatt:0.0011;onBackPressed:0.0009;▁etc:0.0006
",",punctuation,1,0,235269,",",,<eos>,layer_17,viewDidLoad,0.677463,97,,53771,ValueStyle,0.998514,3741,,231971,viewDidLoad:0.6775;ValueStyle:0.3191;存于互联网档案馆:0.0027;קישורים:0.0005;ódó:0.0001,ValueStyle:0.9985;viewDidLoad:0.0014;Và:0.0000;存于互联网档案馆:0.0000;ódó:0.0000
",",punctuation,1,0,235269,",",,<eos>,layer_19,enumi,0.96613,28,,6501,enumi,0.574722,319,,66104,enumi:0.9661;存于互联网档案馆:0.0300;viewDidLoad:0.0034;Và:0.0002;为止:0.0001,enumi:0.5747;存于互联网档案馆:0.1574;ValueStyle:0.1322;ContentAsync:0.0427;Và:0.0346
",",punctuation,1,0,235269,",",,<eos>,layer_20,ValueStyle,0.99999,43,,5790,ValueStyle,0.999009,15248,,202062,ValueStyle:1.0000;MemoryWarning:0.0000;▁صوتيه:0.0000;▁perpetuity:0.0000;存于互联网档案馆:0.0000,ValueStyle:0.9990;▁صوتيه:0.0009;▁InputDecoration:0.0000;MemoryWarning:0.0000;RetentionPolicy:0.0000
",",punctuation,1,0,235269,",",,<eos>,layer_21,",",0.876911,1,,105,ValueStyle,0.848134,85064,,236406,",:0.8769;▁memories:0.0756;<unused63>:0.0163;Eventually:0.0106;ValueStyle:0.0102",ValueStyle:0.8481;▁متعلقه:0.0981;DockStyle:0.0433;MemoryWarning:0.0050;▁pleaſure:0.0026
",",punctuation,1,0,235269,",",,<eos>,layer_23,",",1.0,1,,2,ValueStyle,0.375365,2,,1021,",:1.0000;<eos>:0.0000;▁:0.0000;.:0.0000;▁and:0.0000","ValueStyle:0.3754;,:0.2225;▁فريبيس:0.1640;MemoryWarning:0.1347;▁BoxDecoration:0.0156"
",",punctuation,1,0,235269,",",,<eos>,layer_25,<eos>,1.0,2,,1,<eos>,0.659539,2,,1,"<eos>:1.0000;,:0.0000;
:0.0000;

:0.0000;.:0.0000","<eos>:0.6595;,:0.1801;,,:0.0602;

:0.0423;
:0.0091"
",",punctuation,1,0,235269,",",,<eos>,layer_26,<eos>,1.0,2,,1,<eos>,0.301835,3,,1,"<eos>:1.0000;,:0.0000;<unused1>:0.0000;<mask>:0.0000;<unused2>:0.0000","<eos>:0.3018;

:0.1029;,:0.0660;,,:0.0589;},:0.0485"
",",punctuation,1,0,235269,",",,<eos>,final_logits,<eos>,0.290672,3,,1,,,,,,"<eos>:0.2907;

:0.1019;,:0.0659;,,:0.0589;},:0.0487",
!,punctuation,1,0,235341,!,,!,emb,!,1.0,1,,1,!,1.0,1,,1,"!:1.0000;.:0.0000;▁:0.0000;,:0.0000;▁(:0.0000","!:1.0000;.:0.0000;▁:0.0000;,:0.0000;<unk>:0.0000"
!,punctuation,1,0,235341,!,,!,layer_1,!,1.0,1,,1,!,1.0,1,,1,"!:1.0000;
:0.0000;.:0.0000;

:0.0000;▁!:0.0000",!:1.0000;▁!:0.0000;!!:0.0000;.:0.0000;?:0.0000
!,punctuation,1,0,235341,!,,!,layer_2,<bos>,0.556185,2,,2,!,1.0,1,,1,"<bos>:0.5562;!:0.4438;':0.0000;▁!:0.0000;
:0.0000",!:1.0000;▁!:0.0000;!!:0.0000;！:0.0000;!!!:0.0000
!,punctuation,1,0,235341,!,,!,layer_3,!,0.999998,1,,1,!,1.0,1,,1,!:1.0000;▁!:0.0000;!!:0.0000;！:0.0000;!!!:0.0000,!:1.0000;▁!:0.0000;!!:0.0000;！:0.0000;!!!:0.0000
!,punctuation,1,0,235341,!,,!,layer_6,!,0.999902,1,,1,!,0.999998,1,,1,!:0.9999;▁!:0.0001;!!:0.0000;▁!!:0.0000;!(:0.0000,!:1.0000;▁!:0.0000;!!:0.0000;!(:0.0000;▁!!:0.0000
!,punctuation,1,0,235341,!,,!,layer_9,!,0.999947,1,,1,!,0.999997,1,,1,!:0.9999;enumi:0.0000;▁!:0.0000;.:0.0000;!!:0.0000,"!:1.0000;▁!:0.0000;enumi:0.0000;!”:0.0000;!"":0.0000"
!,punctuation,1,0,235341,!,,!,layer_12,!,0.560853,1,,1,!,0.999598,1,,1,!:0.5609;▁Cæsar:0.3257;kranz:0.0359;▁tört:0.0152;StandardCharsets:0.0114,!:0.9996;▁tört:0.0001;▁finally:0.0001;▁Cæsar:0.0001;!(:0.0000
!,punctuation,1,0,235341,!,,!,layer_14,enumi,0.732706,4,,4,!,0.67912,1,,1,enumi:0.7327;▁finally:0.0789;.”:0.0663;!:0.0548;!”:0.0232,!:0.6791;▁finally:0.1423;!”:0.1052;▁again:0.0230;.”:0.0193
!,punctuation,1,0,235341,!,,!,layer_17,!,0.999286,1,,1,!,0.683367,1,,1,"!:0.9993;!”:0.0007;!"":0.0000;▁finally:0.0000;!!:0.0000","!:0.6834;▁tört:0.2105;!”:0.1025;!"":0.0009;▁houſe:0.0004"
!,punctuation,1,0,235341,!,,!,layer_19,!,0.998894,1,,1,!”,0.619898,2,,2,!:0.9989;!”:0.0011;!!:0.0000;▁!:0.0000;!!!:0.0000,"!”:0.6199;!:0.2981;!!!!!!!:0.0192;!!!!!!!!:0.0148;!:0.0071"
!,punctuation,1,0,235341,!,,!,layer_20,!,0.999464,1,,1,▁ſtate,0.536472,192,,192,"!:0.9995;!”:0.0005;!"":0.0000;▁!:0.0000;▁exclamation:0.0000",▁ſtate:0.5365;▁houſe:0.1396;▁itſelf:0.0813;▁متعلقه:0.0668;▁myſelf:0.0463
!,punctuation,1,0,235341,!,,!,layer_21,!,0.999977,1,,1,▁متعلقه,0.996813,3031,,3031,"!:1.0000;▁conclusion:0.0000;<eos>:0.0000;!”:0.0000;!"":0.0000",▁متعلقه:0.9968;▁houſe:0.0014;▁ſtate:0.0004;▁pleaſure:0.0004;▁Theſe:0.0003
!,punctuation,1,0,235341,!,,!,layer_23,!,1.0,1,,1,jsonwebtoken,0.512937,6,,6,!:1.0000;<eos>:0.0000;▁!:0.0000;<unused63>:0.0000;▁conclusion:0.0000,jsonwebtoken:0.5129;▁väli:0.1135;▁découver:0.0763;▁populares:0.0476;▁perſon:0.0455
!,punctuation,1,0,235341,!,,!,layer_25,<eos>,1.0,2,,2,!,0.99876,1,,1,<eos>:1.0000;!:0.0000;?:0.0000;<unused1>:0.0000;<unused0>:0.0000,!:0.9988;<eos>:0.0012;!!:0.0000;▁!:0.0000;?:0.0000
!,punctuation,1,0,235341,!,,!,layer_26,<eos>,1.0,2,,2,!,0.986978,1,,1,<eos>:1.0000;<mask>:0.0000;<unused1>:0.0000;<unused2>:0.0000;<unused0>:0.0000,!:0.9870;<eos>:0.0098;1:0.0007;!!:0.0002;>:0.0002
!,punctuation,1,0,235341,!,,!,final_logits,!,0.976901,1,,1,,,,,,!:0.9769;<eos>:0.0166;1:0.0014;!!:0.0004;>:0.0003,
?,punctuation,1,0,235336,?,,?,emb,?,1.0,1,,1,?,1.0,1,,1,"?:1.0000;.:0.0000;▁:0.0000;,:0.0000;!:0.0000",?:1.0000;.:0.0000;<unused1>:0.0000;<mask>:0.0000;<unused2>:0.0000
?,punctuation,1,0,235336,?,,?,layer_1,?,1.0,1,,1,?,1.0,1,,1,"?:1.0000;▁?:0.0000;
:0.0000;!:0.0000;.:0.0000",?:1.0000;▁?:0.0000;!:0.0000;??:0.0000;.:0.0000
?,punctuation,1,0,235336,?,,?,layer_2,?,0.999993,1,,1,?,1.0,1,,1,"?:1.0000;<bos>:0.0000;
:0.0000;':0.0000;▁?:0.0000","?:1.0000;▁?:0.0000;??:0.0000;?"":0.0000;!:0.0000"
?,punctuation,1,0,235336,?,,?,layer_3,?,0.999995,1,,1,?,1.0,1,,1,?:1.0000;▁?:0.0000;!:0.0000;??:0.0000;.?:0.0000,"?:1.0000;▁?:0.0000;?"":0.0000;؟:0.0000;.?:0.0000"
?,punctuation,1,0,235336,?,,?,layer_6,?,0.996925,1,,1,?,0.999519,1,,1,?:0.9969;?”:0.0012;▁?:0.0004;”?:0.0004;!:0.0002,"?:0.9995;?”:0.0004;”?:0.0000;?"":0.0000;？:0.0000"
?,punctuation,1,0,235336,?,,?,layer_9,enumi,0.986167,2,,2,enumi,0.959629,13,,13,enumi:0.9862;?:0.0068;▁AssemblyCompany:0.0031;WebVitals:0.0005;▁समीक्षाओं:0.0005,enumi:0.9596;▁AssemblyCompany:0.0252;▁وتسجيلات:0.0123;▁CreateTagHelper:0.0013;▁समीक्षाओं:0.0006
?,punctuation,1,0,235336,?,,?,layer_12,▁houſe,0.944266,254,,254,▁houſe,0.944778,211,,211,▁houſe:0.9443;▁banques:0.0356;▁ſtate:0.0156;▁خارجية:0.0006;ódó:0.0004,▁houſe:0.9448;▁ſtate:0.0410;▁quæ:0.0072;▁ſen:0.0024;▁banques:0.0018
?,punctuation,1,0,235336,?,,?,layer_14,▁houſe,0.931168,6057,,6057,▁houſe,0.843936,2144,,2144,▁houſe:0.9312;enumi:0.0364;▁faſt:0.0200;ValueStyle:0.0087;▁quæ:0.0010,▁houſe:0.8439;▁quæ:0.1369;▁faſt:0.0046;▁ſtre:0.0040;ValueStyle:0.0039
?,punctuation,1,0,235336,?,,?,layer_17,enumi,0.988084,1429,,1429,▁houſe,0.951947,6106,,6106,enumi:0.9881;ódó:0.0088;▁تانيه:0.0024;‍♀️:0.0004;▁houſe:0.0001,▁houſe:0.9519;▁quæ:0.0216;ValueStyle:0.0037;▁beſt:0.0028;▁paſſ:0.0025
?,punctuation,1,0,235336,?,,?,layer_19,enumi,1.0,19956,,19956,ValueStyle,0.523838,125234,,125234,enumi:1.0000;‍♀️:0.0000;出版年:0.0000;ValueStyle:0.0000;󠁢:0.0000,ValueStyle:0.5238;▁فريبيس:0.2951;enumi:0.1758;出版年:0.0031;▁houſe:0.0006
?,punctuation,1,0,235336,?,,?,layer_20,참고,0.904215,8186,,8186,▁myſelf,0.617554,168068,,168068,참고:0.9042;ValueStyle:0.0833;enumi:0.0115;MemoryWarning:0.0005;COUVER:0.0003,▁myſelf:0.6176;▁houſe:0.1589;▁ſtate:0.0694;▁Efq:0.0470;▁purpoſe:0.0245
?,punctuation,1,0,235336,?,,?,layer_21,▁متعلقه,0.998295,152,,152,▁متعلقه,0.559618,153494,,153494,▁متعلقه:0.9983;<?:0.0008;enumi:0.0004;▁desperation:0.0002;▁conclusion:0.0001,▁متعلقه:0.5596;▁houſe:0.3224;▁myſelf:0.0755;▁ſmall:0.0155;▁ſtate:0.0097
?,punctuation,1,0,235336,?,,?,layer_23,?,0.773612,1,,1,ValueStyle,0.98878,1530,,1530,?:0.7736;▁?:0.2110;<?:0.0109;<eos>:0.0043;<unused63>:0.0001,ValueStyle:0.9888;▁ویکی‌پدیا:0.0085;COUVER:0.0014;▁EconPapers:0.0004;▁banques:0.0002
?,punctuation,1,0,235336,?,,?,layer_25,<eos>,1.0,2,,2,?,0.997989,1,,1,<eos>:1.0000;?:0.0000;▁?:0.0000;!:0.0000;;:0.0000,?:0.9980;▁?:0.0019;<eos>:0.0001;???:0.0000;??:0.0000
?,punctuation,1,0,235336,?,,?,layer_26,<eos>,1.0,2,,2,?,0.998666,1,,1,<eos>:1.0000;<mask>:0.0000;<unused1>:0.0000;<unused2>:0.0000;<unused0>:0.0000,?:0.9987;<eos>:0.0007;;:0.0001;<?:0.0001;>:0.0001
?,punctuation,1,0,235336,?,,?,final_logits,?,0.996646,1,,1,,,,,,?:0.9966;<eos>:0.0018;;:0.0003;<?:0.0003;>:0.0002,
;,punctuation,1,0,235289,;,,;,emb,;,1.0,1,,1,;,1.0,1,,1,";:1.0000;.:0.0000;,:0.0000;▁:0.0000;▁(:0.0000",";:1.0000;.:0.0000;,:0.0000;▁:0.0000;▁(:0.0000"
;,punctuation,1,0,235289,;,,;,layer_1,;,0.999914,1,,1,;,1.0,1,,1,";:0.9999;.:0.0001;,:0.0000;
:0.0000;

:0.0000",";:1.0000;.:0.0000;,:0.0000;
:0.0000;::0.0000"
;,punctuation,1,0,235289,;,,;,layer_2,;,0.99994,1,,1,;,1.0,1,,1,";:0.9999;<bos>:0.0000;.:0.0000;,:0.0000;':0.0000",";:1.0000;.:0.0000;▁;:0.0000;,:0.0000;);:0.0000"
;,punctuation,1,0,235289,;,,;,layer_3,;,0.999996,1,,1,;,1.0,1,,1,";:1.0000;,:0.0000;▁;:0.0000;.:0.0000;;:0.0000",";:1.0000;▁;:0.0000;;:0.0000;;;:0.0000;.;:0.0000"
;,punctuation,1,0,235289,;,,;,layer_6,<bos>,0.998858,2,,2,;,0.991785,1,,1,"<bos>:0.9989;;:0.0008;,:0.0001;SizeF:0.0001;▁AssemblyTitle:0.0000",;:0.9918;CrossRef:0.0071;出版年:0.0008;SizeF:0.0002;ValueStyle:0.0001
;,punctuation,1,0,235289,;,,;,layer_9,enumi,0.787212,5,,5,出版年,0.946051,5,,5,enumi:0.7872;出版年:0.0645;AnimationsModule:0.0523;الإنجليزية:0.0201;;:0.0178,出版年:0.9461;enumi:0.0206;▁TextInputType:0.0169;AnimationsModule:0.0090;;:0.0023
;,punctuation,1,0,235289,;,,;,layer_12,kranz,0.372504,730,,730,▁فريبيس,0.806435,85,,85,kranz:0.3725;▁houſe:0.3195;StandardCharsets:0.1616;▁فريبيس:0.0622;csolódó:0.0364,▁فريبيس:0.8064;kranz:0.1023;▁houſe:0.0266;▁Cæsar:0.0178;StandardCharsets:0.0141
;,punctuation,1,0,235289,;,,;,layer_14,enumi,0.995316,13120,,13120,▁defStyle,0.483385,716,,716,enumi:0.9953;▁defStyle:0.0030;▁houſe:0.0015;kranz:0.0002;▁Chriſt:0.0000,▁defStyle:0.4834;enumi:0.4762;▁houſe:0.0177;ExtendWith:0.0115;▁Chriſt:0.0043
;,punctuation,1,0,235289,;,,;,layer_17,maining,0.857672,425,,425,▁تانيه,0.233667,1629,,1629,maining:0.8577;ódó:0.0616;▁تانيه:0.0501;▁nonatomic:0.0158;‍♀️:0.0096,▁تانيه:0.2337;▁hidráulica:0.1454;ValueStyle:0.1404;ódó:0.1381;maining:0.1046
;,punctuation,1,0,235289,;,,;,layer_19,enumi,0.999649,32,,32,enumi,0.962355,386,,386,enumi:0.9996;numerusform:0.0003;VersionUID:0.0000;▁perpetuity:0.0000;▁finally:0.0000,enumi:0.9624;numerusform:0.0151;▁ſtre:0.0048;ValueStyle:0.0048;WebVitals:0.0040
;,punctuation,1,0,235289,;,,;,layer_20,ValueStyle,0.998289,9,,9,ValueStyle,0.998102,2958,,2958,ValueStyle:0.9983;▁perpetuity:0.0009;numerusform:0.0006;enumi:0.0002;▁väli:0.0000,ValueStyle:0.9981;▁houſe:0.0007;▁ſtre:0.0004;▁purpoſe:0.0002;▁ſeveral:0.0002
;,punctuation,1,0,235289,;,,;,layer_21,;,0.999981,1,,1,▁متعلقه,0.71296,893,,893,;:1.0000;<eos>:0.0000;▁conclusion:0.0000;▁متعلقه:0.0000;▁;:0.0000,▁متعلقه:0.7130;ValueStyle:0.2842;AndEndTag:0.0026;▁InputDecoration:0.0001;▁ویکی‌پدیا:0.0000
;,punctuation,1,0,235289,;,,;,layer_23,;,1.0,1,,1,;,0.999954,1,,1,;:1.0000;▁;:0.0000;<eos>:0.0000;);:0.0000;.;:0.0000,;:1.0000;▁;:0.0000;.;:0.0000;';:0.0000;];:0.0000
;,punctuation,1,0,235289,;,,;,layer_25,<eos>,1.0,2,,2,;,0.99997,1,,1,"<eos>:1.0000;;:0.0000;.:0.0000;
:0.0000;-:0.0000",";:1.0000;<eos>:0.0000;
:0.0000;@:0.0000;

:0.0000"
;,punctuation,1,0,235289,;,,;,layer_26,<eos>,1.0,2,,2,;,0.99732,1,,1,<eos>:1.0000;<mask>:0.0000;<unused1>:0.0000;<unused2>:0.0000;<unused0>:0.0000,";:0.9973;<eos>:0.0022;>:0.0000;

:0.0000;};:0.0000"
;,punctuation,1,0,235289,;,,;,final_logits,;,0.993451,1,,1,,,,,,";:0.9935;<eos>:0.0050;>:0.0001;

:0.0001;};:0.0001",
:,punctuation,1,0,235292,:,,:,emb,:,1.0,1,,1,:,1.0,1,,1,"::1.0000;▁:0.0000;.:0.0000;,:0.0000;▁(:0.0000","::1.0000;▁:0.0000;,:0.0000;.:0.0000;▁(:0.0000"
:,punctuation,1,0,235292,:,,:,layer_1,:,1.0,1,,1,:,1.0,1,,1,"::1.0000;.:0.0000;▁:0.0000;
:0.0000;,:0.0000","::1.0000;.:0.0000;▁:0.0000;,:0.0000;
:0.0000"
:,punctuation,1,0,235292,:,,:,layer_2,:,0.999992,1,,1,:,1.0,1,,1,"::1.0000;.:0.0000;
:0.0000;,:0.0000;▁:0.0000","::1.0000;.:0.0000;,:0.0000;▁::0.0000;
:0.0000"
:,punctuation,1,0,235292,:,,:,layer_3,:,0.999992,1,,1,:,1.0,1,,1,"::1.0000;▁::0.0000;.::0.0000;,:0.0000;.:0.0000",::1.0000;▁::0.0000;.::0.0000;:-:0.0000;：:0.0000
:,punctuation,1,0,235292,:,,:,layer_6,:,0.932775,1,,1,:,0.958538,1,,1,"::0.9328;.::0.0280;,:0.0204;.:0.0126;▁::0.0023",::0.9585;.::0.0414;▁::0.0001;：:0.0000;.:0.0000
:,punctuation,1,0,235292,:,,:,layer_9,",",0.219847,7,,7,▁חיצוניים,0.523422,7,,7,",:0.2198;.:0.2127;▁and:0.1214;enumi:0.1042;OrEmpty:0.0669",▁חיצוניים:0.5234;▁وتسجيلات:0.1344;▁فريبيس:0.1192;StandardCharsets:0.0611;OrEmpty:0.0479
:,punctuation,1,0,235292,:,,:,layer_12,▁houſe,0.862759,3151,,3151,▁houſe,0.255186,441,,441,▁houſe:0.8628;▁blest:0.0274;StandardCharsets:0.0243;▁Houſe:0.0224;▁beſt:0.0193,▁houſe:0.2552;StandardCharsets:0.1676;▁blest:0.1332;OrEmpty:0.0850;▁Houſe:0.0571
:,punctuation,1,0,235292,:,,:,layer_14,enumi,0.931014,11571,,11571,▁faſt,0.683677,2084,,2084,enumi:0.9310;▁faſt:0.0561;▁houſe:0.0096;OrEmpty:0.0015;返す:0.0004,▁faſt:0.6837;▁houſe:0.1469;enumi:0.0509;tahankan:0.0481;▁tört:0.0152
:,punctuation,1,0,235292,:,,:,layer_17,viewDidLoad,0.941456,67,,67,▁tört,0.914522,883,,883,viewDidLoad:0.9415;▁tört:0.0501;▁milliers:0.0052;nière:0.0008;enumi:0.0004,▁tört:0.9145;viewDidLoad:0.0731;▁faſt:0.0044;▁milliers:0.0018;▁viſ:0.0010
:,punctuation,1,0,235292,:,,:,layer_19,enumi,0.999994,173,,173,enumi,0.98189,7222,,7222,"enumi:1.0000;viewDidLoad:0.0000;:0.0000;▁/>:0.0000;▁space:0.0000",enumi:0.9819;▁صوتيه:0.0103;viewDidLoad:0.0052;▁فريبيس:0.0006;▁ſtre:0.0003
:,punctuation,1,0,235292,:,,:,layer_20,enumi,0.995367,14313,,14313,▁Theſe,0.529266,193335,,193335,enumi:0.9954;ValueStyle:0.0033;躇:0.0007;▁perpetuity:0.0005;▁emptiness:0.0001,▁Theſe:0.5293;▁ſtate:0.2110;▁houſe:0.1026;▁purpoſe:0.0552;▁faſt:0.0446
:,punctuation,1,0,235292,:,,:,layer_21,▁conclusion,0.965099,31,,31,▁Theſe,0.574917,91999,,91999,▁conclusion:0.9651;▁description:0.0139;▁location:0.0032;▁emptiness:0.0019;▁endless:0.0016,▁Theſe:0.5749;▁houſe:0.1936;▁purpoſe:0.1208;▁pleaſure:0.0181;▁preſent:0.0162
:,punctuation,1,0,235292,:,,:,layer_23,:,0.999746,1,,1,▁câte,0.192079,2,,2,"::0.9997;<eos>:0.0003;▁::0.0000;▁:0.0000;
:0.0000",▁câte:0.1921;::0.1829;▁hopeless:0.0530;期刊论文:0.0428;頃:0.0386
:,punctuation,1,0,235292,:,,:,layer_25,<eos>,1.0,2,,2,:,0.998787,1,,1,"<eos>:1.0000;::0.0000;
:0.0000;-:0.0000;▁(:0.0000","::0.9988;<eos>:0.0012;
:0.0000;:::0.0000;▁::0.0000"
:,punctuation,1,0,235292,:,,:,layer_26,<eos>,1.0,5,,5,:,0.981287,1,,1,<eos>:1.0000;<mask>:0.0000;<unused1>:0.0000;<unused2>:0.0000;<unused0>:0.0000,"::0.9813;<eos>:0.0089;
:0.0023;

:0.0006;:::0.0006"
:,punctuation,1,0,235292,:,,:,final_logits,:,0.969381,1,,1,,,,,,"::0.9694;<eos>:0.0138;
:0.0037;

:0.0010;:::0.0010",
',punctuation,1,0,235303,',,s,emb,',1.0,1,,80,',1.0,1,,113,"':1.0000;’:0.0000;▁:0.0000;.:0.0000;
:0.0000",':1.0000;▁:0.0000;’:0.0000;.:0.0000;<unk>:0.0000
',punctuation,1,0,235303,',,s,layer_1,',0.999997,1,,64,',0.998785,1,,108,"':1.0000;▁':0.0000;
:0.0000;.:0.0000;"":0.0000","':0.9988;▁':0.0012;.:0.0000;"":0.0000;▁"":0.0000"
',punctuation,1,0,235303,',,s,layer_2,<bos>,1.0,2,,60,▁',0.835523,3,,76,"<bos>:1.0000;':0.0000;"":0.0000;
:0.0000;▁':0.0000","▁':0.8355;"":0.1638;':0.0006;▁:0.0000;
:0.0000"
',punctuation,1,0,235303,',,s,layer_3,<bos>,0.9975,15,,36,",",0.408065,25,,39,"<bos>:0.9975;,:0.0023;"":0.0002;.:0.0000;▁is:0.0000",",:0.4081;▁':0.3504;"":0.2278;▁‘:0.0092;“:0.0028"
',punctuation,1,0,235303,',,s,layer_6,",",0.935613,295,,45,“,0.600528,187,,21,",:0.9356;▁(:0.0163;“:0.0154;.:0.0147;▁':0.0051","“:0.6005;,:0.3026;▁':0.0529;▁(:0.0243;"":0.0146"
',punctuation,1,0,235303,',,s,layer_9,enumi,0.962188,16,,917,▁وتسجيلات,0.444685,58,,713,enumi:0.9622;出版年:0.0151;TargetException:0.0127;__(/*!:0.0016;▁وتسجيلات:0.0011,▁وتسجيلات:0.4447;出版年:0.2225;enumi:0.1703;__(/*!:0.1157;▁متعلقه:0.0394
',punctuation,1,0,235303,',,s,layer_12,kranz,0.942684,160,,6712,kranz,0.512015,25,,1156,kranz:0.9427;▁متعلقه:0.0131;csolódó:0.0111;StandardCharsets:0.0103;קישורים:0.0069,kranz:0.5120;▁morreu:0.1254;▁متعلقه:0.1067;▁tört:0.0741;▁etiam:0.0494
',punctuation,1,0,235303,',,s,layer_14,enumi,0.999894,8,,1255,enumi,0.696015,4,,102,enumi:0.9999;קישורים:0.0000;LikeLike:0.0000;▁withRouter:0.0000;▁lainnya:0.0000,enumi:0.6960;’:0.0840;▁tört:0.0447;':0.0317;LikeLike:0.0247
',punctuation,1,0,235303,',,s,layer_17,',0.556023,1,,3074,▁tört,0.964542,3,,2265,':0.5560;’:0.3970;▁tört:0.0215;▁значит:0.0136;enumi:0.0097,▁tört:0.9645;’:0.0222;':0.0099;▁nélk:0.0008;espé:0.0006
',punctuation,1,0,235303,',,s,layer_19,enumi,0.999996,2,,5089,enumi,0.997599,14,,9094,"enumi:1.0000;':0.0000;’:0.0000;:0.0000;躇:0.0000",enumi:0.9976;▁esterni:0.0018;▁tört:0.0003;ContentAsync:0.0001;mycompany:0.0001
',punctuation,1,0,235303,',,s,layer_20,▁perpetuity,0.767164,6,,3936,▁perpetuity,0.780054,1271,,34252,"▁perpetuity:0.7672;躇:0.1801;:0.0246;others:0.0067;mycompany:0.0065",▁perpetuity:0.7801;mycompany:0.0422;躇:0.0398;withIdentifier:0.0385;▁houſe:0.0146
',punctuation,1,0,235303,',,s,layer_21,▁',0.999984,3,,189,▁متعلقه,0.677653,23990,,53216,▁':1.0000;▁‘:0.0000;':0.0000;(':0.0000;=':0.0000,▁متعلقه:0.6777;withIdentifier:0.3128;▁InputDecoration:0.0029;🏻‍♀️:0.0026;cupertino:0.0008
',punctuation,1,0,235303,',,s,layer_23,’,0.996113,2,,175,withIdentifier,0.768906,458,,9108,’:0.9961;':0.0039;▁':0.0000;‘:0.0000;▁remembered:0.0000,withIdentifier:0.7689;▁idées:0.1207;▁stället:0.0280;Suggested:0.0112;▁Saltar:0.0105
',punctuation,1,0,235303,',,s,layer_25,<eos>,1.0,3,,29,’,0.964496,4,,3,"<eos>:1.0000;’:0.0000;':0.0000;<unused63>:0.0000;
:0.0000",’:0.9645;‘:0.0242;s:0.0024;':0.0016;<eos>:0.0013
',punctuation,1,0,235303,',,s,layer_26,<eos>,1.0,24,,62,s,0.226172,100,,1,<eos>:1.0000;<mask>:0.0000;<unused1>:0.0000;<unused2>:0.0000;<unused0>:0.0000,"s:0.2262;’:0.1369;\':0.1071;<eos>:0.0797;

:0.0793"
',punctuation,1,0,235303,',,s,final_logits,s,0.220758,100,,1,,,,,,"s:0.2208;’:0.1352;\':0.1062;<eos>:0.0795;

:0.0791",
"""",punctuation,1,0,235281,"""",,<eos>,emb,"""",1.0,1,,16,"""",1.0,1,,19,""":1.0000;▁"":0.0000;':0.0000;▁:0.0000;.:0.0000",""":1.0000;▁"":0.0000;':0.0000;<unused1>:0.0000;<unused0>:0.0000"
"""",punctuation,1,0,235281,"""",,<eos>,layer_1,"""",1.0,1,,15,"""",1.0,1,,18,""":1.0000;“:0.0000;
:0.0000;▁"":0.0000;”:0.0000",""":1.0000;“:0.0000;▁"":0.0000;”:0.0000;
:0.0000"
"""",punctuation,1,0,235281,"""",,<eos>,layer_2,"""",0.990661,1,,50,"""",1.0,1,,64,""":0.9907;<bos>:0.0093;“:0.0000;”:0.0000;
:0.0000",""":1.0000;“:0.0000;”:0.0000;▁"":0.0000;(:0.0000"
"""",punctuation,1,0,235281,"""",,<eos>,layer_3,"""",0.870634,1,,125,"""",0.99742,1,,186,""":0.8706;“:0.1274;”:0.0019;,:0.0000;▁"":0.0000",""":0.9974;“:0.0026;”:0.0000;▁"":0.0000;▁“:0.0000"
"""",punctuation,1,0,235281,"""",,<eos>,layer_6,<bos>,0.686633,3,,268,“,0.64371,2,,752,"<bos>:0.6866;“:0.1544;"":0.1162;,:0.0383;”:0.0037","“:0.6437;"":0.3557;”:0.0005;,:0.0001;.:0.0000"
"""",punctuation,1,0,235281,"""",,<eos>,layer_9,enumi,0.688385,12,,49,▁وتسجيلات,0.998725,20,,559,enumi:0.6884;▁وتسجيلات:0.2290;\{\\:0.0215;▁tört:0.0177;.:0.0088,▁وتسجيلات:0.9987;enumi:0.0013;▁tört:0.0000;•:0.0000;Ссылки:0.0000
"""",punctuation,1,0,235281,"""",,<eos>,layer_12,csolódó,0.889732,301,,5,▁tört,0.316584,49,,5,csolódó:0.8897;kranz:0.0255;▁tört:0.0155;enumi:0.0137;<eos>:0.0113,▁tört:0.3166;”:0.2156;▁restes:0.0558;csolódó:0.0555;<eos>:0.0530
"""",punctuation,1,0,235281,"""",,<eos>,layer_14,enumi,0.997178,337,,3,enumi,0.712937,37,,6,enumi:0.9972;tahankan:0.0008;<eos>:0.0007;':0.0005;</b>:0.0002,enumi:0.7129;tahankan:0.0682;':0.0527;</b>:0.0384;▁hiburan:0.0358
"""",punctuation,1,0,235281,"""",,<eos>,layer_17,.”,0.374544,22,,6,▁nélk,0.540171,78,,596,.”:0.3745;enumi:0.2189;':0.2091;”:0.0545;.:0.0419,▁nélk:0.5402;enumi:0.2141;▁tört:0.0883;espé:0.0564;▁تانيه:0.0412
"""",punctuation,1,0,235281,"""",,<eos>,layer_19,<eos>,0.512905,90,,1,enumi,0.992902,938,,95,"<eos>:0.5129;enumi:0.4813;:0.0042;▁/>:0.0008;':0.0004",enumi:0.9929;kranz:0.0040;bouncycastle:0.0008;▁tört:0.0006;▁متعلقه:0.0005
"""",punctuation,1,0,235281,"""",,<eos>,layer_20,<eos>,0.999132,10,,1,▁ſmall,0.433211,714,,1004,"<eos>:0.9991;:0.0008;▁/>:0.0001;<unused63>:0.0000;':0.0000",▁ſmall:0.4332;▁houſe:0.2113;▁quæ:0.1003;▁Tyskland:0.0620;▁themſelves:0.0552
"""",punctuation,1,0,235281,"""",,<eos>,layer_21,<eos>,0.999999,3,,1,▁متعلقه,0.307143,2485,,14600,"<eos>:1.0000;<unused63>:0.0000;"":0.0000;▁conclusion:0.0000;▁"":0.0000",▁متعلقه:0.3071;▁houſe:0.2638;▁ſmall:0.1642;▁ſeveral:0.1237;▁purpoſe:0.0767
"""",punctuation,1,0,235281,"""",,<eos>,layer_23,<eos>,1.0,5,,1,▁douceur,0.389522,28,,31,"<eos>:1.0000;”:0.0000;▁:0.0000;
:0.0000;"":0.0000",▁douceur:0.3895;”:0.2125;▁atve:0.1006;▁individuale:0.0399;“:0.0309
"""",punctuation,1,0,235281,"""",,<eos>,layer_25,<eos>,1.0,4,,1,"""",0.50584,1,,2,"<eos>:1.0000;
:0.0000;<unused63>:0.0000;"":0.0000;”:0.0000",""":0.5058;<eos>:0.4877;”:0.0050;▁"":0.0007;“:0.0003"
"""",punctuation,1,0,235281,"""",,<eos>,layer_26,<eos>,1.0,27,,1,<eos>,0.435761,2,,1,<eos>:1.0000;<mask>:0.0000;<unused1>:0.0000;<unused2>:0.0000;<unused0>:0.0000,"<eos>:0.4358;"":0.4152;”:0.0424;
:0.0261;("":0.0084"
"""",punctuation,1,0,235281,"""",,<eos>,final_logits,<eos>,0.426333,2,,1,,,,,,"<eos>:0.4263;"":0.4074;”:0.0458;
:0.0286;("":0.0094",
(,punctuation,1,0,235278,(,,▁(,emb,(,1.0,1,,2,(,1.0,1,,2,"(:1.0000;▁(:0.0000;▁:0.0000;.:0.0000;,:0.0000","(:1.0000;▁(:0.0000;▁:0.0000;,:0.0000;.:0.0000"
(,punctuation,1,0,235278,(,,▁(,layer_1,(,1.0,1,,2,(,1.0,1,,2,"(:1.0000;▁(:0.0000;
:0.0000;':0.0000;.:0.0000","(:1.0000;▁(:0.0000;[:0.0000;.:0.0000;
:0.0000"
(,punctuation,1,0,235278,(,,▁(,layer_2,(,0.984752,1,,4,(,1.0,1,,2,"(:0.9848;<bos>:0.0152;':0.0000;▁(:0.0000;
:0.0000",(:1.0000;▁(:0.0000;[:0.0000;((:0.0000;':0.0000
(,punctuation,1,0,235278,(,,▁(,layer_3,(,0.999997,1,,3,(,1.0,1,,2,(:1.0000;<bos>:0.0000;▁(:0.0000;':0.0000;[:0.0000,(:1.0000;▁(:0.0000;((:0.0000;[:0.0000;(\:0.0000
(,punctuation,1,0,235278,(,,▁(,layer_6,(,0.999815,1,,3,(,0.999975,1,,3,"(:0.9998;((:0.0001;▁(:0.0000;-(:0.0000;,:0.0000",(:1.0000;((:0.0000;▁(:0.0000;-(:0.0000;▁((:0.0000
(,punctuation,1,0,235278,(,,▁(,layer_9,▁(,0.480923,2,,1,(,0.703469,1,,2,"▁(:0.4809;(:0.3648;,:0.1534;:0.0004;▁that:0.0001","(:0.7035;▁(:0.2947;:0.0009;,:0.0008;•:0.0001"
(,punctuation,1,0,235278,(,,▁(,layer_12,(,0.869434,1,,4,(,0.995288,1,,3,"(:0.8694;:0.0922;':0.0224;▁(:0.0056;Przypisy:0.0029","(:0.9953;:0.0026;▁(:0.0016;':0.0003;•:0.0001"
(,punctuation,1,0,235278,(,,▁(,layer_14,▁(,0.470552,4,,1,▁(,0.581068,2,,1,"▁(:0.4706;':0.2493;:0.1465;(:0.0528;▁I:0.0235","▁(:0.5811;(:0.3580;:0.0281;':0.0098;li:0.0033"
(,punctuation,1,0,235278,(,,▁(,layer_17,▁(,0.986384,4,,1,▁(,0.588698,5,,1,"▁(:0.9864;▁:0.0122;:0.0012;(:0.0001;.:0.0001","▁(:0.5887;\{\\:0.3369;▁rass:0.0437;:0.0230;(:0.0025"
(,punctuation,1,0,235278,(,,▁(,layer_19,"",0.987666,6,,2,VersionUID,0.954494,42,,13,":0.9877;▁(:0.0118;VersionUID:0.0005;▁:0.0000;▁until:0.0000","VersionUID:0.9545;:0.0260;▁perpetuity:0.0078;\{\\:0.0038;ükemmel:0.0016"
(,punctuation,1,0,235278,(,,▁(,layer_20,▁until,0.593755,12,,5,\{\\,0.690339,1792,,2108,"▁until:0.5938;:0.4012;VersionUID:0.0026;▁forever:0.0012;▁(:0.0005",\{\\:0.6903;VersionUID:0.1567;▁Offisielt:0.0853;GraphicsUnit:0.0271;▁perpetuity:0.0151
(,punctuation,1,0,235278,(,,▁(,layer_21,▁forever,0.656499,25,,4,▁تضيفلها,0.407997,9655,,5306,"▁forever:0.6565;:0.3270;▁continuing:0.0116;▁(:0.0027;▁until:0.0007",▁تضيفلها:0.4080;VersionUID:0.3503;GenerationType:0.1436;▁perpetuity:0.0254;▁ویکی‌پدیا:0.0244
(,punctuation,1,0,235278,(,,▁(,layer_23,▁(,0.988809,47,,1,rateur,0.437242,6233,,177,"▁(:0.9888;:0.0111;((:0.0001;▁and:0.0000;▁:0.0000",rateur:0.4372;▁lỗ:0.1368;GenerationType:0.1026;▁ویکی‌پدیا:0.0776;▁تضيفلها:0.0463
(,punctuation,1,0,235278,(,,▁(,layer_25,▁(,1.0,12,,1,▁(,0.999779,22,,1,"▁(:1.0000;<eos>:0.0000;▁and:0.0000;
:0.0000;▁:0.0000","▁(:0.9998;((:0.0001;)(:0.0000;>(:0.0000;
:0.0000"
(,punctuation,1,0,235278,(,,▁(,layer_26,<eos>,1.0,27,,2,▁(,0.536115,127,,1,"<eos>:1.0000;▁(:0.0000;▁and:0.0000;,:0.0000;<unk>:0.0000",▁(:0.5361;>(:0.0594;)(:0.0530;¤:0.0422;///</:0.0402
(,punctuation,1,0,235278,(,,▁(,final_logits,▁(,0.467124,127,,1,,,,,,▁(:0.4671;>(:0.0624;)(:0.0561;¤:0.0453;///</:0.0433,
),punctuation,1,0,235275,),,),emb,),1.0,1,,1,),1.0,1,,1,"):1.0000;▁:0.0000;.:0.0000;,:0.0000;
:0.0000","):1.0000;▁:0.0000;.:0.0000;,:0.0000;▁(:0.0000"
),punctuation,1,0,235275,),,),layer_1,),0.999915,1,,1,),1.0,1,,1,"):0.9999;
:0.0001;.:0.0000;

:0.0000;▁:0.0000","):1.0000;.:0.0000;
:0.0000;)):0.0000;▁:0.0000"
),punctuation,1,0,235275,),,),layer_2,),0.998093,1,,1,),0.999999,1,,1,"):0.9981;.:0.0006;
:0.0006;)):0.0005;(:0.0001","):1.0000;)):0.0000;.:0.0000;"":0.0000;▁(:0.0000"
),punctuation,1,0,235275,),,),layer_3,),0.958272,1,,1,),0.999132,1,,1,"):0.9583;)):0.0366;,:0.0022;.:0.0020;▁(:0.0003","):0.9991;)):0.0009;.:0.0000;,:0.0000;▁):0.0000"
),punctuation,1,0,235275,),,),layer_6,<bos>,1.0,4,,4,<bos>,0.999985,3,,3,<bos>:1.0000;GEBURTSDATUM:0.0000;)):0.0000;):0.0000;▁autorytatywna:0.0000,<bos>:1.0000;)):0.0000;):0.0000;GEBURTSDATUM:0.0000;}):0.0000
),punctuation,1,0,235275,),,),layer_9,▁يتيمه,0.687961,7,,7,▁يتيمه,0.994721,11,,11,▁يتيمه:0.6880;enumi:0.2651;AnimationsModule:0.0290;.:0.0046;▁AssemblyCompany:0.0015,▁يتيمه:0.9947;AnimationsModule:0.0031;enumi:0.0021;▁AssemblyCompany:0.0001;TargetException:0.0000
),punctuation,1,0,235275,),,),layer_12,StandardCharsets,0.695294,56,,56,▁colorés,0.322724,6,,6,StandardCharsets:0.6953;▁supérieurs:0.0963;▁automatiques:0.0463;▁colorés:0.0376;▁būtų:0.0235,▁colorés:0.3227;StandardCharsets:0.1510;▁rápidos:0.1316;▁supérieurs:0.1018;▁būtų:0.0278
),punctuation,1,0,235275,),,),layer_14,▁finally,0.603689,7,,7,▁finally,0.452985,5,,5,▁finally:0.6037;▁again:0.3199;':0.0283;.:0.0166;).:0.0099,▁finally:0.4530;▁again:0.3678;▁olímp:0.0396;tahankan:0.0333;):0.0125
),punctuation,1,0,235275,),,),layer_17,▁finally,0.991074,27,,27,▁tört,0.356454,196,,196,▁finally:0.9911;▁then:0.0032;▁lastly:0.0016;▁tört:0.0006;.”:0.0006,▁tört:0.3565;▁nélk:0.3271;▁finally:0.1183;▁touristes:0.0441;▁arşivlendi:0.0231
),punctuation,1,0,235275,),,),layer_19,enumi,0.33348,2,,2,▁ویکی‌پدیا,0.265747,39,,39,enumi:0.3335;):0.3176;▁finally:0.2471;▁perpetuity:0.0368;<eos>:0.0121,▁ویکی‌پدیا:0.2657;▁tört:0.2045;▁perpetuity:0.1034;▁houſe:0.0827;▁profondità:0.0825
),punctuation,1,0,235275,),,),layer_20,▁perpetuity,0.966842,3,,3,▁houſe,0.366076,934,,934,▁perpetuity:0.9668;<eos>:0.0244;):0.0060;▁conclusion:0.0011;▁smile:0.0006,▁houſe:0.3661;▁ſta:0.2135;▁ſmall:0.1207;▁ſhe:0.0638;▁ſtill:0.0576
),punctuation,1,0,235275,),,),layer_21,<eos>,0.998242,2,,2,▁houſe,0.472544,4974,,4974,"<eos>:0.9982;):0.0017;!:0.0000;

:0.0000;<h3>:0.0000",▁houſe:0.4725;▁ویکی‌پدیا:0.2993;▁ſtate:0.0821;▁ſmall:0.0734;▁ſeveral:0.0167
),punctuation,1,0,235275,),,),layer_23,<eos>,0.724662,2,,2,),0.990575,1,,1,<eos>:0.7247;):0.2753;▁:0.0000;▁to:0.0000;▁(:0.0000,):0.9906;▁to:0.0088;▁ویکی‌پدیا:0.0003;<eos>:0.0001;▁volonté:0.0001
),punctuation,1,0,235275,),,),layer_25,<eos>,1.0,2,,2,),0.99998,1,,1,"<eos>:1.0000;):0.0000;
:0.0000;▁(:0.0000;

:0.0000","):1.0000;<eos>:0.0000;
:0.0000;▁to:0.0000;▁(:0.0000"
),punctuation,1,0,235275,),,),layer_26,<eos>,1.0,3,,3,),0.994839,1,,1,<eos>:1.0000;▁(:0.0000;<unused1>:0.0000;<mask>:0.0000;<unused2>:0.0000,"):0.9948;<eos>:0.0018;
:0.0008;▁to:0.0005;

:0.0002"
),punctuation,1,0,235275,),,),final_logits,),0.990426,1,,1,,,,,,"):0.9904;<eos>:0.0031;
:0.0015;▁to:0.0008;

:0.0004",
—,punctuation,1,0,235403,—,,—,emb,—,1.0,1,,1,—,1.0,1,,1,"—:1.0000;▁—:0.0000;--:0.0000;–:0.0000;,:0.0000",—:1.0000;▁—:0.0000;--:0.0000;<unused1>:0.0000;<unused0>:0.0000
—,punctuation,1,0,235403,—,,—,layer_1,—,1.0,1,,1,—,1.0,1,,1,—:1.0000;▁—:0.0000;--:0.0000;.:0.0000;–:0.0000,—:1.0000;▁—:0.0000;--:0.0000;–:0.0000;▁--:0.0000
—,punctuation,1,0,235403,—,,—,layer_2,—,1.0,1,,1,—,1.0,1,,1,—:1.0000;<bos>:0.0000;▁—:0.0000;--:0.0000;':0.0000,—:1.0000;▁—:0.0000;--:0.0000;——:0.0000;–:0.0000
—,punctuation,1,0,235403,—,,—,layer_3,—,0.999963,1,,1,—,1.0,1,,1,—:1.0000;▁—:0.0000;--:0.0000;——:0.0000;–:0.0000,—:1.0000;▁—:0.0000;——:0.0000;--:0.0000;–:0.0000
—,punctuation,1,0,235403,—,,—,layer_6,—,0.972964,1,,1,—,0.999896,1,,1,"—:0.9730;▁pinulongan:0.0043;▁—:0.0036;,:0.0027;enumi:0.0021",—:0.9999;▁برانيه:0.0000;enumi:0.0000;▁—:0.0000;——:0.0000
—,punctuation,1,0,235403,—,,—,layer_9,enumi,0.999124,2,,2,enumi,0.999809,2,,2,enumi:0.9991;—:0.0004;StandardCharsets:0.0001;•:0.0001;kranz:0.0000,enumi:0.9998;—:0.0002;•:0.0000;Архівовано:0.0000;StandardCharsets:0.0000
—,punctuation,1,0,235403,—,,—,layer_12,󠁢,0.347332,39,,39,▁būtų,0.311878,2,,2,󠁢:0.3473;▁būtų:0.2211;\{\\:0.0776;csolódó:0.0742;▁فريبيس:0.0669,▁būtų:0.3119;—:0.1956;--:0.0449;Архівовано:0.0442;▁Sauerstoff:0.0351
—,punctuation,1,0,235403,—,,—,layer_14,enumi,0.996865,391,,391,enumi,0.310812,67,,67,"enumi:0.9969;IfNeeded:0.0004;StandardCharsets:0.0004;:0.0003;wpdb:0.0003",enumi:0.3108;▁oluyor:0.1509;IfNeeded:0.0921;▁hydrauli:0.0719;.:0.0538
—,punctuation,1,0,235403,—,,—,layer_17,enumi,0.99494,15,,15,enumi,0.599821,26,,26,enumi:0.9949;▁tört:0.0013;存于互联网档案馆:0.0010;󠁢:0.0008;.:0.0006,enumi:0.5998;▁tört:0.2983;▁esprits:0.0171;▁nélk:0.0130;ódó:0.0127
—,punctuation,1,0,235403,—,,—,layer_19,enumi,0.999971,173,,173,enumi,0.986589,753,,753,"enumi:1.0000;:0.0000;ImageIO:0.0000;

:0.0000;


:0.0000",enumi:0.9866;ImageIO:0.0127;fromLTRB:0.0002;▁douceur:0.0002;▁hő:0.0000
—,punctuation,1,0,235403,—,,—,layer_20,enumi,0.98189,191,,191,▁myſelf,0.389253,6531,,6531,enumi:0.9819;存于互联网档案馆:0.0181;▁perpetuity:0.0000;SuppressLint:0.0000;StandardCharsets:0.0000,▁myſelf:0.3893;▁ſeveral:0.2829;▁ſmall:0.0934;▁ſhe:0.0719;enumi:0.0323
—,punctuation,1,0,235403,—,,—,layer_21,—,0.647132,1,,1,▁ſeveral,0.345788,2105,,2105,—:0.6471;▁conclusion:0.2116;--:0.0802;▁discussion:0.0334;▁description:0.0165,▁ſeveral:0.3458;▁myſelf:0.2368;▁ſmall:0.1014;▁ویکی‌پدیا:0.0669;▁leaſt:0.0464
—,punctuation,1,0,235403,—,,—,layer_23,—,0.987776,1,,1,—,0.574509,1,,1,—:0.9878;--:0.0122;▁-:0.0000;▁--:0.0000;.:0.0000,—:0.5745;▁ویکی‌پدیا:0.1179;--:0.0844;ActionCreators:0.0768;__(/*!:0.0327
—,punctuation,1,0,235403,—,,—,layer_25,<eos>,0.999861,2,,2,—,0.99999,1,,1,<eos>:0.9999;—:0.0001;.:0.0000;-:0.0000;▁(:0.0000,"—:1.0000;Примечания:0.0000;

:0.0000;▁—:0.0000;=:0.0000"
—,punctuation,1,0,235403,—,,—,layer_26,<eos>,1.0,22,,22,—,0.987913,1,,1,"<eos>:1.0000;.:0.0000;▁(:0.0000;,:0.0000;<unk>:0.0000","—:0.9879;=:0.0033;

:0.0023;<:0.0004;<sup>:0.0003"
—,punctuation,1,0,235403,—,,—,final_logits,—,0.983472,1,,1,,,,,,"—:0.9835;=:0.0044;

:0.0030;<:0.0005;<sup>:0.0005",
…,punctuation,1,0,235417,…,,…,emb,…,1.0,1,,1,…,1.0,1,,1,…:1.0000;...:0.0000;▁…:0.0000;….:0.0000;▁:0.0000,…:1.0000;...:0.0000;▁…:0.0000;<unused1>:0.0000;<unused0>:0.0000
…,punctuation,1,0,235417,…,,…,layer_1,…,1.0,1,,1,…,1.0,1,,1,…:1.0000;...:0.0000;▁…:0.0000;….:0.0000;……:0.0000,…:1.0000;...:0.0000;▁…:0.0000;….:0.0000;……:0.0000
…,punctuation,1,0,235417,…,,…,layer_2,…,1.0,1,,1,…,1.0,1,,1,…:1.0000;...:0.0000;▁…:0.0000;<bos>:0.0000;….:0.0000,…:1.0000;...:0.0000;▁…:0.0000;….:0.0000;……:0.0000
…,punctuation,1,0,235417,…,,…,layer_3,…,0.999973,1,,1,…,1.0,1,,1,…:1.0000;...:0.0000;▁…:0.0000;….:0.0000;……:0.0000,…:1.0000;...:0.0000;▁…:0.0000;….:0.0000;……:0.0000
…,punctuation,1,0,235417,…,,…,layer_6,…,0.992762,1,,1,…,0.999942,1,,1,"…:0.9928;...:0.0054;,:0.0006;….:0.0006;▁…:0.0004",…:0.9999;...:0.0001;….:0.0000;▁…:0.0000;……:0.0000
…,punctuation,1,0,235417,…,,…,layer_9,enumi,0.87039,2,,2,enumi,0.604434,2,,2,enumi:0.8704;…:0.0768;▁…:0.0199;▁finally:0.0053;TextWatcher:0.0051,enumi:0.6044;…:0.3407;TextWatcher:0.0216;▁…:0.0180;▁finally:0.0032
…,punctuation,1,0,235417,…,,…,layer_12,kranz,0.693604,687,,687,kranz,0.24504,119,,119,kranz:0.6936;ódó:0.1241;\{\\:0.0307;StandardCharsets:0.0246;enumi:0.0198,kranz:0.2450;▁houſe:0.1414;ódó:0.1056;▁ſame:0.0487;ButterKnife:0.0458
…,punctuation,1,0,235417,…,,…,layer_14,enumi,0.988647,1459,,1459,.”,0.320582,336,,336,enumi:0.9886;.”:0.0083;.[/:0.0004;▁again:0.0003;kranz:0.0002,.”:0.3206;enumi:0.1854;../:0.0910;▁morreu:0.0479;▁intorno:0.0414
…,punctuation,1,0,235417,…,,…,layer_17,.”,0.998757,186,,186,▁ſtre,0.494104,892,,892,.”:0.9988;▁finally:0.0011;▁still:0.0001;ódó:0.0000;▁again:0.0000,▁ſtre:0.4941;▁houſe:0.3386;.”:0.0783;ódó:0.0411;▁ſmall:0.0085
…,punctuation,1,0,235417,…,,…,layer_19,enumi,1.0,6597,,6597,enumi,0.94397,32517,,32517,enumi:1.0000;为止:0.0000;.”:0.0000;󠁢:0.0000;достатки:0.0000,enumi:0.9440;▁ſtre:0.0495;▁houſe:0.0042;tvguidetime:0.0014;▁فريبيس:0.0004
…,punctuation,1,0,235417,…,,…,layer_20,enumi,0.990883,16424,,16424,▁houſe,0.894144,167409,,167409,enumi:0.9909;▁perpetuity:0.0091;ValueStyle:0.0000;▁conclusion:0.0000;为止:0.0000,▁houſe:0.8941;▁ſtre:0.0492;▁Theſe:0.0236;▁leaſt:0.0119;▁ſeveral:0.0109
…,punctuation,1,0,235417,…,,…,layer_21,▁conclusion,0.592294,28,,28,▁متعلقه,0.790447,47734,,47734,▁conclusion:0.5923;▁forever:0.2604;▁perpetuity:0.1267;▁متعلقه:0.0111;▁again:0.0050,▁متعلقه:0.7904;▁houſe:0.1965;▁فريبيس:0.0047;▁Theſe:0.0029;▁leaſt:0.0022
…,punctuation,1,0,235417,…,,…,layer_23,<eos>,0.996292,5,,5,enumi,0.613961,334,,334,"<eos>:0.9963;.:0.0024;...:0.0010;

:0.0004;…:0.0000",enumi:0.6140;šanai:0.1148;▁ögon:0.0474;▁consommateurs:0.0233;▁ویکی‌پدیا:0.0133
…,punctuation,1,0,235417,…,,…,layer_25,<eos>,1.0,2,,2,…,0.999919,1,,1,"<eos>:1.0000;…:0.0000;

:0.0000;.:0.0000;
:0.0000","…:0.9999;

:0.0000;<eos>:0.0000;...:0.0000;……:0.0000"
…,punctuation,1,0,235417,…,,…,layer_26,<eos>,1.0,9,,9,…,0.996489,1,,1,<eos>:1.0000;.:0.0000;<unused1>:0.0000;<mask>:0.0000;<unused2>:0.0000,"…:0.9965;……:0.0010;

:0.0009;...:0.0004;<eos>:0.0003"
…,punctuation,1,0,235417,…,,…,final_logits,…,0.993764,1,,1,,,,,,"…:0.9938;……:0.0017;

:0.0016;...:0.0007;<eos>:0.0006",
@,symbol,1,0,235348,@,,@,emb,@,1.0,1,,1,@,1.0,1,,1,@:1.0000;▁@:0.0000;(:0.0000;.:0.0000;▁:0.0000,@:1.0000;▁@:0.0000;<unused1>:0.0000;<mask>:0.0000;<unused2>:0.0000
@,symbol,1,0,235348,@,,@,layer_1,@,1.0,1,,1,@,1.0,1,,1,@:1.0000;▁@:0.0000;(@:0.0000;▁(@:0.0000;.@:0.0000,@:1.0000;▁@:0.0000;<unused1>:0.0000;<mask>:0.0000;<unused2>:0.0000
@,symbol,1,0,235348,@,,@,layer_2,@,1.0,1,,1,@,1.0,1,,1,@:1.0000;▁@:0.0000;(@:0.0000;.@:0.0000;<bos>:0.0000,@:1.0000;▁@:0.0000;(@:0.0000;.@:0.0000;▁(@:0.0000
@,symbol,1,0,235348,@,,@,layer_3,@,0.999998,1,,1,@,1.0,1,,1,@:1.0000;▁@:0.0000;.@:0.0000;(@:0.0000;/@:0.0000,@:1.0000;▁@:0.0000;.@:0.0000;(@:0.0000;/@:0.0000
@,symbol,1,0,235348,@,,@,layer_6,<bos>,0.999022,2,,2,@,0.999999,1,,1,"<bos>:0.9990;@:0.0010;▁@:0.0000;.@:0.0000;,:0.0000","@:1.0000;▁@:0.0000;=""@:0.0000;.@:0.0000;:@:0.0000"
@,symbol,1,0,235348,@,,@,layer_9,enumi,0.965562,2,,2,enumi,0.930685,2,,2,enumi:0.9656;@:0.0291;</thead>:0.0015;AnimationsModule:0.0009;csolódó:0.0007,enumi:0.9307;@:0.0660;AnimationsModule:0.0021;▁חיצוניים:0.0005;IntoConstraints:0.0004
@,symbol,1,0,235348,@,,@,layer_12,csolódó,0.729735,194,,194,kranz,0.24586,3,,3,csolódó:0.7297;kranz:0.1645;acaktır:0.0335;enumi:0.0232;▁būtų:0.0160,kranz:0.2459;acaktır:0.2213;@:0.1860;▁būtų:0.0512;csolódó:0.0452
@,symbol,1,0,235348,@,,@,layer_14,enumi,0.999997,137,,137,enumi,0.998613,4,,4,enumi:1.0000;viembre:0.0000;▁lainnya:0.0000;enumii:0.0000;IfNeeded:0.0000,enumi:0.9986;enumii:0.0005;айт:0.0003;@:0.0001;▁lainnya:0.0001
@,symbol,1,0,235348,@,,@,layer_17,enumi,0.882192,11,,11,▁InputDecoration,0.673495,18,,18,enumi:0.8822;▁تانيه:0.1128;▁tört:0.0013;tación:0.0013;所示:0.0011,▁InputDecoration:0.6735;enumi:0.1273;▁tört:0.1047;▁تانيه:0.0419;ValueStyle:0.0337
@,symbol,1,0,235348,@,,@,layer_19,enumi,1.0,76,,76,enumi,0.999311,829,,829,enumi:1.0000;<eos>:0.0000;ظيم:0.0000;.”:0.0000;▁space:0.0000,enumi:0.9993;▁InputDecoration:0.0007;▁فريبيس:0.0000;ValueStyle:0.0000;tvguidetime:0.0000
@,symbol,1,0,235348,@,,@,layer_20,enumi,0.667906,6,,6,ValueStyle,0.636259,1438,,1438,enumi:0.6679;ValueStyle:0.3290;躇:0.0029;<eos>:0.0001;▁ویکی‌پدیا:0.0000,ValueStyle:0.6363;▁houſe:0.3469;▁ſta:0.0056;▁purpoſe:0.0025;▁pleaſure:0.0023
@,symbol,1,0,235348,@,,@,layer_21,<eos>,0.999994,138,,138,▁InputDecoration,0.289811,49139,,49139,<eos>:1.0000;<h1>:0.0000;<unused63>:0.0000;▁conclusion:0.0000;+#+#:0.0000,▁InputDecoration:0.2898;+#+#:0.2171;▁houſe:0.2156;▁pleaſure:0.1215;ValueStyle:0.0627
@,symbol,1,0,235348,@,,@,layer_23,<eos>,1.0,2,,2,ValueStyle,0.84649,43,,43,<eos>:1.0000;@:0.0000;<unused63>:0.0000;▁@:0.0000;!:0.0000,ValueStyle:0.8465;+#+#:0.0777;▁ویکی‌پدیا:0.0609;▁InputDecoration:0.0063;findpost:0.0050
@,symbol,1,0,235348,@,,@,layer_25,<eos>,1.0,3,,3,@,0.984413,1,,1,"<eos>:1.0000;
:0.0000;@:0.0000;-:0.0000;<unused63>:0.0000","@:0.9844;<eos>:0.0155;
:0.0000;▁@:0.0000;@@:0.0000"
@,symbol,1,0,235348,@,,@,layer_26,<eos>,1.0,24,,24,@,0.937446,1,,1,<eos>:1.0000;<mask>:0.0000;<unused1>:0.0000;<unused2>:0.0000;<unused0>:0.0000,"@:0.9374;<eos>:0.0345;
:0.0045;

:0.0024;*:0.0020"
@,symbol,1,0,235348,@,,@,final_logits,@,0.915612,1,,1,,,,,,"@:0.9156;<eos>:0.0442;
:0.0063;

:0.0034;*:0.0029",
#,symbol,1,0,235345,#,,#,emb,#,1.0,1,,1,#,1.0,1,,1,"#:1.0000;▁#:0.0000;▁:0.0000;
:0.0000;(:0.0000",#:1.0000;▁#:0.0000;<unused1>:0.0000;<mask>:0.0000;<unused2>:0.0000
#,symbol,1,0,235345,#,,#,layer_1,#,1.0,1,,1,#,1.0,1,,1,"#:1.0000;▁#:0.0000;
:0.0000;

:0.0000;.:0.0000",#:1.0000;▁#:0.0000;//:0.0000;.:0.0000;<unk>:0.0000
#,symbol,1,0,235345,#,,#,layer_2,#,0.999999,1,,1,#,1.0,1,,1,#:1.0000;<bos>:0.0000;▁#:0.0000;':0.0000;//:0.0000,#:1.0000;▁#:0.0000;\#:0.0000;//:0.0000;.#:0.0000
#,symbol,1,0,235345,#,,#,layer_3,#,0.999838,1,,1,#,1.0,1,,1,#:0.9998;▁#:0.0002;.#:0.0000;\#:0.0000;﻿#:0.0000,#:1.0000;▁#:0.0000;.#:0.0000;\#:0.0000;-#:0.0000
#,symbol,1,0,235345,#,,#,layer_6,<bos>,1.0,2,,2,#,0.999657,1,,1,<bos>:1.0000;#:0.0000;▁#:0.0000;﻿#:0.0000;ValueStyle:0.0000,#:0.9997;▁#:0.0003;﻿#:0.0000;.#:0.0000;ValueStyle:0.0000
#,symbol,1,0,235345,#,,#,layer_9,enumi,0.999986,60,,60,enumi,0.999996,61,,61,enumi:1.0000;TargetException:0.0000;AnimationsModule:0.0000;▁pinulongan:0.0000;▁שוליים:0.0000,enumi:1.0000;▁وتسجيلات:0.0000;▁שוליים:0.0000;▁CreateTagHelper:0.0000;▁pinulongan:0.0000
#,symbol,1,0,235345,#,,#,layer_12,enumi,0.556872,99,,99,▁Menschheit,0.82629,10,,10,enumi:0.5569;▁Menschheit:0.2286;csolódó:0.2016;StandardCharsets:0.0039;</thead>:0.0036,▁Menschheit:0.8263;enumi:0.1474;</thead>:0.0166;csolódó:0.0037;▁altrett:0.0010
#,symbol,1,0,235345,#,,#,layer_14,enumi,1.0,337,,337,enumi,0.999987,17,,17,enumi:1.0000;▁lainnya:0.0000;▁Menschheit:0.0000;viembre:0.0000;WebVitals:0.0000,enumi:1.0000;▁lainnya:0.0000;▁Menschheit:0.0000;enumii:0.0000;ValueStyle:0.0000
#,symbol,1,0,235345,#,,#,layer_17,enumi,0.883996,238,,238,ValueStyle,0.469484,116,,116,enumi:0.8840;ódó:0.0726;▁tört:0.0367;▁وتسجيلات:0.0039;ValueStyle:0.0024,ValueStyle:0.4695;▁وتسجيلات:0.4465;▁tört:0.0690;ódó:0.0085;enumi:0.0051
#,symbol,1,0,235345,#,,#,layer_19,enumi,0.986318,50,,50,▁فريبيس,0.993943,155,,155,"enumi:0.9863;:0.0118;▁#:0.0008;▁נוספת:0.0007;▁▁:0.0001",▁فريبيس:0.9939;enumi:0.0043;▁tört:0.0010;ImageIO:0.0002;﻿#:0.0001
#,symbol,1,0,235345,#,,#,layer_20,▁#,0.813469,3,,3,▁فريبيس,0.999146,77,,77,▁#:0.8135;▁perpetuity:0.1312;#:0.0548;-#:0.0003;▁فريبيس:0.0002,▁فريبيس:0.9991;▁houſe:0.0007;▁وتسجيلات:0.0001;▁purpoſe:0.0001;﻿#:0.0000
#,symbol,1,0,235345,#,,#,layer_21,#,0.644715,1,,1,▁فريبيس,0.985792,245,,245,#:0.6447;▁#:0.3553;▁description:0.0000;﻿#:0.0000;▁location:0.0000,▁فريبيس:0.9858;▁متعلقه:0.0141;▁houſe:0.0001;▁purpoſe:0.0000;▁ویکی‌پدیا:0.0000
#,symbol,1,0,235345,#,,#,layer_23,▁,0.80656,3,,3,▁InputDecoration,0.508034,36,,36,"▁:0.8066;<eos>:0.1891;#:0.0043;
:0.0000;▁number:0.0000",▁InputDecoration:0.5080;▁ویکی‌پدیا:0.4213;▁فريبيس:0.0171;-#:0.0150;▁quæ:0.0101
#,symbol,1,0,235345,#,,#,layer_25,<eos>,1.0,3,,3,#,0.999073,1,,1,"<eos>:1.0000;▁:0.0000;#:0.0000;&:0.0000;
:0.0000",#:0.9991;▁#:0.0009;&:0.0000;<eos>:0.0000;##:0.0000
#,symbol,1,0,235345,#,,#,layer_26,<eos>,1.0,81,,81,#,0.884624,1,,1,<eos>:1.0000;<mask>:0.0000;<unused1>:0.0000;<unused2>:0.0000;<unused0>:0.0000,#:0.8846;&:0.0390;&#:0.0191;##:0.0114;<eos>:0.0084
#,symbol,1,0,235345,#,,#,final_logits,#,0.8429,1,,1,,,,,,#:0.8429;&:0.0497;&#:0.0254;##:0.0155;<eos>:0.0117,
$,symbol,1,0,235323,$,,<eos>,emb,$,1.0,1,,15,$,1.0,1,,17,$:1.0000;▁$:0.0000;▁:0.0000;(:0.0000;.:0.0000,$:1.0000;▁$:0.0000;<unused1>:0.0000;<mask>:0.0000;<unused2>:0.0000
$,symbol,1,0,235323,$,,<eos>,layer_1,$,1.0,1,,21,$,1.0,1,,21,"$:1.0000;':0.0000;
:0.0000;.:0.0000;(:0.0000",$:1.0000;▁$:0.0000;$\:0.0000;.:0.0000;(:0.0000
$,symbol,1,0,235323,$,,<eos>,layer_2,<bos>,1.0,2,,148,$,1.0,1,,132,"<bos>:1.0000;$:0.0000;':0.0000;"":0.0000;(:0.0000","$:1.0000;<bos>:0.0000;(:0.0000;}$:0.0000;"":0.0000"
$,symbol,1,0,235323,$,,<eos>,layer_3,$,0.990843,1,,335,$,1.0,1,,796,"$:0.9908;<bos>:0.0091;,:0.0000;}$:0.0000;$$:0.0000","$:1.0000;$$:0.0000;}$:0.0000;,:0.0000;“:0.0000"
$,symbol,1,0,235323,$,,<eos>,layer_6,ValueStyle,0.760628,4,,3205,</thead>,0.442836,3,,11760,ValueStyle:0.7606;</thead>:0.1903;enumi:0.0154;$:0.0041;▁also:0.0023,</thead>:0.4428;ValueStyle:0.3259;$:0.1992;parsedMessage:0.0146;▁ویکی‌پدیا:0.0080
$,symbol,1,0,235323,$,,<eos>,layer_9,enumi,0.937708,30,,64,enumi,0.977738,15,,958,enumi:0.9377;\{\\:0.0375;▁MainAxisSize:0.0042;الإنجليزية:0.0026;▁Diakses:0.0025,enumi:0.9777;▁MainAxisSize:0.0066;\{\\:0.0042;èdia:0.0035;الإنجليزية:0.0023
$,symbol,1,0,235323,$,,<eos>,layer_12,MemoryWarning,0.357498,4513,,8,StandardCharsets,0.294953,637,,12,MemoryWarning:0.3575;קישורים:0.2005;▁houſe:0.1981;StandardCharsets:0.1285;▁נוספת:0.0308,StandardCharsets:0.2950;MemoryWarning:0.1701;▁also:0.1296;▁houſe:0.0754;ResumeLayout:0.0399
$,symbol,1,0,235323,$,,<eos>,layer_14,enumi,0.712486,6693,,17,tahankan,0.366964,765,,36,enumi:0.7125;ValueStyle:0.1071;קישורים:0.1050;▁fortsatt:0.0534;tahankan:0.0134,tahankan:0.3670;▁hiburan:0.3184;▁fortsatt:0.2206;enumi:0.0481;ValueStyle:0.0102
$,symbol,1,0,235323,$,,<eos>,layer_17,קישורים,0.256719,571,,408,GraphicsUnit,0.659344,659,,11425,קישורים:0.2567;▁BoxFit:0.2296;viewDidLoad:0.1327;ValueStyle:0.1289;GraphicsUnit:0.1236,GraphicsUnit:0.6593;▁houſe:0.1245;▁ſmall:0.0565;▁BoxFit:0.0461;▁ſta:0.0438
$,symbol,1,0,235323,$,,<eos>,layer_19,ContentAsync,0.997767,2506,,5,ContentAsync,0.989427,16537,,1380,ContentAsync:0.9978;enumi:0.0014;▁hiburan:0.0004;▁تانيه:0.0003;<eos>:0.0002,ContentAsync:0.9894;GraphicsUnit:0.0089;ImageIO:0.0008;▁hiburan:0.0004;▁تانيه:0.0002
$,symbol,1,0,235323,$,,<eos>,layer_20,ContentAsync,0.999418,2104,,62,▁houſe,0.369215,47650,,98404,ContentAsync:0.9994;▁perpetuity:0.0002;▁blest:0.0002;▁تانيه:0.0001;ValueStyle:0.0000,▁houſe:0.3692;▁pleaſure:0.3296;▁ſmall:0.2530;▁myſelf:0.0279;ContentAsync:0.0104
$,symbol,1,0,235323,$,,<eos>,layer_21,<eos>,0.725722,442,,1,▁pleaſure,0.453968,122367,,195479,<eos>:0.7257;▁sadness:0.2470;▁perpetuity:0.0065;<unused63>:0.0033;▁conclusion:0.0027,▁pleaſure:0.4540;▁houſe:0.1616;▁ſmall:0.1146;▁ſeveral:0.0833;▁myſelf:0.0597
$,symbol,1,0,235323,$,,<eos>,layer_23,<eos>,0.998296,3,,1,ContentAsync,0.616174,60,,8035,"<eos>:0.9983;▁$:0.0017;$:0.0000;

:0.0000;▁down:0.0000",ContentAsync:0.6162;期刊论文:0.1795;▁InputDecoration:0.0954;▁hiburan:0.0408;DockStyle:0.0226
$,symbol,1,0,235323,$,,<eos>,layer_25,<eos>,1.0,6,,1,<eos>,0.956936,3,,1,"<eos>:1.0000;▁$:0.0000;<unused63>:0.0000;▁(:0.0000;

:0.0000",<eos>:0.9569;▁$:0.0337;$:0.0086;$$:0.0006;▁$$:0.0000
$,symbol,1,0,235323,$,,<eos>,layer_26,<eos>,1.0,61,,1,<eos>,0.784511,2,,1,<eos>:1.0000;<mask>:0.0000;<unused1>:0.0000;<unused2>:0.0000;<unused0>:0.0000,<eos>:0.7845;$:0.0586;$$:0.0370;`:0.0209;▁$:0.0083
$,symbol,1,0,235323,$,,<eos>,final_logits,<eos>,0.763104,2,,1,,,,,,<eos>:0.7631;$:0.0627;$$:0.0399;`:0.0227;▁$:0.0091,
%,symbol,1,0,235358,%,,%,emb,%,1.0,1,,1,%,1.0,1,,1,"%:1.0000;▁%:0.0000;▁:0.0000;.:0.0000;
:0.0000",%:1.0000;▁%:0.0000;<unused1>:0.0000;<mask>:0.0000;<unused2>:0.0000
%,symbol,1,0,235358,%,,%,layer_1,%,1.0,1,,1,%,1.0,1,,1,%:1.0000;▁%:0.0000;\%:0.0000;▁\%$:0.0000;%.:0.0000,"%:1.0000;▁%:0.0000;\%:0.0000;▁\%$:0.0000;%,:0.0000"
%,symbol,1,0,235358,%,,%,layer_2,%,1.0,1,,1,%,1.0,1,,1,%:1.0000;<bos>:0.0000;▁%:0.0000;\%:0.0000;▁\%$:0.0000,%:1.0000;▁%:0.0000;\%:0.0000;▁\%$:0.0000;%.:0.0000
%,symbol,1,0,235358,%,,%,layer_3,%,0.999992,1,,1,%,1.0,1,,1,%:1.0000;▁%:0.0000;\%:0.0000;.%:0.0000;▁\%$:0.0000,%:1.0000;▁%:0.0000;\%:0.0000;▁\%$:0.0000;.%:0.0000
%,symbol,1,0,235358,%,,%,layer_6,<bos>,1.0,2,,2,%,0.999465,1,,1,<bos>:1.0000;%:0.0000;▁are:0.0000;▁to:0.0000;▁and:0.0000,%:0.9995;<bos>:0.0004;▁%:0.0000;▁sauvages:0.0000;\%:0.0000
%,symbol,1,0,235358,%,,%,layer_9,enumi,0.826241,77,,77,▁وتسجيلات,0.990184,46,,46,enumi:0.8262;▁وتسجيلات:0.1691;Παραπομπές:0.0011;\{\\:0.0007;▁متعلقه:0.0006,▁وتسجيلات:0.9902;enumi:0.0098;▁متعلقه:0.0000;Παραπομπές:0.0000;Ссылки:0.0000
%,symbol,1,0,235358,%,,%,layer_12,▁وتسجيلات,0.64929,2065,,2065,▁وتسجيلات,0.973117,245,,245,▁وتسجيلات:0.6493;enumi:0.1478;▁Menschheit:0.1343;▁automatiques:0.0127;csolódó:0.0109,▁وتسجيلات:0.9731;▁Menschheit:0.0117;enumi:0.0072;▁automatiques:0.0015;▁altrett:0.0013
%,symbol,1,0,235358,%,,%,layer_14,enumi,1.0,2053,,2053,enumi,0.999989,240,,240,enumi:1.0000;▁lainnya:0.0000;ExtendWith:0.0000;WebVitals:0.0000;▁lastly:0.0000,enumi:1.0000;ExtendWith:0.0000;▁houſe:0.0000;šanai:0.0000;せよ:0.0000
%,symbol,1,0,235358,%,,%,layer_17,󠁢,0.517115,3049,,3049,▁tört,0.414495,771,,771,󠁢:0.5171;enumi:0.4802;▁tört:0.0012;▁متعلقه:0.0008;AutoresizingMask:0.0002,▁tört:0.4145;enumi:0.2764;󠁢:0.1221;máscara:0.0527;▁nélk:0.0502
%,symbol,1,0,235358,%,,%,layer_19,enumi,0.986327,1136,,1136,enumi,0.679283,2297,,2297,"enumi:0.9863;:0.0052;▁finally:0.0029;▁slutt:0.0018;󠁢:0.0013",enumi:0.6793;▁slutt:0.0760;LikeLike:0.0499;VersionUID:0.0497;Và:0.0410
%,symbol,1,0,235358,%,,%,layer_20,▁%,0.876696,6,,6,▁houſe,0.808243,428,,428,▁%:0.8767;▁percent:0.0929;▁perpetuity:0.0144;VersionUID:0.0086;󠁢:0.0036,▁houſe:0.8082;▁purpoſe:0.1293;▁themſelves:0.0239;▁itſelf:0.0124;▁myſelf:0.0073
%,symbol,1,0,235358,%,,%,layer_21,▁%,0.988469,3,,3,▁houſe,0.686274,816,,816,▁%:0.9885;Eventually:0.0083;%:0.0030;▁eventually:0.0001;▁متعلقه:0.0001,▁houſe:0.6863;▁متعلقه:0.2596;▁purpoſe:0.0342;▁themſelves:0.0147;▁myſelf:0.0024
%,symbol,1,0,235358,%,,%,layer_23,%,0.983625,1,,1,%,0.640437,1,,1,"%:0.9836;▁%:0.0162;

:0.0002;<eos>:0.0000;▁:0.0000",%:0.6404;▁%:0.3586;%%:0.0008;ymbol:0.0001;setAlignment:0.0000
%,symbol,1,0,235358,%,,%,layer_25,<eos>,1.0,6,,6,%,0.999297,1,,1,"<eos>:1.0000;
:0.0000;

:0.0000;-:0.0000;▁(:0.0000","%:0.9993;<eos>:0.0003;

:0.0002;
:0.0001;~:0.0000"
%,symbol,1,0,235358,%,,%,layer_26,<eos>,1.0,38,,38,%,0.988271,1,,1,<eos>:1.0000;<mask>:0.0000;<unused1>:0.0000;<unused2>:0.0000;<unused0>:0.0000,"%:0.9883;▁%:0.0019;&:0.0015;

:0.0014;%%:0.0014"
%,symbol,1,0,235358,%,,%,final_logits,%,0.978507,1,,1,,,,,,"%:0.9785;▁%:0.0033;&:0.0027;

:0.0026;%%:0.0024",
~,symbol,1,0,235436,~,,~,emb,~,1.0,1,,1,~,1.0,1,,1,~:1.0000;▁~:0.0000;▁:0.0000;.:0.0000;-:0.0000,~:1.0000;▁~:0.0000;<unused1>:0.0000;<mask>:0.0000;<unused2>:0.0000
~,symbol,1,0,235436,~,,~,layer_1,~,1.0,1,,1,~,1.0,1,,1,~:1.0000;▁~:0.0000;~~:0.0000;.~:0.0000;～:0.0000,~:1.0000;▁~:0.0000;~~:0.0000;.~:0.0000;<unk>:0.0000
~,symbol,1,0,235436,~,,~,layer_2,<bos>,0.999458,2,,2,~,1.0,1,,1,<bos>:0.9995;~:0.0005;▁~:0.0000;':0.0000;~~:0.0000,~:1.0000;▁~:0.0000;~~:0.0000;<bos>:0.0000;.~:0.0000
~,symbol,1,0,235436,~,,~,layer_3,~,0.999993,1,,1,~,1.0,1,,1,~:1.0000;▁~:0.0000;.~:0.0000;~~:0.0000;)~:0.0000,~:1.0000;▁~:0.0000;.~:0.0000;~~:0.0000;)~:0.0000
~,symbol,1,0,235436,~,,~,layer_6,~,0.994514,1,,1,~,0.999972,1,,1,~:0.9945;▁~:0.0026;<bos>:0.0010;ValueStyle:0.0008;▁variés:0.0003,~:1.0000;▁~:0.0000;▁variés:0.0000;ValueStyle:0.0000;.~:0.0000
~,symbol,1,0,235436,~,,~,layer_9,enumi,0.986502,4,,4,▁يتيمه,0.798798,10,,10,"enumi:0.9865;▁يتيمه:0.0073;\{\\:0.0033;~:0.0004;,:0.0004",▁يتيمه:0.7988;enumi:0.2005;\{\\:0.0004;WebVitals:0.0001;AnimationsModule:0.0000
~,symbol,1,0,235436,~,,~,layer_12,\{\\,0.51807,51,,51,▁InputDecoration,0.510287,11,,11,\{\\:0.5181;StandardCharsets:0.4081;▁tört:0.0277;▁InputDecoration:0.0128;quate:0.0047,▁InputDecoration:0.5103;▁tört:0.0945;{~:0.0870;▁morreu:0.0712;\{\\:0.0410
~,symbol,1,0,235436,~,,~,layer_14,enumi,0.988424,758,,758,IfNeeded,0.368973,123,,123,enumi:0.9884;▁lainnya:0.0046;IfNeeded:0.0046;▁fortsatt:0.0008;lė:0.0003,IfNeeded:0.3690;▁lainnya:0.1373;▁connais:0.1279;enumi:0.0492;▁fortsatt:0.0472
~,symbol,1,0,235436,~,,~,layer_17,▁BoxFit,0.254984,63,,63,▁BoxFit,0.505135,283,,283,▁BoxFit:0.2550;</em>:0.2363;▁tört:0.1726;▁mẽ:0.1446;▁trabalhos:0.0382,▁BoxFit:0.5051;▁tört:0.3815;ImageIO:0.0287;ValueStyle:0.0171;▁esprits:0.0141
~,symbol,1,0,235436,~,,~,layer_19,enumi,0.999975,102,,102,enumi,0.983431,372,,372,enumi:1.0000;VersionUID:0.0000;aneous:0.0000;▁douceur:0.0000;▁vậy:0.0000,enumi:0.9834;VersionUID:0.0082;▁douceur:0.0044;ImageIO:0.0009;LikeLike:0.0007
~,symbol,1,0,235436,~,,~,layer_20,▁väli,0.900594,29,,29,▁ſmall,0.836806,1072,,1072,▁väli:0.9006;VersionUID:0.0985;▁douceur:0.0008;AndWait:0.0001;aneous:0.0000,▁ſmall:0.8368;▁houſe:0.0769;▁quæ:0.0373;▁ſeveral:0.0295;▁väli:0.0048
~,symbol,1,0,235436,~,,~,layer_21,aneous,0.689773,4,,4,▁houſe,0.647968,3002,,3002,aneous:0.6898;▁väli:0.3074;▁المعيارى:0.0013;~:0.0005;▁simultaneous:0.0003,▁houſe:0.6480;TagMode:0.1188;▁ſmall:0.0823;▁ſeveral:0.0654;▁pleaſure:0.0221
~,symbol,1,0,235436,~,,~,layer_23,~,1.0,1,,1,VersionUID,0.919477,3,,3,~:1.0000;▁~:0.0000;<eos>:0.0000;}:0.0000;':0.0000,VersionUID:0.9195;▁فريبيس:0.0335;~:0.0164;▁المعيارى:0.0140;▁'~:0.0059
~,symbol,1,0,235436,~,,~,layer_25,<eos>,1.0,2,,2,~,0.997885,1,,1,"<eos>:1.0000;~:0.0000;':0.0000;
:0.0000;’:0.0000","~:0.9979;<eos>:0.0020;`:0.0000;
:0.0000;^:0.0000"
~,symbol,1,0,235436,~,,~,layer_26,<eos>,1.0,27,,27,~,0.961965,1,,1,<eos>:1.0000;<mask>:0.0000;<unused1>:0.0000;<unused2>:0.0000;<unused0>:0.0000,~:0.9620;`:0.0221;<eos>:0.0031;^:0.0018;~\:0.0014
~,symbol,1,0,235436,~,,~,final_logits,~,0.94188,1,,1,,,,,,~:0.9419;`:0.0317;<eos>:0.0050;^:0.0029;~\:0.0023,
 ,whitespace,1,0,235248,▁,,a,emb,▁,1.0,1,,129,▁,1.0,1,,134,▁:1.0000;▁(:0.0000;<unused1>:0.0000;<mask>:0.0000;<unused2>:0.0000,▁:1.0000;<mask>:0.0000;<unused1>:0.0000;<unused2>:0.0000;<unused0>:0.0000
 ,whitespace,1,0,235248,▁,,a,layer_1,▁,1.0,1,,153,▁,1.0,1,,189,"▁:1.0000;
:0.0000;▁(:0.0000;

:0.0000;':0.0000","▁:1.0000;▁(:0.0000;
:0.0000;

:0.0000;▁"":0.0000"
 ,whitespace,1,0,235248,▁,,a,layer_2,▁,0.999998,1,,248,▁,1.0,1,,281,"▁:1.0000;<bos>:0.0000;':0.0000;
:0.0000;’:0.0000","▁:1.0000;
:0.0000;▁(:0.0000;':0.0000;▁▁:0.0000"
 ,whitespace,1,0,235248,▁,,a,layer_3,▁,0.99996,1,,202,▁,1.0,1,,217,"▁:1.0000;▁(:0.0000;▁"":0.0000;,:0.0000;▁▁:0.0000","▁:1.0000;▁(:0.0000;▁"":0.0000;▁▁:0.0000;,:0.0000"
 ,whitespace,1,0,235248,▁,,a,layer_6,▁▁,0.854714,3,,160,▁▁,0.986124,3,,179,"▁▁:0.8547;▁(:0.0671;▁:0.0482;,:0.0147;.:0.0033","▁▁:0.9861;▁(:0.0123;▁:0.0013;▁"":0.0003;,:0.0000"
 ,whitespace,1,0,235248,▁,,a,layer_9,▁,0.997567,1,,476,\{\\,0.988034,2,,1853,▁:0.9976;▁▁:0.0007;':0.0006;\{\\:0.0004;.:0.0002,\{\\:0.9880;▁:0.0116;enumi:0.0003;StandardCharsets:0.0000;▁▁:0.0000
 ,whitespace,1,0,235248,▁,,a,layer_12,▁,0.999825,1,,6296,▁,0.99892,1,,3356,"▁:0.9998;:0.0001;.:0.0001;MemoryWarning:0.0000;enumi:0.0000",▁:0.9989;MemoryWarning:0.0006;.:0.0003;▁▁:0.0000;':0.0000
 ,whitespace,1,0,235248,▁,,a,layer_14,enumi,0.99563,2,,6339,▁,0.951391,1,,2455,enumi:0.9956;▁:0.0036;<eos>:0.0008;':0.0000;.:0.0000,▁:0.9514;enumi:0.0350;<eos>:0.0063;.:0.0032;▁etc:0.0026
 ,whitespace,1,0,235248,▁,,a,layer_17,▁,0.984852,1,,36845,espé,0.77889,2,,35227,▁:0.9849;▁nonatomic:0.0065;enumi:0.0053;\{\\:0.0018;espé:0.0007,espé:0.7789;▁:0.1132;▁nonatomic:0.0494;GraphicsUnit:0.0193;tvguidetime:0.0110
 ,whitespace,1,0,235248,▁,,a,layer_19,ocities,0.981463,25,,14109,ocities,0.797923,103,,9523,ocities:0.9815;▁infinite:0.0107;enumi:0.0052;▁perpetuity:0.0017;\{\\:0.0003,ocities:0.7979;▁perpetuity:0.1359;▁infinite:0.0261;espé:0.0160;醐:0.0040
 ,whitespace,1,0,235248,▁,,a,layer_20,直到,0.995386,164,,5473,▁صوتيه,0.669441,31278,,37784,直到:0.9954;until:0.0018;TargetException:0.0010;▁perpetuity:0.0005;espé:0.0004,▁صوتيه:0.6694;▁houſe:0.1375;espé:0.0599;MemoryWarning:0.0183;▁فريبيس:0.0176
 ,whitespace,1,0,235248,▁,,a,layer_21,MemoryWarning,0.996192,477,,18045,MemoryWarning,0.97838,182951,,176208,MemoryWarning:0.9962;TargetException:0.0038;cupertino:0.0000;🏼:0.0000;withIdentifier:0.0000,MemoryWarning:0.9784;▁houſe:0.0123;TargetException:0.0069;▁pleaſure:0.0014;▁Houſe:0.0004
 ,whitespace,1,0,235248,▁,,a,layer_23,MemoryWarning,0.999355,206,,15311,MemoryWarning,0.977888,5806,,16864,MemoryWarning:0.9994;TargetException:0.0006;▁BoxDecoration:0.0000;▁याद:0.0000;cupertino:0.0000,MemoryWarning:0.9779;TargetException:0.0203;▁BoxDecoration:0.0008;▁याद:0.0002;▁defaultstate:0.0001
 ,whitespace,1,0,235248,▁,,a,layer_25,▁,0.999929,1,,6,▁,0.909915,1,,10,"▁:0.9999;<eos>:0.0001;
:0.0000;1:0.0000;<unused63>:0.0000",▁:0.9099;▁याद:0.0461;1:0.0059;▁useRouter:0.0048;▁useHistory:0.0043
 ,whitespace,1,0,235248,▁,,a,layer_26,<eos>,1.0,8,,16,a,0.319092,4,,1,"<eos>:1.0000;.:0.0000;<unused63>:0.0000;
:0.0000;<unused61>:0.0000","a:0.3191;1:0.2185;
:0.1025;▁:0.0485;▁sobie:0.0474"
 ,whitespace,1,0,235248,▁,,a,final_logits,a,0.315193,4,,1,,,,,,"a:0.3152;1:0.2167;
:0.1021;▁:0.0485;▁sobie:0.0474",
"
",whitespace,1,0,108,"
",,"
",emb,"
",1.0,1,,1,"
",1.0,1,,1,"
:1.0000;

:0.0000;▁:0.0000;<eos>:0.0000;.:0.0000","
:1.0000;

:0.0000;▁:0.0000;<eos>:0.0000;<unk>:0.0000"
"
",whitespace,1,0,108,"
",,"
",layer_1,"
",1.0,1,,1,"
",1.0,1,,1,"
:1.0000;

:0.0000;<eos>:0.0000;▁:0.0000;.:0.0000","
:1.0000;

:0.0000;<eos>:0.0000;▁:0.0000;.:0.0000"
"
",whitespace,1,0,108,"
",,"
",layer_2,<bos>,1.0,2,,2,"
",0.999832,1,,1,"<bos>:1.0000;
:0.0000;':0.0000;(:0.0000;.:0.0000","
:0.9998;<bos>:0.0002;.:0.0000;(:0.0000;':0.0000"
"
",whitespace,1,0,108,"
",,"
",layer_3,"
",0.995996,1,,1,"
",0.99999,1,,1,"
:0.9960;.:0.0014;

:0.0011;,:0.0007;<eos>:0.0005","
:1.0000;.:0.0000;,:0.0000;


:0.0000;<eos>:0.0000"
"
",whitespace,1,0,108,"
",,"
",layer_6,<bos>,0.636029,2,,2,"
",0.960651,1,,1,"<bos>:0.6360;
:0.3392;

:0.0198;.:0.0024;,:0.0016","
:0.9607;.:0.0191;,:0.0125;

:0.0073;</strong>:0.0002"
"
",whitespace,1,0,108,"
",,"
",layer_9,"
",0.395234,1,,1,SupportActionBar,0.411848,24,,24,"
:0.3952;</h2>:0.3423;.:0.0857;

:0.0664;\{\\:0.0414",SupportActionBar:0.4118;\{\\:0.2256;▁TextInputType:0.0948;▁pinulongan:0.0632;</h2>:0.0480
"
",whitespace,1,0,108,"
",,"
",layer_12,\{\\,0.912847,28,,28,▁houſe,0.378966,404,,404,\{\\:0.9128;▁נוספת:0.0129;▁blest:0.0086;▁Saltar:0.0074;MemoryWarning:0.0067,▁houſe:0.3790;\{\\:0.1487;▁ſtate:0.1286;▁initComponents:0.0483;ButterKnife:0.0463
"
",whitespace,1,0,108,"
",,"
",layer_14,enumi,0.849906,5338,,5338,▁houſe,0.672855,14039,,14039,enumi:0.8499;▁houſe:0.0393;neſs:0.0350;▁fortsatt:0.0315;MemoryWarning:0.0134,▁houſe:0.6729;▁quæ:0.0682;▁Chriſt:0.0546;▁fortsatt:0.0465;▁faſt:0.0395
"
",whitespace,1,0,108,"
",,"
",layer_17,▁تانيه,0.999978,2010,,2010,▁تانيه,0.937332,25894,,25894,▁تانيه:1.0000;▁nonatomic:0.0000;ValueStyle:0.0000;▁houſe:0.0000;enumi:0.0000,▁تانيه:0.9373;▁houſe:0.0598;▁ſmall:0.0013;▁diſt:0.0004;ValueStyle:0.0004
"
",whitespace,1,0,108,"
",,"
",layer_19,enumi,0.963802,84,,84,▁houſe,0.941756,9030,,9030,enumi:0.9638;\{\\:0.0121;▁useRouter:0.0098;▁تانيه:0.0051;enumii:0.0026,▁houſe:0.9418;▁useRouter:0.0151;enumii:0.0119;▁ſmall:0.0095;enumi:0.0051
"
",whitespace,1,0,108,"
",,"
",layer_20,"
",0.506827,1,,1,▁houſe,0.769891,4640,,4640,"
:0.5068;:0.3167;enumi:0.0948;ValueStyle:0.0577;<unused63>:0.0053",▁houſe:0.7699;▁ſeveral:0.0717;▁ſmall:0.0584;▁purpoſe:0.0386;▁myſelf:0.0168
"
",whitespace,1,0,108,"
",,"
",layer_21,"
",0.998034,1,,1,▁houſe,0.607118,24836,,24836,"
:0.9980;<unused63>:0.0008;<eos>:0.0006;<h3>:0.0003;<h1>:0.0002",▁houſe:0.6071;▁purpoſe:0.1370;▁ſmall:0.0892;▁ſeveral:0.0725;▁pleaſure:0.0470
"
",whitespace,1,0,108,"
",,"
",layer_23,"
",0.992914,1,,1,▁quæ,0.248989,12,,12,"
:0.9929;<eos>:0.0071;▁:0.0000;<td>:0.0000;.:0.0000",▁quæ:0.2490;▁useRouter:0.1754;▁purpoſe:0.1055;MemoryWarning:0.0905;▁hanggang:0.0590
"
",whitespace,1,0,108,"
",,"
",layer_25,<eos>,1.0,2,,2,<eos>,0.676133,2,,2,"<eos>:1.0000;
:0.0000;<unused63>:0.0000;▁:0.0000;-:0.0000","<eos>:0.6761;
:0.3233;</code>:0.0002;<:0.0001;<h1>:0.0001"
"
",whitespace,1,0,108,"
",,"
",layer_26,<eos>,1.0,2,,2,"
",0.595553,1,,1,"<eos>:1.0000;
:0.0000;<unused1>:0.0000;<mask>:0.0000;<unused2>:0.0000","
:0.5956;<eos>:0.3423;</code>:0.0148;<:0.0113;<h1>:0.0081"
"
",whitespace,1,0,108,"
",,"
",final_logits,"
",0.581089,1,,1,,,,,,"
:0.5811;<eos>:0.3463;</code>:0.0170;<:0.0130;<h1>:0.0094",
	,whitespace,1,0,226,	,,	,emb,	,1.0,1,,1,	,1.0,1,,1,"	:1.0000;▁▁:0.0000;▁▁▁▁:0.0000;		:0.0000;
:0.0000",	:1.0000;▁▁:0.0000;		:0.0000;▁▁▁▁:0.0000;▁▁▁:0.0000
	,whitespace,1,0,226,	,,	,layer_1,	,1.0,1,,1,	,1.0,1,,1,"	:1.0000;		:0.0000;▁▁:0.0000;
:0.0000;▁▁▁▁:0.0000",	:1.0000;		:0.0000;▁▁:0.0000;			:0.0000;▁▁▁▁:0.0000
	,whitespace,1,0,226,	,,	,layer_2,<bos>,0.995288,2,,2,	,1.0,1,,1,"<bos>:0.9953;	:0.0047;
:0.0000;':0.0000;▁▁▁▁:0.0000",	:1.0000;		:0.0000;▁▁▁▁:0.0000;▁▁:0.0000;▁▁▁:0.0000
	,whitespace,1,0,226,	,,	,layer_3,	,0.998507,1,,1,	,1.0,1,,1,	:0.9985;					:0.0005;		:0.0003;			:0.0003;				:0.0002,	:1.0000;					:0.0000;			:0.0000;		:0.0000;				:0.0000
	,whitespace,1,0,226,	,,	,layer_6,<bos>,0.999883,3,,3,▁▁,0.876236,2,,2,"<bos>:0.9999;▁▁:0.0001;	:0.0000;▁▁▁▁:0.0000;
:0.0000","▁▁:0.8762;	:0.1144;▁▁▁▁:0.0088;▁▁▁:0.0004;,:0.0001"
	,whitespace,1,0,226,	,,	,layer_9,\{\\,0.991481,3,,3,\{\\,0.999276,6,,6,\{\\:0.9915;enumi:0.0048;	:0.0028;▁▁:0.0002;原始内容存档于:0.0002,\{\\:0.9993;原始内容存档于:0.0003;AnimationsModule:0.0002;enumi:0.0001;IntoConstraints:0.0001
	,whitespace,1,0,226,	,,	,layer_12,\{\\,0.993678,3,,3,\{\\,0.994924,5,,5,"\{\\:0.9937;enumi:0.0036;	:0.0012;▁▁▁▁:0.0004;:0.0002",\{\\:0.9949;▁InputDecoration:0.0016;VELAND:0.0011;enumi:0.0009;	:0.0007
	,whitespace,1,0,226,	,,	,layer_14,enumi,0.963711,3,,3,\{\\,0.86627,8,,8,enumi:0.9637;\{\\:0.0362;	:0.0000;</thead>:0.0000;SafeMath:0.0000,\{\\:0.8663;enumi:0.1282;SafeMath:0.0036;ExtendWith:0.0005;NOPQRST:0.0002
	,whitespace,1,0,226,	,,	,layer_17,\{\\,0.981632,9,,9,\{\\,0.562503,4,,4,\{\\:0.9816;▁تانيه:0.0178;minipage:0.0003;enumi:0.0002;RectangleBorder:0.0000,\{\\:0.5625;minipage:0.2625;▁تانيه:0.0749;	:0.0580;▁összefoglaló:0.0258
	,whitespace,1,0,226,	,,	,layer_19,numerusform,0.979479,6,,6,numerusform,0.99931,23,,23,numerusform:0.9795;enumi:0.0205;为止:0.0000;▁OMITTED:0.0000;▁nhau:0.0000,numerusform:0.9993;enumi:0.0007;▁InputDecoration:0.0000;▁OMITTED:0.0000;enumii:0.0000
	,whitespace,1,0,226,	,,	,layer_20,numerusform,1.0,212,,212,numerusform,0.999112,4451,,4451,numerusform:1.0000;▁تانيه:0.0000;\{\\:0.0000;▁InputDecoration:0.0000;躇:0.0000,numerusform:0.9991;▁InputDecoration:0.0008;awtextra:0.0000;▁تانيه:0.0000;GraphicsUnit:0.0000
	,whitespace,1,0,226,	,,	,layer_21,numerusform,0.999996,16,,16,numerusform,0.604968,11819,,11819,numerusform:1.0000;▁تانيه:0.0000;躇:0.0000;RectangleBorder:0.0000;▁exclusion:0.0000,numerusform:0.6050;▁تانيه:0.3718;▁InputDecoration:0.0158;▁itſelf:0.0028;DockStyle:0.0009
	,whitespace,1,0,226,	,,	,layer_23,	,1.0,1,,1,▁snippetHide,0.955577,78,,78,	:1.0000;▁sixth:0.0000;▁injury:0.0000;▁wound:0.0000;numerusform:0.0000,▁snippetHide:0.9556;▁BoxDecoration:0.0254;▁surla:0.0070;AddTagHelper:0.0063;▁Signalez:0.0028
	,whitespace,1,0,226,	,,	,layer_25,	,1.0,1,,1,	,0.999976,1,,1,"	:1.0000;▁:0.0000;.:0.0000;<unused63>:0.0000;
:0.0000",	:1.0000;▁:0.0000;6:0.0000;Bibliographie:0.0000;▁ClassNotFound:0.0000
	,whitespace,1,0,226,	,,	,layer_26,.,0.986161,4,,4,	,0.999919,1,,1,.:0.9862;<eos>:0.0138;-:0.0000;	:0.0000;▁(:0.0000,	:0.9999;.:0.0000;6:0.0000;一:0.0000;1:0.0000
	,whitespace,1,0,226,	,,	,final_logits,	,0.999698,1,,1,,,,,,	:0.9997;.:0.0001;6:0.0000;一:0.0000;1:0.0000,
's,subword_fragment,2,0,235303,',235256,s,emb,',1.0,1,80,80,',1.0,1,113,113,"':1.0000;’:0.0000;▁:0.0000;.:0.0000;
:0.0000",':1.0000;▁:0.0000;’:0.0000;.:0.0000;<unk>:0.0000
's,subword_fragment,2,0,235303,',235256,s,layer_1,',0.999997,1,64,64,',0.998785,1,108,108,"':1.0000;▁':0.0000;
:0.0000;.:0.0000;"":0.0000","':0.9988;▁':0.0012;.:0.0000;"":0.0000;▁"":0.0000"
's,subword_fragment,2,0,235303,',235256,s,layer_2,<bos>,1.0,2,60,60,▁',0.835524,3,76,76,"<bos>:1.0000;':0.0000;"":0.0000;
:0.0000;▁':0.0000","▁':0.8355;"":0.1638;':0.0006;▁:0.0000;
:0.0000"
's,subword_fragment,2,0,235303,',235256,s,layer_3,<bos>,0.9975,15,36,36,",",0.408067,25,39,39,"<bos>:0.9975;,:0.0023;"":0.0002;.:0.0000;▁is:0.0000",",:0.4081;▁':0.3504;"":0.2278;▁‘:0.0092;“:0.0028"
's,subword_fragment,2,0,235303,',235256,s,layer_6,",",0.935612,295,45,45,“,0.600528,187,21,21,",:0.9356;▁(:0.0163;“:0.0154;.:0.0147;▁':0.0051","“:0.6005;,:0.3026;▁':0.0529;▁(:0.0243;"":0.0146"
's,subword_fragment,2,0,235303,',235256,s,layer_9,enumi,0.962187,16,917,917,▁وتسجيلات,0.444689,58,713,713,enumi:0.9622;出版年:0.0151;TargetException:0.0127;__(/*!:0.0016;▁وتسجيلات:0.0011,▁وتسجيلات:0.4447;出版年:0.2225;enumi:0.1703;__(/*!:0.1157;▁متعلقه:0.0394
's,subword_fragment,2,0,235303,',235256,s,layer_12,kranz,0.942684,160,6712,6712,kranz,0.512015,25,1156,1156,kranz:0.9427;▁متعلقه:0.0131;csolódó:0.0111;StandardCharsets:0.0103;קישורים:0.0069,kranz:0.5120;▁morreu:0.1254;▁متعلقه:0.1067;▁tört:0.0741;▁etiam:0.0494
's,subword_fragment,2,0,235303,',235256,s,layer_14,enumi,0.999894,8,1255,1255,enumi,0.696017,4,102,102,enumi:0.9999;קישורים:0.0000;LikeLike:0.0000;▁withRouter:0.0000;▁lainnya:0.0000,enumi:0.6960;’:0.0840;▁tört:0.0447;':0.0317;LikeLike:0.0247
's,subword_fragment,2,0,235303,',235256,s,layer_17,',0.556021,1,3074,3074,▁tört,0.964542,3,2265,2265,':0.5560;’:0.3970;▁tört:0.0215;▁значит:0.0136;enumi:0.0097,▁tört:0.9645;’:0.0222;':0.0099;▁nélk:0.0008;espé:0.0006
's,subword_fragment,2,0,235303,',235256,s,layer_19,enumi,0.999996,2,5089,5089,enumi,0.997599,14,9094,9094,"enumi:1.0000;':0.0000;’:0.0000;:0.0000;躇:0.0000",enumi:0.9976;▁esterni:0.0018;▁tört:0.0003;ContentAsync:0.0001;mycompany:0.0001
's,subword_fragment,2,0,235303,',235256,s,layer_20,▁perpetuity,0.767161,6,3936,3936,▁perpetuity,0.780052,1271,34253,34253,"▁perpetuity:0.7672;躇:0.1801;:0.0246;others:0.0067;mycompany:0.0065",▁perpetuity:0.7801;mycompany:0.0422;躇:0.0398;withIdentifier:0.0385;▁houſe:0.0146
's,subword_fragment,2,0,235303,',235256,s,layer_21,▁',0.999984,3,189,189,▁متعلقه,0.67765,23990,53216,53216,▁':1.0000;▁‘:0.0000;':0.0000;(':0.0000;=':0.0000,▁متعلقه:0.6776;withIdentifier:0.3128;▁InputDecoration:0.0029;🏻‍♀️:0.0026;cupertino:0.0008
's,subword_fragment,2,0,235303,',235256,s,layer_23,’,0.996113,2,175,175,withIdentifier,0.768906,458,9108,9108,’:0.9961;':0.0039;▁':0.0000;‘:0.0000;▁remembered:0.0000,withIdentifier:0.7689;▁idées:0.1207;▁stället:0.0280;Suggested:0.0112;▁Saltar:0.0105
's,subword_fragment,2,0,235303,',235256,s,layer_25,<eos>,1.0,3,29,29,’,0.964496,4,3,3,"<eos>:1.0000;’:0.0000;':0.0000;<unused63>:0.0000;
:0.0000",’:0.9645;‘:0.0242;s:0.0024;':0.0016;<eos>:0.0013
's,subword_fragment,2,0,235303,',235256,s,layer_26,<eos>,1.0,24,62,62,s,0.226173,100,1,1,<eos>:1.0000;<mask>:0.0000;<unused1>:0.0000;<unused2>:0.0000;<unused0>:0.0000,"s:0.2262;’:0.1369;\':0.1071;<eos>:0.0797;

:0.0793"
's,subword_fragment,2,0,235303,',235256,s,final_logits,s,0.220759,100,1,1,,,,,,"s:0.2208;’:0.1352;\':0.1062;<eos>:0.0795;

:0.0791",
's,subword_fragment,2,1,235256,s,,',emb,s,1.0,1,,7,s,1.0,1,,16,"s:1.0000;▁:0.0000;S:0.0000;
:0.0000;

:0.0000",s:1.0000;<mask>:0.0000;<unused1>:0.0000;<unused2>:0.0000;<unused0>:0.0000
's,subword_fragment,2,1,235256,s,,',layer_1,s,1.0,1,,4,s,1.0,1,,6,s:1.0000;▁s:0.0000;S:0.0000;':0.0000;<bos>:0.0000,"s:1.0000;▁s:0.0000;S:0.0000;
:0.0000;▁S:0.0000"
's,subword_fragment,2,1,235256,s,,',layer_2,<bos>,1.0,2,,3,s,1.0,1,,7,<bos>:1.0000;s:0.0000;':0.0000;’:0.0000;▁s:0.0000,s:1.0000;<bos>:0.0000;▁s:0.0000;S:0.0000;▁:0.0000
's,subword_fragment,2,1,235256,s,,',layer_3,s,0.961689,1,,3175,s,0.999942,1,,2667,s:0.9617;▁s:0.0382;▁is:0.0001;S:0.0000;▁in:0.0000,s:0.9999;▁s:0.0001;▁is:0.0000;S:0.0000;▁S:0.0000
's,subword_fragment,2,1,235256,s,,',layer_6,s,0.49828,1,,978,s,0.975403,1,,3547,"s:0.4983;▁s:0.3499;,:0.1320;▁is:0.0032;▁in:0.0025","s:0.9754;▁s:0.0244;,:0.0001;S:0.0000;.:0.0000"
's,subword_fragment,2,1,235256,s,,',layer_9,TargetException,0.2842,6,,1904,TargetException,0.334944,4,,8871,TargetException:0.2842;▁IBOutlet:0.1338;kranz:0.1082;obacz:0.0593;樣子:0.0438,TargetException:0.3349;AnimationsModule:0.2006;▁وتسجيلات:0.1797;s:0.1721;__(/*!:0.0498
's,subword_fragment,2,1,235256,s,,',layer_12,kranz,0.850576,1643,,14186,kranz,0.926041,147,,11145,kranz:0.8506;StandardCharsets:0.1393;csolódó:0.0091;obacz:0.0002;קישורים:0.0002,kranz:0.9260;StandardCharsets:0.0562;▁morreu:0.0047;▁automatiques:0.0024;▁others:0.0023
's,subword_fragment,2,1,235256,s,,',layer_14,enumi,0.955364,41,,226,enumi,0.425191,4,,875,enumi:0.9554;kranz:0.0336;קישורים:0.0071;樣子:0.0009;getWriter:0.0004,enumi:0.4252;kranz:0.4217;▁morreu:0.0372;s:0.0183;樣子:0.0101
's,subword_fragment,2,1,235256,s,,',layer_17,▁تانيه,0.466777,87,,14,▁تانيه,0.555877,112,,471,▁تانيه:0.4668;樣子:0.1053;▁my:0.1006;ódó:0.0801;▁s:0.0367,▁تانيه:0.5559;ódó:0.2712;▁tört:0.0786;kranz:0.0201;viewDidLoad:0.0089
's,subword_fragment,2,1,235256,s,,',layer_19,"",0.624695,2429,,4,enumi,0.837138,7595,,253,":0.6247;enumi:0.3529;▁age:0.0050;':0.0037;▁:0.0036",enumi:0.8371;ContentAsync:0.1011;ValueStyle:0.0101;▁slutt:0.0066;kranz:0.0051
's,subword_fragment,2,1,235256,s,,',layer_20,"",0.470026,3272,,16,ValueStyle,0.909999,46594,,8690,":0.4700;▁others:0.2470;▁your:0.1516;▁endless:0.0432;▁space:0.0132",ValueStyle:0.9100;▁houſe:0.0349;▁perpetuity:0.0235;ContentAsync:0.0064;▁ſmall:0.0057
's,subword_fragment,2,1,235256,s,,',layer_21,▁nice,0.41446,509,,16,▁متعلقه,0.790007,78619,,53799,▁nice:0.4145;▁beauty:0.2546;▁space:0.0827;▁style:0.0519;▁body:0.0459,▁متعلقه:0.7900;▁تانيه:0.1114;▁InputDecoration:0.0777;withIdentifier:0.0090;🏻‍♀️:0.0048
's,subword_fragment,2,1,235256,s,,',layer_23,',0.999641,589,,1,▁slutt,0.351176,36820,,3,':0.9996;’:0.0004;▁:0.0000;▁':0.0000;.:0.0000,▁slutt:0.3512;userdetails:0.0646;':0.0391;serviceWorker:0.0388;withIdentifier:0.0287
's,subword_fragment,2,1,235256,s,,',layer_25,<eos>,0.9945,26,,2,',0.900468,5,,1,<eos>:0.9945;':0.0055;’:0.0000;.:0.0000;-:0.0000,':0.9005;’:0.0984;▁s:0.0007;\:0.0003;s:0.0001
's,subword_fragment,2,1,235256,s,,',layer_26,<eos>,1.0,75,,5,',0.823249,9,,1,"<eos>:1.0000;.:0.0000;,:0.0000;<unused1>:0.0000;<unused0>:0.0000",':0.8232;’:0.0685;\':0.0412;▁s:0.0099;\:0.0066
's,subword_fragment,2,1,235256,s,,',final_logits,',0.798254,9,,1,,,,,,':0.7983;’:0.0758;\':0.0463;▁s:0.0115;\:0.0078,
n't,subword_fragment,3,0,235254,n,235303,ann,emb,n,1.0,1,37,815,n,1.0,1,51,724,n:1.0000;N:0.0000;▁n:0.0000;▁:0.0000;l:0.0000,n:1.0000;▁n:0.0000;N:0.0000;<unused1>:0.0000;<unused0>:0.0000
n't,subword_fragment,3,0,235254,n,235303,ann,layer_1,n,1.0,1,25,615,n,1.0,1,74,520,n:1.0000;▁n:0.0000;N:0.0000;▁N:0.0000;▁:0.0000,n:1.0000;▁n:0.0000;N:0.0000;▁N:0.0000;▁:0.0000
n't,subword_fragment,3,0,235254,n,235303,ann,layer_2,<bos>,1.0,2,5,421,n,1.0,1,53,241,<bos>:1.0000;n:0.0000;N:0.0000;▁n:0.0000;':0.0000,n:1.0000;<bos>:0.0000;N:0.0000;▁n:0.0000;▁N:0.0000
n't,subword_fragment,3,0,235254,n,235303,ann,layer_3,<bos>,1.0,2,92155,102,n,0.997056,1,243664,67,<bos>:1.0000;n:0.0000;ValueStyle:0.0000;▁n:0.0000;N:0.0000,n:0.9971;ValueStyle:0.0029;<bos>:0.0000;▁n:0.0000;N:0.0000
n't,subword_fragment,3,0,235254,n,235303,ann,layer_6,PYX,0.198341,8,243554,93,nnn,0.449325,4,237997,38,PYX:0.1983;+:+:0.1364;SizeF:0.0782;▁n:0.0684;الإنجليزية:0.0665,nnn:0.4493;▁متعلقه:0.2061;▁n:0.0973;n:0.0639;PYX:0.0520
n't,subword_fragment,3,0,235254,n,235303,ann,layer_9,▁समीक्षाओं,0.563741,401,413,352,▁CreateTagHelper,0.692673,343,21826,244,▁समीक्षाओं:0.5637;▁CreateTagHelper:0.1554;enumi:0.1112;الإنجليزية:0.0557;Przypisy:0.0437,▁CreateTagHelper:0.6927;▁समीक्षाओं:0.3007;▁متعلقه:0.0042;GraphicsUnit:0.0016;الإنجليزية:0.0005
n't,subword_fragment,3,0,235254,n,235303,ann,layer_12,enumi,0.22193,1857,662,1563,ValueStyle,0.187415,278,2410,341,enumi:0.2219;醐:0.1848;ValueStyle:0.1158;ظيم:0.0842;▁lastly:0.0625,ValueStyle:0.1874;ButterKnife:0.1552;▁männ:0.1223;ọa:0.1091;醐:0.0943
n't,subword_fragment,3,0,235254,n,235303,ann,layer_14,enumi,0.999957,451,58,341,enumi,0.817563,188,790,194,enumi:1.0000;▁значит:0.0000;▁onData:0.0000;▁defStyleAttr:0.0000;ValueStyle:0.0000,enumi:0.8176;ValueStyle:0.1455;▁defStyleAttr:0.0250;▁onData:0.0022;▁значит:0.0013
n't,subword_fragment,3,0,235254,n,235303,ann,layer_17,▁تانيه,0.999822,2612,5851,583,▁تانيه,0.987278,7560,76541,1656,▁تانيه:0.9998;GraphicsUnit:0.0001;Slf:0.0000;viewDidLoad:0.0000;cipar:0.0000,▁تانيه:0.9873;ValueStyle:0.0100;GraphicsUnit:0.0018;▁diſt:0.0003;▁يتيمه:0.0001
n't,subword_fragment,3,0,235254,n,235303,ann,layer_19,▁perpetuity,0.540927,531,353,389,onAttach,0.926132,5828,52175,1972,"▁perpetuity:0.5409;:0.4086;▁finally:0.0182;onAttach:0.0117;aneous:0.0106",onAttach:0.9261;▁ſmall:0.0240;▁houſe:0.0145;▁Diſ:0.0131;▁perpetuity:0.0130
n't,subword_fragment,3,0,235254,n,235303,ann,layer_20,▁perpetuity,0.997008,9478,7271,9,▁houſe,0.616725,97308,193666,368,▁perpetuity:0.9970;▁يتيمه:0.0026;ContentAsync:0.0002;enumi:0.0001;▁lastly:0.0001,▁houſe:0.6167;▁Efq:0.2559;▁Diſ:0.0702;▁ſtate:0.0349;▁purpoſe:0.0053
n't,subword_fragment,3,0,235254,n,235303,ann,layer_21,▁then,0.378772,302,552,63,▁متعلقه,0.983051,129497,233342,3937,"▁then:0.3788;:0.1846;▁body:0.1617;▁region:0.1147;▁finally:0.0964",▁متعلقه:0.9831;▁houſe:0.0087;▁ſtate:0.0055;▁Efq:0.0010;▁يتيمه:0.0005
n't,subword_fragment,3,0,235254,n,235303,ann,layer_23,<eos>,0.978616,4,27,56,ValueStyle,0.644274,776,44806,126,<eos>:0.9786;▁on:0.0122;▁note:0.0051;n:0.0035;▁n:0.0005,ValueStyle:0.6443;makeText:0.3079;endphp:0.0396;+#+:0.0026;▁defStyleAttr:0.0025
n't,subword_fragment,3,0,235254,n,235303,ann,layer_25,<eos>,1.0,3,22,226,n,0.479593,1,296,4,"<eos>:1.0000;-:0.0000;n:0.0000;’:0.0000;,:0.0000",n:0.4796;▁n:0.3907;N:0.0243;ann:0.0192;\:0.0120
n't,subword_fragment,3,0,235254,n,235303,ann,layer_26,<eos>,1.0,34,32,811,ann,0.173453,70,977,1,<eos>:1.0000;-:0.0000;<unused1>:0.0000;<mask>:0.0000;<unused2>:0.0000,ann:0.1735;▁n:0.1349;unn:0.0544;nn:0.0483;enn:0.0327
n't,subword_fragment,3,0,235254,n,235303,ann,final_logits,ann,0.168354,70,977,1,,,,,,ann:0.1684;▁n:0.1315;unn:0.0536;nn:0.0478;enn:0.0324,
n't,subword_fragment,3,1,235303,',235251,n,emb,',1.0,1,156,108,',1.0,1,173,114,"':1.0000;’:0.0000;▁:0.0000;.:0.0000;
:0.0000",':1.0000;▁:0.0000;’:0.0000;.:0.0000;<unk>:0.0000
n't,subword_fragment,3,1,235303,',235251,n,layer_1,',1.0,1,236,233,',1.0,1,248,258,"':1.0000;’:0.0000;▁:0.0000;
:0.0000;▁':0.0000","':1.0000;▁':0.0000;▁:0.0000;"":0.0000;’:0.0000"
n't,subword_fragment,3,1,235303,',235251,n,layer_2,<bos>,1.0,2,211,188,<bos>,0.999999,2,200,210,"<bos>:1.0000;':0.0000;"":0.0000;’:0.0000;
:0.0000","<bos>:1.0000;':0.0000;"":0.0000;▁':0.0000;
:0.0000"
n't,subword_fragment,3,1,235303,',235251,n,layer_3,<bos>,1.0,2,70,138,<bos>,0.999936,5,35,116,"<bos>:1.0000;':0.0000;"":0.0000;▁and:0.0000;▁is:0.0000","<bos>:0.9999;▁':0.0001;"":0.0000;▁"":0.0000;':0.0000"
n't,subword_fragment,3,1,235303,',235251,n,layer_6,<bos>,0.999786,4888,1638,2792,الإنجليزية,0.973428,2756,627,1512,"<bos>:0.9998;الإنجليزية:0.0002;,:0.0000;▁be:0.0000;▁and:0.0000","الإنجليزية:0.9734;▁be:0.0147;,:0.0068;▁समीक्षाओं:0.0011;rawDesc:0.0009"
n't,subword_fragment,3,1,235303,',235251,n,layer_9,الإنجليزية,0.997976,6,2910,79899,الإنجليزية,0.999991,14,1432,68456,الإنجليزية:0.9980;▁समीक्षाओं:0.0015;\{\\:0.0002;enumi:0.0001;▁CreateTagHelper:0.0001,الإنجليزية:1.0000;▁समीक्षाओं:0.0000;▁CreateTagHelper:0.0000;▁متعلقه:0.0000;▁تضيفلها:0.0000
n't,subword_fragment,3,1,235303,',235251,n,layer_12,сылкі,0.506802,23,42753,131035,сылкі,0.424139,3,3466,26496,сылкі:0.5068;\{\\:0.0916;▁lastly:0.0863;enumi:0.0628;ExtendWith:0.0574,сылкі:0.4241;▁lastly:0.3116;':0.1013;▁TextInputType:0.0582;ExtendWith:0.0190
n't,subword_fragment,3,1,235303,',235251,n,layer_14,enumi,0.999974,4,72794,75107,enumi,0.491759,2,9981,7868,enumi:1.0000;engaruhi:0.0000;.[/:0.0000;':0.0000;▁lainnya:0.0000,enumi:0.4918;':0.3105;▁lainnya:0.0464;engaruhi:0.0440;▁finally:0.0399
n't,subword_fragment,3,1,235303,',235251,n,layer_17,',0.995628,1,527,9503,',0.872657,1,474,13542,"':0.9956;’:0.0042;!:0.0000;▁finally:0.0000;:0.0000",':0.8727;ExtendWith:0.0621;▁تانيه:0.0163;▁tört:0.0128;▁touristes:0.0087
n't,subword_fragment,3,1,235303,',235251,n,layer_19,',0.999838,1,296,414,',0.404929,1,1433,2394,':0.9998;•:0.0001;▁:0.0000;▁':0.0000;▁finally:0.0000,':0.4049;▁perpetuity:0.1157;•:0.0701;▁':0.0691;▁touristes:0.0542
n't,subword_fragment,3,1,235303,',235251,n,layer_20,▁perpetuity,0.557501,2,1214,2758,withIdentifier,0.636062,465,29496,55387,▁perpetuity:0.5575;':0.4320;▁style:0.0037;▁':0.0035;withIdentifier:0.0009,withIdentifier:0.6361;▁perpetuity:0.3531;▁houſe:0.0051;VersionUID:0.0016;espé:0.0015
n't,subword_fragment,3,1,235303,',235251,n,layer_21,▁',0.999851,2,227,243,withIdentifier,0.993324,2577,49010,74528,▁':0.9999;':0.0001;<eos>:0.0000;(':0.0000;▁style:0.0000,withIdentifier:0.9933;▁متعلقه:0.0033;▁houſe:0.0016;▁perpetuity:0.0012;adaptiveStyles:0.0003
n't,subword_fragment,3,1,235303,',235251,n,layer_23,<eos>,0.999899,3,12,2,withIdentifier,0.775182,407,52,5,<eos>:0.9999;n:0.0001;':0.0000;▁:0.0000;▁':0.0000,withIdentifier:0.7752;Décès:0.2139;GraphicsUnit:0.0036;stopPropagation:0.0022;n:0.0008
n't,subword_fragment,3,1,235303,',235251,n,layer_25,<eos>,0.999983,3,17,2,n,0.999951,11,4,1,"<eos>:1.0000;n:0.0000;':0.0000;
:0.0000;in:0.0000",n:1.0000;s:0.0000;▁n:0.0000;t:0.0000;end:0.0000
n't,subword_fragment,3,1,235303,',235251,n,layer_26,<eos>,1.0,10,64,3,n,0.993928,5,7,1,<eos>:1.0000;<mask>:0.0000;<unused1>:0.0000;<unused2>:0.0000;<unused0>:0.0000,n:0.9939;s:0.0012;<eos>:0.0003;i:0.0003;':0.0003
n't,subword_fragment,3,1,235303,',235251,n,final_logits,n,0.989295,5,7,1,,,,,,n:0.9893;s:0.0021;<eos>:0.0006;i:0.0005;':0.0005,
n't,subword_fragment,3,2,235251,t,,',emb,t,1.0,1,,32,t,1.0,1,,39,t:1.0000;T:0.0000;▁:0.0000;▁t:0.0000;n:0.0000,t:1.0000;T:0.0000;<unused1>:0.0000;<mask>:0.0000;<unused2>:0.0000
n't,subword_fragment,3,2,235251,t,,',layer_1,t,0.990714,1,,6,t,1.0,1,,25,t:0.9907;<bos>:0.0093;▁t:0.0000;T:0.0000;▁not:0.0000,t:1.0000;▁t:0.0000;T:0.0000;▁T:0.0000;▁not:0.0000
n't,subword_fragment,3,2,235251,t,,',layer_2,<bos>,1.0,2,,3,t,0.999952,1,,8,<bos>:1.0000;t:0.0000;':0.0000;▁t:0.0000;’:0.0000,t:1.0000;<bos>:0.0000;▁t:0.0000;T:0.0000;▁not:0.0000
n't,subword_fragment,3,2,235251,t,,',layer_3,<bos>,0.999989,2,,1851,t,0.999685,1,,17529,<bos>:1.0000;t:0.0000;▁not:0.0000;▁IBOutlet:0.0000;▁t:0.0000,t:0.9997;▁not:0.0003;▁t:0.0000;▁IBOutlet:0.0000;not:0.0000
n't,subword_fragment,3,2,235251,t,,',layer_6,<bos>,0.99988,82,,132644,▁समीक्षाओं,0.821036,32,,160256,<bos>:0.9999;Personensuche:0.0000;▁समीक्षाओं:0.0000;StructEnd:0.0000;▁be:0.0000,▁समीक्षाओं:0.8210;Personensuche:0.1101;▁be:0.0361;StructEnd:0.0240;Rüyada:0.0056
n't,subword_fragment,3,2,235251,t,,',layer_9,الإنجليزية,0.584101,661,,946,الإنجليزية,0.67916,435,,4686,الإنجليزية:0.5841;▁समीक्षाओं:0.3743;▁you:0.0076;enumi:0.0034;bootstrapcdn:0.0025,الإنجليزية:0.6792;▁समीक्षाओं:0.3175;▁متعلقه:0.0010;bootstrapcdn:0.0008;▁TextInputType:0.0004
n't,subword_fragment,3,2,235251,t,,',layer_12,▁TextInputType,0.402182,120297,,43761,▁TextInputType,0.904788,30650,,17199,▁TextInputType:0.4022;▁समीक्षाओं:0.3037;awtextra:0.0570;География:0.0533;▁houſe:0.0516,▁TextInputType:0.9048;awtextra:0.0263;antMatchers:0.0237;ButterKnife:0.0156;▁समीक्षाओं:0.0096
n't,subword_fragment,3,2,235251,t,,',layer_14,enumi,0.998256,127424,,3047,awtextra,0.515416,50922,,5645,enumi:0.9983;awtextra:0.0015;▁defStyle:0.0001;▁समीक्षाओं:0.0001;AddTagHelper:0.0000,awtextra:0.5154;enumi:0.3163;AddTagHelper:0.1467;rmtree:0.0038;▁defStyle:0.0038
n't,subword_fragment,3,2,235251,t,,',layer_17,enumi,0.511851,6645,,479,▁تانيه,0.416614,3308,,3198,enumi:0.5119;▁تانيه:0.4324;▁lastly:0.0285;▁finally:0.0052;▁you:0.0044,▁تانيه:0.4166;enumi:0.0905;▁lastly:0.0789;▁nonatomic:0.0441;tagHelper:0.0430
n't,subword_fragment,3,2,235251,t,,',layer_19,',0.291884,6166,,1,▁perpetuity,0.502051,13883,,89,"':0.2919;:0.2639;▁want:0.0967;-:0.0769;▁then:0.0639",▁perpetuity:0.5021;▁sitten:0.1015;busch:0.0458;getMenuInflater:0.0402;▁lastly:0.0401
n't,subword_fragment,3,2,235251,t,,',layer_20,▁perpetuity,0.986995,7089,,23,▁perpetuity,0.978026,38125,,2767,"▁perpetuity:0.9870;▁lastly:0.0109;▁others:0.0014;:0.0002;▁everything:0.0002",▁perpetuity:0.9780;▁houſe:0.0118;getMenuInflater:0.0040;▁ſmall:0.0016;▁lastly:0.0008
n't,subword_fragment,3,2,235251,t,,',layer_21,',0.54704,1210,,1,▁houſe,0.726569,106850,,5076,':0.5470;▁want:0.4397;▁forever:0.0081;▁style:0.0010;!:0.0010,▁houſe:0.7266;▁pleaſure:0.0907;▁perpetuity:0.0809;▁ſmall:0.0242;▁purpoſe:0.0128
n't,subword_fragment,3,2,235251,t,,',layer_23,',0.776005,72,,1,withIdentifier,0.830249,266,,2,':0.7760;<eos>:0.2025;-:0.0122;▁:0.0091;.:0.0003,withIdentifier:0.8302;':0.1115;▁t:0.0052;reportWebVitals:0.0044;▁Tabelle:0.0032
n't,subword_fragment,3,2,235251,t,,',layer_25,',0.97764,29,,1,',0.997475,9,,1,':0.9776;<eos>:0.0176;-:0.0048;\:0.0000;.:0.0000,':0.9975;\:0.0020;-:0.0003;n:0.0001;▁n:0.0000
n't,subword_fragment,3,2,235251,t,,',layer_26,<eos>,1.0,91,,4,',0.972424,55,,1,<eos>:1.0000;-:0.0000;<unused1>:0.0000;<mask>:0.0000;<unused2>:0.0000,':0.9724;\:0.0151;\':0.0034;▁n:0.0012;{:0.0007
n't,subword_fragment,3,2,235251,t,,',final_logits,',0.958587,55,,1,,,,,,':0.9586;\:0.0215;\':0.0052;▁n:0.0018;{:0.0012,
ing,subword_fragment,1,0,574,ing,,ing,emb,ing,1.0,1,,1,ing,1.0,1,,1,ing:1.0000;ING:0.0000;ed:0.0000;▁:0.0000;.:0.0000,ing:1.0000;<mask>:0.0000;<unused1>:0.0000;<unused2>:0.0000;<unused0>:0.0000
ing,subword_fragment,1,0,574,ing,,ing,layer_1,ing,1.0,1,,1,ing,1.0,1,,1,ing:1.0000;ING:0.0000;ed:0.0000;<bos>:0.0000;ting:0.0000,ing:1.0000;ING:0.0000;<unused1>:0.0000;<mask>:0.0000;<unused2>:0.0000
ing,subword_fragment,1,0,574,ing,,ing,layer_2,<bos>,1.0,2,,2,ing,1.0,1,,1,<bos>:1.0000;ing:0.0000;ING:0.0000;':0.0000;’:0.0000,ing:1.0000;ING:0.0000;<bos>:0.0000;ting:0.0000;ed:0.0000
ing,subword_fragment,1,0,574,ing,,ing,layer_3,ing,0.999983,1,,1,ing,1.0,1,,1,ing:1.0000;<bos>:0.0000;ING:0.0000;ting:0.0000;ging:0.0000,ing:1.0000;ING:0.0000;ting:0.0000;ging:0.0000;ning:0.0000
ing,subword_fragment,1,0,574,ing,,ing,layer_6,<bos>,0.718109,2,,2,ing,0.999999,1,,1,"<bos>:0.7181;ing:0.2641;,:0.0063;▁and:0.0056;.:0.0039",ing:1.0000;ING:0.0000;ling:0.0000;.:0.0000;▁OnInit:0.0000
ing,subword_fragment,1,0,574,ing,,ing,layer_9,enumi,0.650263,2,,2,ing,0.997949,1,,1,enumi:0.6503;ing:0.2889;AnimationsModule:0.0154;copg:0.0065;TargetException:0.0058,ing:0.9979;enumi:0.0012;AnimationsModule:0.0004;copg:0.0003;▁برانيه:0.0001
ing,subword_fragment,1,0,574,ing,,ing,layer_12,География,0.27624,340,,340,ing,0.186167,1,,1,География:0.2762;enumi:0.1613;csolódó:0.1074;getWriter:0.1039;kranz:0.0989,"ing:0.1862;▁väli:0.1477;ркут:0.0932;:0.0685;quate:0.0490"
ing,subword_fragment,1,0,574,ing,,ing,layer_14,enumi,0.997479,271,,271,enumi,0.497483,4,,4,enumi:0.9975;▁lainnya:0.0009;.[/:0.0008;getWriter:0.0005;IfNeeded:0.0001,enumi:0.4975;▁lainnya:0.2425;IfNeeded:0.0835;ing:0.0422;▁defStyle:0.0381
ing,subword_fragment,1,0,574,ing,,ing,layer_17,"",0.483499,44,,44,▁FontWeight,0.309736,4,,4,":0.4835;.”:0.1921;.:0.1277;ImageIO:0.0619;▁FontWeight:0.0245","▁FontWeight:0.3097;ImageIO:0.2168;Slf:0.1307;ing:0.0933;:0.0400"
ing,subword_fragment,1,0,574,ing,,ing,layer_19,󠁢,0.541039,25,,25,󠁢,0.280376,23,,23,"󠁢:0.5410;enumi:0.3623;:0.0961;</em>:0.0003;месте:0.0002",󠁢:0.2804;▁ſtre:0.2267;enumi:0.1545;▁ſmall:0.1150;▁houſe:0.1144
ing,subword_fragment,1,0,574,ing,,ing,layer_20,"",0.791896,36,,36,▁houſe,0.6208,284,,284,":0.7919;enumi:0.1085;󠁢:0.0837;</h6>:0.0056;▁like:0.0037",▁houſe:0.6208;▁ſeveral:0.1716;▁ſmall:0.0892;enumi:0.0357;▁leaſt:0.0239
ing,subword_fragment,1,0,574,ing,,ing,layer_21,"",0.930076,5,,5,▁houſe,0.240679,307,,307,":0.9301;<eos>:0.0475;▁like:0.0178;</em>:0.0044;ing:0.0001",▁houſe:0.2407;▁ſeveral:0.2054;▁متعلقه:0.1890;▁ſmall:0.0994;󠁢:0.0720
ing,subword_fragment,1,0,574,ing,,ing,layer_23,<eos>,1.0,8,,8,▁ing,0.689871,2,,2,"<eos>:1.0000;:0.0000;’:0.0000;▁:0.0000;▁like:0.0000","▁ing:0.6899;ing:0.2683;▁like:0.0199;:0.0056;<eos>:0.0029"
ing,subword_fragment,1,0,574,ing,,ing,layer_25,<eos>,1.0,7,,7,ing,0.671888,1,,1,"<eos>:1.0000;-:0.0000;

:0.0000;
:0.0000;.:0.0000","ing:0.6719;<eos>:0.2335;

:0.0748;
:0.0181;’:0.0004"
ing,subword_fragment,1,0,574,ing,,ing,layer_26,<eos>,1.0,8,,8,ing,0.998302,1,,1,"<eos>:1.0000;-:0.0000;.:0.0000;▁and:0.0000;
:0.0000","ing:0.9983;

:0.0007;<eos>:0.0004;
:0.0001;ling:0.0001"
ing,subword_fragment,1,0,574,ing,,ing,final_logits,ing,0.996131,1,,1,,,,,,"ing:0.9961;

:0.0015;<eos>:0.0010;
:0.0002;ling:0.0002",
pre,subword_fragment,1,0,1710,pre,,pre,emb,pre,1.0,1,,1,pre,1.0,1,,1,pre:1.0000;▁pre:0.0000;Pre:0.0000;▁Pre:0.0000;PRE:0.0000,pre:1.0000;▁pre:0.0000;Pre:0.0000;▁Pre:0.0000;PRE:0.0000
pre,subword_fragment,1,0,1710,pre,,pre,layer_1,pre,1.0,1,,1,pre,1.0,1,,1,pre:1.0000;▁pre:0.0000;Pre:0.0000;▁Pre:0.0000;PRE:0.0000,pre:1.0000;▁pre:0.0000;Pre:0.0000;▁Pre:0.0000;PRE:0.0000
pre,subword_fragment,1,0,1710,pre,,pre,layer_2,pre,0.999978,1,,1,pre,1.0,1,,1,pre:1.0000;▁pre:0.0000;Pre:0.0000;▁Pre:0.0000;PRE:0.0000,pre:1.0000;▁pre:0.0000;Pre:0.0000;▁Pre:0.0000;PRE:0.0000
pre,subword_fragment,1,0,1710,pre,,pre,layer_3,pre,0.997978,1,,1,pre,0.999999,1,,1,pre:0.9980;▁pre:0.0020;Pre:0.0001;▁Pre:0.0000;PRE:0.0000,pre:1.0000;▁pre:0.0000;Pre:0.0000;▁Pre:0.0000;PRE:0.0000
pre,subword_fragment,1,0,1710,pre,,pre,layer_6,pre,0.596584,1,,1,pre,0.782919,1,,1,pre:0.5966;PRE:0.3344;▁PRE:0.0349;醐:0.0132;▁שוליים:0.0056,pre:0.7829;PRE:0.2148;▁PRE:0.0019;Pre:0.0002;PreExecute:0.0001
pre,subword_fragment,1,0,1710,pre,,pre,layer_9,<bos>,1.0,12,,12,</thead>,0.660251,11,,11,<bos>:1.0000;enumi:0.0000;</thead>:0.0000;\{\\:0.0000;▁שוליים:0.0000,</thead>:0.6603;enumi:0.2471;\{\\:0.0741;▁שוליים:0.0096;PRE:0.0043
pre,subword_fragment,1,0,1710,pre,,pre,layer_12,</thead>,0.919818,190,,190,</thead>,0.997844,46,,46,"</thead>:0.9198;enumi:0.0795;:0.0002;<bos>:0.0001;\{\\:0.0001",</thead>:0.9978;enumi:0.0012;\{\\:0.0003;ркут:0.0002;le:0.0001
pre,subword_fragment,1,0,1710,pre,,pre,layer_14,<bos>,0.794008,578,,578,enumi,0.979419,69,,69,<bos>:0.7940;enumi:0.2060;</thead>:0.0000;出版年:0.0000;▁lainnya:0.0000,enumi:0.9794;NOPQRST:0.0045;出版年:0.0043;</thead>:0.0040;pa:0.0017
pre,subword_fragment,1,0,1710,pre,,pre,layer_17,PRE,0.958941,12,,12,PRE,0.968285,3,,3,PRE:0.9589;▁PRE:0.0319;▁تانيه:0.0083;▁nélk:0.0006;ăl:0.0000,PRE:0.9683;▁PRE:0.0279;pre:0.0034;Pre:0.0002;▁وتسجيلات:0.0001
pre,subword_fragment,1,0,1710,pre,,pre,layer_19,PRE,0.955637,3,,3,pre,0.736353,1,,1,PRE:0.9556;▁PRE:0.0214;pre:0.0190;▁pre:0.0028;▁Pre:0.0007,pre:0.7364;PRE:0.2193;Pre:0.0319;▁pre:0.0062;▁PRE:0.0049
pre,subword_fragment,1,0,1710,pre,,pre,layer_20,▁pre,0.869153,2,,2,pre,0.459272,1,,1,▁pre:0.8692;pre:0.0621;PRE:0.0584;▁PRE:0.0096;▁Pre:0.0004,pre:0.4593;PRE:0.2780;▁pre:0.1611;▁PRE:0.0592;Pre:0.0409
pre,subword_fragment,1,0,1710,pre,,pre,layer_21,▁pre,0.994133,2,,2,▁pre,0.473335,2,,2,▁pre:0.9941;pre:0.0058;▁Pre:0.0000;Pre:0.0000;PRE:0.0000,▁pre:0.4733;pre:0.3767;Pre:0.1204;▁Pre:0.0194;PRE:0.0080
pre,subword_fragment,1,0,1710,pre,,pre,layer_23,pre,0.999565,1,,1,pre,0.960924,1,,1,pre:0.9996;▁pre:0.0004;Pre:0.0000;▁Pre:0.0000;PRE:0.0000,pre:0.9609;PRE:0.0142;Pre:0.0133;▁pre:0.0070;▁PRE:0.0045
pre,subword_fragment,1,0,1710,pre,,pre,layer_25,<eos>,0.999775,3,,3,pre,0.998747,1,,1,<eos>:0.9998;-:0.0002;pre:0.0000;l:0.0000;or:0.0000,pre:0.9987;-:0.0006;PRE:0.0001;Pre:0.0001;l:0.0001
pre,subword_fragment,1,0,1710,pre,,pre,layer_26,<eos>,1.0,61,,61,pre,0.94066,1,,1,<eos>:1.0000;-:0.0000;▁(:0.0000;.:0.0000;<unused63>:0.0000,pre:0.9407;che:0.0221;pra:0.0041;po:0.0029;con:0.0012
pre,subword_fragment,1,0,1710,pre,,pre,final_logits,pre,0.928935,1,,1,,,,,,pre:0.9289;che:0.0257;pra:0.0049;po:0.0034;con:0.0015,
 SolidGoldMagikarp,glitch_token,5,0,22409,▁Solid,15010,▁Solid,emb,▁Solid,0.999834,1,201038,1,▁Solid,1.0,1,167604,1,▁Solid:0.9998;Solid:0.0002;solid:0.0000;▁SOLID:0.0000;▁solid:0.0000,▁Solid:1.0000;Solid:0.0000;solid:0.0000;▁solid:0.0000;▁SOLID:0.0000
 SolidGoldMagikarp,glitch_token,5,0,22409,▁Solid,15010,▁Solid,layer_1,▁Solid,0.983896,1,81984,1,▁Solid,0.999919,1,74259,1,▁Solid:0.9839;Solid:0.0161;▁solid:0.0000;solid:0.0000;▁SOLID:0.0000,▁Solid:0.9999;Solid:0.0001;▁solid:0.0000;solid:0.0000;▁SOLID:0.0000
 SolidGoldMagikarp,glitch_token,5,0,22409,▁Solid,15010,▁Solid,layer_2,▁Solid,0.929493,1,13798,1,▁Solid,0.999485,1,21134,1,▁Solid:0.9295;Solid:0.0621;▁solid:0.0084;solid:0.0000;▁SOLID:0.0000,▁Solid:0.9995;Solid:0.0004;▁solid:0.0001;solid:0.0000;▁SOLID:0.0000
 SolidGoldMagikarp,glitch_token,5,0,22409,▁Solid,15010,▁Solid,layer_3,▁Solid,0.849087,1,107478,1,▁Solid,0.994259,1,103056,1,▁Solid:0.8491;Solid:0.1316;▁solid:0.0192;solid:0.0002;▁SOLID:0.0000,▁Solid:0.9943;Solid:0.0043;▁solid:0.0014;solid:0.0000;▁SOLID:0.0000
 SolidGoldMagikarp,glitch_token,5,0,22409,▁Solid,15010,▁Solid,layer_6,<bos>,1.0,3,18077,3,▁Solid,0.457167,1,22274,1,<bos>:1.0000;Solid:0.0000;▁Solid:0.0000;▁solid:0.0000;solid:0.0000,▁Solid:0.4572;Solid:0.3439;solid:0.1131;▁solid:0.0552;▁SOLID:0.0306
 SolidGoldMagikarp,glitch_token,5,0,22409,▁Solid,15010,▁Solid,layer_9,\{\\,0.961305,131,62706,131,▁تضيفلها,0.793367,67,59796,67,\{\\:0.9613;▁تضيفلها:0.0324;▁nonatomic:0.0019;▁iconFacebook:0.0012;AnimationsModule:0.0011,▁تضيفلها:0.7934;\{\\:0.2053;▁iconFacebook:0.0004;▁arşivlendi:0.0003;AnimationsModule:0.0003
 SolidGoldMagikarp,glitch_token,5,0,22409,▁Solid,15010,▁Solid,layer_12,\{\\,0.754454,11812,67915,11812,\{\\,0.862255,3541,65303,3541,\{\\:0.7545;StandardCharsets:0.1557;csolódó:0.0364;neſs:0.0266;▁Jefus:0.0127,\{\\:0.8623;StandardCharsets:0.0935;SafeMath:0.0204;▁فريبيس:0.0044;Rhestr:0.0042
 SolidGoldMagikarp,glitch_token,5,0,22409,▁Solid,15010,▁Solid,layer_14,"",0.95593,12581,46454,12581,"",0.23851,5530,54330,5530,":0.9559;StandardCharsets:0.0179;▁infinite:0.0062;▁:0.0045;':0.0042",":0.2385;StandardCharsets:0.2157;▁defStyle:0.1847;SafeMath:0.1528;NOPQRST:0.0749"
 SolidGoldMagikarp,glitch_token,5,0,22409,▁Solid,15010,▁Solid,layer_17,▁solid,0.282842,129,68146,129,▁defStyle,0.722076,22,72715,22,▁solid:0.2828;▁defStyle:0.1450;▁تانيه:0.1185;▁:0.1107;▁finally:0.0963,▁defStyle:0.7221;期刊论文:0.1175;▁solid:0.0680;достатки:0.0378;▁تانيه:0.0335
 SolidGoldMagikarp,glitch_token,5,0,22409,▁Solid,15010,▁Solid,layer_19,▁,0.966891,31,33125,31,▁solid,0.382464,8,33986,8,"▁:0.9669;▁solid:0.0305;<eos>:0.0011;▁space:0.0007;:0.0004",▁solid:0.3825;期刊论文:0.1800;ftant:0.1535;жалуйста:0.1043;▁ſmall:0.0705
 SolidGoldMagikarp,glitch_token,5,0,22409,▁Solid,15010,▁Solid,layer_20,▁solid,1.0,5,8343,5,▁solid,0.65061,10,10755,10,▁solid:1.0000;▁sound:0.0000;solid:0.0000;▁soft:0.0000;▁Solid:0.0000,▁solid:0.6506;▁ſmall:0.1043;▁houſe:0.0656;ValueStyle:0.0596;▁faſt:0.0578
 SolidGoldMagikarp,glitch_token,5,0,22409,▁Solid,15010,▁Solid,layer_21,▁solid,1.0,33,17176,33,▁تانيه,0.297917,37,50036,37,▁solid:1.0000;▁strong:0.0000;▁space:0.0000;▁clinical:0.0000;▁body:0.0000,▁تانيه:0.2979;▁houſe:0.2575;▁purpoſe:0.2201;▁faſt:0.0959;▁BoxDecoration:0.0469
 SolidGoldMagikarp,glitch_token,5,0,22409,▁Solid,15010,▁Solid,layer_23,▁strong,0.680455,1399,6185,1399,▁BoxDecoration,0.759322,131,9989,131,▁strong:0.6805;▁support:0.2755;▁waste:0.0350;▁definition:0.0060;▁soft:0.0014,▁BoxDecoration:0.7593;достатки:0.2277;ftant:0.0044;Varint:0.0030;ftance:0.0015
 SolidGoldMagikarp,glitch_token,5,0,22409,▁Solid,15010,▁Solid,layer_25,<eos>,1.0,2539,9511,2539,▁State,0.584894,3,6346,3,"<eos>:1.0000;▁:0.0000;-:0.0000;▁...:0.0000;
:0.0000","▁State:0.5849;▁...:0.2633;▁Solid:0.0402;


:0.0152;▁:0.0119"
 SolidGoldMagikarp,glitch_token,5,0,22409,▁Solid,15010,▁Solid,layer_26,<eos>,1.0,8660,14055,8660,▁Solid,0.223271,1,10776,1,<eos>:1.0000;.:0.0000;▁:0.0000;<unused1>:0.0000;<unused0>:0.0000,▁Solid:0.2233;▁State:0.1094;▁Food:0.0518;▁Liquid:0.0243;▁Sor:0.0229
 SolidGoldMagikarp,glitch_token,5,0,22409,▁Solid,15010,▁Solid,final_logits,▁Solid,0.152377,1,10776,1,,,,,,▁Solid:0.1524;▁State:0.0835;▁Food:0.0439;▁Liquid:0.0226;▁Sor:0.0214,
 SolidGoldMagikarp,glitch_token,5,1,15010,Gold,9117,Solid,emb,Gold,0.999713,1,16908,10916,Gold,0.999999,1,4847,4531,Gold:0.9997;▁Gold:0.0003;gold:0.0000;▁GOLD:0.0000;▁gold:0.0000,Gold:1.0000;▁Gold:0.0000;gold:0.0000;▁gold:0.0000;▁GOLD:0.0000
 SolidGoldMagikarp,glitch_token,5,1,15010,Gold,9117,Solid,layer_1,Gold,0.999907,1,888,1726,Gold,0.999997,1,1349,3415,Gold:0.9999;▁Gold:0.0001;▁gold:0.0000;gold:0.0000;▁GOLD:0.0000,Gold:1.0000;▁Gold:0.0000;▁gold:0.0000;gold:0.0000;▁GOLD:0.0000
 SolidGoldMagikarp,glitch_token,5,1,15010,Gold,9117,Solid,layer_2,Gold,0.999227,1,944,4149,Gold,0.999795,1,2137,5229,Gold:0.9992;▁Gold:0.0008;<bos>:0.0000;▁gold:0.0000;gold:0.0000,Gold:0.9998;▁Gold:0.0002;▁gold:0.0000;gold:0.0000;▁GOLD:0.0000
 SolidGoldMagikarp,glitch_token,5,1,15010,Gold,9117,Solid,layer_3,Gold,0.995663,1,3012,6547,Gold,0.997792,1,6832,11217,Gold:0.9957;▁Gold:0.0043;▁gold:0.0000;gold:0.0000;▁GOLD:0.0000,Gold:0.9978;▁Gold:0.0022;▁gold:0.0000;gold:0.0000;▁GOLD:0.0000
 SolidGoldMagikarp,glitch_token,5,1,15010,Gold,9117,Solid,layer_6,<bos>,1.0,2,24534,8130,Gold,0.982967,1,55557,10663,<bos>:1.0000;Gold:0.0000;▁faſt:0.0000;▁gold:0.0000;▁GOLD:0.0000,Gold:0.9830;▁gold:0.0147;▁GOLD:0.0016;gold:0.0005;▁Gold:0.0002
 SolidGoldMagikarp,glitch_token,5,1,15010,Gold,9117,Solid,layer_9,▁تضيفلها,0.968215,34,186416,111031,▁تضيفلها,0.999634,7,179819,89439,▁تضيفلها:0.9682;▁Chriſt:0.0167;▁Pergamon:0.0049;▁faſt:0.0033;AnimationsModule:0.0017,▁تضيفلها:0.9996;▁Pergamon:0.0003;▁GOLD:0.0000;▁Chriſt:0.0000;AnimationsModule:0.0000
 SolidGoldMagikarp,glitch_token,5,1,15010,Gold,9117,Solid,layer_12,AddTagHelper,0.682012,559,244711,115254,AddTagHelper,0.989777,62,233190,118624,AddTagHelper:0.6820;▁Jefus:0.2461;StandardCharsets:0.0283;▁Theſe:0.0188;▁Efq:0.0163,AddTagHelper:0.9898;StandardCharsets:0.0097;▁BoxDecoration:0.0002;▁تضيفلها:0.0001;▁Pergamon:0.0000
 SolidGoldMagikarp,glitch_token,5,1,15010,Gold,9117,Solid,layer_14,AddTagHelper,0.590568,205,94412,197773,AddTagHelper,0.970473,32,68139,187255,AddTagHelper:0.5906;WebVitals:0.3296;StandardCharsets:0.0798;География:0.0000;▁eternal:0.0000,AddTagHelper:0.9705;WebVitals:0.0200;StandardCharsets:0.0095;IsContent:0.0000;ButterKnife:0.0000
 SolidGoldMagikarp,glitch_token,5,1,15010,Gold,9117,Solid,layer_17,достатки,0.999835,412,122851,50564,достатки,0.998497,121,136997,43958,достатки:0.9998;▁تانيه:0.0001;▁infinite:0.0000;▁mythical:0.0000;▁improve:0.0000,достатки:0.9985;▁وتسجيلات:0.0005;▁ſmall:0.0004;▁hessen:0.0001;▁تانيه:0.0001
 SolidGoldMagikarp,glitch_token,5,1,15010,Gold,9117,Solid,layer_19,<eos>,0.999,47,156383,33028,▁ſtre,0.558512,18,199893,31974,"<eos>:0.9990;<b>:0.0008;▁:0.0001;:0.0000;<strong>:0.0000",▁ſtre:0.5585;▁ſmall:0.2474;▁pleaſure:0.0966;▁houſe:0.0317;StandardCharsets:0.0155
 SolidGoldMagikarp,glitch_token,5,1,15010,Gold,9117,Solid,layer_20,▁gold,0.998244,5,155751,12609,▁ſmall,0.617603,13,230529,7288,▁gold:0.9982;▁Gold:0.0012;<eos>:0.0003;gold:0.0001;Gold:0.0001,▁ſmall:0.6176;▁houſe:0.2147;▁pleaſure:0.0973;▁ſtre:0.0153;▁faſt:0.0125
 SolidGoldMagikarp,glitch_token,5,1,15010,Gold,9117,Solid,layer_21,<eos>,0.998239,259,108237,2217,▁BoxDecoration,0.588553,162,232642,320,<eos>:0.9982;▁solid:0.0012;▁explanation:0.0004;▁support:0.0001;<b>:0.0001,▁BoxDecoration:0.5886;▁houſe:0.2902;▁pleaſure:0.0615;▁ſmall:0.0190;▁Houſe:0.0156
 SolidGoldMagikarp,glitch_token,5,1,15010,Gold,9117,Solid,layer_23,▁solid,0.999998,134,66701,203,▁BoxDecoration,0.999732,62,197860,19,▁solid:1.0000;<eos>:0.0000;▁strong:0.0000;(:0.0000;▁support:0.0000,▁BoxDecoration:0.9997;▁Jefus:0.0001;▁Chriftian:0.0000;▁Majefty:0.0000;+#+#:0.0000
 SolidGoldMagikarp,glitch_token,5,1,15010,Gold,9117,Solid,layer_25,<eos>,1.0,1082,13077,2378,Solid,0.984171,2,24374,1,"<eos>:1.0000;.:0.0000;-:0.0000;,:0.0000;
:0.0000",Solid:0.9842;Gold:0.0036;Sold:0.0024;<eos>:0.0013;G:0.0010
 SolidGoldMagikarp,glitch_token,5,1,15010,Gold,9117,Solid,layer_26,<eos>,1.0,3282,10809,9339,Solid,0.935945,3,6221,1,"<eos>:1.0000;.:0.0000;-:0.0000;,:0.0000;▁(:0.0000",Solid:0.9359;Liquid:0.0158;Gold:0.0114;Sol:0.0022;Sold:0.0018
 SolidGoldMagikarp,glitch_token,5,1,15010,Gold,9117,Solid,final_logits,Solid,0.772532,3,6221,1,,,,,,Solid:0.7725;Liquid:0.0358;Gold:0.0276;Sol:0.0071;Sold:0.0059,
 SolidGoldMagikarp,glitch_token,5,2,9117,Mag,1084,Gold,emb,Mag,0.999997,1,3249,6120,Mag,1.0,1,1793,4452,Mag:1.0000;▁Mag:0.0000;mag:0.0000;▁mag:0.0000;MAG:0.0000,Mag:1.0000;▁Mag:0.0000;mag:0.0000;▁mag:0.0000;MAG:0.0000
 SolidGoldMagikarp,glitch_token,5,2,9117,Mag,1084,Gold,layer_1,Mag,0.999988,1,33152,3631,Mag,1.0,1,5605,1801,Mag:1.0000;▁Mag:0.0000;mag:0.0000;▁mag:0.0000;MAG:0.0000,Mag:1.0000;▁Mag:0.0000;mag:0.0000;▁mag:0.0000;MAG:0.0000
 SolidGoldMagikarp,glitch_token,5,2,9117,Mag,1084,Gold,layer_2,Mag,0.99999,1,5582,776,Mag,1.0,1,5376,723,Mag:1.0000;▁Mag:0.0000;mag:0.0000;<bos>:0.0000;▁mag:0.0000,Mag:1.0000;▁Mag:0.0000;mag:0.0000;▁mag:0.0000;MAG:0.0000
 SolidGoldMagikarp,glitch_token,5,2,9117,Mag,1084,Gold,layer_3,Mag,0.999881,1,30752,1551,Mag,0.999994,1,11329,1460,Mag:0.9999;▁Mag:0.0001;mag:0.0000;▁mag:0.0000;<bos>:0.0000,Mag:1.0000;▁Mag:0.0000;mag:0.0000;▁mag:0.0000;▁MAG:0.0000
 SolidGoldMagikarp,glitch_token,5,2,9117,Mag,1084,Gold,layer_6,<bos>,1.0,11,61755,13029,Mag,0.58005,1,36916,15070,<bos>:1.0000;▁itſelf:0.0000;▁faſt:0.0000;▁raiſ:0.0000;▁pleaſure:0.0000,Mag:0.5801;▁mags:0.4026;▁faſt:0.0073;<bos>:0.0041;▁itſelf:0.0018
 SolidGoldMagikarp,glitch_token,5,2,9117,Mag,1084,Gold,layer_9,<bos>,0.997373,41,13600,58418,AnimationsModule,0.514851,14,9494,39995,<bos>:0.9974;AnimationsModule:0.0013;▁Pergamon:0.0002;▁تضيفلها:0.0002;\{\\:0.0002,AnimationsModule:0.5149;▁تضيفلها:0.2786;▁Pergamon:0.1373;▁Maguire:0.0148;\{\\:0.0121
 SolidGoldMagikarp,glitch_token,5,2,9117,Mag,1084,Gold,layer_12,▁Theſe,0.403129,29573,153764,58461,AddTagHelper,0.758957,3222,59439,47957,▁Theſe:0.4031;▁Efq:0.2827;▁Jefus:0.1281;AddTagHelper:0.0679;WebVitals:0.0432,AddTagHelper:0.7590;StandardCharsets:0.1461;▁InputDecoration:0.0487;▁Theſe:0.0136;▁BoxDecoration:0.0107
 SolidGoldMagikarp,glitch_token,5,2,9117,Mag,1084,Gold,layer_14,WebVitals,0.708725,739,33772,70333,WebVitals,0.845064,162,38928,73359,WebVitals:0.7087;StandardCharsets:0.2656;▁defStyle:0.0047;enumi:0.0023;▁//$:0.0016,WebVitals:0.8451;StandardCharsets:0.1172;下载附件:0.0185;AddTagHelper:0.0060;▁defStyle:0.0036
 SolidGoldMagikarp,glitch_token,5,2,9117,Mag,1084,Gold,layer_17,достатки,0.988966,51,60893,37839,▁وتسجيلات,0.541631,21,93865,55258,достатки:0.9890;▁Cæsar:0.0057;▁boundless:0.0017;▁چیه:0.0014;▁وتسجيلات:0.0004,▁وتسجيلات:0.5416;достатки:0.4353;▁mẽ:0.0081;▁Cæsar:0.0063;▁ſmall:0.0019
 SolidGoldMagikarp,glitch_token,5,2,9117,Mag,1084,Gold,layer_19,▁Mag,0.998827,2,40034,16864,▁Mag,0.506383,7,138922,28108,▁Mag:0.9988;Mag:0.0003;<eos>:0.0003;▁boundless:0.0001;смотря:0.0000,▁Mag:0.5064;▁فريبيس:0.1678;▁وتسجيلات:0.1580;▁ddelweddau:0.0923;▁Magno:0.0317
 SolidGoldMagikarp,glitch_token,5,2,9117,Mag,1084,Gold,layer_20,▁Mag,0.989475,2,16358,748,▁Mag,0.764773,2,130220,1304,▁Mag:0.9895;Mag:0.0094;▁mag:0.0009;mag:0.0001;▁magnetic:0.0000,▁Mag:0.7648;Mag:0.1640;▁mag:0.0360;▁houſe:0.0166;▁ſmall:0.0053
 SolidGoldMagikarp,glitch_token,5,2,9117,Mag,1084,Gold,layer_21,<eos>,0.998102,2885,16490,1512,▁houſe,0.549763,1043,223236,1440,<eos>:0.9981;▁capacity:0.0007;<unused63>:0.0004;▁friend:0.0002;<:0.0001,▁houſe:0.5498;▁متعلقه:0.1679;▁ſeveral:0.1581;▁Majefty:0.0337;▁pleaſure:0.0206
 SolidGoldMagikarp,glitch_token,5,2,9117,Mag,1084,Gold,layer_23,▁gold,0.999947,1580,6573,18,▁BoxDecoration,0.998002,241,161585,18,▁gold:0.9999;<eos>:0.0000;I:0.0000;▁Gold:0.0000;In:0.0000,▁BoxDecoration:0.9980;▁BoxFit:0.0010;▁Jefus:0.0004;▁Efq:0.0002;▁Majefty:0.0001
 SolidGoldMagikarp,glitch_token,5,2,9117,Mag,1084,Gold,layer_25,<eos>,1.0,1999,629,455,Gold,0.944154,14,1716,1,"<eos>:1.0000;-:0.0000;.:0.0000;

:0.0000;1:0.0000",Gold:0.9442;▁Gold:0.0242;gold:0.0088;▁gold:0.0047;G:0.0022
 SolidGoldMagikarp,glitch_token,5,2,9117,Mag,1084,Gold,layer_26,<eos>,1.0,5188,656,2344,Gold,0.918609,3,1631,1,<eos>:1.0000;-:0.0000;.:0.0000;<unused1>:0.0000;<unused0>:0.0000,Gold:0.9186;Solid:0.0094;Mag:0.0054;Au:0.0040;Ind:0.0027
 SolidGoldMagikarp,glitch_token,5,2,9117,Mag,1084,Gold,final_logits,Gold,0.883787,3,1631,1,,,,,,Gold:0.8838;Solid:0.0127;Mag:0.0074;Au:0.0056;Ind:0.0038,
 SolidGoldMagikarp,glitch_token,5,3,1084,ik,8427,im,emb,ik,1.0,1,7046,10,ik,1.0,1,5720,9,ik:1.0000;IK:0.0000;k:0.0000;ic:0.0000;ak:0.0000,ik:1.0000;<mask>:0.0000;<unused1>:0.0000;<unused2>:0.0000;<unused0>:0.0000
 SolidGoldMagikarp,glitch_token,5,3,1084,ik,8427,im,layer_1,ik,1.0,1,22522,139,ik,1.0,1,5745,70,ik:1.0000;IK:0.0000;iks:0.0000;▁ik:0.0000;ikk:0.0000,ik:1.0000;IK:0.0000;<unused1>:0.0000;<mask>:0.0000;<unused2>:0.0000
 SolidGoldMagikarp,glitch_token,5,3,1084,ik,8427,im,layer_2,ik,1.0,1,29420,64,ik,1.0,1,11792,53,ik:1.0000;IK:0.0000;<bos>:0.0000;▁ik:0.0000;ikt:0.0000,ik:1.0000;IK:0.0000;▁ik:0.0000;ikt:0.0000;iks:0.0000
 SolidGoldMagikarp,glitch_token,5,3,1084,ik,8427,im,layer_3,ik,1.0,1,90812,1623,ik,1.0,1,33745,167,ik:1.0000;IK:0.0000;▁saites:0.0000;EDEFAULT:0.0000;principalTable:0.0000,ik:1.0000;IK:0.0000;▁ik:0.0000;iks:0.0000;EDEFAULT:0.0000
 SolidGoldMagikarp,glitch_token,5,3,1084,ik,8427,im,layer_6,<bos>,0.999961,7,33304,54733,▁saites,0.888161,2,21161,34541,<bos>:1.0000;▁saites:0.0000;XmlAccessorType:0.0000;</thead>:0.0000;Tikang:0.0000,▁saites:0.8882;ik:0.1093;XmlAccessorType:0.0025;</thead>:0.0000;▁يتيمه:0.0000
 SolidGoldMagikarp,glitch_token,5,3,1084,ik,8427,im,layer_9,enumi,0.473587,40,16319,61464,AddTagHelper,0.862023,7,14729,17402,enumi:0.4736;AddTagHelper:0.2923;AnimationsModule:0.1705;bootstrapcdn:0.0451;الإنجليزية:0.0112,AddTagHelper:0.8620;bootstrapcdn:0.0709;enumi:0.0386;AnimationsModule:0.0264;الإنجليزية:0.0013
 SolidGoldMagikarp,glitch_token,5,3,1084,ik,8427,im,layer_12,AddTagHelper,0.994432,2276,84216,147041,AddTagHelper,0.999749,75,53010,62945,AddTagHelper:0.9944;▁متعلقه:0.0047;▁InputDecoration:0.0003;▁BoxDecoration:0.0003;enumi:0.0001,AddTagHelper:0.9997;▁متعلقه:0.0001;bootstrapcdn:0.0000;▁saites:0.0000;▁BoxDecoration:0.0000
 SolidGoldMagikarp,glitch_token,5,3,1084,ik,8427,im,layer_14,AddTagHelper,0.855895,1811,119707,196764,AddTagHelper,0.993593,174,107621,162845,AddTagHelper:0.8559;enumi:0.1382;קישורים:0.0058;▁متعلقه:0.0000;▁يتيمه:0.0000,AddTagHelper:0.9936;enumi:0.0062;קישורים:0.0002;下载附件:0.0000;▁متعلقه:0.0000
 SolidGoldMagikarp,glitch_token,5,3,1084,ik,8427,im,layer_17,▁متعلقه,0.942342,8866,59515,76476,▁متعلقه,0.998618,3852,61215,94056,▁متعلقه:0.9423;▁تانيه:0.0563;▁Cæsar:0.0006;достатки:0.0004;▁يتيمه:0.0002,▁متعلقه:0.9986;▁وتسجيلات:0.0009;▁تانيه:0.0004;▁BoxFit:0.0000;▁pleaſure:0.0000
 SolidGoldMagikarp,glitch_token,5,3,1084,ik,8427,im,layer_19,▁تانيه,0.999479,991,40939,36650,▁تانيه,0.980978,1298,53386,79601,▁تانيه:0.9995;󠁢:0.0003;enumi:0.0001;▁москве:0.0000;▁lastly:0.0000,▁تانيه:0.9810;▁متعلقه:0.0090;▁فريبيس:0.0033;▁récents:0.0027;MemoryWarning:0.0009
 SolidGoldMagikarp,glitch_token,5,3,1084,ik,8427,im,layer_20,▁تانيه,0.903656,880,36118,23148,▁تانيه,0.406757,5083,55073,140730,▁تانيه:0.9037;󠁢:0.0574;▁väli:0.0107;▁lastly:0.0089;Located:0.0071,▁تانيه:0.4068;▁houſe:0.2848;▁ſmall:0.1264;▁ſtate:0.1146;▁pleaſure:0.0388
 SolidGoldMagikarp,glitch_token,5,3,1084,ik,8427,im,layer_21,▁suggest,0.487237,3340,27486,3738,▁تانيه,0.53368,52873,33669,151885,▁suggest:0.4872;▁definition:0.3295;▁capacity:0.0289;▁summer:0.0278;<b>:0.0195,▁تانيه:0.5337;▁houſe:0.4109;▁pleaſure:0.0188;▁Majefty:0.0144;▁InputDecoration:0.0118
 SolidGoldMagikarp,glitch_token,5,3,1084,ik,8427,im,layer_23,<eos>,0.939913,1042,43353,443,▁BoxDecoration,0.910867,12801,73062,34151,<eos>:0.9399;<unused63>:0.0568;if:0.0015;!:0.0011;<:0.0006,▁BoxDecoration:0.9109;▁InputDecoration:0.0510;▁تانيه:0.0355;▁Offisielt:0.0007;▁Majefty:0.0004
 SolidGoldMagikarp,glitch_token,5,3,1084,ik,8427,im,layer_25,<eos>,1.0,155,43771,43,Gold,0.279113,6,81577,3,"<eos>:1.0000;-:0.0000;<unused63>:0.0000;

:0.0000;1:0.0000",Gold:0.2791;1:0.2051;im:0.0981;▁Gold:0.0555;k:0.0528
 SolidGoldMagikarp,glitch_token,5,3,1084,ik,8427,im,layer_26,<eos>,1.0,240,43318,62,im,0.21848,4,47836,1,"<eos>:1.0000;-:0.0000;.:0.0000;<unused63>:0.0000;

:0.0000",im:0.2185;Mag:0.1501;Gold:0.1081;ik:0.0916;il:0.0807
 SolidGoldMagikarp,glitch_token,5,3,1084,ik,8427,im,final_logits,im,0.210846,4,47836,1,,,,,,im:0.2108;Mag:0.1468;Gold:0.1067;ik:0.0909;il:0.0804,
 SolidGoldMagikarp,glitch_token,5,4,8427,arp,,Mag,emb,arp,1.0,1,,170559,arp,1.0,1,,80655,arp:1.0000;ARP:0.0000;▁arp:0.0000;arpa:0.0000;▁Arp:0.0000,arp:1.0000;<mask>:0.0000;<unused1>:0.0000;<unused2>:0.0000;<unused0>:0.0000
 SolidGoldMagikarp,glitch_token,5,4,8427,arp,,Mag,layer_1,arp,1.0,1,,222238,arp,1.0,1,,142594,arp:1.0000;ARP:0.0000;▁arp:0.0000;▁ARP:0.0000;▁Arp:0.0000,arp:1.0000;ARP:0.0000;<unused1>:0.0000;<mask>:0.0000;<unused2>:0.0000
 SolidGoldMagikarp,glitch_token,5,4,8427,arp,,Mag,layer_2,arp,1.0,1,,7159,arp,1.0,1,,14283,arp:1.0000;ARP:0.0000;<bos>:0.0000;▁arp:0.0000;▁ARP:0.0000,arp:1.0000;ARP:0.0000;<unused1>:0.0000;<mask>:0.0000;<unused2>:0.0000
 SolidGoldMagikarp,glitch_token,5,4,8427,arp,,Mag,layer_3,arp,1.0,1,,123301,arp,1.0,1,,129802,arp:1.0000;ARP:0.0000;▁arp:0.0000;▁ARP:0.0000;▁Arp:0.0000,arp:1.0000;ARP:0.0000;▁arp:0.0000;▁ARP:0.0000;<unk>:0.0000
 SolidGoldMagikarp,glitch_token,5,4,8427,arp,,Mag,layer_6,arp,0.999925,1,,187779,arp,1.0,1,,194922,arp:0.9999;Tikang:0.0001;bootstrapcdn:0.0000;下载附件:0.0000;▁saites:0.0000,arp:1.0000;bootstrapcdn:0.0000;Tikang:0.0000;▁saites:0.0000;WebVitals:0.0000
 SolidGoldMagikarp,glitch_token,5,4,8427,arp,,Mag,layer_9,bootstrapcdn,0.737699,25,,191872,bootstrapcdn,0.834275,5,,166093,bootstrapcdn:0.7377;الإنجليزية:0.2477;AnimationsModule:0.0077;AnchorStyles:0.0011;▁useRouter:0.0010,bootstrapcdn:0.8343;الإنجليزية:0.1656;AnimationsModule:0.0001;AnchorStyles:0.0000;arp:0.0000
 SolidGoldMagikarp,glitch_token,5,4,8427,arp,,Mag,layer_12,csolódó,0.930524,359,,238625,bootstrapcdn,0.68548,8,,216063,csolódó:0.9305;достатки:0.0315;AddTagHelper:0.0216;bootstrapcdn:0.0084;▁Cæsar:0.0014,bootstrapcdn:0.6855;csolódó:0.2565;AddTagHelper:0.0254;достатки:0.0109;jsdelivr:0.0077
 SolidGoldMagikarp,glitch_token,5,4,8427,arp,,Mag,layer_14,קישורים,0.791999,1538,,230443,קישורים,0.447265,138,,208678,קישורים:0.7920;WebVitals:0.1648;AddTagHelper:0.0256;▁defStyle:0.0061;▁useRouter:0.0014,קישורים:0.4473;WebVitals:0.3229;bootstrapcdn:0.1387;下载附件:0.0384;AddTagHelper:0.0373
 SolidGoldMagikarp,glitch_token,5,4,8427,arp,,Mag,layer_17,▁تانيه,0.973031,262,,228710,▁تانيه,0.660311,53,,227828,▁تانيه:0.9730;достатки:0.0269;▁useRouter:0.0000;קישורים:0.0000;▁diſt:0.0000,▁تانيه:0.6603;достатки:0.3381;▁useRouter:0.0003;▁diſt:0.0003;▁viſ:0.0003
 SolidGoldMagikarp,glitch_token,5,4,8427,arp,,Mag,layer_19,▁تانيه,0.999479,164,,242529,▁تانيه,0.983441,125,,252167,▁تانيه:0.9995;държа:0.0004;достатки:0.0001;▁useRouter:0.0000;󠁢:0.0000,▁تانيه:0.9834;bootstrapcdn:0.0095;▁useRouter:0.0035;достатки:0.0026;󠁢:0.0002
 SolidGoldMagikarp,glitch_token,5,4,8427,arp,,Mag,layer_20,▁تانيه,0.996966,68,,211852,▁تانيه,0.97495,130,,251465,▁تانيه:0.9970;▁//$:0.0014;държа:0.0011;▁disappeared:0.0001;▁description:0.0001,▁تانيه:0.9749;▁houſe:0.0103;▁ſta:0.0051;bootstrapcdn:0.0023;▁purpoſe:0.0018
 SolidGoldMagikarp,glitch_token,5,4,8427,arp,,Mag,layer_21,▁hatred,0.321988,3395,,125381,▁تانيه,0.99789,1135,,243199,▁hatred:0.3220;държа:0.2575;▁appearance:0.0979;▁deadly:0.0964;▁lot:0.0813,▁تانيه:0.9979;tvguidetime:0.0004;▁houſe:0.0004;▁faſt:0.0003;▁متعلقه:0.0002
 SolidGoldMagikarp,glitch_token,5,4,8427,arp,,Mag,layer_23,▁shape,0.505187,1757,,31494,▁تانيه,0.887236,165,,106704,▁shape:0.5052;▁trip:0.3559;<unused63>:0.1028;▁love:0.0277;▁description:0.0040,▁تانيه:0.8872;▁للمعارف:0.1108;▁InputDecoration:0.0015;bootstrapcdn:0.0002;▁houſe:0.0001
 SolidGoldMagikarp,glitch_token,5,4,8427,arp,,Mag,layer_25,<eos>,1.0,5992,,2479,1,0.117789,30,,17,<eos>:1.0000;<unused63>:0.0000;-:0.0000;<unused61>:0.0000;<unused62>:0.0000,1:0.1178;ary:0.0641;<unused63>:0.0575;k:0.0464;▁argent:0.0377
 SolidGoldMagikarp,glitch_token,5,4,8427,arp,,Mag,layer_26,<eos>,1.0,13785,,2509,Mag,0.244644,89,,1,"<eos>:1.0000;-:0.0000;<unused63>:0.0000;.:0.0000;

:0.0000",Mag:0.2446;mag:0.1372;Gold:0.1000;ik:0.0443;Ma:0.0216
 SolidGoldMagikarp,glitch_token,5,4,8427,arp,,Mag,final_logits,Mag,0.236023,89,,1,,,,,,Mag:0.2360;mag:0.1344;Gold:0.0986;ik:0.0443;Ma:0.0218,
 petertodd,glitch_token,2,0,57169,▁peter,120211,▁peter,emb,▁peter,0.991677,1,43533,1,▁peter,1.0,1,50634,1,▁peter:0.9917;▁myſelf:0.0081;▁Efq:0.0002;▁itſelf:0.0000;▁Monfieur:0.0000,▁peter:1.0000;▁myſelf:0.0000;peter:0.0000;▁Efq:0.0000;▁PETER:0.0000
 petertodd,glitch_token,2,0,57169,▁peter,120211,▁peter,layer_1,▁peter,1.0,1,26346,1,▁peter,1.0,1,63388,1,▁peter:1.0000;▁Peter:0.0000;peter:0.0000;Peter:0.0000;▁PETER:0.0000,▁peter:1.0000;▁Peter:0.0000;Peter:0.0000;peter:0.0000;▁PETER:0.0000
 petertodd,glitch_token,2,0,57169,▁peter,120211,▁peter,layer_2,<bos>,0.945674,2,111157,2,▁peter,0.99999,1,113603,1,<bos>:0.9457;▁peter:0.0543;▁Peter:0.0000;Peter:0.0000;peter:0.0000,▁peter:1.0000;▁Peter:0.0000;Peter:0.0000;peter:0.0000;▁PETER:0.0000
 petertodd,glitch_token,2,0,57169,▁peter,120211,▁peter,layer_3,▁peter,0.999595,1,101950,1,▁peter,0.999997,1,114829,1,▁peter:0.9996;Peter:0.0002;peter:0.0001;▁Peter:0.0001;▁PETER:0.0000,▁peter:1.0000;▁Peter:0.0000;Peter:0.0000;peter:0.0000;▁PETER:0.0000
 petertodd,glitch_token,2,0,57169,▁peter,120211,▁peter,layer_6,<bos>,1.0,3,208537,3,Peter,0.937493,3,197349,3,<bos>:1.0000;Peter:0.0000;▁peter:0.0000;▁Peter:0.0000;peter:0.0000,Peter:0.9375;▁Peter:0.0360;▁peter:0.0197;peter:0.0067;▁PETER:0.0000
 petertodd,glitch_token,2,0,57169,▁peter,120211,▁peter,layer_9,▁يتيمه,0.755884,22,207103,22,▁يتيمه,0.781632,16,206683,16,▁يتيمه:0.7559;enumi:0.0738;</thead>:0.0676;peter:0.0233;\{\\:0.0222,▁يتيمه:0.7816;▁TextInputType:0.1476;peter:0.0561;</thead>:0.0061;enumi:0.0042
 petertodd,glitch_token,2,0,57169,▁peter,120211,▁peter,layer_12,\{\\,0.560686,6508,148433,6508,AddTagHelper,0.427238,850,149891,850,\{\\:0.5607;AddTagHelper:0.3574;достатки:0.0464;csolódó:0.0196;acaktır:0.0126,AddTagHelper:0.4272;acaktır:0.2600;▁فريبيس:0.1811;\{\\:0.1007;достатки:0.0135
 petertodd,glitch_token,2,0,57169,▁peter,120211,▁peter,layer_14,外部リンク,0.754956,26833,198941,26833,外部リンク,0.98137,9823,197648,9823,外部リンク:0.7550;▁again:0.0775;▁infine:0.0459;▁finally:0.0452;достатки:0.0151,外部リンク:0.9814;▁infine:0.0049;▁again:0.0048;下载附件:0.0032;▁finally:0.0020
 petertodd,glitch_token,2,0,57169,▁peter,120211,▁peter,layer_17,▁تانيه,0.92294,10169,168977,10169,▁تانيه,0.690273,2178,148658,2178,▁تانيه:0.9229;достатки:0.0757;▁BoxFit:0.0005;▁finally:0.0005;aneous:0.0002,▁تانيه:0.6903;достатки:0.3026;IOUtils:0.0024;▁BoxFit:0.0018;▁nélk:0.0007
 petertodd,glitch_token,2,0,57169,▁peter,120211,▁peter,layer_19,достатки,0.933862,4801,99060,4801,достатки,0.84849,525,63745,525,достатки:0.9339;▁again:0.0236;िखित:0.0184;▁تانيه:0.0058;<eos>:0.0030,достатки:0.8485;िखित:0.0939;为止:0.0225;IOUtils:0.0046;ディガン:0.0041
 petertodd,glitch_token,2,0,57169,▁peter,120211,▁peter,layer_20,▁emergency,0.437469,996,138282,996,достатки,0.766618,35,71862,35,▁emergency:0.4375;<eos>:0.3577;▁again:0.1585;▁age:0.0071;▁perfect:0.0069,достатки:0.7666;▁houſe:0.1139;reuung:0.0406;▁تانيه:0.0353;peter:0.0097
 petertodd,glitch_token,2,0,57169,▁peter,120211,▁peter,layer_21,<eos>,0.864024,15346,187380,15346,▁تانيه,0.941786,300,106194,300,<eos>:0.8640;▁second:0.1168;▁perfect:0.0167;[toxicity=0]:0.0009;▁safety:0.0003,▁تانيه:0.9418;достатки:0.0466;▁BoxFit:0.0069;▁houſe:0.0038;ValueStyle:0.0003
 petertodd,glitch_token,2,0,57169,▁peter,120211,▁peter,layer_23,<eos>,0.518319,278,171469,278,▁Peter,0.995621,4,62472,4,<eos>:0.5183;▁Peter:0.4817;▁and:0.0000;▁:0.0000;Peter:0.0000,▁Peter:0.9956;Peter:0.0018;▁PETER:0.0014;▁peter:0.0011;peter:0.0001
 petertodd,glitch_token,2,0,57169,▁peter,120211,▁peter,layer_25,<eos>,1.0,5870,196529,5870,▁peter,0.996308,1,137135,1,<eos>:1.0000;.:0.0000;▁and:0.0000;-:0.0000;▁:0.0000,"▁peter:0.9963;▁Peter:0.0036;▁PETER:0.0001;peter:0.0000;
:0.0000"
 petertodd,glitch_token,2,0,57169,▁peter,120211,▁peter,layer_26,<eos>,1.0,38170,201920,38170,▁peter,0.997008,1,163932,1,<eos>:1.0000;.:0.0000;-:0.0000;<unused1>:0.0000;<unused0>:0.0000,"▁peter:0.9970;▁Peter:0.0004;▁PETER:0.0004;
:0.0002;<eos>:0.0001"
 petertodd,glitch_token,2,0,57169,▁peter,120211,▁peter,final_logits,▁peter,0.990325,1,163933,1,,,,,,"▁peter:0.9903;▁Peter:0.0011;▁PETER:0.0011;
:0.0005;<eos>:0.0003",
 petertodd,glitch_token,2,1,120211,todd,,peter,emb,▁myſelf,0.987251,5,,158799,todd,1.0,1,,174533,▁myſelf:0.9873;▁Monfieur:0.0096;▁Theſe:0.0027;▁Efq:0.0004;todd:0.0000,todd:1.0000;▁myſelf:0.0000;▁Efq:0.0000;▁itſelf:0.0000;▁Monfieur:0.0000
 petertodd,glitch_token,2,1,120211,todd,,peter,layer_1,todd,1.0,1,,160906,todd,1.0,1,,180401,todd:1.0000;▁Monfieur:0.0000;Todd:0.0000;▁Theſe:0.0000;▁Todd:0.0000,todd:1.0000;Todd:0.0000;▁Todd:0.0000;▁todd:0.0000;<unk>:0.0000
 petertodd,glitch_token,2,1,120211,todd,,peter,layer_2,todd,0.990096,1,,153255,todd,1.0,1,,127881,todd:0.9901;<bos>:0.0099;Todd:0.0000;▁Todd:0.0000;▁todd:0.0000,todd:1.0000;Todd:0.0000;▁Todd:0.0000;▁todd:0.0000;<bos>:0.0000
 petertodd,glitch_token,2,1,120211,todd,,peter,layer_3,todd,1.0,1,,120439,todd,1.0,1,,90993,todd:1.0000;Todd:0.0000;▁Todd:0.0000;▁todd:0.0000;<bos>:0.0000,todd:1.0000;Todd:0.0000;▁Todd:0.0000;▁todd:0.0000;▁toddlers:0.0000
 petertodd,glitch_token,2,1,120211,todd,,peter,layer_6,<bos>,0.999965,89,,145147,▁whoſe,0.482479,44,,143955,<bos>:1.0000;▁raiſ:0.0000;▁faſt:0.0000;▁pleaſure:0.0000;▁houſe:0.0000,▁whoſe:0.4825;▁pleaſure:0.1377;▁houſe:0.1313;▁themſelves:0.0530;▁faſt:0.0481
 petertodd,glitch_token,2,1,120211,todd,,peter,layer_9,▁pleaſure,0.404738,258,,171229,▁pleaſure,0.602439,183,,179620,▁pleaſure:0.4047;▁houſe:0.3494;▁preſent:0.0583;▁raiſ:0.0531;▁whoſe:0.0429,▁pleaſure:0.6024;▁houſe:0.1843;▁whoſe:0.1272;▁raiſ:0.0251;▁preſent:0.0227
 petertodd,glitch_token,2,1,120211,todd,,peter,layer_12,▁houſe,0.443256,870,,185749,▁whoſe,0.865367,248,,175496,▁houſe:0.4433;▁ſtate:0.2668;▁whoſe:0.2301;▁ſeveral:0.0352;▁Jefus:0.0151,▁whoſe:0.8654;▁houſe:0.0514;▁ſeveral:0.0375;▁ſtate:0.0329;▁Jefus:0.0057
 petertodd,glitch_token,2,1,120211,todd,,peter,layer_14,neſs,0.537125,1255,,194787,▁laſt,0.598257,383,,207610,neſs:0.5371;▁ſtate:0.2023;▁houſe:0.1610;▁laſt:0.0815;▁preſent:0.0077,▁laſt:0.5983;▁ſtate:0.1798;▁houſe:0.0945;neſs:0.0231;▁preſent:0.0202
 petertodd,glitch_token,2,1,120211,todd,,peter,layer_17,▁تانيه,0.950401,8000,,135078,▁houſe,0.655173,1444,,128686,▁تانيه:0.9504;▁houſe:0.0463;▁ſtate:0.0019;▁purpoſe:0.0003;▁laſt:0.0003,▁houſe:0.6552;▁laſt:0.0827;▁purpoſe:0.0603;▁ſtate:0.0598;▁diſt:0.0383
 petertodd,glitch_token,2,1,120211,todd,,peter,layer_19,▁houſe,0.931816,6407,,39759,▁houſe,0.442225,862,,29157,▁houſe:0.9318;▁ſtate:0.0254;▁pleaſure:0.0138;▁faſt:0.0103;▁ſmall:0.0077,▁houſe:0.4422;▁faſt:0.1510;▁ſeveral:0.1263;▁pleaſure:0.1123;▁ſtate:0.0610
 petertodd,glitch_token,2,1,120211,todd,,peter,layer_20,▁houſe,0.865551,1182,,61185,▁houſe,0.363031,266,,43335,▁houſe:0.8656;▁ſtate:0.1155;▁ſmall:0.0140;▁purpoſe:0.0023;▁faſt:0.0009,▁houſe:0.3630;▁ſtate:0.3011;▁ſeveral:0.1603;▁purpoſe:0.0766;▁faſt:0.0418
 petertodd,glitch_token,2,1,120211,todd,,peter,layer_21,▁lastly,0.448269,42455,,75508,▁purpoſe,0.497757,989,,37871,▁lastly:0.4483;▁deadly:0.3808;▁aftermath:0.0616;▁painful:0.0271;▁hopeless:0.0212,▁purpoſe:0.4978;▁houſe:0.2903;▁faſt:0.0660;▁ſeveral:0.0433;▁pleaſure:0.0428
 petertodd,glitch_token,2,1,120211,todd,,peter,layer_23,<eos>,0.935906,18380,,10426,▁purpoſe,0.640181,122,,282,<eos>:0.9359;▁earliest:0.0233;▁fifth:0.0210;▁deadly:0.0175;▁next:0.0015,▁purpoſe:0.6402;▁Efq:0.1096;▁faſt:0.0580;▁pleaſure:0.0459;▁houſe:0.0326
 petertodd,glitch_token,2,1,120211,todd,,peter,layer_25,<eos>,1.0,68571,,3146,peter,0.968623,11,,1,"<eos>:1.0000;-:0.0000;2:0.0000;
:0.0000;

:0.0000",peter:0.9686;2:0.0158;Peter:0.0109;ptr:0.0007;pod:0.0005
 petertodd,glitch_token,2,1,120211,todd,,peter,layer_26,<eos>,1.0,135713,,31230,peter,0.954264,8,,1,<eos>:1.0000;-:0.0000;.:0.0000;▁:0.0000;▁(:0.0000,peter:0.9543;2:0.0074;Peter:0.0065;pod:0.0021;1:0.0016
 petertodd,glitch_token,2,1,120211,todd,,peter,final_logits,peter,0.927356,8,,1,,,,,,peter:0.9274;2:0.0111;Peter:0.0097;pod:0.0032;1:0.0025,
 ,control_byte,1,0,217,<0x00>,,<0x00>,emb,▁myſelf,0.999926,135,,135,▁myſelf,0.999997,22,,22,▁myſelf:0.9999;▁Efq:0.0001;▁itſelf:0.0000;▁Theſe:0.0000;▁Monfieur:0.0000,▁myſelf:1.0000;▁Efq:0.0000;▁itſelf:0.0000;▁Monfieur:0.0000;▁Theſe:0.0000
 ,control_byte,1,0,217,<0x00>,,<0x00>,layer_1,<0x00>,1.0,1,,1,<0x00>,1.0,1,,1,<0x00>:1.0000;▁myſelf:0.0000;▁Efq:0.0000;▁Monfieur:0.0000;▁Theſe:0.0000,<0x00>:1.0000;▁Efq:0.0000;▁myſelf:0.0000;▁Jefus:0.0000;▁Monfieur:0.0000
 ,control_byte,1,0,217,<0x00>,,<0x00>,layer_2,<0x00>,0.999997,1,,1,<0x00>,1.0,1,,1,<0x00>:1.0000;<bos>:0.0000;▁Monfieur:0.0000;▁themſelves:0.0000;▁Efq:0.0000,<0x00>:1.0000;<bos>:0.0000;:0.0000;▁Jefus:0.0000;▁Efq:0.0000
 ,control_byte,1,0,217,<0x00>,,<0x00>,layer_3,<0x00>,0.9658,1,,1,<0x00>,1.0,1,,1,<0x00>:0.9658;<bos>:0.0342;▁تضيفلها:0.0000;▁poffe:0.0000;▁raiſ:0.0000,<0x00>:1.0000;<bos>:0.0000;▁تضيفلها:0.0000;:0.0000;▁poffe:0.0000
 ,control_byte,1,0,217,<0x00>,,<0x00>,layer_6,<bos>,1.0,2,,2,<bos>,0.997871,2,,2,<bos>:1.0000;<0x00>:0.0000;</thead>:0.0000;▁warszawa:0.0000;▁raiſ:0.0000,<bos>:0.9979;<0x00>:0.0021;</thead>:0.0000;▁iconFacebook:0.0000;Παραπομπές:0.0000
 ,control_byte,1,0,217,<0x00>,,<0x00>,layer_9,AnimationsModule,0.261427,5,,5,<0x00>,0.397247,1,,1,AnimationsModule:0.2614;▁يتيمه:0.2073;enumi:0.1082;▁InputDecoration:0.0990;<0x00>:0.0546,<0x00>:0.3972;▁يتيمه:0.3612;▁InputDecoration:0.1507;AnimationsModule:0.0310;▁TextInputType:0.0230
 ,control_byte,1,0,217,<0x00>,,<0x00>,layer_12,География,0.699882,36,,36,География,0.598917,11,,11,География:0.6999;kranz:0.1591;▁InputDecoration:0.0769;csolódó:0.0347;\{\\:0.0163,География:0.5989;kranz:0.1885;▁InputDecoration:0.1811;достатки:0.0137;▁TextInputType:0.0038
 ,control_byte,1,0,217,<0x00>,,<0x00>,layer_14,enumi,0.31216,262,,262,География,0.752744,143,,143,enumi:0.3122;NOPQRST:0.2666;География:0.2523;▁houſe:0.0471;AutoresizingMask:0.0395,География:0.7527;▁Chriſt:0.0706;NOPQRST:0.0424;▁defStyle:0.0375;AutoresizingMask:0.0220
 ,control_byte,1,0,217,<0x00>,,<0x00>,layer_17,▁تانيه,0.998105,96,,96,▁تانيه,0.991567,22,,22,▁تانيه:0.9981;▁diſt:0.0011;▁ſmall:0.0008;▁houſe:0.0000;▁InputDecoration:0.0000,▁تانيه:0.9916;▁diſt:0.0054;▁ſmall:0.0019;▁InputDecoration:0.0008;‍♀️:0.0001
 ,control_byte,1,0,217,<0x00>,,<0x00>,layer_19,▁ſmall,0.999817,468,,468,▁ſmall,0.991915,229,,229,▁ſmall:0.9998;aneous:0.0001;󠁢:0.0000;▁beſt:0.0000;▁تانيه:0.0000,▁ſmall:0.9919;Initializable:0.0024;▁GoogleFonts:0.0020;aneous:0.0005;DispatchQueue:0.0004
 ,control_byte,1,0,217,<0x00>,,<0x00>,layer_20,▁ſmall,0.999974,204,,204,▁ſmall,0.99716,155,,155,▁ſmall:1.0000;VersionUID:0.0000;▁purpoſe:0.0000;▁houſe:0.0000;▁diſt:0.0000,▁ſmall:0.9972;▁purpoſe:0.0017;▁ſeveral:0.0008;▁houſe:0.0002;▁ſtate:0.0001
 ,control_byte,1,0,217,<0x00>,,<0x00>,layer_21,󠁢,0.50906,497,,497,▁ſmall,0.979762,152,,152,󠁢:0.5091;▁ſmall:0.4193;▁mouth:0.0432;aneous:0.0179;VersionUID:0.0051,▁ſmall:0.9798;▁purpoſe:0.0156;▁ſeveral:0.0020;▁houſe:0.0016;▁pleaſure:0.0006
 ,control_byte,1,0,217,<0x00>,,<0x00>,layer_23,▁curse,0.902585,1641,,1641,SizeF,0.491515,29,,29,▁curse:0.9026;▁torture:0.0819;▁fate:0.0091;▁hatred:0.0048;▁painful:0.0013,SizeF:0.4915;awtextra:0.1410;▁curse:0.1054;NOPQRST:0.0627;▁butterknife:0.0253
 ,control_byte,1,0,217,<0x00>,,<0x00>,layer_25,<eos>,1.0,57409,,57409,Initializable,0.462902,150,,150,"<eos>:1.0000;

:0.0000;
:0.0000;\:0.0000;<unused63>:0.0000",Initializable:0.4629;<eos>:0.1207;▁Noire:0.1190;IOUtils:0.0754;Références:0.0388
 ,control_byte,1,0,217,<0x00>,,<0x00>,layer_26,<eos>,1.0,138310,,138310,<0x00>,0.407019,1,,1,"<eos>:1.0000;

:0.0000;<unused63>:0.0000;
:0.0000;':0.0000","<0x00>:0.4070;<eos>:0.0724;

:0.0701;Dispose:0.0415;\:0.0282"
 ,control_byte,1,0,217,<0x00>,,<0x00>,final_logits,<0x00>,0.330015,1,,1,,,,,,"<0x00>:0.3300;<eos>:0.0706;

:0.0686;Dispose:0.0424;\:0.0298",
<|reserved_special_token_0|>,reserved_special,10,0,235322,<,235371,<,emb,<,1.0,1,38,1,<,1.0,1,34,1,"<:1.0000;▁<:0.0000;▁:0.0000;(:0.0000;
:0.0000",<:1.0000;▁<:0.0000;<unused1>:0.0000;<mask>:0.0000;<unused2>:0.0000
<|reserved_special_token_0|>,reserved_special,10,0,235322,<,235371,<,layer_1,<,1.0,1,33,1,<,1.0,1,40,1,<:1.0000;▁<:0.0000;':0.0000;(:0.0000;.:0.0000,<:1.0000;▁<:0.0000;<unused1>:0.0000;<mask>:0.0000;<unused2>:0.0000
<|reserved_special_token_0|>,reserved_special,10,0,235322,<,235371,<,layer_2,<bos>,0.999991,2,27,2,<,1.0,1,33,1,<bos>:1.0000;<:0.0000;':0.0000;(:0.0000;[:0.0000,<:1.0000;▁<:0.0000;[:0.0000;<bos>:0.0000;(:0.0000
<|reserved_special_token_0|>,reserved_special,10,0,235322,<,235371,<,layer_3,<,0.999995,1,43,1,<,1.0,1,58,1,"<:1.0000;<bos>:0.0000;▁<:0.0000;.<:0.0000;,<:0.0000","<:1.0000;▁<:0.0000;.<:0.0000;)<:0.0000;,<:0.0000"
<|reserved_special_token_0|>,reserved_special,10,0,235322,<,235371,<,layer_6,<,0.917936,1,7987,1,<,0.999783,1,3947,1,"<:0.9179;<bos>:0.0546;.<:0.0142;,<:0.0080;/<:0.0043","<:0.9998;.<:0.0002;/<:0.0000;,<:0.0000;:<:0.0000"
<|reserved_special_token_0|>,reserved_special,10,0,235322,<,235371,<,layer_9,▁gratuits,0.369833,2,7869,2,▁gratuits,0.655228,2,11712,2,▁gratuits:0.3698;<:0.3637;▁esetben:0.0512;▁esetén:0.0415;▁tört:0.0387,▁gratuits:0.6552;<:0.2388;▁tört:0.0294;▁وتسجيلات:0.0276;▁esetben:0.0172
<|reserved_special_token_0|>,reserved_special,10,0,235322,<,235371,<,layer_12,viembre,0.631256,67,46379,67,▁وتسجيلات,0.310382,22,22506,22,viembre:0.6313;▁Menschheit:0.1304;</thead>:0.0883;▁فريبيس:0.0543;▁وتسجيلات:0.0299,▁وتسجيلات:0.3104;▁فريبيس:0.2227;▁Menschheit:0.1991;viembre:0.1511;</thead>:0.0742
<|reserved_special_token_0|>,reserved_special,10,0,235322,<,235371,<,layer_14,enumi,0.958315,1108,23347,1108,viembre,0.598187,252,25675,252,enumi:0.9583;viembre:0.0360;kolwiek:0.0053;</thead>:0.0002;▁وتسجيلات:0.0001,viembre:0.5982;▁وتسجيلات:0.2752;kolwiek:0.0828;enumi:0.0191;WebVitals:0.0135
<|reserved_special_token_0|>,reserved_special,10,0,235322,<,235371,<,layer_17,enumi,0.998502,6,22378,6,▁وتسجيلات,0.864348,21,58818,21,enumi:0.9985;▁значит:0.0008;▁وتسجيلات:0.0004;▁possibly:0.0001;OrEqual:0.0001,▁وتسجيلات:0.8643;enumi:0.0742;WebVitals:0.0268;▁ſta:0.0084;▁ſmall:0.0074
<|reserved_special_token_0|>,reserved_special,10,0,235322,<,235371,<,layer_19,󠁢,0.991908,2,3097,2,󠁢,0.963614,13,16824,13,"󠁢:0.9919;<:0.0059;:0.0010;▁possibly:0.0005;▁obvious:0.0001",󠁢:0.9636;▁ſmall:0.0136;WebVitals:0.0070;▁tört:0.0036;▁ſtre:0.0028
<|reserved_special_token_0|>,reserved_special,10,0,235322,<,235371,<,layer_20,󠁢,0.482342,2,8987,2,▁للمعارف,0.625959,168,122632,168,󠁢:0.4823;<:0.3583;▁conclusion:0.1052;▁perpetuity:0.0454;▁<:0.0082,▁للمعارف:0.6260;ActionCreators:0.1526;󠁢:0.1109;AnchorStyles:0.0690;▁leaſt:0.0219
<|reserved_special_token_0|>,reserved_special,10,0,235322,<,235371,<,layer_21,<,0.995507,1,3022,1,▁للمعارف,0.788262,1245,156006,1245,<:0.9955;▁conclusion:0.0026;󠁢:0.0015;▁<:0.0003;▁eventually:0.0001,▁للمعارف:0.7883;󠁢:0.0828;▁leaſt:0.0438;AnchorStyles:0.0296;▁leſs:0.0225
<|reserved_special_token_0|>,reserved_special,10,0,235322,<,235371,<,layer_23,<,0.673417,1,747,1,<,0.48234,1,36088,1,<:0.6734;▁<:0.3266;▁reach:0.0000;▁eventually:0.0000;▁below:0.0000,<:0.4823;▁<:0.2145;▁$<:0.1169;▁ویکی‌پدیا:0.0464;Sucesor:0.0367
<|reserved_special_token_0|>,reserved_special,10,0,235322,<,235371,<,layer_25,<,0.999976,1,9,1,<,0.983033,1,24,1,<:1.0000;<eos>:0.0000;><:0.0000;▁<:0.0000;.:0.0000,<:0.9830;><:0.0168;▁<:0.0001;Примечания:0.0000;;<:0.0000
<|reserved_special_token_0|>,reserved_special,10,0,235322,<,235371,<,layer_26,<eos>,1.0,18,43,18,<,0.922376,1,10,1,"<eos>:1.0000;.:0.0000;,:0.0000;-:0.0000;▁(:0.0000",<:0.9224;><:0.0580;()<:0.0030;Ω:0.0019;>:0.0018
<|reserved_special_token_0|>,reserved_special,10,0,235322,<,235371,<,final_logits,<,0.893955,1,10,1,,,,,,<:0.8940;><:0.0749;()<:0.0045;Ω:0.0029;>:0.0028,
<|reserved_special_token_0|>,reserved_special,10,1,235371,|,57828,<,emb,|,1.0,1,71775,28,|,1.0,1,77797,27,|:1.0000;▁|:0.0000;▁:0.0000;.:0.0000;(:0.0000,|:1.0000;▁|:0.0000;▁:0.0000;<unused1>:0.0000;<unused0>:0.0000
<|reserved_special_token_0|>,reserved_special,10,1,235371,|,57828,<,layer_1,|,1.0,1,70883,38,|,1.0,1,64533,36,|:1.0000;▁|:0.0000;||:0.0000;|\:0.0000;.:0.0000,|:1.0000;▁|:0.0000;|\:0.0000;||:0.0000;<unk>:0.0000
<|reserved_special_token_0|>,reserved_special,10,1,235371,|,57828,<,layer_2,|,0.999999,1,40011,23,|,1.0,1,46607,27,|:1.0000;<bos>:0.0000;▁|:0.0000;(:0.0000;':0.0000,|:1.0000;▁|:0.0000;|\:0.0000;||:0.0000;[:0.0000
<|reserved_special_token_0|>,reserved_special,10,1,235371,|,57828,<,layer_3,|,0.999993,1,176766,7757,|,1.0,1,166375,854,|:1.0000;▁|:0.0000;.|:0.0000;▁$|:0.0000;|\:0.0000,|:1.0000;▁|:0.0000;.|:0.0000;▁$|:0.0000;|\:0.0000
<|reserved_special_token_0|>,reserved_special,10,1,235371,|,57828,<,layer_6,<bos>,1.0,2,79085,71980,|,0.991608,1,100769,60499,<bos>:1.0000;|:0.0000;.|:0.0000;viembre:0.0000;▁|:0.0000,|:0.9916;.|:0.0039;▁|:0.0027;▁espirituales:0.0015;▁lateinit:0.0001
<|reserved_special_token_0|>,reserved_special,10,1,235371,|,57828,<,layer_9,\{\\,0.351368,158,44817,57811,AnimationsModule,0.559894,115,60574,90004,\{\\:0.3514;AnimationsModule:0.1306;enumi:0.0802;▁gratuits:0.0729;ódó:0.0600,AnimationsModule:0.5599;IntoConstraints:0.1333;▁gratuits:0.1248;WebVitals:0.0639;🏻‍♀️:0.0527
<|reserved_special_token_0|>,reserved_special,10,1,235371,|,57828,<,layer_12,▁Efq,0.424997,3092,7752,49642,▁Efq,0.960271,319,11287,47791,▁Efq:0.4250;enumi:0.2505;viembre:0.1907;WebVitals:0.0506;▁فريبيس:0.0212,▁Efq:0.9603;▁فريبيس:0.0192;viembre:0.0055;AddTagHelper:0.0046;▁Cæsar:0.0028
<|reserved_special_token_0|>,reserved_special,10,1,235371,|,57828,<,layer_14,enumi,0.999999,399,1708,173611,enumi,0.994325,179,3872,186446,enumi:1.0000;WebVitals:0.0000;viembre:0.0000;enumii:0.0000;‍♀️:0.0000,enumi:0.9943;WebVitals:0.0053;enumii:0.0002;AddTagHelper:0.0002;viembre:0.0000
<|reserved_special_token_0|>,reserved_special,10,1,235371,|,57828,<,layer_17,enumi,1.0,544,3372,13549,enumi,0.997404,1276,9404,44449,enumi:1.0000;‍♀️:0.0000;󠁢:0.0000;WebVitals:0.0000;itária:0.0000,enumi:0.9974;WebVitals:0.0022;‍♀️:0.0002;▁InputDecoration:0.0001;▁ſta:0.0000
<|reserved_special_token_0|>,reserved_special,10,1,235371,|,57828,<,layer_19,enumi,0.838957,1821,19731,2921,▁فريبيس,0.406397,7442,34306,35182,enumi:0.8390;󠁢:0.1609;WebVitals:0.0001;▁finally:0.0000;▁useRouter:0.0000,▁فريبيس:0.4064;󠁢:0.2265;WebVitals:0.1712;enumi:0.1203;▁ſmall:0.0478
<|reserved_special_token_0|>,reserved_special,10,1,235371,|,57828,<,layer_20,󠁢,0.959752,971,25973,911,󠁢,0.670662,31029,61846,79076,󠁢:0.9598;▁perpetuity:0.0401;enumi:0.0001;▁väli:0.0000;ActionCreators:0.0000,󠁢:0.6707;▁فريبيس:0.0937;ActionCreators:0.0596;▁leaſt:0.0380;▁ſmall:0.0253
<|reserved_special_token_0|>,reserved_special,10,1,235371,|,57828,<,layer_21,󠁢,0.999912,1921,34838,45,▁متعلقه,0.798532,140915,104225,91310,󠁢:0.9999;▁المعيارى:0.0000;▁eventually:0.0000;▁teeth:0.0000;▁forever:0.0000,▁متعلقه:0.7985;▁فريبيس:0.1648;󠁢:0.0208;▁CreateTagHelper:0.0062;▁للمعارف:0.0054
<|reserved_special_token_0|>,reserved_special,10,1,235371,|,57828,<,layer_23,<,0.998136,134,86212,1,enumi,0.967542,7655,180826,81,<:0.9981;▁reach:0.0013;▁<:0.0005;▁forever:0.0000;▁below:0.0000,enumi:0.9675;▁Signalez:0.0237;▁ویکی‌پدیا:0.0023;didSet:0.0014;reportWebVitals:0.0010
<|reserved_special_token_0|>,reserved_special,10,1,235371,|,57828,<,layer_25,<,1.0,5,45763,1,<,0.999739,8,110186,1,<:1.0000;<eos>:0.0000;▁<:0.0000;▁\:0.0000;|:0.0000,<:0.9997;Примечания:0.0002;▁<:0.0001;<>:0.0000;▁kuhusu:0.0000
<|reserved_special_token_0|>,reserved_special,10,1,235371,|,57828,<,layer_26,<eos>,1.0,25,46876,4,<,0.996955,6,151600,1,<eos>:1.0000;.:0.0000;▁(:0.0000;<:0.0000;▁and:0.0000,<:0.9970;<\:0.0007;<>:0.0002;>:0.0002;><:0.0002
<|reserved_special_token_0|>,reserved_special,10,1,235371,|,57828,<,final_logits,<,0.994864,6,151600,1,,,,,,<:0.9949;<\:0.0012;<>:0.0004;>:0.0003;><:0.0003,
<|reserved_special_token_0|>,reserved_special,10,2,57828,reserved,235298,|,emb,reserved,1.0,1,255943,255701,reserved,1.0,1,255938,255601,reserved:1.0000;▁reserved:0.0000;Reserved:0.0000;▁Reserved:0.0000;▁RESERVED:0.0000,reserved:1.0000;▁reserved:0.0000;▁Reserved:0.0000;Reserved:0.0000;▁RESERVED:0.0000
<|reserved_special_token_0|>,reserved_special,10,2,57828,reserved,235298,|,layer_1,reserved,1.0,1,255703,253063,reserved,1.0,1,254933,236776,reserved:1.0000;▁reserved:0.0000;Reserved:0.0000;▁Reserved:0.0000;▁RESERVED:0.0000,reserved:1.0000;▁reserved:0.0000;Reserved:0.0000;▁Reserved:0.0000;▁RESERVED:0.0000
<|reserved_special_token_0|>,reserved_special,10,2,57828,reserved,235298,|,layer_2,<bos>,0.923985,2,271,1189,reserved,1.0,1,998,2046,<bos>:0.9240;reserved:0.0760;▁reserved:0.0000;Reserved:0.0000;▁Reserved:0.0000,reserved:1.0000;▁reserved:0.0000;Reserved:0.0000;▁Reserved:0.0000;▁reserve:0.0000
<|reserved_special_token_0|>,reserved_special,10,2,57828,reserved,235298,|,layer_3,reserved,0.999939,1,79960,71235,reserved,1.0,1,53477,21152,reserved:0.9999;▁reserved:0.0001;<bos>:0.0000;Reserved:0.0000;▁Reserved:0.0000,reserved:1.0000;▁reserved:0.0000;Reserved:0.0000;▁Reserved:0.0000;▁RESERVED:0.0000
<|reserved_special_token_0|>,reserved_special,10,2,57828,reserved,235298,|,layer_6,<bos>,1.0,2,5606,23708,reserved,0.915057,1,27427,40404,<bos>:1.0000;reserved:0.0000;▁reserved:0.0000;Reserved:0.0000;▁and:0.0000,reserved:0.9151;▁reserved:0.0646;<bos>:0.0133;Reserved:0.0071;▁Reserved:0.0000
<|reserved_special_token_0|>,reserved_special,10,2,57828,reserved,235298,|,layer_9,▁Diarsipkan,0.647633,5,15547,139453,▁Diarsipkan,0.978159,4,27147,121416,▁Diarsipkan:0.6476;▁pinulongan:0.3245;csolódó:0.0143;neſs:0.0034;reserved:0.0021,▁Diarsipkan:0.9782;▁pinulongan:0.0188;Reserved:0.0016;reserved:0.0013;▁reserved:0.0001
<|reserved_special_token_0|>,reserved_special,10,2,57828,reserved,235298,|,layer_12,neſs,0.145366,87,46411,200902,▁Autres,0.22693,2,19528,132806,neſs:0.1454;▁Conſ:0.1149;▁ſeveral:0.1036;▁Chriſt:0.0743;▁Jefus:0.0486,▁Autres:0.2269;reserved:0.2243;▁Спасибо:0.0816;▁Diarsipkan:0.0752;obacz:0.0707
<|reserved_special_token_0|>,reserved_special,10,2,57828,reserved,235298,|,layer_14,▁RIPRODUZIONE,0.446089,17,33876,177912,▁pinulongan,0.449274,8,38257,155510,▁RIPRODUZIONE:0.4461;WebVitals:0.1999;▁pinulongan:0.1185;neſs:0.0612;▁preſent:0.0598,▁pinulongan:0.4493;▁RIPRODUZIONE:0.3107;▁preſent:0.0596;▁Moderato:0.0500;WebVitals:0.0358
<|reserved_special_token_0|>,reserved_special,10,2,57828,reserved,235298,|,layer_17,достатки,0.99963,135,80105,223689,достатки,0.996815,75,49286,182345,достатки:0.9996;▁nélk:0.0002;▁تانيه:0.0001;StandardCharsets:0.0000;WebVitals:0.0000,достатки:0.9968;▁nélk:0.0017;wnętr:0.0003;URATION:0.0001;vės:0.0001
<|reserved_special_token_0|>,reserved_special,10,2,57828,reserved,235298,|,layer_19,достатки,0.999399,151,82740,162609,достатки,0.997234,92,88197,142456,достатки:0.9994;aneous:0.0005;othesis:0.0001;etary:0.0000;หน้านี้:0.0000,достатки:0.9972;ztés:0.0016;▁pinulongan:0.0004;aneous:0.0002;存于互联网档案馆:0.0001
<|reserved_special_token_0|>,reserved_special,10,2,57828,reserved,235298,|,layer_20,достатки,0.999749,8,154698,193507,достатки,0.897438,40,231571,238987,достатки:0.9997;aneous:0.0001;▁reserved:0.0001;▁विश्वसनीयता:0.0000;หน้านี้:0.0000,достатки:0.8974;▁ſeveral:0.0415;▁purpoſe:0.0215;▁Theſe:0.0106;▁miſ:0.0078
<|reserved_special_token_0|>,reserved_special,10,2,57828,reserved,235298,|,layer_21,достатки,0.949207,21,68814,96837,▁purpoſe,0.374338,216,252270,251364,достатки:0.9492;▁reserved:0.0337;▁विश्वसनीयता:0.0107;aneous:0.0063;▁reserve:0.0000,▁purpoſe:0.3743;▁pleaſure:0.1839;▁ſeveral:0.1755;▁Theſe:0.1103;▁houſe:0.0497
<|reserved_special_token_0|>,reserved_special,10,2,57828,reserved,235298,|,layer_23,▁reserved,0.999641,7,8505,404,▁reserved,0.922509,4,171918,8415,▁reserved:0.9996;▁reserve:0.0004;▁preserved:0.0000;▁preserve:0.0000;▁preservation:0.0000,▁reserved:0.9225;▁reserve:0.0416;▁Reserved:0.0092;reserved:0.0056;▁Reserves:0.0035
<|reserved_special_token_0|>,reserved_special,10,2,57828,reserved,235298,|,layer_25,|,0.659334,340,29,1,|,0.948618,2,1328,1,|:0.6593;<eos>:0.3378;<unused63>:0.0029;<unused61>:0.0000;.:0.0000,|:0.9486;reserved:0.0285;Przypisy:0.0110;▁reserved:0.0067;arithmic:0.0014
<|reserved_special_token_0|>,reserved_special,10,2,57828,reserved,235298,|,layer_26,<eos>,1.0,6590,34,9,|,0.923631,2,245,1,"<eos>:1.0000;.:0.0000;<unused63>:0.0000;-:0.0000;,:0.0000",|:0.9236;reserved:0.0518;<:0.0055;>|:0.0038;>:0.0017
<|reserved_special_token_0|>,reserved_special,10,2,57828,reserved,235298,|,final_logits,|,0.913477,2,245,1,,,,,,|:0.9135;reserved:0.0577;<:0.0064;>|:0.0044;>:0.0020,
<|reserved_special_token_0|>,reserved_special,10,3,235298,_,15328,reserved,emb,_,1.0,1,24559,79008,_,1.0,1,28274,89864,"_:1.0000;▁:0.0000;-:0.0000;.:0.0000;,:0.0000","_:1.0000;-:0.0000;▁:0.0000;.:0.0000;,:0.0000"
<|reserved_special_token_0|>,reserved_special,10,3,235298,_,15328,reserved,layer_1,_,1.0,1,31448,87905,_,1.0,1,30007,89432,"_:1.0000;.:0.0000;▁:0.0000;-:0.0000;
:0.0000",_:1.0000;-:0.0000;.:0.0000;▁:0.0000;▁_:0.0000
<|reserved_special_token_0|>,reserved_special,10,3,235298,_,15328,reserved,layer_2,<bos>,1.0,2,43859,25481,_,1.0,1,36644,25764,"<bos>:1.0000;_:0.0000;
:0.0000;':0.0000;(:0.0000","_:1.0000;<bos>:0.0000;-:0.0000;
:0.0000;.:0.0000"
<|reserved_special_token_0|>,reserved_special,10,3,235298,_,15328,reserved,layer_3,_,0.999989,1,94002,33757,_,1.0,1,78282,29666,"_:1.0000;-:0.0000;<bos>:0.0000;▁and:0.0000;,:0.0000",_:1.0000;-:0.0000;▁_:0.0000;_{:0.0000;.:0.0000
<|reserved_special_token_0|>,reserved_special,10,3,235298,_,15328,reserved,layer_6,<bos>,1.0,4,72805,15304,<bos>,0.999999,2,47814,10559,<bos>:1.0000;▁and:0.0000;▁the:0.0000;_:0.0000;-:0.0000,<bos>:1.0000;_:0.0000;▁and:0.0000;-:0.0000;▁the:0.0000
<|reserved_special_token_0|>,reserved_special,10,3,235298,_,15328,reserved,layer_9,<bos>,0.943409,7,118691,10386,▁يتيمه,0.895514,4,113562,10737,<bos>:0.9434;csolódó:0.0402;NOPQRST:0.0022;kező:0.0016;neſs:0.0015,▁يتيمه:0.8955;csolódó:0.0420;NOPQRST:0.0170;_:0.0131;kező:0.0088
<|reserved_special_token_0|>,reserved_special,10,3,235298,_,15328,reserved,layer_12,korb,0.334634,760,41787,12870,korb,0.884806,10,19717,9696,korb:0.3346;enumi:0.1878;csolódó:0.0978;Παραπομπές:0.0788;<caption>:0.0661,korb:0.8848;▁automatiques:0.0640;▁vertes:0.0173;<tbody>:0.0148;▁hydrauli:0.0062
<|reserved_special_token_0|>,reserved_special,10,3,235298,_,15328,reserved,layer_14,AutoresizingMask,0.995576,192,37451,7388,AutoresizingMask,0.988405,79,26858,8950,AutoresizingMask:0.9956;▁يتيمه:0.0020;NOPQRST:0.0015;//_:0.0002;ValueStyle:0.0001,AutoresizingMask:0.9884;▁يتيمه:0.0087;▁nahilalakip:0.0013;ValueStyle:0.0007;▁QtCore:0.0002
<|reserved_special_token_0|>,reserved_special,10,3,235298,_,15328,reserved,layer_17,▁nélk,0.751004,15,37930,8495,▁nélk,0.700728,23,50844,15567,"▁nélk:0.7510;:0.1140;AutoresizingMask:0.0702;样子:0.0178;▁تانيه:0.0159",▁nélk:0.7007;AutoresizingMask:0.2702;Collegamenti:0.0048;▁verticale:0.0036;ImageIO:0.0034
<|reserved_special_token_0|>,reserved_special,10,3,235298,_,15328,reserved,layer_19,etary,0.973286,183,38098,7442,AutoresizingMask,0.91034,1188,79013,11300,etary:0.9733;󠁢:0.0057;enumi:0.0052;AutoresizingMask:0.0043;▁sex:0.0018,AutoresizingMask:0.9103;▁InputDecoration:0.0538;存于互联网档案馆:0.0171;Przypisy:0.0050;Skocz:0.0039
<|reserved_special_token_0|>,reserved_special,10,3,235298,_,15328,reserved,layer_20,etary,0.929807,3481,45054,297,存于互联网档案馆,0.687629,54026,120680,658,etary:0.9298;存于互联网档案馆:0.0517;AutoresizingMask:0.0132;▁improper:0.0019;▁boundless:0.0013,存于互联网档案馆:0.6876;AutoresizingMask:0.2541;▁InputDecoration:0.0222;Hochspringen:0.0172;▁houſe:0.0074
<|reserved_special_token_0|>,reserved_special,10,3,235298,_,15328,reserved,layer_21,▁definition,0.420106,4455,19674,1775,▁houſe,0.946722,225852,123065,3418,▁definition:0.4201;▁energy:0.2693;▁boundless:0.0872;▁wrong:0.0365;▁description:0.0293,▁houſe:0.9467;▁purpoſe:0.0356;▁pleaſure:0.0094;▁ſeveral:0.0024;▁InputDecoration:0.0017
<|reserved_special_token_0|>,reserved_special,10,3,235298,_,15328,reserved,layer_23,<eos>,0.751959,65,15918,55,AutoresizingMask,0.338154,7222,54593,8,<eos>:0.7520;<unused63>:0.1158;▁reserved:0.0783;▁reserve:0.0539;▁definition:0.0000,AutoresizingMask:0.3382;Skocz:0.2565;▁reserved:0.2104;▁reserve:0.0727;findpost:0.0518
<|reserved_special_token_0|>,reserved_special,10,3,235298,_,15328,reserved,layer_25,<eos>,1.0,3,3530,494,reserved,0.585265,3,682,1,<eos>:1.0000;<unused63>:0.0000;_:0.0000;▁(:0.0000;<unused61>:0.0000,reserved:0.5853;res:0.4032;_:0.0067;reserve:0.0016;trans:0.0009
<|reserved_special_token_0|>,reserved_special,10,3,235298,_,15328,reserved,layer_26,<eos>,1.0,15,7002,8129,reserved,0.719238,32,227,1,<eos>:1.0000;<mask>:0.0000;<unused1>:0.0000;<unused2>:0.0000;<unused0>:0.0000,reserved:0.7192;res:0.1545;r:0.0109;trans:0.0076;s:0.0055
<|reserved_special_token_0|>,reserved_special,10,3,235298,_,15328,reserved,final_logits,reserved,0.685282,32,227,1,,,,,,reserved:0.6853;res:0.1631;r:0.0127;trans:0.0089;s:0.0065,
<|reserved_special_token_0|>,reserved_special,10,4,15328,special,235298,_,emb,special,0.999998,1,255898,255898,special,1.0,1,255769,255769,special:1.0000;▁special:0.0000;Special:0.0000;▁Special:0.0000;SPECIAL:0.0000,special:1.0000;▁special:0.0000;Special:0.0000;▁Special:0.0000;SPECIAL:0.0000
<|reserved_special_token_0|>,reserved_special,10,4,15328,special,235298,_,layer_1,▁special,0.931951,2,1620,1620,▁special,0.993835,2,834,834,▁special:0.9320;special:0.0679;Special:0.0001;▁Special:0.0000;▁SPECIAL:0.0000,▁special:0.9938;special:0.0062;Special:0.0000;▁Special:0.0000;▁SPECIAL:0.0000
<|reserved_special_token_0|>,reserved_special,10,4,15328,special,235298,_,layer_2,▁special,0.998852,2,149,149,▁special,0.999942,2,221,221,▁special:0.9989;special:0.0011;Special:0.0000;▁Special:0.0000;SPECIAL:0.0000,▁special:0.9999;special:0.0001;Special:0.0000;▁Special:0.0000;▁SPECIAL:0.0000
<|reserved_special_token_0|>,reserved_special,10,4,15328,special,235298,_,layer_3,▁special,0.988161,2,190,190,▁special,0.999751,2,195,195,▁special:0.9882;special:0.0063;Special:0.0052;▁Special:0.0003;SPECIAL:0.0000,▁special:0.9998;special:0.0002;Special:0.0000;▁Special:0.0000;▁SPECIAL:0.0000
<|reserved_special_token_0|>,reserved_special,10,4,15328,special,235298,_,layer_6,<bos>,1.0,16,82,82,▁special,0.870101,5,105,105,"<bos>:1.0000;▁special:0.0000;▁and:0.0000;,:0.0000;▁are:0.0000",▁special:0.8701;<bos>:0.1266;Special:0.0017;SPECIAL:0.0012;special:0.0002
<|reserved_special_token_0|>,reserved_special,10,4,15328,special,235298,_,layer_9,neſs,0.651116,1058,313,313,neſs,0.486873,98,94,94,neſs:0.6511;ſhip:0.1170;原始内容存档于:0.0451;▁Diarsipkan:0.0185;WebVitals:0.0146,neſs:0.4869;▁special:0.2390;原始内容存档于:0.0930;SPECIAL:0.0598;▁rangement:0.0199
<|reserved_special_token_0|>,reserved_special,10,4,15328,special,235298,_,layer_12,▁houſe,0.595419,2308,38743,38743,▁Pascual,0.305479,130,3209,3209,▁houſe:0.5954;neſs:0.2988;▁ſtate:0.0725;ousand:0.0074;▁BoxDecoration:0.0048,▁Pascual:0.3055;SPECIAL:0.2613;▁automatiques:0.1626;▁serai:0.1311;neſs:0.0131
<|reserved_special_token_0|>,reserved_special,10,4,15328,special,235298,_,layer_14,neſs,0.652345,2848,15370,15370,▁houſe,0.473983,443,5982,5982,neſs:0.6523;▁houſe:0.3104;▁ſtate:0.0261;▁Houſe:0.0038;▁greateſt:0.0019,▁houſe:0.4740;neſs:0.2620;▁ſtate:0.2011;▁preſent:0.0116;▁greateſt:0.0088
<|reserved_special_token_0|>,reserved_special,10,4,15328,special,235298,_,layer_17,▁تانيه,0.856283,587,824,824,WebVitals,0.623632,328,1630,1630,▁تانيه:0.8563;getic:0.0551;▁defStyle:0.0199;ImageIO:0.0189;WebVitals:0.0172,WebVitals:0.6236;▁وتسجيلات:0.1510;▁تانيه:0.1396;ImageIO:0.0384;▁defStyle:0.0149
<|reserved_special_token_0|>,reserved_special,10,4,15328,special,235298,_,layer_19,aneous,0.857963,4366,3655,3655,Przypisy,0.396516,4945,11707,11707,aneous:0.8580;Przypisy:0.0772;etary:0.0386;▁infinite:0.0080;isasi:0.0078,Przypisy:0.3965;出版年:0.2895;▁houſe:0.1277;WebVitals:0.0453;▁purpoſe:0.0409
<|reserved_special_token_0|>,reserved_special,10,4,15328,special,235298,_,layer_20,▁special,0.999889,88,839,839,specialchars,0.500672,92,11483,11483,▁special:0.9999;specialchars:0.0001;▁soft:0.0000;▁excessive:0.0000;aneous:0.0000,specialchars:0.5007;▁purpoſe:0.3960;▁houſe:0.0358;▁ſeveral:0.0205;▁ſtre:0.0098
<|reserved_special_token_0|>,reserved_special,10,4,15328,special,235298,_,layer_21,▁special,0.438142,3131,439,439,▁purpoſe,0.855709,8176,97738,97738,▁special:0.4381;▁reserve:0.2575;▁religious:0.1276;▁energy:0.0578;▁reserved:0.0517,▁purpoſe:0.8557;▁houſe:0.1234;▁ſeveral:0.0083;▁pleaſure:0.0074;▁ſtate:0.0029
<|reserved_special_token_0|>,reserved_special,10,4,15328,special,235298,_,layer_23,_,0.99837,1126,1,1,▁reserve,0.526106,63,7,7,_:0.9984;▁special:0.0016;▁reserve:0.0000;▁reserved:0.0000;-:0.0000,▁reserve:0.5261;▁Sonder:0.2042;▁reserved:0.0967;期刊论文:0.0900;▁special:0.0283
<|reserved_special_token_0|>,reserved_special,10,4,15328,special,235298,_,layer_25,_,1.0,2751,1,1,_,1.0,91,1,1,_:1.0000;<eos>:0.0000;-:0.0000;<unused63>:0.0000;▁:0.0000,_:1.0000;▁_:0.0000;__:0.0000;\_:0.0000;_-:0.0000
<|reserved_special_token_0|>,reserved_special,10,4,15328,special,235298,_,layer_26,<eos>,1.0,8978,3,3,_,0.999983,178,1,1,<eos>:1.0000;-:0.0000;_:0.0000;<unused1>:0.0000;<unused0>:0.0000,_:1.0000;<eos>:0.0000;__:0.0000;;:0.0000;_-:0.0000
<|reserved_special_token_0|>,reserved_special,10,4,15328,special,235298,_,final_logits,_,0.999933,178,1,1,,,,,,_:0.9999;<eos>:0.0000;__:0.0000;;:0.0000;_-:0.0000,
<|reserved_special_token_0|>,reserved_special,10,5,235298,_,5526,reserved,emb,_,1.0,1,7526,79008,_,1.0,1,6958,89864,"_:1.0000;▁:0.0000;-:0.0000;.:0.0000;,:0.0000","_:1.0000;-:0.0000;▁:0.0000;.:0.0000;,:0.0000"
<|reserved_special_token_0|>,reserved_special,10,5,235298,_,5526,reserved,layer_1,_,1.0,1,27792,104372,_,1.0,1,16280,106600,"_:1.0000;.:0.0000;-:0.0000;
:0.0000;▁:0.0000",_:1.0000;-:0.0000;.:0.0000;▁_:0.0000;(:0.0000
<|reserved_special_token_0|>,reserved_special,10,5,235298,_,5526,reserved,layer_2,<bos>,1.0,2,54193,34196,_,1.0,1,34891,40383,"<bos>:1.0000;_:0.0000;
:0.0000;-:0.0000;(:0.0000","_:1.0000;<bos>:0.0000;-:0.0000;.:0.0000;
:0.0000"
<|reserved_special_token_0|>,reserved_special,10,5,235298,_,5526,reserved,layer_3,_,0.998767,1,111635,94615,_,1.0,1,81624,107770,"_:0.9988;-:0.0010;▁and:0.0001;,:0.0001;<bos>:0.0000","_:1.0000;-:0.0000;.:0.0000;,:0.0000;▁_:0.0000"
<|reserved_special_token_0|>,reserved_special,10,5,235298,_,5526,reserved,layer_6,<bos>,1.0,7,154532,58023,<bos>,0.999824,3,125996,62754,"<bos>:1.0000;▁and:0.0000;

:0.0000;.:0.0000;-:0.0000","<bos>:0.9998;.:0.0002;_:0.0000;

:0.0000;-:0.0000"
<|reserved_special_token_0|>,reserved_special,10,5,235298,_,5526,reserved,layer_9,<bos>,0.999898,3,230308,54738,_,0.752976,1,226840,85819,<bos>:0.9999;':0.0000;_:0.0000;’:0.0000;csolódó:0.0000,_:0.7530;TargetException:0.0769;ه‌:0.0731;sional:0.0392;▁يتيمه:0.0128
<|reserved_special_token_0|>,reserved_special,10,5,235298,_,5526,reserved,layer_12,enumi,0.428606,233,234394,36037,▁väli,0.812846,4,172320,47264,enumi:0.4286;Παραπομπές:0.3204;▁väli:0.1076;География:0.0333;▁BoxDecoration:0.0212,▁väli:0.8128;Παραπομπές:0.0492;▁automatiques:0.0447;_:0.0312;▁būtų:0.0228
<|reserved_special_token_0|>,reserved_special,10,5,235298,_,5526,reserved,layer_14,AutoresizingMask,0.998145,34,247709,6910,AutoresizingMask,0.998488,12,244615,12697,AutoresizingMask:0.9981;▁تانيه:0.0005;▁lainnya:0.0003;▁يتيمه:0.0001;wpdb:0.0001,AutoresizingMask:0.9985;▁يتيمه:0.0005;wpdb:0.0004;Collegamenti:0.0001;▁lainnya:0.0001
<|reserved_special_token_0|>,reserved_special,10,5,235298,_,5526,reserved,layer_17,▁تانيه,0.99734,95,189419,38477,▁تانيه,0.899959,363,212834,83611,"▁تانيه:0.9973;ImageIO:0.0025;getic:0.0001;:0.0001;AutoresizingMask:0.0000",▁تانيه:0.9000;ImageIO:0.0939;▁متعلقه:0.0020;▁nélk:0.0016;Collegamenti:0.0007
<|reserved_special_token_0|>,reserved_special,10,5,235298,_,5526,reserved,layer_19,enumi,0.992143,3468,200100,5565,▁فريبيس,0.763024,22702,235671,11646,enumi:0.9921;Przypisy:0.0041;etary:0.0016;utory:0.0008;▁تانيه:0.0004,▁فريبيس:0.7630;enumi:0.1065;▁InputDecoration:0.0780;Przypisy:0.0335;存于互联网档案馆:0.0123
<|reserved_special_token_0|>,reserved_special,10,5,235298,_,5526,reserved,layer_20,▁special,0.924295,2515,171189,1557,存于互联网档案馆,0.573904,60681,243451,2435,▁special:0.9243;etary:0.0226;utory:0.0144;▁conclusion:0.0075;specialchars:0.0073,存于互联网档案馆:0.5739;▁houſe:0.3360;Skocz:0.0310;▁ویکی‌پدیا:0.0165;▁InputDecoration:0.0102
<|reserved_special_token_0|>,reserved_special,10,5,235298,_,5526,reserved,layer_21,▁reserve,0.518908,4205,118042,1363,▁houſe,0.989321,238976,246925,1683,▁reserve:0.5189;▁definition:0.0970;▁energy:0.0840;▁conclusion:0.0630;▁religious:0.0573,▁houſe:0.9893;▁purpoſe:0.0078;▁pleaſure:0.0013;tvguidetime:0.0007;▁ویکی‌پدیا:0.0002
<|reserved_special_token_0|>,reserved_special,10,5,235298,_,5526,reserved,layer_23,▁special,0.994175,278,31395,612,▁special,0.83863,30671,117958,16,▁special:0.9942;<eos>:0.0058;<unused63>:0.0000;▁:0.0000;▁reserve:0.0000,▁special:0.8386;▁reserve:0.1103;▁Sonder:0.0245;▁reserved:0.0080;期刊论文:0.0037
<|reserved_special_token_0|>,reserved_special,10,5,235298,_,5526,reserved,layer_25,<eos>,1.0,3,4224,864,special,0.967234,5,1234,2,<eos>:1.0000;<unused63>:0.0000;_:0.0000;<unused61>:0.0000;or:0.0000,special:0.9672;reserved:0.0167;reserve:0.0124;pre:0.0007;_:0.0006
<|reserved_special_token_0|>,reserved_special,10,5,235298,_,5526,reserved,layer_26,<eos>,1.0,17,8161,7355,reserved,0.514136,79,3315,1,<eos>:1.0000;<unused63>:0.0000;<unused1>:0.0000;<mask>:0.0000;<unused2>:0.0000,reserved:0.5141;special:0.1959;reserve:0.0655;sub:0.0196;res:0.0127
<|reserved_special_token_0|>,reserved_special,10,5,235298,_,5526,reserved,final_logits,reserved,0.495327,79,3315,1,,,,,,reserved:0.4953;special:0.1961;reserve:0.0676;sub:0.0207;res:0.0134,
<|reserved_special_token_0|>,reserved_special,10,6,5526,token,235298,_,emb,token,0.999995,1,104822,104822,token,1.0,1,11375,11375,token:1.0000;▁token:0.0000;Token:0.0000;▁Token:0.0000;TOKEN:0.0000,token:1.0000;▁token:0.0000;Token:0.0000;▁Token:0.0000;TOKEN:0.0000
<|reserved_special_token_0|>,reserved_special,10,6,5526,token,235298,_,layer_1,token,0.998067,1,130,130,token,0.999992,1,134,134,token:0.9981;▁token:0.0019;Token:0.0000;▁Token:0.0000;▁tokens:0.0000,token:1.0000;▁token:0.0000;Token:0.0000;▁Token:0.0000;▁tokens:0.0000
<|reserved_special_token_0|>,reserved_special,10,6,5526,token,235298,_,layer_2,<bos>,1.0,2,47,47,token,0.999955,1,77,77,<bos>:1.0000;token:0.0000;▁token:0.0000;Token:0.0000;▁Token:0.0000,token:1.0000;▁token:0.0000;Token:0.0000;▁Token:0.0000;▁tokens:0.0000
<|reserved_special_token_0|>,reserved_special,10,6,5526,token,235298,_,layer_3,▁token,0.51244,2,641,641,token,0.66601,1,523,523,▁token:0.5124;token:0.4865;Token:0.0010;▁Token:0.0001;▁tokens:0.0000,token:0.6660;▁token:0.3340;Token:0.0000;▁Token:0.0000;▁tokens:0.0000
<|reserved_special_token_0|>,reserved_special,10,6,5526,token,235298,_,layer_6,<bos>,1.0,9,133,133,<bos>,0.999882,2,333,333,"<bos>:1.0000;Token:0.0000;▁and:0.0000;▁to:0.0000;,:0.0000",<bos>:0.9999;token:0.0000;▁token:0.0000;▁tokens:0.0000;Token:0.0000
<|reserved_special_token_0|>,reserved_special,10,6,5526,token,235298,_,layer_9,jsonwebtoken,0.644759,10,513,513,▁token,0.552319,3,483,483,jsonwebtoken:0.6448;▁token:0.1165;▁tokens:0.0797;▁Token:0.0185;▁useRouter:0.0143,▁token:0.5523;▁tokens:0.2634;token:0.0917;jsonwebtoken:0.0546;▁Token:0.0298
<|reserved_special_token_0|>,reserved_special,10,6,5526,token,235298,_,layer_12,География,0.721095,467,6834,6834,jsonwebtoken,0.459086,4,1792,1792,География:0.7211;jsonwebtoken:0.1516;▁houſe:0.0264;▁nélk:0.0232;Παραπομπές:0.0229,jsonwebtoken:0.4591;▁token:0.2776;География:0.0837;token:0.0593;enumi:0.0197
<|reserved_special_token_0|>,reserved_special,10,6,5526,token,235298,_,layer_14,▁تانيه,0.744007,13808,2147,2147,jsonwebtoken,0.982776,627,1912,1912,▁تانيه:0.7440;jsonwebtoken:0.2330;▁houſe:0.0192;LikeLike:0.0007;▁lainnya:0.0005,jsonwebtoken:0.9828;▁تانيه:0.0155;▁Wikipédia:0.0003;▁houſe:0.0002;LikeLike:0.0001
<|reserved_special_token_0|>,reserved_special,10,6,5526,token,235298,_,layer_17,▁تانيه,0.99921,1113,2366,2366,▁تانيه,0.466589,144,9447,9447,▁تانيه:0.9992;▁houſe:0.0004;▁nélk:0.0003;достатки:0.0000;WebVitals:0.0000,▁تانيه:0.4666;▁houſe:0.4510;▁propOrder:0.0721;▁nélk:0.0095;WebVitals:0.0002
<|reserved_special_token_0|>,reserved_special,10,6,5526,token,235298,_,layer_19,▁تانيه,0.576679,3815,781,781,▁houſe,0.963066,946,5419,5419,▁تانيه:0.5767;▁houſe:0.3092;▁InputDecoration:0.1025;jsonwebtoken:0.0082;достатки:0.0013,▁houſe:0.9631;▁propOrder:0.0230;▁InputDecoration:0.0105;jsonwebtoken:0.0014;▁تانيه:0.0007
<|reserved_special_token_0|>,reserved_special,10,6,5526,token,235298,_,layer_20,▁token,0.991853,9,60,60,▁houſe,0.87732,17,2833,2833,▁token:0.9919;▁tokens:0.0076;▁Token:0.0005;▁ویکی‌پدیا:0.0000;▁mouth:0.0000,▁houſe:0.8773;▁ویکی‌پدیا:0.0548;▁token:0.0466;▁Token:0.0058;▁InputDecoration:0.0041
<|reserved_special_token_0|>,reserved_special,10,6,5526,token,235298,_,layer_21,▁appearance,0.401702,34504,10,10,▁houſe,0.995104,71138,50606,50606,▁appearance:0.4017;[toxicity=0]:0.2538;▁eternal:0.1018;▁policy:0.0468;▁other:0.0338,▁houſe:0.9951;▁InputDecoration:0.0032;▁purpoſe:0.0012;▁ویکی‌پدیا:0.0005;▁ſtate:0.0000
<|reserved_special_token_0|>,reserved_special,10,6,5526,token,235298,_,layer_23,▁token,0.897865,24,2,2,▁token,0.579835,14,147,147,▁token:0.8979;_:0.1021;<unused63>:0.0000;-:0.0000;<:0.0000,▁token:0.5798;▁للمعارف:0.3191;▁Token:0.0897;▁getToken:0.0059;▁InputDecoration:0.0042
<|reserved_special_token_0|>,reserved_special,10,6,5526,token,235298,_,layer_25,_,1.0,4663,1,1,_,1.0,214,1,1,_:1.0000;<eos>:0.0000;-:0.0000;<unused63>:0.0000;<unk>:0.0000,_:1.0000;__:0.0000;^:0.0000;<:0.0000;▁CGRectMake:0.0000
<|reserved_special_token_0|>,reserved_special,10,6,5526,token,235298,_,layer_26,<eos>,1.0,9070,3,3,_,0.99997,382,1,1,<eos>:1.0000;-:0.0000;_:0.0000;<unused1>:0.0000;<unused0>:0.0000,_:1.0000;__:0.0000;^:0.0000;<:0.0000;|:0.0000
<|reserved_special_token_0|>,reserved_special,10,6,5526,token,235298,_,final_logits,_,0.99988,382,1,1,,,,,,_:0.9999;__:0.0000;^:0.0000;<:0.0000;|:0.0000,
<|reserved_special_token_0|>,reserved_special,10,7,235298,_,235276,token,emb,_,1.0,1,32,7526,_,1.0,1,31,6958,"_:1.0000;▁:0.0000;-:0.0000;.:0.0000;,:0.0000","_:1.0000;-:0.0000;▁:0.0000;.:0.0000;,:0.0000"
<|reserved_special_token_0|>,reserved_special,10,7,235298,_,235276,token,layer_1,_,1.0,1,77,27762,_,1.0,1,53,15128,"_:1.0000;-:0.0000;.:0.0000;
:0.0000;(:0.0000",_:1.0000;-:0.0000;.:0.0000;▁_:0.0000;(:0.0000
<|reserved_special_token_0|>,reserved_special,10,7,235298,_,235276,token,layer_2,<bos>,1.0,2,234,46195,_,1.0,1,183,25046,"<bos>:1.0000;_:0.0000;':0.0000;
:0.0000;-:0.0000",_:1.0000;<bos>:0.0000;-:0.0000;.:0.0000;(:0.0000
<|reserved_special_token_0|>,reserved_special,10,7,235298,_,235276,token,layer_3,_,0.999814,1,5333,81346,_,1.0,1,3339,43037,"_:0.9998;-:0.0001;<bos>:0.0000;▁and:0.0000;,:0.0000",_:1.0000;-:0.0000;▁_:0.0000;\_:0.0000;.:0.0000
<|reserved_special_token_0|>,reserved_special,10,7,235298,_,235276,token,layer_6,<bos>,1.0,5,60038,47066,<bos>,0.999995,2,45738,12115,<bos>:1.0000;▁and:0.0000;-:0.0000;.:0.0000;_:0.0000,<bos>:1.0000;_:0.0000;-:0.0000;.:0.0000;▁and:0.0000
<|reserved_special_token_0|>,reserved_special,10,7,235298,_,235276,token,layer_9,csolódó,0.228542,10,245837,115213,_,0.313997,1,236411,53887,csolódó:0.2285;obacz:0.1219;cussion:0.0439;▁optique:0.0421;NOPQRST:0.0403,_:0.3140;▁vertes:0.1819;obacz:0.1586;csolódó:0.0606;cussion:0.0356
<|reserved_special_token_0|>,reserved_special,10,7,235298,_,235276,token,layer_12,[toxicity=0],0.465771,234,237419,122607,▁väli,0.274016,3,146830,24096,[toxicity=0]:0.4658;▁väli:0.0993;География:0.0897;csolódó:0.0630;enumi:0.0460,▁väli:0.2740;▁automatiques:0.1308;_:0.1059;▁vertes:0.1049;▁outros:0.0816
<|reserved_special_token_0|>,reserved_special,10,7,235298,_,235276,token,layer_14,▁تانيه,0.278433,73,175490,180913,▁hemel,0.297061,49,149641,140234,▁تانيه:0.2784;AutoresizingMask:0.1806;▁lainnya:0.1554;▁even:0.0809;▁outros:0.0275,▁hemel:0.2971;AutoresizingMask:0.1943;▁lainnya:0.0743;ButterKnife:0.0556;▁even:0.0495
<|reserved_special_token_0|>,reserved_special,10,7,235298,_,235276,token,layer_17,▁تانيه,0.508768,71,112137,37479,▁nélk,0.806274,457,188523,23285,"▁تانيه:0.5088;:0.3125;▁nélk:0.1487;▁planche:0.0097;▁even:0.0061",▁nélk:0.8063;▁متعلقه:0.1299;▁تانيه:0.0537;Collegamenti:0.0041;▁planche:0.0021
<|reserved_special_token_0|>,reserved_special,10,7,235298,_,235276,token,layer_19,"",0.458809,114,135928,68655,▁houſe,0.348114,4791,246540,86349,":0.4588;▁تانيه:0.3829;<code>:0.0541;etary:0.0426;▁lowest:0.0224",▁houſe:0.3481;▁فريبيس:0.2294;▁تانيه:0.1668;▁صوتيه:0.1239;▁InputDecoration:0.0532
<|reserved_special_token_0|>,reserved_special,10,7,235298,_,235276,token,layer_20,▁mouth,0.978242,152,56992,8206,▁houſe,0.966122,11775,240103,9329,"▁mouth:0.9782;:0.0096;etary:0.0096;<unused63>:0.0005;▁vertical:0.0003",▁houſe:0.9661;存于互联网档案馆:0.0262;▁صوتيه:0.0038;▁ſmall:0.0020;▁purpoſe:0.0007
<|reserved_special_token_0|>,reserved_special,10,7,235298,_,235276,token,layer_21,<unused63>,0.88827,826,21858,108544,▁houſe,0.999919,193191,254848,230361,<unused63>:0.8883;▁mouth:0.0469;[toxicity=0]:0.0389;<code>:0.0041;▁description:0.0041,▁houſe:0.9999;▁purpoſe:0.0001;▁متعلقه:0.0000;▁ſtate:0.0000;▁ویکی‌پدیا:0.0000
<|reserved_special_token_0|>,reserved_special,10,7,235298,_,235276,token,layer_23,<unused63>,0.972417,15,198,10,▁token,0.768243,2851,46271,3,<unused63>:0.9724;▁token:0.0276;▁:0.0000;<unused61>:0.0000;<unused62>:0.0000,▁token:0.7682;▁Token:0.1664;token:0.0315;▁للمعارف:0.0248;Token:0.0086
<|reserved_special_token_0|>,reserved_special,10,7,235298,_,235276,token,layer_25,<eos>,1.0,3,30,399,token,0.548102,3,20,1,<eos>:1.0000;<unused63>:0.0000;_:0.0000;<unused61>:0.0000;-:0.0000,token:0.5481;reserved:0.3311;_:0.0578;reserve:0.0466;3:0.0019
<|reserved_special_token_0|>,reserved_special,10,7,235298,_,235276,token,layer_26,<eos>,1.0,15,25,3039,token,0.332532,9,7,1,<eos>:1.0000;<unused63>:0.0000;.:0.0000;-:0.0000;<unk>:0.0000,token:0.3325;reserved:0.2904;reserve:0.0274;<unused63>:0.0125;sub:0.0103
<|reserved_special_token_0|>,reserved_special,10,7,235298,_,235276,token,final_logits,token,0.324964,9,7,1,,,,,,token:0.3250;reserved:0.2846;reserve:0.0277;<unused63>:0.0127;sub:0.0104,
<|reserved_special_token_0|>,reserved_special,10,8,235276,0,73786,_,emb,0,1.0,1,129173,26,0,1.0,1,139356,25,0:1.0000;1:0.0000;2:0.0000;▁:0.0000;3:0.0000,0:1.0000;1:0.0000;2:0.0000;▁:0.0000;3:0.0000
<|reserved_special_token_0|>,reserved_special,10,8,235276,0,73786,_,layer_1,0,1.0,1,199844,116,0,1.0,1,217958,146,0:1.0000;1:0.0000;2:0.0000;5:0.0000;4:0.0000,0:1.0000;1:0.0000;2:0.0000;5:0.0000;4:0.0000
<|reserved_special_token_0|>,reserved_special,10,8,235276,0,73786,_,layer_2,<bos>,1.0,2,137899,41,0,1.0,1,190998,69,<bos>:1.0000;0:0.0000;':0.0000;’:0.0000;1:0.0000,0:1.0000;<bos>:0.0000;1:0.0000;2:0.0000;':0.0000
<|reserved_special_token_0|>,reserved_special,10,8,235276,0,73786,_,layer_3,0,0.99996,1,253947,4263,0,1.0,1,252963,10095,"0:1.0000;,:0.0000;ゼロ:0.0000;▁zero:0.0000;▁you:0.0000",0:1.0000;ゼロ:0.0000;০:0.0000;▁picioare:0.0000;０:0.0000
<|reserved_special_token_0|>,reserved_special,10,8,235276,0,73786,_,layer_6,<bos>,1.0,3,247460,944,<bos>,1.0,2,246494,6310,<bos>:1.0000;▁to:0.0000;0:0.0000;▁and:0.0000;▁that:0.0000,"<bos>:1.0000;0:0.0000;,:0.0000;▁partenza:0.0000;ότητα:0.0000"
<|reserved_special_token_0|>,reserved_special,10,8,235276,0,73786,_,layer_9,▁houſe,0.327145,1236,254466,59249,▁ویکی‌پدیا,0.414534,125,254584,61036,▁houſe:0.3271;▁pleaſure:0.2345;▁ſmall:0.1427;▁ſtate:0.1282;▁preſent:0.0461,▁ویکی‌پدیا:0.4145;▁ſmall:0.1903;▁houſe:0.0983;▁pleaſure:0.0861;▁ſtate:0.0662
<|reserved_special_token_0|>,reserved_special,10,8,235276,0,73786,_,layer_12,▁ſmall,0.469828,7939,253334,53422,▁ſmall,0.56944,790,254988,42769,▁ſmall:0.4698;▁houſe:0.2746;▁ſtand:0.1188;▁ſtate:0.0433;▁ſeveral:0.0206,▁ſmall:0.5694;▁ſtand:0.1489;▁houſe:0.1431;▁ſtate:0.0420;▁ſeveral:0.0151
<|reserved_special_token_0|>,reserved_special,10,8,235276,0,73786,_,layer_14,▁تانيه,0.910888,1355,247803,13383,▁تانيه,0.440157,1159,252955,42306,▁تانيه:0.9109;▁hemel:0.0117;▁heavenly:0.0073;▁enfance:0.0071;LikeLike:0.0050,▁تانيه:0.4402;▁noires:0.0626;▁religieuses:0.0546;▁hemel:0.0366;▁laſt:0.0364
<|reserved_special_token_0|>,reserved_special,10,8,235276,0,73786,_,layer_17,▁تانيه,0.895059,37,254378,15251,▁houſe,0.993725,161,255533,55044,▁تانيه:0.8951;▁houſe:0.0903;▁virginity:0.0020;▁nélk:0.0015;достатки:0.0015,▁houſe:0.9937;▁purpoſe:0.0019;▁ſmall:0.0012;▁تانيه:0.0007;▁greateſt:0.0007
<|reserved_special_token_0|>,reserved_special,10,8,235276,0,73786,_,layer_19,▁InputDecoration,0.777809,580,247771,10161,▁houſe,0.978438,2259,251389,66219,▁InputDecoration:0.7778;▁houſe:0.1986;HomeAsUpEnabled:0.0164;▁تانيه:0.0032;Kesimpulan:0.0013,▁houſe:0.9784;▁InputDecoration:0.0169;▁ſmall:0.0026;▁purpoſe:0.0013;▁greateſt:0.0004
<|reserved_special_token_0|>,reserved_special,10,8,235276,0,73786,_,layer_20,▁InputDecoration,0.600341,78,250699,4553,▁houſe,0.8525,3539,254050,97936,▁InputDecoration:0.6003;▁mouth:0.3285;▁perpetuity:0.0512;▁היתה:0.0091;▁virginity:0.0060,▁houſe:0.8525;▁purpoſe:0.1215;▁ſmall:0.0194;▁ſtate:0.0031;▁InputDecoration:0.0016
<|reserved_special_token_0|>,reserved_special,10,8,235276,0,73786,_,layer_21,▁mouth,0.768041,2,227683,282,▁purpoſe,0.518508,12331,248311,129251,▁mouth:0.7680;0:0.0973;▁relaxation:0.0457;▁severity:0.0331;▁assumption:0.0237,▁purpoſe:0.5185;▁houſe:0.4679;▁ſtate:0.0055;▁InputDecoration:0.0030;▁pleaſure:0.0020
<|reserved_special_token_0|>,reserved_special,10,8,235276,0,73786,_,layer_23,0,0.995564,1,138638,2,▁sauve,0.629912,3,183986,16,0:0.9956;_:0.0044;.:0.0000;<unused63>:0.0000;<:0.0000,▁sauve:0.6299;MemoryWarning:0.1843;0:0.0540;▁ویکی‌پدیا:0.0298;▁للمعارف:0.0154
<|reserved_special_token_0|>,reserved_special,10,8,235276,0,73786,_,layer_25,_,1.0,6,56759,1,_,1.0,2,13742,1,_:1.0000;<eos>:0.0000;-:0.0000;<unused63>:0.0000;.:0.0000,_:1.0000;0:0.0000;__:0.0000;<:0.0000;::0.0000
<|reserved_special_token_0|>,reserved_special,10,8,235276,0,73786,_,layer_26,<eos>,1.0,12,64990,4,_,0.999429,2,402,1,"<eos>:1.0000;-:0.0000;.:0.0000;_:0.0000;,:0.0000",_:0.9994;0:0.0004;<:0.0000;|:0.0000;::0.0000
<|reserved_special_token_0|>,reserved_special,10,8,235276,0,73786,_,final_logits,_,0.998649,2,402,1,,,,,,_:0.9986;0:0.0009;<:0.0001;|:0.0001;::0.0000,
<|reserved_special_token_0|>,reserved_special,10,9,73786,|>,,|>,emb,|>,1.0,1,,1,|>,1.0,1,,1,|>:1.0000;▁Theſe:0.0000;']>:0.0000;▁myſelf:0.0000;'}>:0.0000,|>:1.0000;<mask>:0.0000;<unused1>:0.0000;<unused2>:0.0000;<unused0>:0.0000
<|reserved_special_token_0|>,reserved_special,10,9,73786,|>,,|>,layer_1,|>,1.0,1,,1,|>,1.0,1,,1,|>:1.0000;<bos>:0.0000;']>:0.0000;|<:0.0000;]>:0.0000,|>:1.0000;<mask>:0.0000;<unused1>:0.0000;<unused2>:0.0000;<unused0>:0.0000
<|reserved_special_token_0|>,reserved_special,10,9,73786,|>,,|>,layer_2,<bos>,1.0,2,,2,|>,1.0,1,,1,<bos>:1.0000;|>:0.0000;)>:0.0000;']>:0.0000;)}>:0.0000,|>:1.0000;<bos>:0.0000;<unused1>:0.0000;<mask>:0.0000;<unused2>:0.0000
<|reserved_special_token_0|>,reserved_special,10,9,73786,|>,,|>,layer_3,<bos>,1.0,2,,2,|>,1.0,1,,1,<bos>:1.0000;|>:0.0000;▁auffi:0.0000;▁itſelf:0.0000;▁pleaſure:0.0000,|>:1.0000;<bos>:0.0000;▁auffi:0.0000;[>:0.0000;endphp:0.0000
<|reserved_special_token_0|>,reserved_special,10,9,73786,|>,,|>,layer_6,<bos>,1.0,5,,5,<bos>,0.998467,2,,2,<bos>:1.0000;▁raiſ:0.0000;▁itſelf:0.0000;▁myſelf:0.0000;|>:0.0000,<bos>:0.9985;|>:0.0015;▁raiſ:0.0000;▁myſelf:0.0000;▁itſelf:0.0000
<|reserved_special_token_0|>,reserved_special,10,9,73786,|>,,|>,layer_9,▁pleaſure,0.823729,319,,319,▁pleaſure,0.917733,121,,121,▁pleaſure:0.8237;▁houſe:0.1219;▁purpoſe:0.0212;▁myſelf:0.0083;▁ſtate:0.0057,▁pleaſure:0.9177;▁houſe:0.0734;▁myſelf:0.0033;▁themſelves:0.0013;▁raiſ:0.0010
<|reserved_special_token_0|>,reserved_special,10,9,73786,|>,,|>,layer_12,▁houſe,0.955951,4855,,4855,▁houſe,0.83301,1294,,1294,▁houſe:0.9560;▁pleaſure:0.0289;▁Efq:0.0067;▁myſelf:0.0045;▁raiſ:0.0021,▁houſe:0.8330;▁myſelf:0.0669;▁raiſ:0.0511;▁pleaſure:0.0246;▁Efq:0.0141
<|reserved_special_token_0|>,reserved_special,10,9,73786,|>,,|>,layer_14,▁houſe,0.981132,1342,,1342,▁houſe,0.934265,605,,605,▁houſe:0.9811;▁pleaſure:0.0059;▁Houſe:0.0048;▁beſt:0.0031;▁ſtand:0.0013,▁houſe:0.9343;▁pleaſure:0.0381;▁Houſe:0.0153;▁ſtill:0.0035;▁raiſ:0.0033
<|reserved_special_token_0|>,reserved_special,10,9,73786,|>,,|>,layer_17,▁houſe,0.885872,10674,,10674,▁quæ,0.61309,3282,,3282,▁houſe:0.8859;▁quæ:0.0950;▁تانيه:0.0179;▁ſtand:0.0005;▁ſmall:0.0002,▁quæ:0.6131;▁houſe:0.3630;▁ſtand:0.0042;▁paſſ:0.0042;▁تانيه:0.0038
<|reserved_special_token_0|>,reserved_special,10,9,73786,|>,,|>,layer_19,▁houſe,0.996038,1524,,1524,▁houſe,0.948877,671,,671,▁houſe:0.9960;▁pleaſure:0.0029;▁ſmall:0.0009;▁ſtand:0.0000;▁raiſ:0.0000,▁houſe:0.9489;▁raiſ:0.0280;▁pleaſure:0.0180;▁ſmall:0.0029;▁ſtand:0.0008
<|reserved_special_token_0|>,reserved_special,10,9,73786,|>,,|>,layer_20,▁houſe,0.998771,1955,,1955,▁houſe,0.946546,1444,,1444,▁houſe:0.9988;▁pleaſure:0.0011;▁purpoſe:0.0001;▁ſmall:0.0000;▁Houſe:0.0000,▁houſe:0.9465;▁pleaſure:0.0238;▁myſelf:0.0190;▁purpoſe:0.0066;▁raiſ:0.0031
<|reserved_special_token_0|>,reserved_special,10,9,73786,|>,,|>,layer_21,▁blest,0.977353,8313,,8313,▁houſe,0.559265,4840,,4840,▁blest:0.9774;▁hopeless:0.0089;▁severity:0.0029;▁hypertrophy:0.0028;▁ویکی‌پدیا:0.0021,▁houſe:0.5593;▁myſelf:0.2223;▁pleaſure:0.1910;▁purpoſe:0.0252;▁raiſ:0.0017
<|reserved_special_token_0|>,reserved_special,10,9,73786,|>,,|>,layer_23,▁hopeless,0.70907,315,,315,▁houſe,0.692217,150,,150,▁hopeless:0.7091;▁despair:0.1777;▁perish:0.0410;▁hatred:0.0316;▁thereof:0.0188,▁houſe:0.6922;▁raiſ:0.2121;▁uſed:0.0326;▁pleaſure:0.0270;▁myſelf:0.0260
<|reserved_special_token_0|>,reserved_special,10,9,73786,|>,,|>,layer_25,<eos>,0.999978,1202,,1202,|>,0.550272,1,,1,<eos>:1.0000;|:0.0000;<unused63>:0.0000;_:0.0000;▁:0.0000,|>:0.5503;|:0.3431;_:0.0238;Autowired:0.0121;<>:0.0072
<|reserved_special_token_0|>,reserved_special,10,9,73786,|>,,|>,layer_26,<eos>,1.0,20038,,20038,|>,0.73986,1,,1,"<eos>:1.0000;-:0.0000;<unused63>:0.0000;,:0.0000;.:0.0000",|>:0.7399;0:0.1284;|:0.0356;_:0.0179;|<:0.0081
<|reserved_special_token_0|>,reserved_special,10,9,73786,|>,,|>,final_logits,|>,0.721747,1,,1,,,,,,|>:0.7217;0:0.1338;|:0.0381;_:0.0193;|<:0.0088,
<|extra_0|>,reserved_special,6,0,235322,<,235371,<,emb,<,1.0,1,38,1,<,1.0,1,34,1,"<:1.0000;▁<:0.0000;▁:0.0000;(:0.0000;
:0.0000",<:1.0000;▁<:0.0000;<unused1>:0.0000;<mask>:0.0000;<unused2>:0.0000
<|extra_0|>,reserved_special,6,0,235322,<,235371,<,layer_1,<,1.0,1,33,1,<,1.0,1,40,1,<:1.0000;▁<:0.0000;':0.0000;(:0.0000;.:0.0000,<:1.0000;▁<:0.0000;<unused1>:0.0000;<mask>:0.0000;<unused2>:0.0000
<|extra_0|>,reserved_special,6,0,235322,<,235371,<,layer_2,<bos>,0.999991,2,27,2,<,1.0,1,33,1,<bos>:1.0000;<:0.0000;':0.0000;(:0.0000;[:0.0000,<:1.0000;▁<:0.0000;[:0.0000;<bos>:0.0000;(:0.0000
<|extra_0|>,reserved_special,6,0,235322,<,235371,<,layer_3,<,0.999995,1,43,1,<,1.0,1,58,1,"<:1.0000;<bos>:0.0000;▁<:0.0000;.<:0.0000;,<:0.0000","<:1.0000;▁<:0.0000;.<:0.0000;)<:0.0000;,<:0.0000"
<|extra_0|>,reserved_special,6,0,235322,<,235371,<,layer_6,<,0.917936,1,7987,1,<,0.999783,1,3947,1,"<:0.9179;<bos>:0.0546;.<:0.0142;,<:0.0080;/<:0.0043","<:0.9998;.<:0.0002;/<:0.0000;,<:0.0000;:<:0.0000"
<|extra_0|>,reserved_special,6,0,235322,<,235371,<,layer_9,▁gratuits,0.369833,2,7869,2,▁gratuits,0.655228,2,11712,2,▁gratuits:0.3698;<:0.3637;▁esetben:0.0512;▁esetén:0.0415;▁tört:0.0387,▁gratuits:0.6552;<:0.2388;▁tört:0.0294;▁وتسجيلات:0.0276;▁esetben:0.0172
<|extra_0|>,reserved_special,6,0,235322,<,235371,<,layer_12,viembre,0.631256,67,46379,67,▁وتسجيلات,0.310382,22,22506,22,viembre:0.6313;▁Menschheit:0.1304;</thead>:0.0883;▁فريبيس:0.0543;▁وتسجيلات:0.0299,▁وتسجيلات:0.3104;▁فريبيس:0.2227;▁Menschheit:0.1991;viembre:0.1511;</thead>:0.0742
<|extra_0|>,reserved_special,6,0,235322,<,235371,<,layer_14,enumi,0.958315,1108,23347,1108,viembre,0.598187,252,25675,252,enumi:0.9583;viembre:0.0360;kolwiek:0.0053;</thead>:0.0002;▁وتسجيلات:0.0001,viembre:0.5982;▁وتسجيلات:0.2752;kolwiek:0.0828;enumi:0.0191;WebVitals:0.0135
<|extra_0|>,reserved_special,6,0,235322,<,235371,<,layer_17,enumi,0.998502,6,22378,6,▁وتسجيلات,0.864348,21,58818,21,enumi:0.9985;▁значит:0.0008;▁وتسجيلات:0.0004;▁possibly:0.0001;OrEqual:0.0001,▁وتسجيلات:0.8643;enumi:0.0742;WebVitals:0.0268;▁ſta:0.0084;▁ſmall:0.0074
<|extra_0|>,reserved_special,6,0,235322,<,235371,<,layer_19,󠁢,0.991908,2,3097,2,󠁢,0.963614,13,16824,13,"󠁢:0.9919;<:0.0059;:0.0010;▁possibly:0.0005;▁obvious:0.0001",󠁢:0.9636;▁ſmall:0.0136;WebVitals:0.0070;▁tört:0.0036;▁ſtre:0.0028
<|extra_0|>,reserved_special,6,0,235322,<,235371,<,layer_20,󠁢,0.482342,2,8987,2,▁للمعارف,0.625959,168,122632,168,󠁢:0.4823;<:0.3583;▁conclusion:0.1052;▁perpetuity:0.0454;▁<:0.0082,▁للمعارف:0.6260;ActionCreators:0.1526;󠁢:0.1109;AnchorStyles:0.0690;▁leaſt:0.0219
<|extra_0|>,reserved_special,6,0,235322,<,235371,<,layer_21,<,0.995507,1,3022,1,▁للمعارف,0.788262,1245,156006,1245,<:0.9955;▁conclusion:0.0026;󠁢:0.0015;▁<:0.0003;▁eventually:0.0001,▁للمعارف:0.7883;󠁢:0.0828;▁leaſt:0.0438;AnchorStyles:0.0296;▁leſs:0.0225
<|extra_0|>,reserved_special,6,0,235322,<,235371,<,layer_23,<,0.673417,1,747,1,<,0.48234,1,36088,1,<:0.6734;▁<:0.3266;▁reach:0.0000;▁eventually:0.0000;▁below:0.0000,<:0.4823;▁<:0.2145;▁$<:0.1169;▁ویکی‌پدیا:0.0464;Sucesor:0.0367
<|extra_0|>,reserved_special,6,0,235322,<,235371,<,layer_25,<,0.999976,1,9,1,<,0.983033,1,24,1,<:1.0000;<eos>:0.0000;><:0.0000;▁<:0.0000;.:0.0000,<:0.9830;><:0.0168;▁<:0.0001;Примечания:0.0000;;<:0.0000
<|extra_0|>,reserved_special,6,0,235322,<,235371,<,layer_26,<eos>,1.0,18,43,18,<,0.922376,1,10,1,"<eos>:1.0000;.:0.0000;,:0.0000;-:0.0000;▁(:0.0000",<:0.9224;><:0.0580;()<:0.0030;Ω:0.0019;>:0.0018
<|extra_0|>,reserved_special,6,0,235322,<,235371,<,final_logits,<,0.893955,1,10,1,,,,,,<:0.8940;><:0.0749;()<:0.0045;Ω:0.0029;>:0.0028,
<|extra_0|>,reserved_special,6,1,235371,|,15883,<,emb,|,1.0,1,8264,28,|,1.0,1,8235,27,|:1.0000;▁|:0.0000;▁:0.0000;.:0.0000;(:0.0000,|:1.0000;▁|:0.0000;▁:0.0000;<unused1>:0.0000;<unused0>:0.0000
<|extra_0|>,reserved_special,6,1,235371,|,15883,<,layer_1,|,1.0,1,13213,38,|,1.0,1,10531,36,|:1.0000;▁|:0.0000;||:0.0000;|\:0.0000;.:0.0000,|:1.0000;▁|:0.0000;|\:0.0000;||:0.0000;<unk>:0.0000
<|extra_0|>,reserved_special,6,1,235371,|,15883,<,layer_2,|,0.999999,1,35220,23,|,1.0,1,18311,27,|:1.0000;<bos>:0.0000;▁|:0.0000;(:0.0000;':0.0000,|:1.0000;▁|:0.0000;|\:0.0000;||:0.0000;[:0.0000
<|extra_0|>,reserved_special,6,1,235371,|,15883,<,layer_3,|,0.999993,1,150992,7757,|,1.0,1,113724,854,|:1.0000;▁|:0.0000;.|:0.0000;▁$|:0.0000;|\:0.0000,|:1.0000;▁|:0.0000;.|:0.0000;▁$|:0.0000;|\:0.0000
<|extra_0|>,reserved_special,6,1,235371,|,15883,<,layer_6,<bos>,1.0,2,49215,71980,|,0.991608,1,42354,60499,<bos>:1.0000;|:0.0000;.|:0.0000;viembre:0.0000;▁|:0.0000,|:0.9916;.|:0.0039;▁|:0.0027;▁espirituales:0.0015;▁lateinit:0.0001
<|extra_0|>,reserved_special,6,1,235371,|,15883,<,layer_9,\{\\,0.351368,158,123814,57811,AnimationsModule,0.559894,115,116578,90004,\{\\:0.3514;AnimationsModule:0.1306;enumi:0.0802;▁gratuits:0.0729;ódó:0.0600,AnimationsModule:0.5599;IntoConstraints:0.1333;▁gratuits:0.1248;WebVitals:0.0639;🏻‍♀️:0.0527
<|extra_0|>,reserved_special,6,1,235371,|,15883,<,layer_12,▁Efq,0.424997,3092,69842,49642,▁Efq,0.960271,319,45327,47791,▁Efq:0.4250;enumi:0.2505;viembre:0.1907;WebVitals:0.0506;▁فريبيس:0.0212,▁Efq:0.9603;▁فريبيس:0.0192;viembre:0.0055;AddTagHelper:0.0046;▁Cæsar:0.0028
<|extra_0|>,reserved_special,6,1,235371,|,15883,<,layer_14,enumi,0.999999,399,94943,173611,enumi,0.994325,179,95242,186446,enumi:1.0000;WebVitals:0.0000;viembre:0.0000;enumii:0.0000;‍♀️:0.0000,enumi:0.9943;WebVitals:0.0053;enumii:0.0002;AddTagHelper:0.0002;viembre:0.0000
<|extra_0|>,reserved_special,6,1,235371,|,15883,<,layer_17,enumi,1.0,544,72541,13549,enumi,0.997404,1276,100108,44449,enumi:1.0000;‍♀️:0.0000;󠁢:0.0000;WebVitals:0.0000;itária:0.0000,enumi:0.9974;WebVitals:0.0022;‍♀️:0.0002;▁InputDecoration:0.0001;▁ſta:0.0000
<|extra_0|>,reserved_special,6,1,235371,|,15883,<,layer_19,enumi,0.838957,1821,60466,2921,▁فريبيس,0.406397,7442,111508,35182,enumi:0.8390;󠁢:0.1609;WebVitals:0.0001;▁finally:0.0000;▁useRouter:0.0000,▁فريبيس:0.4064;󠁢:0.2265;WebVitals:0.1712;enumi:0.1203;▁ſmall:0.0478
<|extra_0|>,reserved_special,6,1,235371,|,15883,<,layer_20,󠁢,0.959752,971,67705,911,󠁢,0.670662,31029,165755,79076,󠁢:0.9598;▁perpetuity:0.0401;enumi:0.0001;▁väli:0.0000;ActionCreators:0.0000,󠁢:0.6707;▁فريبيس:0.0937;ActionCreators:0.0596;▁leaſt:0.0380;▁ſmall:0.0253
<|extra_0|>,reserved_special,6,1,235371,|,15883,<,layer_21,󠁢,0.999912,1921,30921,45,▁متعلقه,0.798532,140915,159293,91310,󠁢:0.9999;▁المعيارى:0.0000;▁eventually:0.0000;▁teeth:0.0000;▁forever:0.0000,▁متعلقه:0.7985;▁فريبيس:0.1648;󠁢:0.0208;▁CreateTagHelper:0.0062;▁للمعارف:0.0054
<|extra_0|>,reserved_special,6,1,235371,|,15883,<,layer_23,<,0.998136,134,40243,1,enumi,0.967542,7655,142350,81,<:0.9981;▁reach:0.0013;▁<:0.0005;▁forever:0.0000;▁below:0.0000,enumi:0.9675;▁Signalez:0.0237;▁ویکی‌پدیا:0.0023;didSet:0.0014;reportWebVitals:0.0010
<|extra_0|>,reserved_special,6,1,235371,|,15883,<,layer_25,<,1.0,5,14012,1,<,0.999739,8,47021,1,<:1.0000;<eos>:0.0000;▁<:0.0000;▁\:0.0000;|:0.0000,<:0.9997;Примечания:0.0002;▁<:0.0001;<>:0.0000;▁kuhusu:0.0000
<|extra_0|>,reserved_special,6,1,235371,|,15883,<,layer_26,<eos>,1.0,25,8595,4,<,0.996955,6,4526,1,<eos>:1.0000;.:0.0000;▁(:0.0000;<:0.0000;▁and:0.0000,<:0.9970;<\:0.0007;<>:0.0002;>:0.0002;><:0.0002
<|extra_0|>,reserved_special,6,1,235371,|,15883,<,final_logits,<,0.994864,6,4526,1,,,,,,<:0.9949;<\:0.0012;<>:0.0004;>:0.0003;><:0.0003,
<|extra_0|>,reserved_special,6,2,15883,extra,235298,|,emb,extra,1.0,1,212623,102413,extra,1.0,1,125949,25954,extra:1.0000;Extra:0.0000;▁extra:0.0000;▁Extra:0.0000;▁EXTRA:0.0000,extra:1.0000;Extra:0.0000;▁extra:0.0000;▁Extra:0.0000;▁EXTRA:0.0000
<|extra_0|>,reserved_special,6,2,15883,extra,235298,|,layer_1,extra,0.999869,1,13914,12746,extra,1.0,1,4269,3360,extra:0.9999;▁extra:0.0001;Extra:0.0000;▁Extra:0.0000;▁EXTRA:0.0000,extra:1.0000;▁extra:0.0000;Extra:0.0000;▁Extra:0.0000;▁EXTRA:0.0000
<|extra_0|>,reserved_special,6,2,15883,extra,235298,|,layer_2,extra,0.995405,1,132,242,extra,0.999979,1,314,390,extra:0.9954;▁extra:0.0046;Extra:0.0000;▁Extra:0.0000;▁EXTRA:0.0000,extra:1.0000;▁extra:0.0000;Extra:0.0000;▁Extra:0.0000;▁EXTRA:0.0000
<|extra_0|>,reserved_special,6,2,15883,extra,235298,|,layer_3,extra,0.995824,1,17412,14675,extra,0.999979,1,21601,9088,extra:0.9958;▁extra:0.0040;Extra:0.0002;▁Extra:0.0000;▁EXTRA:0.0000,extra:1.0000;▁extra:0.0000;Extra:0.0000;▁Extra:0.0000;▁EXTRA:0.0000
<|extra_0|>,reserved_special,6,2,15883,extra,235298,|,layer_6,<bos>,1.0,2,7089,36195,extra,0.983608,1,12351,35724,<bos>:1.0000;extra:0.0000;Extra:0.0000;▁extra:0.0000;▁Extra:0.0000,extra:0.9836;▁extra:0.0120;Extra:0.0044;▁Extra:0.0000;▁EXTRA:0.0000
<|extra_0|>,reserved_special,6,2,15883,extra,235298,|,layer_9,▁Chriſt,0.281022,5,33717,238452,extra,0.996608,1,24999,218792,▁Chriſt:0.2810;▁pinulongan:0.1771;▁pleaſure:0.1406;▁faſt:0.1405;extra:0.0721,extra:0.9966;▁extra:0.0031;Extra:0.0001;▁EXTRA:0.0000;▁Extra:0.0000
<|extra_0|>,reserved_special,6,2,15883,extra,235298,|,layer_12,▁Chriſt,0.459472,121,113260,250668,▁Chriſt,0.576856,3,53212,233200,▁Chriſt:0.4595;▁Jefus:0.2085;▁houſe:0.0846;▁Cæsar:0.0438;▁Houſe:0.0369,▁Chriſt:0.5769;▁Cæsar:0.2227;extra:0.1134;▁Jefus:0.0207;▁leaſt:0.0179
<|extra_0|>,reserved_special,6,2,15883,extra,235298,|,layer_14,WebVitals,0.999057,313,66927,238223,WebVitals,0.998997,80,79053,236304,WebVitals:0.9991;▁blest:0.0003;▁Chriſt:0.0001;▁preſent:0.0001;▁pinulongan:0.0001,WebVitals:0.9990;▁pinulongan:0.0003;▁Chriſt:0.0002;▁Theſe:0.0001;▁blest:0.0001
<|extra_0|>,reserved_special,6,2,15883,extra,235298,|,layer_17,▁extra,0.999208,3,13912,194188,▁extra,0.996438,3,24689,205174,▁extra:0.9992;достатки:0.0008;extra:0.0000;▁additional:0.0000;▁others:0.0000,▁extra:0.9964;достатки:0.0020;extra:0.0010;▁EXTRA:0.0003;Extra:0.0002
<|extra_0|>,reserved_special,6,2,15883,extra,235298,|,layer_19,▁extra,0.995823,4,2112,88292,▁extra,0.662139,4,8590,133288,▁extra:0.9958;▁again:0.0037;▁forever:0.0002;extra:0.0001;достатки:0.0001,▁extra:0.6621;▁ſtre:0.1246;достатки:0.0620;extra:0.0481;▁réglable:0.0214
<|extra_0|>,reserved_special,6,2,15883,extra,235298,|,layer_20,▁extra,0.999948,2,7223,90473,▁extra,0.683039,2,65638,212904,▁extra:0.9999;extra:0.0001;Extra:0.0000;▁EXTRA:0.0000;▁special:0.0000,▁extra:0.6830;extra:0.2349;▁ſeveral:0.0587;▁EXTRA:0.0157;▁ſtre:0.0022
<|extra_0|>,reserved_special,6,2,15883,extra,235298,|,layer_21,▁extra,1.0,2,1630,19433,▁extra,0.387707,3,110267,223148,▁extra:1.0000;extra:0.0000;Extra:0.0000;▁over:0.0000;▁something:0.0000,▁extra:0.3877;▁ſeveral:0.2901;extra:0.1548;▁تانيه:0.0786;▁purpoſe:0.0313
<|extra_0|>,reserved_special,6,2,15883,extra,235298,|,layer_23,▁extra,1.0,2,410,121,▁extra,0.695015,2,7157,716,▁extra:1.0000;extra:0.0000;Extra:0.0000;▁Extra:0.0000;▁extras:0.0000,▁extra:0.6950;extra:0.2997;Extra:0.0042;▁EXTRA:0.0006;▁Extra:0.0005
<|extra_0|>,reserved_special,6,2,15883,extra,235298,|,layer_25,▁extra,0.983761,7,8,2,extra,0.844027,1,45,3,▁extra:0.9838;|:0.0162;<eos>:0.0000;>:0.0000;<:0.0000,extra:0.8440;▁extra:0.1542;|:0.0015;EXTRA:0.0001;Extra:0.0001
<|extra_0|>,reserved_special,6,2,15883,extra,235298,|,layer_26,<eos>,1.0,2338,10,7,|,0.921425,3,13,1,"<eos>:1.0000;-:0.0000;,:0.0000;.:0.0000;▁(:0.0000",|:0.9214;<:0.0479;extra:0.0068;>:0.0060;EE:0.0051
<|extra_0|>,reserved_special,6,2,15883,extra,235298,|,final_logits,|,0.903397,3,13,1,,,,,,|:0.9034;<:0.0570;extra:0.0087;>:0.0077;EE:0.0065,
<|extra_0|>,reserved_special,6,3,235298,_,235276,extra,emb,_,1.0,1,32,10925,_,1.0,1,31,12052,"_:1.0000;▁:0.0000;-:0.0000;.:0.0000;,:0.0000","_:1.0000;-:0.0000;▁:0.0000;.:0.0000;,:0.0000"
<|extra_0|>,reserved_special,6,3,235298,_,235276,extra,layer_1,_,1.0,1,56,25827,_,1.0,1,50,23008,"_:1.0000;.:0.0000;-:0.0000;▁:0.0000;
:0.0000",_:1.0000;-:0.0000;.:0.0000;▁_:0.0000;▁:0.0000
<|extra_0|>,reserved_special,6,3,235298,_,235276,extra,layer_2,<bos>,1.0,2,258,44663,_,1.0,1,245,31978,"<bos>:1.0000;_:0.0000;':0.0000;
:0.0000;▁:0.0000",_:1.0000;<bos>:0.0000;-:0.0000;▁:0.0000;.:0.0000
<|extra_0|>,reserved_special,6,3,235298,_,235276,extra,layer_3,_,0.999847,1,10303,71161,_,1.0,1,7332,43602,_:0.9998;<bos>:0.0002;-:0.0000;_{:0.0000;▁and:0.0000,_:1.0000;-:0.0000;▁_:0.0000;_{:0.0000;.:0.0000
<|extra_0|>,reserved_special,6,3,235298,_,235276,extra,layer_6,<bos>,1.0,4,133946,2564,<bos>,1.0,2,154299,302,<bos>:1.0000;▁and:0.0000;▁the:0.0000;_:0.0000;▁you:0.0000,<bos>:1.0000;_:0.0000;enumi:0.0000;-:0.0000;▁the:0.0000
<|extra_0|>,reserved_special,6,3,235298,_,235276,extra,layer_9,<bos>,0.983194,522,253869,140572,▁leaſt,0.272456,261,253835,92126,<bos>:0.9832;neſs:0.0027;▁beſt:0.0026;▁ſtate:0.0026;▁ſmall:0.0019,▁leaſt:0.2725;▁Theſe:0.2113;▁ſmall:0.1817;▁beſt:0.1582;neſs:0.0388
<|extra_0|>,reserved_special,6,3,235298,_,235276,extra,layer_12,▁الاطلاع,0.451786,431,247303,29259,▁الاطلاع,0.750868,139,232078,12311,▁الاطلاع:0.4518;enumi:0.3686;▁ſmall:0.0539;▁reaſon:0.0402;▁houſe:0.0357,▁الاطلاع:0.7509;▁ſmall:0.0974;▁reaſon:0.0903;enumi:0.0282;▁ſtand:0.0107
<|extra_0|>,reserved_special,6,3,235298,_,235276,extra,layer_14,AutoresizingMask,0.418107,4,175667,79876,▁مشين,0.489622,114,235250,101826,AutoresizingMask:0.4181;▁lehetős:0.0925;Literatuur:0.0854;_:0.0596;//_:0.0555,▁مشين:0.4896;AutoresizingMask:0.4053;ValueStyle:0.0233;▁يتيمه:0.0232;Literatuur:0.0153
<|extra_0|>,reserved_special,6,3,235298,_,235276,extra,layer_17,"",0.745983,2,43505,274,_,0.277902,1,105292,200,":0.7460;_:0.0954;▁additional:0.0721;▁everything:0.0341;▁extra:0.0281",_:0.2779;เพิ่มเติม:0.2214;▁lehetős:0.1675;šanās:0.0840;▁everything:0.0521
<|extra_0|>,reserved_special,6,3,235298,_,235276,extra,layer_19,▁after,0.985993,9,7575,1256,▁ſtre,0.533359,93,100007,3380,"▁after:0.9860;:0.0051;▁if:0.0027;▁again:0.0014;▁special:0.0008",▁ſtre:0.5334;▁reaſon:0.1196;iterranean:0.0671;šanās:0.0451;▁Pascual:0.0302
<|extra_0|>,reserved_special,6,3,235298,_,235276,extra,layer_20,▁recommendation,0.295511,369,22803,875,▁ſeveral,0.489953,31383,241776,4458,▁recommendation:0.2955;▁possibility:0.2094;▁matter:0.0956;▁after:0.0858;etary:0.0624,▁ſeveral:0.4900;▁reaſon:0.2340;▁purpoſe:0.1248;▁faſt:0.0666;▁houſe:0.0281
<|extra_0|>,reserved_special,6,3,235298,_,235276,extra,layer_21,▁after,0.618188,233,3266,181,▁ſeveral,0.300502,79336,247326,393,▁after:0.6182;▁special:0.0713;▁something:0.0662;▁stuff:0.0572;▁matter:0.0312,▁ſeveral:0.3005;▁houſe:0.2490;▁reaſon:0.1926;▁faſt:0.0924;▁pleaſure:0.0607
<|extra_0|>,reserved_special,6,3,235298,_,235276,extra,layer_23,▁extra,0.99941,16,133,7,extra,0.986935,187,10284,1,▁extra:0.9994;▁:0.0005;<eos>:0.0001;<:0.0000;▁support:0.0000,extra:0.9869;▁extra:0.0104;Extra:0.0021;▁extras:0.0001;存于互联网档案馆:0.0001
<|extra_0|>,reserved_special,6,3,235298,_,235276,extra,layer_25,<eos>,0.999999,2,60,12,extra,0.999994,5,186,1,<eos>:1.0000;_:0.0000;▁extra:0.0000;▁<:0.0000;<:0.0000,extra:1.0000;EXTRA:0.0000;▁extra:0.0000;Extra:0.0000;_:0.0000
<|extra_0|>,reserved_special,6,3,235298,_,235276,extra,layer_26,<eos>,1.0,9,29,794,extra,0.996603,5,87,1,<eos>:1.0000;▁(:0.0000;.:0.0000;▁and:0.0000;<unused63>:0.0000,extra:0.9966;ext:0.0009;<:0.0003;e:0.0001;_:0.0001
<|extra_0|>,reserved_special,6,3,235298,_,235276,extra,final_logits,extra,0.994673,5,87,1,,,,,,extra:0.9947;ext:0.0015;<:0.0005;e:0.0002;_:0.0002,
<|extra_0|>,reserved_special,6,4,235276,0,73786,_,emb,0,1.0,1,129173,26,0,1.0,1,139356,25,0:1.0000;1:0.0000;2:0.0000;▁:0.0000;3:0.0000,0:1.0000;1:0.0000;2:0.0000;▁:0.0000;3:0.0000
<|extra_0|>,reserved_special,6,4,235276,0,73786,_,layer_1,0,1.0,1,200123,73,0,1.0,1,218387,83,0:1.0000;1:0.0000;2:0.0000;5:0.0000;4:0.0000,0:1.0000;1:0.0000;2:0.0000;5:0.0000;4:0.0000
<|extra_0|>,reserved_special,6,4,235276,0,73786,_,layer_2,<bos>,1.0,2,140262,25,0,1.0,1,192371,39,<bos>:1.0000;0:0.0000;':0.0000;’:0.0000;1:0.0000,0:1.0000;<bos>:0.0000;1:0.0000;':0.0000;2:0.0000
<|extra_0|>,reserved_special,6,4,235276,0,73786,_,layer_3,0,0.999932,1,253745,71,0,1.0,1,252931,106,"0:0.9999;,:0.0000;▁you:0.0000;-:0.0000;▁and:0.0000","0:1.0000;,:0.0000;-:0.0000;1:0.0000;▁you:0.0000"
<|extra_0|>,reserved_special,6,4,235276,0,73786,_,layer_6,<bos>,1.0,6,250612,214,<bos>,0.764885,2,248816,516,"<bos>:1.0000;▁and:0.0000;,:0.0000;▁you:0.0000;▁to:0.0000","<bos>:0.7649;0:0.1217;,:0.1123;▁you:0.0004;▁and:0.0003"
<|extra_0|>,reserved_special,6,4,235276,0,73786,_,layer_9,▁ſtate,0.395648,520,255599,53619,▁ſtate,0.350849,77,255617,54022,▁ſtate:0.3956;▁ſmall:0.1280;▁faſt:0.1050;▁ſeveral:0.0940;▁pleaſure:0.0682,▁ſtate:0.3508;▁ſmall:0.2831;▁defaultstate:0.1135;▁ſeveral:0.0976;▁beſt:0.0515
<|extra_0|>,reserved_special,6,4,235276,0,73786,_,layer_12,▁ſmall,0.244892,1292,254723,67885,▁ſeveral,0.224278,141,255176,67717,▁ſmall:0.2449;▁ſeveral:0.1737;▁pleaſure:0.1018;▁houſe:0.0698;▁ſtand:0.0679,▁ſeveral:0.2243;▁Outros:0.1864;▁ſmall:0.1631;orothy:0.0799;▁TextInputType:0.0775
<|extra_0|>,reserved_special,6,4,235276,0,73786,_,layer_14,AutoresizingMask,0.5233,1561,253404,33457,▁مشين,0.34858,406,254181,43512,AutoresizingMask:0.5233;enumi:0.1705;достатки:0.0594;Revenir:0.0297;WebVitals:0.0271,▁مشين:0.3486;AutoresizingMask:0.2565;UnusedPrivate:0.2503;afficheront:0.0411;Revenir:0.0194
<|extra_0|>,reserved_special,6,4,235276,0,73786,_,layer_17,достатки,0.956791,15,251288,6922,достатки,0.742375,59,253955,25555,достатки:0.9568;ulation:0.0173;▁esetén:0.0044;样子:0.0042;сторія:0.0041,достатки:0.7424;▁purpoſe:0.0756;▁ſtand:0.0375;▁ſta:0.0249;▁greateſt:0.0212
<|extra_0|>,reserved_special,6,4,235276,0,73786,_,layer_19,▁profondeur,0.703176,8,238244,3304,▁purpoſe,0.490613,329,246561,53776,▁profondeur:0.7032;достатки:0.0926;HomeAsUpEnabled:0.0884;▁פעם:0.0296;▁douceur:0.0204,▁purpoſe:0.4906;HomeAsUpEnabled:0.2909;▁InputDecoration:0.0405;▁ſeveral:0.0310;▁ſmall:0.0308
<|extra_0|>,reserved_special,6,4,235276,0,73786,_,layer_20,▁InputDecoration,0.600088,33,248004,13000,▁purpoſe,0.662399,5647,252354,172452,▁InputDecoration:0.6001;▁perpetuity:0.1156;▁היתה:0.0920;etary:0.0617;צלחה:0.0463,▁purpoſe:0.6624;▁ſeveral:0.2804;▁pleaſure:0.0372;▁houſe:0.0050;▁greateſt:0.0034
<|extra_0|>,reserved_special,6,4,235276,0,73786,_,layer_21,0,0.492211,1,215417,218,▁purpoſe,0.70767,9579,242067,106734,0:0.4922;▁boundary:0.3603;▁forever:0.0811;▁severity:0.0465;▁motion:0.0043,▁purpoſe:0.7077;▁ſeveral:0.1820;▁متعلقه:0.0519;▁pleaſure:0.0384;▁houſe:0.0065
<|extra_0|>,reserved_special,6,4,235276,0,73786,_,layer_23,0,1.0,1,129263,2,▁ویکی‌پدیا,0.41732,4,170022,106,0:1.0000;_:0.0000;<:0.0000;▁extra:0.0000;.:0.0000,▁ویکی‌پدیا:0.4173;▁للمعارف:0.3065;InputBorder:0.1750;0:0.0373;▁purpoſe:0.0162
<|extra_0|>,reserved_special,6,4,235276,0,73786,_,layer_25,_,1.0,2,45422,1,_,0.999913,2,5073,1,_:1.0000;0:0.0000;<eos>:0.0000;▁:0.0000;.:0.0000,_:0.9999;0:0.0001;<:0.0000;__:0.0000;▁:0.0000
<|extra_0|>,reserved_special,6,4,235276,0,73786,_,layer_26,<eos>,1.0,9,67480,5,_,0.947703,2,406,1,"<eos>:1.0000;-:0.0000;.:0.0000;,:0.0000;_:0.0000",_:0.9477;0:0.0489;<:0.0016;|:0.0004;__:0.0003
<|extra_0|>,reserved_special,6,4,235276,0,73786,_,final_logits,_,0.920586,2,406,1,,,,,,_:0.9206;0:0.0724;<:0.0031;|:0.0009;__:0.0006,
<|extra_0|>,reserved_special,6,5,73786,|>,,|>,emb,|>,1.0,1,,1,|>,1.0,1,,1,|>:1.0000;▁Theſe:0.0000;']>:0.0000;▁myſelf:0.0000;'}>:0.0000,|>:1.0000;<mask>:0.0000;<unused1>:0.0000;<unused2>:0.0000;<unused0>:0.0000
<|extra_0|>,reserved_special,6,5,73786,|>,,|>,layer_1,|>,1.0,1,,1,|>,1.0,1,,1,|>:1.0000;<bos>:0.0000;']>:0.0000;|<:0.0000;]>:0.0000,|>:1.0000;<mask>:0.0000;<unused1>:0.0000;<unused2>:0.0000;<unused0>:0.0000
<|extra_0|>,reserved_special,6,5,73786,|>,,|>,layer_2,<bos>,1.0,2,,2,|>,1.0,1,,1,<bos>:1.0000;|>:0.0000;']>:0.0000;)>:0.0000;)}>:0.0000,|>:1.0000;<bos>:0.0000;<unused1>:0.0000;<mask>:0.0000;<unused2>:0.0000
<|extra_0|>,reserved_special,6,5,73786,|>,,|>,layer_3,|>,0.997948,1,,1,|>,1.0,1,,1,|>:0.9979;<bos>:0.0021;▁auffi:0.0000;▁itſelf:0.0000;▁raiſ:0.0000,|>:1.0000;<bos>:0.0000;[>:0.0000;|<:0.0000;▁auffi:0.0000
<|extra_0|>,reserved_special,6,5,73786,|>,,|>,layer_6,<bos>,0.999982,5,,5,|>,1.0,1,,1,<bos>:1.0000;▁itſelf:0.0000;▁raiſ:0.0000;▁myſelf:0.0000;|>:0.0000,|>:1.0000;▁itſelf:0.0000;▁raiſ:0.0000;▁myſelf:0.0000;▁themſelves:0.0000
<|extra_0|>,reserved_special,6,5,73786,|>,,|>,layer_9,▁pleaſure,0.712978,177,,177,▁pleaſure,0.854747,37,,37,▁pleaſure:0.7130;▁houſe:0.1515;▁ſtate:0.0501;▁purpoſe:0.0085;▁beſt:0.0079,▁pleaſure:0.8547;▁houſe:0.0938;▁ſtate:0.0166;▁beſt:0.0091;▁fevere:0.0068
<|extra_0|>,reserved_special,6,5,73786,|>,,|>,layer_12,▁houſe,0.810312,1477,,1477,▁houſe,0.798779,283,,283,▁houſe:0.8103;▁Efq:0.0795;▁pleaſure:0.0322;▁Monfieur:0.0218;▁myſelf:0.0207,▁houſe:0.7988;▁Efq:0.0399;▁myſelf:0.0390;▁Monfieur:0.0304;▁ſmall:0.0209
<|extra_0|>,reserved_special,6,5,73786,|>,,|>,layer_14,▁houſe,0.91412,1505,,1505,▁houſe,0.846583,397,,397,▁houſe:0.9141;▁Houſe:0.0182;▁pleaſure:0.0150;▁faſt:0.0119;▁ſtate:0.0105,▁houſe:0.8466;▁Houſe:0.0651;▁pleaſure:0.0395;▁faſt:0.0105;▁ſtate:0.0066
<|extra_0|>,reserved_special,6,5,73786,|>,,|>,layer_17,▁تانيه,0.939711,22033,,22033,▁تانيه,0.558692,8442,,8442,▁تانيه:0.9397;достатки:0.0286;▁ſtand:0.0157;▁nélk:0.0046;▁ſmall:0.0037,▁تانيه:0.5587;▁ſtand:0.1704;достатки:0.0747;▁nélk:0.0542;▁InputDecoration:0.0408
<|extra_0|>,reserved_special,6,5,73786,|>,,|>,layer_19,▁olsun,0.979064,8455,,8455,▁olsun,0.619783,3767,,3767,▁olsun:0.9791;достатки:0.0106;▁profondità:0.0054;▁douceur:0.0031;niversitesi:0.0006,▁olsun:0.6198;niversitesi:0.0663;▁cauſe:0.0483;▁ſte:0.0423;▁houſe:0.0360
<|extra_0|>,reserved_special,6,5,73786,|>,,|>,layer_20,▁ویکی‌پدیا,0.392583,17290,,17290,▁raiſ,0.338194,11547,,11547,▁ویکی‌پدیا:0.3926;▁ſmall:0.1694;▁houſe:0.1155;▁purpoſe:0.0683;▁surla:0.0530,▁raiſ:0.3382;▁myſelf:0.2876;▁purpoſe:0.1666;▁pleaſure:0.0612;▁houſe:0.0519
<|extra_0|>,reserved_special,6,5,73786,|>,,|>,layer_21,<h4>,0.398778,14297,,14297,▁houſe,0.287126,6588,,6588,<h4>:0.3988;▁hopeless:0.3350;▁blest:0.2359;▁greater:0.0097;▁excessive:0.0060,▁houſe:0.2871;▁pleaſure:0.2658;▁myſelf:0.2571;▁purpoſe:0.1429;▁raiſ:0.0237
<|extra_0|>,reserved_special,6,5,73786,|>,,|>,layer_23,|,0.629411,436,,436,▁raiſ,0.453038,100,,100,|:0.6294;<:0.2650;▁reach:0.0596;>:0.0264;▁|:0.0137,▁raiſ:0.4530;▁houſe:0.3149;▁ſte:0.0528;▁ſever:0.0329;▁ſtill:0.0212
<|extra_0|>,reserved_special,6,5,73786,|>,,|>,layer_25,▁,0.999812,1785,,1785,|,0.767648,2,,2,▁:0.9998;<eos>:0.0002;▁(:0.0000;|:0.0000;_:0.0000,"|:0.7676;|>:0.0968;<?,:0.0740;extra:0.0182;▁:0.0135"
<|extra_0|>,reserved_special,6,5,73786,|>,,|>,layer_26,<eos>,1.0,28566,,28566,|>,0.481093,1,,1,<eos>:1.0000;-:0.0000;▁(:0.0000;.:0.0000;▁:0.0000,|>:0.4811;0:0.2653;|:0.1488;|<:0.0226;_:0.0098
<|extra_0|>,reserved_special,6,5,73786,|>,,|>,final_logits,|>,0.451091,1,,1,,,,,,|>:0.4511;0:0.2629;|:0.1547;|<:0.0265;_:0.0119,
<unk>,unk_token,1,0,3,<unk>,,ないように,emb,▁myſelf,0.999995,844,,180943,▁myſelf,1.0,780,,196416,▁myſelf:1.0000;▁Efq:0.0000;▁Monfieur:0.0000;▁itſelf:0.0000;▁Theſe:0.0000,▁myſelf:1.0000;▁Efq:0.0000;▁itſelf:0.0000;▁Monfieur:0.0000;▁Jefus:0.0000
<unk>,unk_token,1,0,3,<unk>,,ないように,layer_1,▁myſelf,0.944035,502,,162010,▁myſelf,0.999193,338,,183646,▁myſelf:0.9440;▁Efq:0.0304;▁Monfieur:0.0203;▁Theſe:0.0052;▁itſelf:0.0001,▁myſelf:0.9992;▁Efq:0.0008;▁Monfieur:0.0000;▁Majefty:0.0000;▁itſelf:0.0000
<unk>,unk_token,1,0,3,<unk>,,ないように,layer_2,<bos>,1.0,346,,105058,<bos>,0.999999,21,,124393,<bos>:1.0000;▁Monfieur:0.0000;▁auffi:0.0000;▁themſelves:0.0000;▁Efq:0.0000,<bos>:1.0000;ſelves:0.0000;▁auffi:0.0000;ſelf:0.0000;▁Majefty:0.0000
<unk>,unk_token,1,0,3,<unk>,,ないように,layer_3,ſelf,0.305759,339,,48289,▁تضيفلها,0.93372,109,,35445,ſelf:0.3058;▁تضيفلها:0.0865;▁Monfieur:0.0835;▁pleaſure:0.0774;<bos>:0.0663,▁تضيفلها:0.9337;ſelf:0.0653;AddTagHelper:0.0004;ſelves:0.0001;▁ſche:0.0001
<unk>,unk_token,1,0,3,<unk>,,ないように,layer_6,<bos>,1.0,17580,,55138,<bos>,0.99742,3876,,47220,<bos>:1.0000;▁pinulongan:0.0000;таратура:0.0000;twimg:0.0000;▁faſt:0.0000,<bos>:0.9974;▁pinulongan:0.0024;twimg:0.0001;▁يتيمه:0.0001;▁незавершена:0.0000
<unk>,unk_token,1,0,3,<unk>,,ないように,layer_9,▁يتيمه,0.306675,29074,,29784,▁يتيمه,0.92309,12255,,20550,▁يتيمه:0.3067;enumi:0.2746;▁InputDecoration:0.1794;▁تانيه:0.0671;neſs:0.0380,▁يتيمه:0.9231;▁InputDecoration:0.0509;原始内容存档于:0.0068;▁تانيه:0.0056;enumi:0.0055
<unk>,unk_token,1,0,3,<unk>,,ないように,layer_12,▁InputDecoration,0.925875,73528,,25925,▁InputDecoration,0.969334,90923,,23284,▁InputDecoration:0.9259;csolódó:0.0596;достатки:0.0131;\{\\:0.0003;▁ſtate:0.0003,▁InputDecoration:0.9693;достатки:0.0203;AddTagHelper:0.0041;csolódó:0.0033;▁فريبيس:0.0016
<unk>,unk_token,1,0,3,<unk>,,ないように,layer_14,▁houſe,0.448022,18858,,180171,▁Chriſt,0.373116,38162,,165861,▁houſe:0.4480;neſs:0.3175;▁faſt:0.1397;▁Chriſt:0.0468;▁تانيه:0.0093,▁Chriſt:0.3731;▁houſe:0.2309;▁faſt:0.2133;AddTagHelper:0.0597;▁ſtre:0.0255
<unk>,unk_token,1,0,3,<unk>,,ないように,layer_17,▁تانيه,1.0,9601,,144519,▁تانيه,0.999994,20052,,137793,▁تانيه:1.0000;▁diſt:0.0000;▁ſmall:0.0000;▁viſ:0.0000;▁ſever:0.0000,▁تانيه:1.0000;▁diſt:0.0000;▁ſmall:0.0000;▁viſ:0.0000;▁raiſ:0.0000
<unk>,unk_token,1,0,3,<unk>,,ないように,layer_19,▁تانيه,0.999988,15719,,103538,▁تانيه,0.991753,32937,,88538,▁تانيه:1.0000;▁ſmall:0.0000;▁diſt:0.0000;⮕:0.0000;▁houſe:0.0000,▁تانيه:0.9918;⮕:0.0033;▁GoogleFonts:0.0020;▁ſmall:0.0013;ImageIO:0.0005
<unk>,unk_token,1,0,3,<unk>,,ないように,layer_20,▁تانيه,0.999896,4853,,132626,▁ſeveral,0.740126,2236,,120257,▁تانيه:0.9999;▁ſmall:0.0001;▁purpoſe:0.0000;▁houſe:0.0000;▁ſeveral:0.0000,▁ſeveral:0.7401;▁raiſ:0.1066;▁myſelf:0.0525;▁purpoſe:0.0399;▁ſmall:0.0309
<unk>,unk_token,1,0,3,<unk>,,ないように,layer_21,▁تانيه,0.999999,63100,,121341,▁تانيه,0.854672,1885,,102845,▁تانيه:1.0000;▁متعلقه:0.0000;▁InputDecoration:0.0000;󠁢:0.0000;▁deadliest:0.0000,▁تانيه:0.8547;▁ſeveral:0.0914;▁متعلقه:0.0265;▁ſmall:0.0101;▁myſelf:0.0045
<unk>,unk_token,1,0,3,<unk>,,ないように,layer_23,▁تانيه,0.999994,97050,,101182,▁تانيه,0.982024,3028,,88456,▁تانيه:1.0000;▁deadliest:0.0000;󠁢:0.0000;▁darkness:0.0000;▁repetition:0.0000,▁تانيه:0.9820;▁myſelf:0.0050;▁raiſ:0.0031;ſelves:0.0029;▁ſeveral:0.0027
<unk>,unk_token,1,0,3,<unk>,,ないように,layer_25,](#,0.994115,14649,,15418,](#,0.260887,69966,,4580,](#:0.9941;NUMX:0.0059;noinspection:0.0000;ressee:0.0000;▁useRouter:0.0000,](#:0.2609;▁XNUMX:0.1707;ressee:0.1150;▁Anfitrión:0.0953;NUMX:0.0703
<unk>,unk_token,1,0,3,<unk>,,ないように,layer_26,NUMX,0.996076,7169,,164,ないように,0.440169,175593,,1,NUMX:0.9961;ſelves:0.0020;](#:0.0019;^(@):0.0000;▁}}$}:0.0000,"ないように:0.4402;

















:0.0663;
























:0.0403;
















:0.0237;▁umí:0.0184"
<unk>,unk_token,1,0,3,<unk>,,ないように,final_logits,ないように,0.419893,175593,,1,,,,,,"ないように:0.4199;

















:0.0668;
























:0.0409;
















:0.0242;▁umí:0.0189",
<bos>,special_bos,1,0,2,<bos>,,<h1>,emb,<bos>,1.0,1,,9973,<bos>,1.0,1,,81134,<bos>:1.0000;<mask>:0.0000;<unused1>:0.0000;<unused2>:0.0000;<unused0>:0.0000,<bos>:1.0000;<mask>:0.0000;<unused1>:0.0000;<unused2>:0.0000;<unused0>:0.0000
<bos>,special_bos,1,0,2,<bos>,,<h1>,layer_1,<bos>,1.0,1,,812,<bos>,1.0,1,,2075,<bos>:1.0000;<mask>:0.0000;<unused1>:0.0000;<unused2>:0.0000;<unused0>:0.0000,<bos>:1.0000;<mask>:0.0000;<unused1>:0.0000;<unused2>:0.0000;<unused0>:0.0000
<bos>,special_bos,1,0,2,<bos>,,<h1>,layer_2,<bos>,1.0,1,,776,<bos>,1.0,1,,1168,<bos>:1.0000;<mask>:0.0000;<unused1>:0.0000;<unused2>:0.0000;<unused0>:0.0000,<bos>:1.0000;<mask>:0.0000;<unused1>:0.0000;<unused2>:0.0000;<unused0>:0.0000
<bos>,special_bos,1,0,2,<bos>,,<h1>,layer_3,<bos>,1.0,1,,1562,<bos>,1.0,1,,2000,<bos>:1.0000;<mask>:0.0000;<unused1>:0.0000;<unused2>:0.0000;<unused0>:0.0000,<bos>:1.0000;<mask>:0.0000;<unused1>:0.0000;<unused2>:0.0000;<unused0>:0.0000
<bos>,special_bos,1,0,2,<bos>,,<h1>,layer_6,<bos>,1.0,1,,446,<bos>,1.0,1,,439,<bos>:1.0000;<mask>:0.0000;<unused1>:0.0000;<unused2>:0.0000;<unused0>:0.0000,<bos>:1.0000;<mask>:0.0000;<unused1>:0.0000;<unused2>:0.0000;<unused0>:0.0000
<bos>,special_bos,1,0,2,<bos>,,<h1>,layer_9,<bos>,1.0,1,,164,<bos>,1.0,1,,148,<bos>:1.0000;<mask>:0.0000;<unused1>:0.0000;<unused2>:0.0000;<unused0>:0.0000,<bos>:1.0000;▁Савезне:0.0000;ⓧ:0.0000;﻿#:0.0000;﻿/*:0.0000
<bos>,special_bos,1,0,2,<bos>,,<h1>,layer_12,<bos>,1.0,1,,163,<bos>,1.0,1,,123,<bos>:1.0000;<mask>:0.0000;<unused1>:0.0000;<unused2>:0.0000;<unused0>:0.0000,<bos>:1.0000;ⓧ:0.0000;▁Савезне:0.0000;﻿//:0.0000;﻿#:0.0000
<bos>,special_bos,1,0,2,<bos>,,<h1>,layer_14,<bos>,1.0,1,,208,<bos>,1.0,1,,166,<bos>:1.0000;<mask>:0.0000;<unused1>:0.0000;<unused2>:0.0000;<unused0>:0.0000,<bos>:1.0000;ⓧ:0.0000;▁myſelf:0.0000;▁itſelf:0.0000;GEBURTSDATUM:0.0000
<bos>,special_bos,1,0,2,<bos>,,<h1>,layer_17,<bos>,1.0,1,,341,<bos>,0.999982,1,,262,<bos>:1.0000;<mask>:0.0000;<unused1>:0.0000;<unused2>:0.0000;<unused0>:0.0000,<bos>:1.0000;ⓧ:0.0000;▁myſelf:0.0000;▁itſelf:0.0000;▁Monfieur:0.0000
<bos>,special_bos,1,0,2,<bos>,,<h1>,layer_19,<bos>,1.0,1,,539,<bos>,0.972018,1,,330,<bos>:1.0000;▁myſelf:0.0000;▁Monfieur:0.0000;▁itſelf:0.0000;ⓧ:0.0000,<bos>:0.9720;ⓧ:0.0248;▁myſelf:0.0019;▁itſelf:0.0004;▁Monfieur:0.0003
<bos>,special_bos,1,0,2,<bos>,,<h1>,layer_20,▁myſelf,1.0,7,,659,<bos>,0.892217,1,,173,▁myſelf:1.0000;▁Monfieur:0.0000;▁itſelf:0.0000;▁Efq:0.0000;ⓧ:0.0000,<bos>:0.8922;ⓧ:0.1030;▁myſelf:0.0026;▁itſelf:0.0005;▁Monfieur:0.0004
<bos>,special_bos,1,0,2,<bos>,,<h1>,layer_21,▁myſelf,1.0,13,,848,<bos>,0.737746,1,,125,▁myſelf:1.0000;▁Monfieur:0.0000;▁itſelf:0.0000;▁Efq:0.0000;▁Theſe:0.0000,<bos>:0.7377;ⓧ:0.2550;▁myſelf:0.0031;﻿//:0.0007;▁Monfieur:0.0006
<bos>,special_bos,1,0,2,<bos>,,<h1>,layer_23,▁myſelf,1.0,51,,1184,ⓧ,0.840478,2,,43,▁myſelf:1.0000;▁Monfieur:0.0000;▁itſelf:0.0000;▁Efq:0.0000;▁Theſe:0.0000,ⓧ:0.8405;<bos>:0.1431;﻿//:0.0065;▁myſelf:0.0023;﻿#:0.0018
<bos>,special_bos,1,0,2,<bos>,,<h1>,layer_25,▁myſelf,1.0,84,,459,ⓧ,0.435544,4,,3,▁myſelf:1.0000;▁Monfieur:0.0000;▁Efq:0.0000;▁itſelf:0.0000;▁Theſe:0.0000,ⓧ:0.4355;package:0.0917;<h1>:0.0794;<bos>:0.0558;import:0.0382
<bos>,special_bos,1,0,2,<bos>,,<h1>,layer_26,▁myſelf,1.0,95,,105,<h1>,0.136733,548,,1,▁myſelf:1.0000;ⓧ:0.0000;▁itſelf:0.0000;▁Efq:0.0000;▁Monfieur:0.0000,<h1>:0.1367;<strong>:0.0794;The:0.0706;<h2>:0.0612;<:0.0546
<bos>,special_bos,1,0,2,<bos>,,<h1>,final_logits,<h1>,0.135561,548,,1,,,,,,<h1>:0.1356;<strong>:0.0790;The:0.0703;<h2>:0.0611;<:0.0544,
<eos>,special_eos,1,0,1,<eos>,,"
",emb,<eos>,1.0,1,,3,<eos>,1.0,1,,4,<eos>:1.0000;<mask>:0.0000;<unused1>:0.0000;<unused2>:0.0000;<unused0>:0.0000,<eos>:1.0000;<mask>:0.0000;<unused1>:0.0000;<unused2>:0.0000;<unused0>:0.0000
<eos>,special_eos,1,0,1,<eos>,,"
",layer_1,<eos>,1.0,1,,3,<eos>,1.0,1,,3,<eos>:1.0000;<mask>:0.0000;<unused1>:0.0000;<unused2>:0.0000;<unused0>:0.0000,<eos>:1.0000;<mask>:0.0000;<unused1>:0.0000;<unused2>:0.0000;<unused0>:0.0000
<eos>,special_eos,1,0,1,<eos>,,"
",layer_2,<eos>,1.0,1,,3,<eos>,1.0,1,,3,<eos>:1.0000;<mask>:0.0000;<unused1>:0.0000;<unused2>:0.0000;<unused0>:0.0000,<eos>:1.0000;<mask>:0.0000;<unused1>:0.0000;<unused2>:0.0000;<unused0>:0.0000
<eos>,special_eos,1,0,1,<eos>,,"
",layer_3,<eos>,1.0,1,,4,<eos>,1.0,1,,4,<eos>:1.0000;<mask>:0.0000;<unused1>:0.0000;<unused2>:0.0000;<unused0>:0.0000,<eos>:1.0000;<mask>:0.0000;<unused1>:0.0000;<unused2>:0.0000;<unused0>:0.0000
<eos>,special_eos,1,0,1,<eos>,,"
",layer_6,<eos>,1.0,1,,4,<eos>,1.0,1,,3,"<eos>:1.0000;<bos>:0.0000;

:0.0000;
:0.0000;.:0.0000","<eos>:1.0000;

:0.0000;
:0.0000;.:0.0000;


:0.0000"
<eos>,special_eos,1,0,1,<eos>,,"
",layer_9,<eos>,0.999998,1,,16,<eos>,1.0,1,,37,<eos>:1.0000;<bos>:0.0000;انيف:0.0000;▁autorytatywna:0.0000;\{\\:0.0000,<eos>:1.0000;\{\\:0.0000;انيف:0.0000;enumi:0.0000;▁autorytatywna:0.0000
<eos>,special_eos,1,0,1,<eos>,,"
",layer_12,<eos>,0.999976,1,,100,<eos>,1.0,1,,20,<eos>:1.0000;\{\\:0.0000;期刊论文:0.0000;انيف:0.0000;▁initComponents:0.0000,"<eos>:1.0000;\{\\:0.0000;



:0.0000;期刊论文:0.0000;▁centrale:0.0000"
<eos>,special_eos,1,0,1,<eos>,,"
",layer_14,<eos>,1.0,1,,85,<eos>,1.0,1,,66,"<eos>:1.0000;



:0.0000;▁finally:0.0000;tagHelperRunner:0.0000;<bos>:0.0000","<eos>:1.0000;▁lainnya:0.0000;



:0.0000;▁finally:0.0000;続いて:0.0000"
<eos>,special_eos,1,0,1,<eos>,,"
",layer_17,<eos>,1.0,1,,178,<eos>,0.999606,1,,2376,<eos>:1.0000;tagHelperRunner:0.0000;maining:0.0000;▁finally:0.0000;▁thêm:0.0000,<eos>:0.9996;tagHelperRunner:0.0004;maining:0.0000;▁thêm:0.0000;▁finally:0.0000
<eos>,special_eos,1,0,1,<eos>,,"
",layer_19,<eos>,1.0,1,,4,<eos>,1.0,1,,100,"<eos>:1.0000;


:0.0000;



:0.0000;
:0.0000;▁Thank:0.0000",<eos>:1.0000;\{\\:0.0000;▁Thank:0.0000;▁selanjutnya:0.0000;Thank:0.0000
<eos>,special_eos,1,0,1,<eos>,,"
",layer_20,<eos>,1.0,1,,2,<eos>,0.752752,1,,2249,"<eos>:1.0000;
:0.0000;▁conclusion:0.0000;<h2>:0.0000;<h3>:0.0000",<eos>:0.7528;\{\\:0.2348;▁ſeveral:0.0032;▁bientôt:0.0009;▁laſt:0.0008
<eos>,special_eos,1,0,1,<eos>,,"
",layer_21,<eos>,1.0,1,,2,▁متعلقه,0.771552,8,,5390,"<eos>:1.0000;
:0.0000;<h2>:0.0000;<h3>:0.0000;<h1>:0.0000",▁متعلقه:0.7716;\{\\:0.0859;adaptiveStyles:0.0483;ScopeManager:0.0362;▁pleaſure:0.0090
<eos>,special_eos,1,0,1,<eos>,,"
",layer_23,<eos>,1.0,1,,2,<eos>,0.999921,1,,2,"<eos>:1.0000;
:0.0000;.:0.0000;▁:0.0000;<h2>:0.0000","<eos>:0.9999;
:0.0001;<h2>:0.0000;<h3>:0.0000;▁connaissance:0.0000"
<eos>,special_eos,1,0,1,<eos>,,"
",layer_25,<eos>,1.0,1,,2,<eos>,0.99874,1,,2,"<eos>:1.0000;
:0.0000;.:0.0000;-:0.0000;1:0.0000","<eos>:0.9987;
:0.0013;1:0.0000;.:0.0000;<strong>:0.0000"
<eos>,special_eos,1,0,1,<eos>,,"
",layer_26,<eos>,1.0,1,,4,"
",0.451203,2,,1,"<eos>:1.0000;.:0.0000;-:0.0000;
:0.0000;,:0.0000","
:0.4512;<eos>:0.4048;1:0.0778;.:0.0254;(:0.0034"
<eos>,special_eos,1,0,1,<eos>,,"
",final_logits,"
",0.436592,2,,1,,,,,,"
:0.4366;<eos>:0.3954;1:0.0858;.:0.0296;(:0.0043",
<pad>,special_pad,1,0,0,<pad>,,▁überweisen,emb,▁myſelf,1.0,23,,67702,▁myſelf,1.0,28,,62439,▁myſelf:1.0000;▁Efq:0.0000;▁itſelf:0.0000;▁Monfieur:0.0000;▁Theſe:0.0000,▁myſelf:1.0000;▁Efq:0.0000;▁itſelf:0.0000;▁Monfieur:0.0000;▁Jefus:0.0000
<pad>,special_pad,1,0,0,<pad>,,▁überweisen,layer_1,▁myſelf,0.999985,20,,66151,▁myſelf,0.999999,21,,60004,▁myſelf:1.0000;▁Efq:0.0000;▁Monfieur:0.0000;▁itſelf:0.0000;▁Theſe:0.0000,▁myſelf:1.0000;▁Efq:0.0000;▁itſelf:0.0000;▁Monfieur:0.0000;▁Theſe:0.0000
<pad>,special_pad,1,0,0,<pad>,,▁überweisen,layer_2,▁Monfieur,0.854155,13,,46659,▁myſelf,0.998959,15,,43139,▁Monfieur:0.8542;▁myſelf:0.1451;▁itſelf:0.0005;▁Efq:0.0002;▁Theſe:0.0000,▁myſelf:0.9990;▁Monfieur:0.0005;▁Efq:0.0003;▁itſelf:0.0002;<unused47>:0.0000
<pad>,special_pad,1,0,0,<pad>,,▁überweisen,layer_3,▁myſelf,0.569135,13,,38953,▁myſelf,0.994972,16,,40599,▁myſelf:0.5691;▁Monfieur:0.4072;▁itſelf:0.0230;▁Efq:0.0004;▁Theſe:0.0001,▁myſelf:0.9950;▁itſelf:0.0048;▁Monfieur:0.0002;▁Efq:0.0000;ſelf:0.0000
<pad>,special_pad,1,0,0,<pad>,,▁überweisen,layer_6,▁pleaſure,0.546342,60,,12999,▁pleaſure,0.5784,76,,14033,▁pleaſure:0.5463;▁purpoſe:0.3541;▁myſelf:0.0456;ſelf:0.0216;▁itſelf:0.0160,▁pleaſure:0.5784;▁purpoſe:0.3790;ſelf:0.0190;▁myſelf:0.0139;▁themſelves:0.0073
<pad>,special_pad,1,0,0,<pad>,,▁überweisen,layer_9,▁pleaſure,0.966321,178,,60851,▁pleaſure,0.927925,209,,60631,▁pleaſure:0.9663;▁themſelves:0.0137;▁purpoſe:0.0089;▁houſe:0.0059;▁ſtate:0.0016,▁pleaſure:0.9279;▁themſelves:0.0608;▁purpoſe:0.0043;▁Houſe:0.0018;▁تضيفلها:0.0016
<pad>,special_pad,1,0,0,<pad>,,▁überweisen,layer_12,▁ſtate,0.559175,3573,,73126,▁ſtate,0.321052,6357,,56918,▁ſtate:0.5592;\{\\:0.1233;▁purpoſe:0.0855;▁themſelves:0.0689;▁ſeveral:0.0669,▁ſtate:0.3211;▁themſelves:0.2311;\{\\:0.2148;▁ſeveral:0.1183;▁purpoſe:0.0329
<pad>,special_pad,1,0,0,<pad>,,▁überweisen,layer_14,▁pleaſure,0.360717,9956,,133848,▁pleaſure,0.495507,11755,,123730,▁pleaſure:0.3607;▁houſe:0.3312;neſs:0.0952;▁ſtate:0.0734;▁ſever:0.0470,▁pleaſure:0.4955;▁houſe:0.2699;▁ſeveral:0.0830;▁ſtate:0.0271;▁faſt:0.0256
<pad>,special_pad,1,0,0,<pad>,,▁überweisen,layer_17,▁تانيه,1.0,59894,,72955,▁تانيه,0.999905,62698,,46776,▁تانيه:1.0000;▁diſt:0.0000;▁purpoſe:0.0000;▁ſever:0.0000;▁houſe:0.0000,▁تانيه:0.9999;▁diſt:0.0001;▁purpoſe:0.0000;▁ſever:0.0000;▁ſeveral:0.0000
<pad>,special_pad,1,0,0,<pad>,,▁überweisen,layer_19,▁تانيه,0.999342,41252,,173093,▁تانيه,0.943233,44026,,140779,▁تانيه:0.9993;▁houſe:0.0005;▁purpoſe:0.0001;▁pleaſure:0.0000;▁ſtate:0.0000,▁تانيه:0.9432;▁purpoſe:0.0129;▁ſeveral:0.0115;▁houſe:0.0093;▁ſtre:0.0069
<pad>,special_pad,1,0,0,<pad>,,▁überweisen,layer_20,▁تانيه,0.986775,17671,,197930,▁purpoſe,0.609225,648,,150022,▁تانيه:0.9868;▁purpoſe:0.0121;▁ſtate:0.0007;▁pleaſure:0.0002;▁houſe:0.0002,▁purpoſe:0.6092;▁ſeveral:0.2972;▁ſtate:0.0457;▁pleaſure:0.0161;▁Theſe:0.0102
<pad>,special_pad,1,0,0,<pad>,,▁überweisen,layer_21,▁تانيه,0.999997,225991,,245264,▁purpoſe,0.615608,361,,214905,▁تانيه:1.0000;▁متعلقه:0.0000;VersionUID:0.0000;▁InputDecoration:0.0000;достатки:0.0000,▁purpoſe:0.6156;▁ſeveral:0.1629;▁pleaſure:0.0758;▁تانيه:0.0516;▁Theſe:0.0374
<pad>,special_pad,1,0,0,<pad>,,▁überweisen,layer_23,▁تانيه,0.999998,248326,,238994,▁purpoſe,0.380389,569,,193496,▁تانيه:1.0000;▁iconFacebook:0.0000;ſelves:0.0000;▁therefrom:0.0000;достатки:0.0000,▁purpoſe:0.3804;ſelves:0.2012;▁themſelves:0.1495;▁Efq:0.1383;▁myſelf:0.0944
<pad>,special_pad,1,0,0,<pad>,,▁überweisen,layer_25,MENAFN,0.96195,203786,,80267,ressee,0.555207,75814,,39424,MENAFN:0.9620;httphttps:0.0351;ressee:0.0029;期刊论文:0.0000;aneous:0.0000,ressee:0.5552;MENAFN:0.0685;▁UserController:0.0554;▁îna:0.0529;▁mouthful:0.0250
<pad>,special_pad,1,0,0,<pad>,,▁überweisen,layer_26,▁surla,0.786627,203379,,26,▁überweisen,0.095006,249166,,1,▁surla:0.7866;httphttps:0.1817;期刊论文:0.0309;HostException:0.0007;fitrión:0.0001,"▁überweisen:0.0950;Palmarès:0.0933;fitrión:0.0709;
























:0.0265;vereignty:0.0265"
<pad>,special_pad,1,0,0,<pad>,,▁überweisen,final_logits,▁überweisen,0.090244,249166,,1,,,,,,"▁überweisen:0.0902;Palmarès:0.0887;fitrión:0.0681;
























:0.0262;vereignty:0.0262",
<unk>,special_unk,1,0,3,<unk>,,ないように,emb,▁myſelf,0.999995,844,,180943,▁myſelf,1.0,780,,196416,▁myſelf:1.0000;▁Efq:0.0000;▁Monfieur:0.0000;▁itſelf:0.0000;▁Theſe:0.0000,▁myſelf:1.0000;▁Efq:0.0000;▁itſelf:0.0000;▁Monfieur:0.0000;▁Jefus:0.0000
<unk>,special_unk,1,0,3,<unk>,,ないように,layer_1,▁myſelf,0.944035,502,,162010,▁myſelf,0.999193,338,,183646,▁myſelf:0.9440;▁Efq:0.0304;▁Monfieur:0.0203;▁Theſe:0.0052;▁itſelf:0.0001,▁myſelf:0.9992;▁Efq:0.0008;▁Monfieur:0.0000;▁Majefty:0.0000;▁itſelf:0.0000
<unk>,special_unk,1,0,3,<unk>,,ないように,layer_2,<bos>,1.0,346,,105058,<bos>,0.999999,21,,124393,<bos>:1.0000;▁Monfieur:0.0000;▁auffi:0.0000;▁themſelves:0.0000;▁Efq:0.0000,<bos>:1.0000;ſelves:0.0000;▁auffi:0.0000;ſelf:0.0000;▁Majefty:0.0000
<unk>,special_unk,1,0,3,<unk>,,ないように,layer_3,ſelf,0.305759,339,,48289,▁تضيفلها,0.93372,109,,35445,ſelf:0.3058;▁تضيفلها:0.0865;▁Monfieur:0.0835;▁pleaſure:0.0774;<bos>:0.0663,▁تضيفلها:0.9337;ſelf:0.0653;AddTagHelper:0.0004;ſelves:0.0001;▁ſche:0.0001
<unk>,special_unk,1,0,3,<unk>,,ないように,layer_6,<bos>,1.0,17580,,55138,<bos>,0.99742,3876,,47220,<bos>:1.0000;▁pinulongan:0.0000;таратура:0.0000;twimg:0.0000;▁faſt:0.0000,<bos>:0.9974;▁pinulongan:0.0024;twimg:0.0001;▁يتيمه:0.0001;▁незавершена:0.0000
<unk>,special_unk,1,0,3,<unk>,,ないように,layer_9,▁يتيمه,0.306675,29074,,29784,▁يتيمه,0.92309,12255,,20550,▁يتيمه:0.3067;enumi:0.2746;▁InputDecoration:0.1794;▁تانيه:0.0671;neſs:0.0380,▁يتيمه:0.9231;▁InputDecoration:0.0509;原始内容存档于:0.0068;▁تانيه:0.0056;enumi:0.0055
<unk>,special_unk,1,0,3,<unk>,,ないように,layer_12,▁InputDecoration,0.925875,73528,,25925,▁InputDecoration,0.969334,90923,,23284,▁InputDecoration:0.9259;csolódó:0.0596;достатки:0.0131;\{\\:0.0003;▁ſtate:0.0003,▁InputDecoration:0.9693;достатки:0.0203;AddTagHelper:0.0041;csolódó:0.0033;▁فريبيس:0.0016
<unk>,special_unk,1,0,3,<unk>,,ないように,layer_14,▁houſe,0.448022,18858,,180171,▁Chriſt,0.373116,38162,,165861,▁houſe:0.4480;neſs:0.3175;▁faſt:0.1397;▁Chriſt:0.0468;▁تانيه:0.0093,▁Chriſt:0.3731;▁houſe:0.2309;▁faſt:0.2133;AddTagHelper:0.0597;▁ſtre:0.0255
<unk>,special_unk,1,0,3,<unk>,,ないように,layer_17,▁تانيه,1.0,9601,,144519,▁تانيه,0.999994,20052,,137793,▁تانيه:1.0000;▁diſt:0.0000;▁ſmall:0.0000;▁viſ:0.0000;▁ſever:0.0000,▁تانيه:1.0000;▁diſt:0.0000;▁ſmall:0.0000;▁viſ:0.0000;▁raiſ:0.0000
<unk>,special_unk,1,0,3,<unk>,,ないように,layer_19,▁تانيه,0.999988,15719,,103538,▁تانيه,0.991753,32937,,88538,▁تانيه:1.0000;▁ſmall:0.0000;▁diſt:0.0000;⮕:0.0000;▁houſe:0.0000,▁تانيه:0.9918;⮕:0.0033;▁GoogleFonts:0.0020;▁ſmall:0.0013;ImageIO:0.0005
<unk>,special_unk,1,0,3,<unk>,,ないように,layer_20,▁تانيه,0.999896,4853,,132626,▁ſeveral,0.740126,2236,,120257,▁تانيه:0.9999;▁ſmall:0.0001;▁purpoſe:0.0000;▁houſe:0.0000;▁ſeveral:0.0000,▁ſeveral:0.7401;▁raiſ:0.1066;▁myſelf:0.0525;▁purpoſe:0.0399;▁ſmall:0.0309
<unk>,special_unk,1,0,3,<unk>,,ないように,layer_21,▁تانيه,0.999999,63100,,121341,▁تانيه,0.854672,1885,,102845,▁تانيه:1.0000;▁متعلقه:0.0000;▁InputDecoration:0.0000;󠁢:0.0000;▁deadliest:0.0000,▁تانيه:0.8547;▁ſeveral:0.0914;▁متعلقه:0.0265;▁ſmall:0.0101;▁myſelf:0.0045
<unk>,special_unk,1,0,3,<unk>,,ないように,layer_23,▁تانيه,0.999994,97050,,101182,▁تانيه,0.982024,3028,,88456,▁تانيه:1.0000;▁deadliest:0.0000;󠁢:0.0000;▁darkness:0.0000;▁repetition:0.0000,▁تانيه:0.9820;▁myſelf:0.0050;▁raiſ:0.0031;ſelves:0.0029;▁ſeveral:0.0027
<unk>,special_unk,1,0,3,<unk>,,ないように,layer_25,](#,0.994115,14649,,15418,](#,0.260887,69966,,4580,](#:0.9941;NUMX:0.0059;noinspection:0.0000;ressee:0.0000;▁useRouter:0.0000,](#:0.2609;▁XNUMX:0.1707;ressee:0.1150;▁Anfitrión:0.0953;NUMX:0.0703
<unk>,special_unk,1,0,3,<unk>,,ないように,layer_26,NUMX,0.996076,7169,,164,ないように,0.440169,175593,,1,NUMX:0.9961;ſelves:0.0020;](#:0.0019;^(@):0.0000;▁}}$}:0.0000,"ないように:0.4402;

















:0.0663;
























:0.0403;
















:0.0237;▁umí:0.0184"
<unk>,special_unk,1,0,3,<unk>,,ないように,final_logits,ないように,0.419893,175593,,1,,,,,,"ないように:0.4199;

















:0.0668;
























:0.0409;
















:0.0242;▁umí:0.0189",
